Copyright 1986-2022 Xilinx, Inc. All Rights Reserved. Copyright 2022-2024 Advanced Micro Devices, Inc. All Rights Reserved.
-----------------------------------------------------------------------------------------------------------------------------------------------------------------------------------------------------------------------------------------------
| Tool Version      : Vivado v.2024.2 (win64) Build 5239630 Fri Nov 08 22:35:27 MST 2024
| Date              : Wed Aug 13 14:16:59 2025
| Host              : DESKTOP-IMB8E6N running 64-bit major release  (build 9200)
| Command           : report_timing_summary -max_paths 10 -report_unconstrained -file button_debounce_timing_summary_routed.rpt -pb button_debounce_timing_summary_routed.pb -rpx button_debounce_timing_summary_routed.rpx -warn_on_violation
| Design            : button_debounce
| Device            : xcku5p-ffvb676
| Speed File        : -2  PRODUCTION 1.29 05-01-2022
| Design State      : Routed
| Temperature Grade : I
-----------------------------------------------------------------------------------------------------------------------------------------------------------------------------------------------------------------------------------------------

Timing Summary Report

------------------------------------------------------------------------------------------------
| Timer Settings
| --------------
------------------------------------------------------------------------------------------------

  Enable Multi Corner Analysis               :  Yes
  Enable Pessimism Removal                   :  Yes
  Pessimism Removal Resolution               :  Nearest Common Node
  Enable Input Delay Default Clock           :  No
  Enable Preset / Clear Arcs                 :  No
  Disable Flight Delays                      :  No
  Ignore I/O Paths                           :  No
  Timing Early Launch at Borrowing Latches   :  No
  Borrow Time for Max Delay Exceptions       :  Yes
  Merge Timing Exceptions                    :  Yes
  Inter-SLR Compensation                     :  Conservative

  Corner  Analyze    Analyze    
  Name    Max Paths  Min Paths  
  ------  ---------  ---------  
  Slow    Yes        Yes        
  Fast    Yes        Yes        


------------------------------------------------------------------------------------------------
| Report Methodology
| ------------------
------------------------------------------------------------------------------------------------

Rule       Severity  Description                    Violations  
---------  --------  -----------------------------  ----------  
TIMING-18  Warning   Missing input or output delay  4           

Note: This report is based on the most recent report_methodology run and may not be up-to-date. Run report_methodology on the current design for the latest report.



check_timing report

Table of Contents
-----------------
1. checking no_clock (0)
2. checking constant_clock (0)
3. checking pulse_width_clock (0)
4. checking unconstrained_internal_endpoints (0)
5. checking no_input_delay (2)
6. checking no_output_delay (2)
7. checking multiple_clock (0)
8. checking generated_clocks (0)
9. checking loops (0)
10. checking partial_input_delay (0)
11. checking partial_output_delay (0)
12. checking latch_loops (0)

1. checking no_clock (0)
------------------------
 There are 0 register/latch pins with no clock.


2. checking constant_clock (0)
------------------------------
 There are 0 register/latch pins with constant_clock.


3. checking pulse_width_clock (0)
---------------------------------
 There are 0 register/latch pins which need pulse_width check


4. checking unconstrained_internal_endpoints (0)
------------------------------------------------
 There are 0 pins that are not constrained for maximum delay.

 There are 0 pins that are not constrained for maximum delay due to constant clock.


5. checking no_input_delay (2)
------------------------------
 There are 2 input ports with no input delay specified. (HIGH)

 There are 0 input ports with no input delay but user has a false path constraint.


6. checking no_output_delay (2)
-------------------------------
 There are 2 ports with no output delay specified. (HIGH)

 There are 0 ports with no output delay but user has a false path constraint

 There are 0 ports with no output delay but with a timing clock defined on it or propagating through it


7. checking multiple_clock (0)
------------------------------
 There are 0 register/latch pins with multiple clocks.


8. checking generated_clocks (0)
--------------------------------
 There are 0 generated clocks that are not connected to a clock source.


9. checking loops (0)
---------------------
 There are 0 combinational loops in the design.


10. checking partial_input_delay (0)
------------------------------------
 There are 0 input ports with partial input delay specified.


11. checking partial_output_delay (0)
-------------------------------------
 There are 0 ports with partial output delay specified.


12. checking latch_loops (0)
----------------------------
 There are 0 combinational latch loops in the design through latch input



------------------------------------------------------------------------------------------------
| Design Timing Summary
| ---------------------
------------------------------------------------------------------------------------------------

    WNS(ns)      TNS(ns)  TNS Failing Endpoints  TNS Total Endpoints      WHS(ns)      THS(ns)  THS Failing Endpoints  THS Total Endpoints     WPWS(ns)     TPWS(ns)  TPWS Failing Endpoints  TPWS Total Endpoints  
    -------      -------  ---------------------  -------------------      -------      -------  ---------------------  -------------------     --------     --------  ----------------------  --------------------  
      8.611        0.000                      0                   26        0.086        0.000                      0                   26        4.725        0.000                       0                    25  


All user specified timing constraints are met.


------------------------------------------------------------------------------------------------
| Clock Summary
| -------------
------------------------------------------------------------------------------------------------

Clock         Waveform(ns)       Period(ns)      Frequency(MHz)
-----         ------------       ----------      --------------
clock_system  {0.000 5.000}      10.000          100.000         


------------------------------------------------------------------------------------------------
| Intra Clock Table
| -----------------
------------------------------------------------------------------------------------------------

Clock             WNS(ns)      TNS(ns)  TNS Failing Endpoints  TNS Total Endpoints      WHS(ns)      THS(ns)  THS Failing Endpoints  THS Total Endpoints     WPWS(ns)     TPWS(ns)  TPWS Failing Endpoints  TPWS Total Endpoints  
-----             -------      -------  ---------------------  -------------------      -------      -------  ---------------------  -------------------     --------     --------  ----------------------  --------------------  
clock_system        8.611        0.000                      0                   26        0.086        0.000                      0                   26        4.725        0.000                       0                    25  


------------------------------------------------------------------------------------------------
| Inter Clock Table
| -----------------
------------------------------------------------------------------------------------------------

From Clock    To Clock          WNS(ns)      TNS(ns)  TNS Failing Endpoints  TNS Total Endpoints      WHS(ns)      THS(ns)  THS Failing Endpoints  THS Total Endpoints  
----------    --------          -------      -------  ---------------------  -------------------      -------      -------  ---------------------  -------------------  


------------------------------------------------------------------------------------------------
| Other Path Groups Table
| -----------------------
------------------------------------------------------------------------------------------------

Path Group    From Clock    To Clock          WNS(ns)      TNS(ns)  TNS Failing Endpoints  TNS Total Endpoints      WHS(ns)      THS(ns)  THS Failing Endpoints  THS Total Endpoints  
----------    ----------    --------          -------      -------  ---------------------  -------------------      -------      -------  ---------------------  -------------------  


------------------------------------------------------------------------------------------------
| User Ignored Path Table
| -----------------------
------------------------------------------------------------------------------------------------

Path Group    From Clock    To Clock    
----------    ----------    --------    


------------------------------------------------------------------------------------------------
| Unconstrained Path Table
| ------------------------
------------------------------------------------------------------------------------------------

Path Group    From Clock    To Clock    
----------    ----------    --------    
(none)        clock_system                
(none)                      clock_system  


------------------------------------------------------------------------------------------------
| Timing Details
| --------------
------------------------------------------------------------------------------------------------


---------------------------------------------------------------------------------------------------
From Clock:  clock_system
  To Clock:  clock_system

Setup :            0  Failing Endpoints,  Worst Slack        8.611ns,  Total Violation        0.000ns
Hold  :            0  Failing Endpoints,  Worst Slack        0.086ns,  Total Violation        0.000ns
PW    :            0  Failing Endpoints,  Worst Slack        4.725ns,  Total Violation        0.000ns
---------------------------------------------------------------------------------------------------


Max Delay Paths
--------------------------------------------------------------------------------------
Slack (MET) :             8.611ns  (required time - arrival time)
  Source:                 counter_inst/reg_count_reg[7]/C
                            (rising edge-triggered cell FDCE clocked by clock_system  {rise@0.000ns fall@5.000ns period=10.000ns})
  Destination:            counter_inst/reg_count_reg[14]/D
                            (rising edge-triggered cell FDCE clocked by clock_system  {rise@0.000ns fall@5.000ns period=10.000ns})
  Path Group:             clock_system
  Path Type:              Setup (Max at Slow Process Corner)
  Requirement:            10.000ns  (clock_system rise@10.000ns - clock_system rise@0.000ns)
  Data Path Delay:        1.297ns  (logic 0.437ns (33.686%)  route 0.860ns (66.314%))
  Logic Levels:           3  (CARRY8=2 LUT6=1)
  Clock Path Skew:        -0.081ns (DCD - SCD + CPR)
    Destination Clock Delay (DCD):    1.930ns = ( 11.930 - 10.000 ) 
    Source Clock Delay      (SCD):    2.407ns
    Clock Pessimism Removal (CPR):    0.395ns
  Clock Uncertainty:      0.035ns  ((TSJ^2 + TIJ^2)^1/2 + DJ) / 2 + PE
    Total System Jitter     (TSJ):    0.071ns
    Total Input Jitter      (TIJ):    0.000ns
    Discrete Jitter          (DJ):    0.000ns
    Phase Error              (PE):    0.000ns
  Clock Net Delay (Source):      1.529ns (routing 0.699ns, distribution 0.830ns)
  Clock Net Delay (Destination): 1.346ns (routing 0.632ns, distribution 0.714ns)

    Location             Delay type                Incr(ns)  Path(ns)    Netlist Resource(s)
  -------------------------------------------------------------------    -------------------
                         (clock clock_system rise edge)
                                                      0.000     0.000 r  
    V23                                               0.000     0.000 r  clk_sys (IN)
                         net (fo=0)                   0.000     0.000    clk_sys_IBUF_inst/I
    V23                  INBUF (Prop_INBUF_HPIOB_M_PAD_O)
                                                      0.502     0.502 r  clk_sys_IBUF_inst/INBUF_INST/O
                         net (fo=1, routed)           0.000     0.502    clk_sys_IBUF_inst/OUT
    V23                  IBUFCTRL (Prop_IBUFCTRL_HPIOB_M_I_O)
                                                      0.000     0.502 r  clk_sys_IBUF_inst/IBUFCTRL_INST/O
                         net (fo=1, routed)           0.348     0.850    clk_sys_IBUF
    BUFGCE_X0Y32         BUFGCE (Prop_BUFCE_BUFGCE_I_O)
                                                      0.028     0.878 r  clk_sys_IBUF_BUFG_inst/O
    X0Y0 (CLOCK_ROOT)    net (fo=24, routed)          1.529     2.407    counter_inst/clk_sys
    SLICE_X3Y44          FDCE                                         r  counter_inst/reg_count_reg[7]/C
  -------------------------------------------------------------------    -------------------
    SLICE_X3Y44          FDCE (Prop_AFF_SLICEL_C_Q)
                                                      0.079     2.486 r  counter_inst/reg_count_reg[7]/Q
                         net (fo=2, routed)           0.583     3.069    counter_inst/reg_count_reg_n_0_[7]
    SLICE_X4Y44          CARRY8 (Prop_CARRY8_SLICEM_S[6]_CO[7])
                                                      0.117     3.186 r  counter_inst/reg_count_reg[8]_i_2/CO[7]
                         net (fo=1, routed)           0.026     3.212    counter_inst/reg_count_reg[8]_i_2_n_0
    SLICE_X4Y45          CARRY8 (Prop_CARRY8_SLICEM_CI_O[5])
                                                      0.116     3.328 r  counter_inst/reg_count_reg[16]_i_2/O[5]
                         net (fo=1, routed)           0.193     3.521    counter_inst/data0[14]
    SLICE_X4Y47          LUT6 (Prop_H6LUT_SLICEM_I5_O)
                                                      0.125     3.646 r  counter_inst/reg_count[14]_i_1/O
                         net (fo=1, routed)           0.058     3.704    counter_inst/reg_count[14]
    SLICE_X4Y47          FDCE                                         r  counter_inst/reg_count_reg[14]/D
  -------------------------------------------------------------------    -------------------

                         (clock clock_system rise edge)
                                                     10.000    10.000 r  
    V23                                               0.000    10.000 r  clk_sys (IN)
                         net (fo=0)                   0.000    10.000    clk_sys_IBUF_inst/I
    V23                  INBUF (Prop_INBUF_HPIOB_M_PAD_O)
                                                      0.252    10.252 r  clk_sys_IBUF_inst/INBUF_INST/O
                         net (fo=1, routed)           0.000    10.252    clk_sys_IBUF_inst/OUT
    V23                  IBUFCTRL (Prop_IBUFCTRL_HPIOB_M_I_O)
                                                      0.000    10.252 r  clk_sys_IBUF_inst/IBUFCTRL_INST/O
                         net (fo=1, routed)           0.309    10.561    clk_sys_IBUF
    BUFGCE_X0Y32         BUFGCE (Prop_BUFCE_BUFGCE_I_O)
                                                      0.024    10.585 r  clk_sys_IBUF_BUFG_inst/O
    X0Y0 (CLOCK_ROOT)    net (fo=24, routed)          1.346    11.930    counter_inst/clk_sys
    SLICE_X4Y47          FDCE                                         r  counter_inst/reg_count_reg[14]/C
                         clock pessimism              0.395    12.326    
                         clock uncertainty           -0.035    12.290    
    SLICE_X4Y47          FDCE (Setup_HFF_SLICEM_C_D)
                                                      0.025    12.315    counter_inst/reg_count_reg[14]
  -------------------------------------------------------------------
                         required time                         12.315    
                         arrival time                          -3.704    
  -------------------------------------------------------------------
                         slack                                  8.611    

Slack (MET) :             8.639ns  (required time - arrival time)
  Source:                 counter_inst/reg_count_reg[7]/C
                            (rising edge-triggered cell FDCE clocked by clock_system  {rise@0.000ns fall@5.000ns period=10.000ns})
  Destination:            counter_inst/reg_count_reg[18]/D
                            (rising edge-triggered cell FDCE clocked by clock_system  {rise@0.000ns fall@5.000ns period=10.000ns})
  Path Group:             clock_system
  Path Type:              Setup (Max at Slow Process Corner)
  Requirement:            10.000ns  (clock_system rise@10.000ns - clock_system rise@0.000ns)
  Data Path Delay:        1.270ns  (logic 0.432ns (34.008%)  route 0.838ns (65.992%))
  Logic Levels:           4  (CARRY8=3 LUT6=1)
  Clock Path Skew:        -0.080ns (DCD - SCD + CPR)
    Destination Clock Delay (DCD):    1.931ns = ( 11.931 - 10.000 ) 
    Source Clock Delay      (SCD):    2.407ns
    Clock Pessimism Removal (CPR):    0.395ns
  Clock Uncertainty:      0.035ns  ((TSJ^2 + TIJ^2)^1/2 + DJ) / 2 + PE
    Total System Jitter     (TSJ):    0.071ns
    Total Input Jitter      (TIJ):    0.000ns
    Discrete Jitter          (DJ):    0.000ns
    Phase Error              (PE):    0.000ns
  Clock Net Delay (Source):      1.529ns (routing 0.699ns, distribution 0.830ns)
  Clock Net Delay (Destination): 1.347ns (routing 0.632ns, distribution 0.715ns)

    Location             Delay type                Incr(ns)  Path(ns)    Netlist Resource(s)
  -------------------------------------------------------------------    -------------------
                         (clock clock_system rise edge)
                                                      0.000     0.000 r  
    V23                                               0.000     0.000 r  clk_sys (IN)
                         net (fo=0)                   0.000     0.000    clk_sys_IBUF_inst/I
    V23                  INBUF (Prop_INBUF_HPIOB_M_PAD_O)
                                                      0.502     0.502 r  clk_sys_IBUF_inst/INBUF_INST/O
                         net (fo=1, routed)           0.000     0.502    clk_sys_IBUF_inst/OUT
    V23                  IBUFCTRL (Prop_IBUFCTRL_HPIOB_M_I_O)
                                                      0.000     0.502 r  clk_sys_IBUF_inst/IBUFCTRL_INST/O
                         net (fo=1, routed)           0.348     0.850    clk_sys_IBUF
    BUFGCE_X0Y32         BUFGCE (Prop_BUFCE_BUFGCE_I_O)
                                                      0.028     0.878 r  clk_sys_IBUF_BUFG_inst/O
    X0Y0 (CLOCK_ROOT)    net (fo=24, routed)          1.529     2.407    counter_inst/clk_sys
    SLICE_X3Y44          FDCE                                         r  counter_inst/reg_count_reg[7]/C
  -------------------------------------------------------------------    -------------------
    SLICE_X3Y44          FDCE (Prop_AFF_SLICEL_C_Q)
                                                      0.079     2.486 r  counter_inst/reg_count_reg[7]/Q
                         net (fo=2, routed)           0.583     3.069    counter_inst/reg_count_reg_n_0_[7]
    SLICE_X4Y44          CARRY8 (Prop_CARRY8_SLICEM_S[6]_CO[7])
                                                      0.117     3.186 r  counter_inst/reg_count_reg[8]_i_2/CO[7]
                         net (fo=1, routed)           0.026     3.212    counter_inst/reg_count_reg[8]_i_2_n_0
    SLICE_X4Y45          CARRY8 (Prop_CARRY8_SLICEM_CI_CO[7])
                                                      0.015     3.227 r  counter_inst/reg_count_reg[16]_i_2/CO[7]
                         net (fo=1, routed)           0.026     3.253    counter_inst/reg_count_reg[16]_i_2_n_0
    SLICE_X4Y46          CARRY8 (Prop_CARRY8_SLICEM_CI_O[1])
                                                      0.076     3.329 r  counter_inst/reg_count_reg[19]_i_3/O[1]
                         net (fo=1, routed)           0.137     3.466    counter_inst/data0[18]
    SLICE_X4Y47          LUT6 (Prop_C6LUT_SLICEM_I5_O)
                                                      0.145     3.611 r  counter_inst/reg_count[18]_i_1/O
                         net (fo=1, routed)           0.066     3.677    counter_inst/reg_count[18]
    SLICE_X4Y47          FDCE                                         r  counter_inst/reg_count_reg[18]/D
  -------------------------------------------------------------------    -------------------

                         (clock clock_system rise edge)
                                                     10.000    10.000 r  
    V23                                               0.000    10.000 r  clk_sys (IN)
                         net (fo=0)                   0.000    10.000    clk_sys_IBUF_inst/I
    V23                  INBUF (Prop_INBUF_HPIOB_M_PAD_O)
                                                      0.252    10.252 r  clk_sys_IBUF_inst/INBUF_INST/O
                         net (fo=1, routed)           0.000    10.252    clk_sys_IBUF_inst/OUT
    V23                  IBUFCTRL (Prop_IBUFCTRL_HPIOB_M_I_O)
                                                      0.000    10.252 r  clk_sys_IBUF_inst/IBUFCTRL_INST/O
                         net (fo=1, routed)           0.309    10.561    clk_sys_IBUF
    BUFGCE_X0Y32         BUFGCE (Prop_BUFCE_BUFGCE_I_O)
                                                      0.024    10.585 r  clk_sys_IBUF_BUFG_inst/O
    X0Y0 (CLOCK_ROOT)    net (fo=24, routed)          1.347    11.931    counter_inst/clk_sys
    SLICE_X4Y47          FDCE                                         r  counter_inst/reg_count_reg[18]/C
                         clock pessimism              0.395    12.327    
                         clock uncertainty           -0.035    12.291    
    SLICE_X4Y47          FDCE (Setup_CFF_SLICEM_C_D)
                                                      0.025    12.316    counter_inst/reg_count_reg[18]
  -------------------------------------------------------------------
                         required time                         12.316    
                         arrival time                          -3.677    
  -------------------------------------------------------------------
                         slack                                  8.639    

Slack (MET) :             8.644ns  (required time - arrival time)
  Source:                 counter_inst/reg_count_reg[7]/C
                            (rising edge-triggered cell FDCE clocked by clock_system  {rise@0.000ns fall@5.000ns period=10.000ns})
  Destination:            counter_inst/reg_count_reg[16]/D
                            (rising edge-triggered cell FDCE clocked by clock_system  {rise@0.000ns fall@5.000ns period=10.000ns})
  Path Group:             clock_system
  Path Type:              Setup (Max at Slow Process Corner)
  Requirement:            10.000ns  (clock_system rise@10.000ns - clock_system rise@0.000ns)
  Data Path Delay:        1.315ns  (logic 0.462ns (35.125%)  route 0.853ns (64.875%))
  Logic Levels:           3  (CARRY8=2 LUT6=1)
  Clock Path Skew:        -0.031ns (DCD - SCD + CPR)
    Destination Clock Delay (DCD):    1.931ns = ( 11.931 - 10.000 ) 
    Source Clock Delay      (SCD):    2.407ns
    Clock Pessimism Removal (CPR):    0.445ns
  Clock Uncertainty:      0.035ns  ((TSJ^2 + TIJ^2)^1/2 + DJ) / 2 + PE
    Total System Jitter     (TSJ):    0.071ns
    Total Input Jitter      (TIJ):    0.000ns
    Discrete Jitter          (DJ):    0.000ns
    Phase Error              (PE):    0.000ns
  Clock Net Delay (Source):      1.529ns (routing 0.699ns, distribution 0.830ns)
  Clock Net Delay (Destination): 1.347ns (routing 0.632ns, distribution 0.715ns)

    Location             Delay type                Incr(ns)  Path(ns)    Netlist Resource(s)
  -------------------------------------------------------------------    -------------------
                         (clock clock_system rise edge)
                                                      0.000     0.000 r  
    V23                                               0.000     0.000 r  clk_sys (IN)
                         net (fo=0)                   0.000     0.000    clk_sys_IBUF_inst/I
    V23                  INBUF (Prop_INBUF_HPIOB_M_PAD_O)
                                                      0.502     0.502 r  clk_sys_IBUF_inst/INBUF_INST/O
                         net (fo=1, routed)           0.000     0.502    clk_sys_IBUF_inst/OUT
    V23                  IBUFCTRL (Prop_IBUFCTRL_HPIOB_M_I_O)
                                                      0.000     0.502 r  clk_sys_IBUF_inst/IBUFCTRL_INST/O
                         net (fo=1, routed)           0.348     0.850    clk_sys_IBUF
    BUFGCE_X0Y32         BUFGCE (Prop_BUFCE_BUFGCE_I_O)
                                                      0.028     0.878 r  clk_sys_IBUF_BUFG_inst/O
    X0Y0 (CLOCK_ROOT)    net (fo=24, routed)          1.529     2.407    counter_inst/clk_sys
    SLICE_X3Y44          FDCE                                         r  counter_inst/reg_count_reg[7]/C
  -------------------------------------------------------------------    -------------------
    SLICE_X3Y44          FDCE (Prop_AFF_SLICEL_C_Q)
                                                      0.079     2.486 r  counter_inst/reg_count_reg[7]/Q
                         net (fo=2, routed)           0.583     3.069    counter_inst/reg_count_reg_n_0_[7]
    SLICE_X4Y44          CARRY8 (Prop_CARRY8_SLICEM_S[6]_CO[7])
                                                      0.117     3.186 r  counter_inst/reg_count_reg[8]_i_2/CO[7]
                         net (fo=1, routed)           0.026     3.212    counter_inst/reg_count_reg[8]_i_2_n_0
    SLICE_X4Y45          CARRY8 (Prop_CARRY8_SLICEM_CI_O[7])
                                                      0.116     3.328 r  counter_inst/reg_count_reg[16]_i_2/O[7]
                         net (fo=1, routed)           0.193     3.521    counter_inst/data0[16]
    SLICE_X3Y45          LUT6 (Prop_H6LUT_SLICEL_I5_O)
                                                      0.150     3.671 r  counter_inst/reg_count[16]_i_1/O
                         net (fo=1, routed)           0.051     3.722    counter_inst/reg_count[16]
    SLICE_X3Y45          FDCE                                         r  counter_inst/reg_count_reg[16]/D
  -------------------------------------------------------------------    -------------------

                         (clock clock_system rise edge)
                                                     10.000    10.000 r  
    V23                                               0.000    10.000 r  clk_sys (IN)
                         net (fo=0)                   0.000    10.000    clk_sys_IBUF_inst/I
    V23                  INBUF (Prop_INBUF_HPIOB_M_PAD_O)
                                                      0.252    10.252 r  clk_sys_IBUF_inst/INBUF_INST/O
                         net (fo=1, routed)           0.000    10.252    clk_sys_IBUF_inst/OUT
    V23                  IBUFCTRL (Prop_IBUFCTRL_HPIOB_M_I_O)
                                                      0.000    10.252 r  clk_sys_IBUF_inst/IBUFCTRL_INST/O
                         net (fo=1, routed)           0.309    10.561    clk_sys_IBUF
    BUFGCE_X0Y32         BUFGCE (Prop_BUFCE_BUFGCE_I_O)
                                                      0.024    10.585 r  clk_sys_IBUF_BUFG_inst/O
    X0Y0 (CLOCK_ROOT)    net (fo=24, routed)          1.347    11.931    counter_inst/clk_sys
    SLICE_X3Y45          FDCE                                         r  counter_inst/reg_count_reg[16]/C
                         clock pessimism              0.445    12.376    
                         clock uncertainty           -0.035    12.341    
    SLICE_X3Y45          FDCE (Setup_HFF_SLICEL_C_D)
                                                      0.025    12.366    counter_inst/reg_count_reg[16]
  -------------------------------------------------------------------
                         required time                         12.366    
                         arrival time                          -3.722    
  -------------------------------------------------------------------
                         slack                                  8.644    

Slack (MET) :             8.684ns  (required time - arrival time)
  Source:                 counter_inst/reg_count_reg[7]/C
                            (rising edge-triggered cell FDCE clocked by clock_system  {rise@0.000ns fall@5.000ns period=10.000ns})
  Destination:            counter_inst/reg_count_reg[17]/D
                            (rising edge-triggered cell FDCE clocked by clock_system  {rise@0.000ns fall@5.000ns period=10.000ns})
  Path Group:             clock_system
  Path Type:              Setup (Max at Slow Process Corner)
  Requirement:            10.000ns  (clock_system rise@10.000ns - clock_system rise@0.000ns)
  Data Path Delay:        1.225ns  (logic 0.389ns (31.748%)  route 0.836ns (68.252%))
  Logic Levels:           4  (CARRY8=3 LUT6=1)
  Clock Path Skew:        -0.080ns (DCD - SCD + CPR)
    Destination Clock Delay (DCD):    1.931ns = ( 11.931 - 10.000 ) 
    Source Clock Delay      (SCD):    2.407ns
    Clock Pessimism Removal (CPR):    0.395ns
  Clock Uncertainty:      0.035ns  ((TSJ^2 + TIJ^2)^1/2 + DJ) / 2 + PE
    Total System Jitter     (TSJ):    0.071ns
    Total Input Jitter      (TIJ):    0.000ns
    Discrete Jitter          (DJ):    0.000ns
    Phase Error              (PE):    0.000ns
  Clock Net Delay (Source):      1.529ns (routing 0.699ns, distribution 0.830ns)
  Clock Net Delay (Destination): 1.347ns (routing 0.632ns, distribution 0.715ns)

    Location             Delay type                Incr(ns)  Path(ns)    Netlist Resource(s)
  -------------------------------------------------------------------    -------------------
                         (clock clock_system rise edge)
                                                      0.000     0.000 r  
    V23                                               0.000     0.000 r  clk_sys (IN)
                         net (fo=0)                   0.000     0.000    clk_sys_IBUF_inst/I
    V23                  INBUF (Prop_INBUF_HPIOB_M_PAD_O)
                                                      0.502     0.502 r  clk_sys_IBUF_inst/INBUF_INST/O
                         net (fo=1, routed)           0.000     0.502    clk_sys_IBUF_inst/OUT
    V23                  IBUFCTRL (Prop_IBUFCTRL_HPIOB_M_I_O)
                                                      0.000     0.502 r  clk_sys_IBUF_inst/IBUFCTRL_INST/O
                         net (fo=1, routed)           0.348     0.850    clk_sys_IBUF
    BUFGCE_X0Y32         BUFGCE (Prop_BUFCE_BUFGCE_I_O)
                                                      0.028     0.878 r  clk_sys_IBUF_BUFG_inst/O
    X0Y0 (CLOCK_ROOT)    net (fo=24, routed)          1.529     2.407    counter_inst/clk_sys
    SLICE_X3Y44          FDCE                                         r  counter_inst/reg_count_reg[7]/C
  -------------------------------------------------------------------    -------------------
    SLICE_X3Y44          FDCE (Prop_AFF_SLICEL_C_Q)
                                                      0.079     2.486 r  counter_inst/reg_count_reg[7]/Q
                         net (fo=2, routed)           0.583     3.069    counter_inst/reg_count_reg_n_0_[7]
    SLICE_X4Y44          CARRY8 (Prop_CARRY8_SLICEM_S[6]_CO[7])
                                                      0.117     3.186 r  counter_inst/reg_count_reg[8]_i_2/CO[7]
                         net (fo=1, routed)           0.026     3.212    counter_inst/reg_count_reg[8]_i_2_n_0
    SLICE_X4Y45          CARRY8 (Prop_CARRY8_SLICEM_CI_CO[7])
                                                      0.015     3.227 r  counter_inst/reg_count_reg[16]_i_2/CO[7]
                         net (fo=1, routed)           0.026     3.253    counter_inst/reg_count_reg[16]_i_2_n_0
    SLICE_X4Y46          CARRY8 (Prop_CARRY8_SLICEM_CI_O[0])
                                                      0.056     3.309 r  counter_inst/reg_count_reg[19]_i_3/O[0]
                         net (fo=1, routed)           0.129     3.438    counter_inst/data0[17]
    SLICE_X4Y47          LUT6 (Prop_D6LUT_SLICEM_I5_O)
                                                      0.122     3.560 r  counter_inst/reg_count[17]_i_1/O
                         net (fo=1, routed)           0.072     3.632    counter_inst/reg_count[17]
    SLICE_X4Y47          FDCE                                         r  counter_inst/reg_count_reg[17]/D
  -------------------------------------------------------------------    -------------------

                         (clock clock_system rise edge)
                                                     10.000    10.000 r  
    V23                                               0.000    10.000 r  clk_sys (IN)
                         net (fo=0)                   0.000    10.000    clk_sys_IBUF_inst/I
    V23                  INBUF (Prop_INBUF_HPIOB_M_PAD_O)
                                                      0.252    10.252 r  clk_sys_IBUF_inst/INBUF_INST/O
                         net (fo=1, routed)           0.000    10.252    clk_sys_IBUF_inst/OUT
    V23                  IBUFCTRL (Prop_IBUFCTRL_HPIOB_M_I_O)
                                                      0.000    10.252 r  clk_sys_IBUF_inst/IBUFCTRL_INST/O
                         net (fo=1, routed)           0.309    10.561    clk_sys_IBUF
    BUFGCE_X0Y32         BUFGCE (Prop_BUFCE_BUFGCE_I_O)
                                                      0.024    10.585 r  clk_sys_IBUF_BUFG_inst/O
    X0Y0 (CLOCK_ROOT)    net (fo=24, routed)          1.347    11.931    counter_inst/clk_sys
    SLICE_X4Y47          FDCE                                         r  counter_inst/reg_count_reg[17]/C
                         clock pessimism              0.395    12.327    
                         clock uncertainty           -0.035    12.291    
    SLICE_X4Y47          FDCE (Setup_DFF_SLICEM_C_D)
                                                      0.025    12.316    counter_inst/reg_count_reg[17]
  -------------------------------------------------------------------
                         required time                         12.316    
                         arrival time                          -3.632    
  -------------------------------------------------------------------
                         slack                                  8.684    

Slack (MET) :             8.704ns  (required time - arrival time)
  Source:                 counter_inst/reg_count_reg[7]/C
                            (rising edge-triggered cell FDCE clocked by clock_system  {rise@0.000ns fall@5.000ns period=10.000ns})
  Destination:            counter_inst/reg_count_reg[19]/D
                            (rising edge-triggered cell FDCE clocked by clock_system  {rise@0.000ns fall@5.000ns period=10.000ns})
  Path Group:             clock_system
  Path Type:              Setup (Max at Slow Process Corner)
  Requirement:            10.000ns  (clock_system rise@10.000ns - clock_system rise@0.000ns)
  Data Path Delay:        1.204ns  (logic 0.376ns (31.222%)  route 0.828ns (68.778%))
  Logic Levels:           4  (CARRY8=3 LUT6=1)
  Clock Path Skew:        -0.081ns (DCD - SCD + CPR)
    Destination Clock Delay (DCD):    1.930ns = ( 11.930 - 10.000 ) 
    Source Clock Delay      (SCD):    2.407ns
    Clock Pessimism Removal (CPR):    0.395ns
  Clock Uncertainty:      0.035ns  ((TSJ^2 + TIJ^2)^1/2 + DJ) / 2 + PE
    Total System Jitter     (TSJ):    0.071ns
    Total Input Jitter      (TIJ):    0.000ns
    Discrete Jitter          (DJ):    0.000ns
    Phase Error              (PE):    0.000ns
  Clock Net Delay (Source):      1.529ns (routing 0.699ns, distribution 0.830ns)
  Clock Net Delay (Destination): 1.346ns (routing 0.632ns, distribution 0.714ns)

    Location             Delay type                Incr(ns)  Path(ns)    Netlist Resource(s)
  -------------------------------------------------------------------    -------------------
                         (clock clock_system rise edge)
                                                      0.000     0.000 r  
    V23                                               0.000     0.000 r  clk_sys (IN)
                         net (fo=0)                   0.000     0.000    clk_sys_IBUF_inst/I
    V23                  INBUF (Prop_INBUF_HPIOB_M_PAD_O)
                                                      0.502     0.502 r  clk_sys_IBUF_inst/INBUF_INST/O
                         net (fo=1, routed)           0.000     0.502    clk_sys_IBUF_inst/OUT
    V23                  IBUFCTRL (Prop_IBUFCTRL_HPIOB_M_I_O)
                                                      0.000     0.502 r  clk_sys_IBUF_inst/IBUFCTRL_INST/O
                         net (fo=1, routed)           0.348     0.850    clk_sys_IBUF
    BUFGCE_X0Y32         BUFGCE (Prop_BUFCE_BUFGCE_I_O)
                                                      0.028     0.878 r  clk_sys_IBUF_BUFG_inst/O
    X0Y0 (CLOCK_ROOT)    net (fo=24, routed)          1.529     2.407    counter_inst/clk_sys
    SLICE_X3Y44          FDCE                                         r  counter_inst/reg_count_reg[7]/C
  -------------------------------------------------------------------    -------------------
    SLICE_X3Y44          FDCE (Prop_AFF_SLICEL_C_Q)
                                                      0.079     2.486 r  counter_inst/reg_count_reg[7]/Q
                         net (fo=2, routed)           0.583     3.069    counter_inst/reg_count_reg_n_0_[7]
    SLICE_X4Y44          CARRY8 (Prop_CARRY8_SLICEM_S[6]_CO[7])
                                                      0.117     3.186 r  counter_inst/reg_count_reg[8]_i_2/CO[7]
                         net (fo=1, routed)           0.026     3.212    counter_inst/reg_count_reg[8]_i_2_n_0
    SLICE_X4Y45          CARRY8 (Prop_CARRY8_SLICEM_CI_CO[7])
                                                      0.015     3.227 r  counter_inst/reg_count_reg[16]_i_2/CO[7]
                         net (fo=1, routed)           0.026     3.253    counter_inst/reg_count_reg[16]_i_2_n_0
    SLICE_X4Y46          CARRY8 (Prop_CARRY8_SLICEM_CI_O[2])
                                                      0.067     3.320 r  counter_inst/reg_count_reg[19]_i_3/O[2]
                         net (fo=1, routed)           0.126     3.446    counter_inst/data0[19]
    SLICE_X4Y47          LUT6 (Prop_F6LUT_SLICEM_I5_O)
                                                      0.098     3.544 r  counter_inst/reg_count[19]_i_1/O
                         net (fo=1, routed)           0.067     3.611    counter_inst/reg_count[19]
    SLICE_X4Y47          FDCE                                         r  counter_inst/reg_count_reg[19]/D
  -------------------------------------------------------------------    -------------------

                         (clock clock_system rise edge)
                                                     10.000    10.000 r  
    V23                                               0.000    10.000 r  clk_sys (IN)
                         net (fo=0)                   0.000    10.000    clk_sys_IBUF_inst/I
    V23                  INBUF (Prop_INBUF_HPIOB_M_PAD_O)
                                                      0.252    10.252 r  clk_sys_IBUF_inst/INBUF_INST/O
                         net (fo=1, routed)           0.000    10.252    clk_sys_IBUF_inst/OUT
    V23                  IBUFCTRL (Prop_IBUFCTRL_HPIOB_M_I_O)
                                                      0.000    10.252 r  clk_sys_IBUF_inst/IBUFCTRL_INST/O
                         net (fo=1, routed)           0.309    10.561    clk_sys_IBUF
    BUFGCE_X0Y32         BUFGCE (Prop_BUFCE_BUFGCE_I_O)
                                                      0.024    10.585 r  clk_sys_IBUF_BUFG_inst/O
    X0Y0 (CLOCK_ROOT)    net (fo=24, routed)          1.346    11.930    counter_inst/clk_sys
    SLICE_X4Y47          FDCE                                         r  counter_inst/reg_count_reg[19]/C
                         clock pessimism              0.395    12.326    
                         clock uncertainty           -0.035    12.290    
    SLICE_X4Y47          FDCE (Setup_FFF_SLICEM_C_D)
                                                      0.025    12.315    counter_inst/reg_count_reg[19]
  -------------------------------------------------------------------
                         required time                         12.315    
                         arrival time                          -3.611    
  -------------------------------------------------------------------
                         slack                                  8.704    

Slack (MET) :             8.723ns  (required time - arrival time)
  Source:                 counter_inst/reg_count_reg[7]/C
                            (rising edge-triggered cell FDCE clocked by clock_system  {rise@0.000ns fall@5.000ns period=10.000ns})
  Destination:            counter_inst/reg_count_reg[11]/D
                            (rising edge-triggered cell FDCE clocked by clock_system  {rise@0.000ns fall@5.000ns period=10.000ns})
  Path Group:             clock_system
  Path Type:              Setup (Max at Slow Process Corner)
  Requirement:            10.000ns  (clock_system rise@10.000ns - clock_system rise@0.000ns)
  Data Path Delay:        1.234ns  (logic 0.352ns (28.518%)  route 0.882ns (71.482%))
  Logic Levels:           3  (CARRY8=2 LUT6=1)
  Clock Path Skew:        -0.033ns (DCD - SCD + CPR)
    Destination Clock Delay (DCD):    1.929ns = ( 11.929 - 10.000 ) 
    Source Clock Delay      (SCD):    2.407ns
    Clock Pessimism Removal (CPR):    0.445ns
  Clock Uncertainty:      0.035ns  ((TSJ^2 + TIJ^2)^1/2 + DJ) / 2 + PE
    Total System Jitter     (TSJ):    0.071ns
    Total Input Jitter      (TIJ):    0.000ns
    Discrete Jitter          (DJ):    0.000ns
    Phase Error              (PE):    0.000ns
  Clock Net Delay (Source):      1.529ns (routing 0.699ns, distribution 0.830ns)
  Clock Net Delay (Destination): 1.345ns (routing 0.632ns, distribution 0.713ns)

    Location             Delay type                Incr(ns)  Path(ns)    Netlist Resource(s)
  -------------------------------------------------------------------    -------------------
                         (clock clock_system rise edge)
                                                      0.000     0.000 r  
    V23                                               0.000     0.000 r  clk_sys (IN)
                         net (fo=0)                   0.000     0.000    clk_sys_IBUF_inst/I
    V23                  INBUF (Prop_INBUF_HPIOB_M_PAD_O)
                                                      0.502     0.502 r  clk_sys_IBUF_inst/INBUF_INST/O
                         net (fo=1, routed)           0.000     0.502    clk_sys_IBUF_inst/OUT
    V23                  IBUFCTRL (Prop_IBUFCTRL_HPIOB_M_I_O)
                                                      0.000     0.502 r  clk_sys_IBUF_inst/IBUFCTRL_INST/O
                         net (fo=1, routed)           0.348     0.850    clk_sys_IBUF
    BUFGCE_X0Y32         BUFGCE (Prop_BUFCE_BUFGCE_I_O)
                                                      0.028     0.878 r  clk_sys_IBUF_BUFG_inst/O
    X0Y0 (CLOCK_ROOT)    net (fo=24, routed)          1.529     2.407    counter_inst/clk_sys
    SLICE_X3Y44          FDCE                                         r  counter_inst/reg_count_reg[7]/C
  -------------------------------------------------------------------    -------------------
    SLICE_X3Y44          FDCE (Prop_AFF_SLICEL_C_Q)
                                                      0.079     2.486 r  counter_inst/reg_count_reg[7]/Q
                         net (fo=2, routed)           0.583     3.069    counter_inst/reg_count_reg_n_0_[7]
    SLICE_X4Y44          CARRY8 (Prop_CARRY8_SLICEM_S[6]_CO[7])
                                                      0.117     3.186 r  counter_inst/reg_count_reg[8]_i_2/CO[7]
                         net (fo=1, routed)           0.026     3.212    counter_inst/reg_count_reg[8]_i_2_n_0
    SLICE_X4Y45          CARRY8 (Prop_CARRY8_SLICEM_CI_O[2])
                                                      0.067     3.279 r  counter_inst/reg_count_reg[16]_i_2/O[2]
                         net (fo=1, routed)           0.224     3.503    counter_inst/data0[11]
    SLICE_X3Y45          LUT6 (Prop_D6LUT_SLICEL_I5_O)
                                                      0.089     3.592 r  counter_inst/reg_count[11]_i_1/O
                         net (fo=1, routed)           0.049     3.641    counter_inst/reg_count[11]
    SLICE_X3Y45          FDCE                                         r  counter_inst/reg_count_reg[11]/D
  -------------------------------------------------------------------    -------------------

                         (clock clock_system rise edge)
                                                     10.000    10.000 r  
    V23                                               0.000    10.000 r  clk_sys (IN)
                         net (fo=0)                   0.000    10.000    clk_sys_IBUF_inst/I
    V23                  INBUF (Prop_INBUF_HPIOB_M_PAD_O)
                                                      0.252    10.252 r  clk_sys_IBUF_inst/INBUF_INST/O
                         net (fo=1, routed)           0.000    10.252    clk_sys_IBUF_inst/OUT
    V23                  IBUFCTRL (Prop_IBUFCTRL_HPIOB_M_I_O)
                                                      0.000    10.252 r  clk_sys_IBUF_inst/IBUFCTRL_INST/O
                         net (fo=1, routed)           0.309    10.561    clk_sys_IBUF
    BUFGCE_X0Y32         BUFGCE (Prop_BUFCE_BUFGCE_I_O)
                                                      0.024    10.585 r  clk_sys_IBUF_BUFG_inst/O
    X0Y0 (CLOCK_ROOT)    net (fo=24, routed)          1.345    11.929    counter_inst/clk_sys
    SLICE_X3Y45          FDCE                                         r  counter_inst/reg_count_reg[11]/C
                         clock pessimism              0.445    12.374    
                         clock uncertainty           -0.035    12.339    
    SLICE_X3Y45          FDCE (Setup_DFF_SLICEL_C_D)
                                                      0.025    12.364    counter_inst/reg_count_reg[11]
  -------------------------------------------------------------------
                         required time                         12.364    
                         arrival time                          -3.641    
  -------------------------------------------------------------------
                         slack                                  8.723    

Slack (MET) :             8.724ns  (required time - arrival time)
  Source:                 counter_inst/reg_count_reg[7]/C
                            (rising edge-triggered cell FDCE clocked by clock_system  {rise@0.000ns fall@5.000ns period=10.000ns})
  Destination:            counter_inst/reg_count_reg[15]/D
                            (rising edge-triggered cell FDCE clocked by clock_system  {rise@0.000ns fall@5.000ns period=10.000ns})
  Path Group:             clock_system
  Path Type:              Setup (Max at Slow Process Corner)
  Requirement:            10.000ns  (clock_system rise@10.000ns - clock_system rise@0.000ns)
  Data Path Delay:        1.184ns  (logic 0.336ns (28.371%)  route 0.848ns (71.629%))
  Logic Levels:           3  (CARRY8=2 LUT6=1)
  Clock Path Skew:        -0.081ns (DCD - SCD + CPR)
    Destination Clock Delay (DCD):    1.930ns = ( 11.930 - 10.000 ) 
    Source Clock Delay      (SCD):    2.407ns
    Clock Pessimism Removal (CPR):    0.395ns
  Clock Uncertainty:      0.035ns  ((TSJ^2 + TIJ^2)^1/2 + DJ) / 2 + PE
    Total System Jitter     (TSJ):    0.071ns
    Total Input Jitter      (TIJ):    0.000ns
    Discrete Jitter          (DJ):    0.000ns
    Phase Error              (PE):    0.000ns
  Clock Net Delay (Source):      1.529ns (routing 0.699ns, distribution 0.830ns)
  Clock Net Delay (Destination): 1.346ns (routing 0.632ns, distribution 0.714ns)

    Location             Delay type                Incr(ns)  Path(ns)    Netlist Resource(s)
  -------------------------------------------------------------------    -------------------
                         (clock clock_system rise edge)
                                                      0.000     0.000 r  
    V23                                               0.000     0.000 r  clk_sys (IN)
                         net (fo=0)                   0.000     0.000    clk_sys_IBUF_inst/I
    V23                  INBUF (Prop_INBUF_HPIOB_M_PAD_O)
                                                      0.502     0.502 r  clk_sys_IBUF_inst/INBUF_INST/O
                         net (fo=1, routed)           0.000     0.502    clk_sys_IBUF_inst/OUT
    V23                  IBUFCTRL (Prop_IBUFCTRL_HPIOB_M_I_O)
                                                      0.000     0.502 r  clk_sys_IBUF_inst/IBUFCTRL_INST/O
                         net (fo=1, routed)           0.348     0.850    clk_sys_IBUF
    BUFGCE_X0Y32         BUFGCE (Prop_BUFCE_BUFGCE_I_O)
                                                      0.028     0.878 r  clk_sys_IBUF_BUFG_inst/O
    X0Y0 (CLOCK_ROOT)    net (fo=24, routed)          1.529     2.407    counter_inst/clk_sys
    SLICE_X3Y44          FDCE                                         r  counter_inst/reg_count_reg[7]/C
  -------------------------------------------------------------------    -------------------
    SLICE_X3Y44          FDCE (Prop_AFF_SLICEL_C_Q)
                                                      0.079     2.486 r  counter_inst/reg_count_reg[7]/Q
                         net (fo=2, routed)           0.583     3.069    counter_inst/reg_count_reg_n_0_[7]
    SLICE_X4Y44          CARRY8 (Prop_CARRY8_SLICEM_S[6]_CO[7])
                                                      0.117     3.186 r  counter_inst/reg_count_reg[8]_i_2/CO[7]
                         net (fo=1, routed)           0.026     3.212    counter_inst/reg_count_reg[8]_i_2_n_0
    SLICE_X4Y45          CARRY8 (Prop_CARRY8_SLICEM_CI_O[6])
                                                      0.103     3.315 r  counter_inst/reg_count_reg[16]_i_2/O[6]
                         net (fo=1, routed)           0.180     3.495    counter_inst/data0[15]
    SLICE_X4Y47          LUT6 (Prop_G6LUT_SLICEM_I5_O)
                                                      0.037     3.532 r  counter_inst/reg_count[15]_i_1/O
                         net (fo=1, routed)           0.059     3.591    counter_inst/reg_count[15]
    SLICE_X4Y47          FDCE                                         r  counter_inst/reg_count_reg[15]/D
  -------------------------------------------------------------------    -------------------

                         (clock clock_system rise edge)
                                                     10.000    10.000 r  
    V23                                               0.000    10.000 r  clk_sys (IN)
                         net (fo=0)                   0.000    10.000    clk_sys_IBUF_inst/I
    V23                  INBUF (Prop_INBUF_HPIOB_M_PAD_O)
                                                      0.252    10.252 r  clk_sys_IBUF_inst/INBUF_INST/O
                         net (fo=1, routed)           0.000    10.252    clk_sys_IBUF_inst/OUT
    V23                  IBUFCTRL (Prop_IBUFCTRL_HPIOB_M_I_O)
                                                      0.000    10.252 r  clk_sys_IBUF_inst/IBUFCTRL_INST/O
                         net (fo=1, routed)           0.309    10.561    clk_sys_IBUF
    BUFGCE_X0Y32         BUFGCE (Prop_BUFCE_BUFGCE_I_O)
                                                      0.024    10.585 r  clk_sys_IBUF_BUFG_inst/O
    X0Y0 (CLOCK_ROOT)    net (fo=24, routed)          1.346    11.930    counter_inst/clk_sys
    SLICE_X4Y47          FDCE                                         r  counter_inst/reg_count_reg[15]/C
                         clock pessimism              0.395    12.326    
                         clock uncertainty           -0.035    12.290    
    SLICE_X4Y47          FDCE (Setup_GFF_SLICEM_C_D)
                                                      0.025    12.315    counter_inst/reg_count_reg[15]
  -------------------------------------------------------------------
                         required time                         12.315    
                         arrival time                          -3.591    
  -------------------------------------------------------------------
                         slack                                  8.724    

Slack (MET) :             8.729ns  (required time - arrival time)
  Source:                 counter_inst/reg_count_reg[7]/C
                            (rising edge-triggered cell FDCE clocked by clock_system  {rise@0.000ns fall@5.000ns period=10.000ns})
  Destination:            counter_inst/reg_count_reg[13]/D
                            (rising edge-triggered cell FDCE clocked by clock_system  {rise@0.000ns fall@5.000ns period=10.000ns})
  Path Group:             clock_system
  Path Type:              Setup (Max at Slow Process Corner)
  Requirement:            10.000ns  (clock_system rise@10.000ns - clock_system rise@0.000ns)
  Data Path Delay:        1.228ns  (logic 0.430ns (35.008%)  route 0.798ns (64.992%))
  Logic Levels:           3  (CARRY8=2 LUT6=1)
  Clock Path Skew:        -0.033ns (DCD - SCD + CPR)
    Destination Clock Delay (DCD):    1.929ns = ( 11.929 - 10.000 ) 
    Source Clock Delay      (SCD):    2.407ns
    Clock Pessimism Removal (CPR):    0.445ns
  Clock Uncertainty:      0.035ns  ((TSJ^2 + TIJ^2)^1/2 + DJ) / 2 + PE
    Total System Jitter     (TSJ):    0.071ns
    Total Input Jitter      (TIJ):    0.000ns
    Discrete Jitter          (DJ):    0.000ns
    Phase Error              (PE):    0.000ns
  Clock Net Delay (Source):      1.529ns (routing 0.699ns, distribution 0.830ns)
  Clock Net Delay (Destination): 1.345ns (routing 0.632ns, distribution 0.713ns)

    Location             Delay type                Incr(ns)  Path(ns)    Netlist Resource(s)
  -------------------------------------------------------------------    -------------------
                         (clock clock_system rise edge)
                                                      0.000     0.000 r  
    V23                                               0.000     0.000 r  clk_sys (IN)
                         net (fo=0)                   0.000     0.000    clk_sys_IBUF_inst/I
    V23                  INBUF (Prop_INBUF_HPIOB_M_PAD_O)
                                                      0.502     0.502 r  clk_sys_IBUF_inst/INBUF_INST/O
                         net (fo=1, routed)           0.000     0.502    clk_sys_IBUF_inst/OUT
    V23                  IBUFCTRL (Prop_IBUFCTRL_HPIOB_M_I_O)
                                                      0.000     0.502 r  clk_sys_IBUF_inst/IBUFCTRL_INST/O
                         net (fo=1, routed)           0.348     0.850    clk_sys_IBUF
    BUFGCE_X0Y32         BUFGCE (Prop_BUFCE_BUFGCE_I_O)
                                                      0.028     0.878 r  clk_sys_IBUF_BUFG_inst/O
    X0Y0 (CLOCK_ROOT)    net (fo=24, routed)          1.529     2.407    counter_inst/clk_sys
    SLICE_X3Y44          FDCE                                         r  counter_inst/reg_count_reg[7]/C
  -------------------------------------------------------------------    -------------------
    SLICE_X3Y44          FDCE (Prop_AFF_SLICEL_C_Q)
                                                      0.079     2.486 r  counter_inst/reg_count_reg[7]/Q
                         net (fo=2, routed)           0.583     3.069    counter_inst/reg_count_reg_n_0_[7]
    SLICE_X4Y44          CARRY8 (Prop_CARRY8_SLICEM_S[6]_CO[7])
                                                      0.117     3.186 r  counter_inst/reg_count_reg[8]_i_2/CO[7]
                         net (fo=1, routed)           0.026     3.212    counter_inst/reg_count_reg[8]_i_2_n_0
    SLICE_X4Y45          CARRY8 (Prop_CARRY8_SLICEM_CI_O[4])
                                                      0.086     3.298 r  counter_inst/reg_count_reg[16]_i_2/O[4]
                         net (fo=1, routed)           0.140     3.438    counter_inst/data0[13]
    SLICE_X3Y45          LUT6 (Prop_B6LUT_SLICEL_I5_O)
                                                      0.148     3.586 r  counter_inst/reg_count[13]_i_1/O
                         net (fo=1, routed)           0.049     3.635    counter_inst/reg_count[13]
    SLICE_X3Y45          FDCE                                         r  counter_inst/reg_count_reg[13]/D
  -------------------------------------------------------------------    -------------------

                         (clock clock_system rise edge)
                                                     10.000    10.000 r  
    V23                                               0.000    10.000 r  clk_sys (IN)
                         net (fo=0)                   0.000    10.000    clk_sys_IBUF_inst/I
    V23                  INBUF (Prop_INBUF_HPIOB_M_PAD_O)
                                                      0.252    10.252 r  clk_sys_IBUF_inst/INBUF_INST/O
                         net (fo=1, routed)           0.000    10.252    clk_sys_IBUF_inst/OUT
    V23                  IBUFCTRL (Prop_IBUFCTRL_HPIOB_M_I_O)
                                                      0.000    10.252 r  clk_sys_IBUF_inst/IBUFCTRL_INST/O
                         net (fo=1, routed)           0.309    10.561    clk_sys_IBUF
    BUFGCE_X0Y32         BUFGCE (Prop_BUFCE_BUFGCE_I_O)
                                                      0.024    10.585 r  clk_sys_IBUF_BUFG_inst/O
    X0Y0 (CLOCK_ROOT)    net (fo=24, routed)          1.345    11.929    counter_inst/clk_sys
    SLICE_X3Y45          FDCE                                         r  counter_inst/reg_count_reg[13]/C
                         clock pessimism              0.445    12.374    
                         clock uncertainty           -0.035    12.339    
    SLICE_X3Y45          FDCE (Setup_BFF_SLICEL_C_D)
                                                      0.025    12.364    counter_inst/reg_count_reg[13]
  -------------------------------------------------------------------
                         required time                         12.364    
                         arrival time                          -3.635    
  -------------------------------------------------------------------
                         slack                                  8.729    

Slack (MET) :             8.734ns  (required time - arrival time)
  Source:                 counter_inst/reg_count_reg[7]/C
                            (rising edge-triggered cell FDCE clocked by clock_system  {rise@0.000ns fall@5.000ns period=10.000ns})
  Destination:            counter_inst/reg_count_reg[12]/D
                            (rising edge-triggered cell FDCE clocked by clock_system  {rise@0.000ns fall@5.000ns period=10.000ns})
  Path Group:             clock_system
  Path Type:              Setup (Max at Slow Process Corner)
  Requirement:            10.000ns  (clock_system rise@10.000ns - clock_system rise@0.000ns)
  Data Path Delay:        1.223ns  (logic 0.424ns (34.661%)  route 0.799ns (65.339%))
  Logic Levels:           3  (CARRY8=2 LUT6=1)
  Clock Path Skew:        -0.033ns (DCD - SCD + CPR)
    Destination Clock Delay (DCD):    1.929ns = ( 11.929 - 10.000 ) 
    Source Clock Delay      (SCD):    2.407ns
    Clock Pessimism Removal (CPR):    0.445ns
  Clock Uncertainty:      0.035ns  ((TSJ^2 + TIJ^2)^1/2 + DJ) / 2 + PE
    Total System Jitter     (TSJ):    0.071ns
    Total Input Jitter      (TIJ):    0.000ns
    Discrete Jitter          (DJ):    0.000ns
    Phase Error              (PE):    0.000ns
  Clock Net Delay (Source):      1.529ns (routing 0.699ns, distribution 0.830ns)
  Clock Net Delay (Destination): 1.345ns (routing 0.632ns, distribution 0.713ns)

    Location             Delay type                Incr(ns)  Path(ns)    Netlist Resource(s)
  -------------------------------------------------------------------    -------------------
                         (clock clock_system rise edge)
                                                      0.000     0.000 r  
    V23                                               0.000     0.000 r  clk_sys (IN)
                         net (fo=0)                   0.000     0.000    clk_sys_IBUF_inst/I
    V23                  INBUF (Prop_INBUF_HPIOB_M_PAD_O)
                                                      0.502     0.502 r  clk_sys_IBUF_inst/INBUF_INST/O
                         net (fo=1, routed)           0.000     0.502    clk_sys_IBUF_inst/OUT
    V23                  IBUFCTRL (Prop_IBUFCTRL_HPIOB_M_I_O)
                                                      0.000     0.502 r  clk_sys_IBUF_inst/IBUFCTRL_INST/O
                         net (fo=1, routed)           0.348     0.850    clk_sys_IBUF
    BUFGCE_X0Y32         BUFGCE (Prop_BUFCE_BUFGCE_I_O)
                                                      0.028     0.878 r  clk_sys_IBUF_BUFG_inst/O
    X0Y0 (CLOCK_ROOT)    net (fo=24, routed)          1.529     2.407    counter_inst/clk_sys
    SLICE_X3Y44          FDCE                                         r  counter_inst/reg_count_reg[7]/C
  -------------------------------------------------------------------    -------------------
    SLICE_X3Y44          FDCE (Prop_AFF_SLICEL_C_Q)
                                                      0.079     2.486 r  counter_inst/reg_count_reg[7]/Q
                         net (fo=2, routed)           0.583     3.069    counter_inst/reg_count_reg_n_0_[7]
    SLICE_X4Y44          CARRY8 (Prop_CARRY8_SLICEM_S[6]_CO[7])
                                                      0.117     3.186 r  counter_inst/reg_count_reg[8]_i_2/CO[7]
                         net (fo=1, routed)           0.026     3.212    counter_inst/reg_count_reg[8]_i_2_n_0
    SLICE_X4Y45          CARRY8 (Prop_CARRY8_SLICEM_CI_O[3])
                                                      0.082     3.294 r  counter_inst/reg_count_reg[16]_i_2/O[3]
                         net (fo=1, routed)           0.140     3.434    counter_inst/data0[12]
    SLICE_X3Y45          LUT6 (Prop_C6LUT_SLICEL_I5_O)
                                                      0.146     3.580 r  counter_inst/reg_count[12]_i_1/O
                         net (fo=1, routed)           0.050     3.630    counter_inst/reg_count[12]
    SLICE_X3Y45          FDCE                                         r  counter_inst/reg_count_reg[12]/D
  -------------------------------------------------------------------    -------------------

                         (clock clock_system rise edge)
                                                     10.000    10.000 r  
    V23                                               0.000    10.000 r  clk_sys (IN)
                         net (fo=0)                   0.000    10.000    clk_sys_IBUF_inst/I
    V23                  INBUF (Prop_INBUF_HPIOB_M_PAD_O)
                                                      0.252    10.252 r  clk_sys_IBUF_inst/INBUF_INST/O
                         net (fo=1, routed)           0.000    10.252    clk_sys_IBUF_inst/OUT
    V23                  IBUFCTRL (Prop_IBUFCTRL_HPIOB_M_I_O)
                                                      0.000    10.252 r  clk_sys_IBUF_inst/IBUFCTRL_INST/O
                         net (fo=1, routed)           0.309    10.561    clk_sys_IBUF
    BUFGCE_X0Y32         BUFGCE (Prop_BUFCE_BUFGCE_I_O)
                                                      0.024    10.585 r  clk_sys_IBUF_BUFG_inst/O
    X0Y0 (CLOCK_ROOT)    net (fo=24, routed)          1.345    11.929    counter_inst/clk_sys
    SLICE_X3Y45          FDCE                                         r  counter_inst/reg_count_reg[12]/C
                         clock pessimism              0.445    12.374    
                         clock uncertainty           -0.035    12.339    
    SLICE_X3Y45          FDCE (Setup_CFF_SLICEL_C_D)
                                                      0.025    12.364    counter_inst/reg_count_reg[12]
  -------------------------------------------------------------------
                         required time                         12.364    
                         arrival time                          -3.630    
  -------------------------------------------------------------------
                         slack                                  8.734    

Slack (MET) :             8.738ns  (required time - arrival time)
  Source:                 counter_inst/reg_count_reg[7]/C
                            (rising edge-triggered cell FDCE clocked by clock_system  {rise@0.000ns fall@5.000ns period=10.000ns})
  Destination:            counter_inst/reg_count_reg[10]/D
                            (rising edge-triggered cell FDCE clocked by clock_system  {rise@0.000ns fall@5.000ns period=10.000ns})
  Path Group:             clock_system
  Path Type:              Setup (Max at Slow Process Corner)
  Requirement:            10.000ns  (clock_system rise@10.000ns - clock_system rise@0.000ns)
  Data Path Delay:        1.219ns  (logic 0.421ns (34.528%)  route 0.798ns (65.472%))
  Logic Levels:           3  (CARRY8=2 LUT6=1)
  Clock Path Skew:        -0.033ns (DCD - SCD + CPR)
    Destination Clock Delay (DCD):    1.929ns = ( 11.929 - 10.000 ) 
    Source Clock Delay      (SCD):    2.407ns
    Clock Pessimism Removal (CPR):    0.445ns
  Clock Uncertainty:      0.035ns  ((TSJ^2 + TIJ^2)^1/2 + DJ) / 2 + PE
    Total System Jitter     (TSJ):    0.071ns
    Total Input Jitter      (TIJ):    0.000ns
    Discrete Jitter          (DJ):    0.000ns
    Phase Error              (PE):    0.000ns
  Clock Net Delay (Source):      1.529ns (routing 0.699ns, distribution 0.830ns)
  Clock Net Delay (Destination): 1.345ns (routing 0.632ns, distribution 0.713ns)

    Location             Delay type                Incr(ns)  Path(ns)    Netlist Resource(s)
  -------------------------------------------------------------------    -------------------
                         (clock clock_system rise edge)
                                                      0.000     0.000 r  
    V23                                               0.000     0.000 r  clk_sys (IN)
                         net (fo=0)                   0.000     0.000    clk_sys_IBUF_inst/I
    V23                  INBUF (Prop_INBUF_HPIOB_M_PAD_O)
                                                      0.502     0.502 r  clk_sys_IBUF_inst/INBUF_INST/O
                         net (fo=1, routed)           0.000     0.502    clk_sys_IBUF_inst/OUT
    V23                  IBUFCTRL (Prop_IBUFCTRL_HPIOB_M_I_O)
                                                      0.000     0.502 r  clk_sys_IBUF_inst/IBUFCTRL_INST/O
                         net (fo=1, routed)           0.348     0.850    clk_sys_IBUF
    BUFGCE_X0Y32         BUFGCE (Prop_BUFCE_BUFGCE_I_O)
                                                      0.028     0.878 r  clk_sys_IBUF_BUFG_inst/O
    X0Y0 (CLOCK_ROOT)    net (fo=24, routed)          1.529     2.407    counter_inst/clk_sys
    SLICE_X3Y44          FDCE                                         r  counter_inst/reg_count_reg[7]/C
  -------------------------------------------------------------------    -------------------
    SLICE_X3Y44          FDCE (Prop_AFF_SLICEL_C_Q)
                                                      0.079     2.486 r  counter_inst/reg_count_reg[7]/Q
                         net (fo=2, routed)           0.583     3.069    counter_inst/reg_count_reg_n_0_[7]
    SLICE_X4Y44          CARRY8 (Prop_CARRY8_SLICEM_S[6]_CO[7])
                                                      0.117     3.186 r  counter_inst/reg_count_reg[8]_i_2/CO[7]
                         net (fo=1, routed)           0.026     3.212    counter_inst/reg_count_reg[8]_i_2_n_0
    SLICE_X4Y45          CARRY8 (Prop_CARRY8_SLICEM_CI_O[1])
                                                      0.076     3.288 r  counter_inst/reg_count_reg[16]_i_2/O[1]
                         net (fo=1, routed)           0.141     3.429    counter_inst/data0[10]
    SLICE_X3Y45          LUT6 (Prop_A6LUT_SLICEL_I5_O)
                                                      0.149     3.578 r  counter_inst/reg_count[10]_i_1/O
                         net (fo=1, routed)           0.048     3.626    counter_inst/reg_count[10]
    SLICE_X3Y45          FDCE                                         r  counter_inst/reg_count_reg[10]/D
  -------------------------------------------------------------------    -------------------

                         (clock clock_system rise edge)
                                                     10.000    10.000 r  
    V23                                               0.000    10.000 r  clk_sys (IN)
                         net (fo=0)                   0.000    10.000    clk_sys_IBUF_inst/I
    V23                  INBUF (Prop_INBUF_HPIOB_M_PAD_O)
                                                      0.252    10.252 r  clk_sys_IBUF_inst/INBUF_INST/O
                         net (fo=1, routed)           0.000    10.252    clk_sys_IBUF_inst/OUT
    V23                  IBUFCTRL (Prop_IBUFCTRL_HPIOB_M_I_O)
                                                      0.000    10.252 r  clk_sys_IBUF_inst/IBUFCTRL_INST/O
                         net (fo=1, routed)           0.309    10.561    clk_sys_IBUF
    BUFGCE_X0Y32         BUFGCE (Prop_BUFCE_BUFGCE_I_O)
                                                      0.024    10.585 r  clk_sys_IBUF_BUFG_inst/O
    X0Y0 (CLOCK_ROOT)    net (fo=24, routed)          1.345    11.929    counter_inst/clk_sys
    SLICE_X3Y45          FDCE                                         r  counter_inst/reg_count_reg[10]/C
                         clock pessimism              0.445    12.374    
                         clock uncertainty           -0.035    12.339    
    SLICE_X3Y45          FDCE (Setup_AFF_SLICEL_C_D)
                                                      0.025    12.364    counter_inst/reg_count_reg[10]
  -------------------------------------------------------------------
                         required time                         12.364    
                         arrival time                          -3.626    
  -------------------------------------------------------------------
                         slack                                  8.738    





Min Delay Paths
--------------------------------------------------------------------------------------
Slack (MET) :             0.086ns  (arrival time - required time)
  Source:                 reg_led_reg/C
                            (rising edge-triggered cell FDCE clocked by clock_system  {rise@0.000ns fall@5.000ns period=10.000ns})
  Destination:            reg_led_reg/D
                            (rising edge-triggered cell FDCE clocked by clock_system  {rise@0.000ns fall@5.000ns period=10.000ns})
  Path Group:             clock_system
  Path Type:              Hold (Min at Fast Process Corner)
  Requirement:            0.000ns  (clock_system rise@0.000ns - clock_system rise@0.000ns)
  Data Path Delay:        0.139ns  (logic 0.080ns (57.686%)  route 0.059ns (42.315%))
  Logic Levels:           1  (LUT5=1)
  Clock Path Skew:        0.006ns (DCD - SCD - CPR)
    Destination Clock Delay (DCD):    1.497ns
    Source Clock Delay      (SCD):    1.159ns
    Clock Pessimism Removal (CPR):    0.332ns
  Clock Net Delay (Source):      0.850ns (routing 0.387ns, distribution 0.463ns)
  Clock Net Delay (Destination): 0.965ns (routing 0.433ns, distribution 0.532ns)

    Location             Delay type                Incr(ns)  Path(ns)    Netlist Resource(s)
  -------------------------------------------------------------------    -------------------
                         (clock clock_system rise edge)
                                                      0.000     0.000 r  
    V23                                               0.000     0.000 r  clk_sys (IN)
                         net (fo=0)                   0.000     0.000    clk_sys_IBUF_inst/I
    V23                  INBUF (Prop_INBUF_HPIOB_M_PAD_O)
                                                      0.137     0.137 r  clk_sys_IBUF_inst/INBUF_INST/O
                         net (fo=1, routed)           0.000     0.137    clk_sys_IBUF_inst/OUT
    V23                  IBUFCTRL (Prop_IBUFCTRL_HPIOB_M_I_O)
                                                      0.000     0.137 r  clk_sys_IBUF_inst/IBUFCTRL_INST/O
                         net (fo=1, routed)           0.156     0.293    clk_sys_IBUF
    BUFGCE_X0Y32         BUFGCE (Prop_BUFCE_BUFGCE_I_O)
                                                      0.017     0.310 r  clk_sys_IBUF_BUFG_inst/O
    X0Y0 (CLOCK_ROOT)    net (fo=24, routed)          0.850     1.159    clk_sys_IBUF_BUFG
    SLICE_X3Y48          FDCE                                         r  reg_led_reg/C
  -------------------------------------------------------------------    -------------------
    SLICE_X3Y48          FDCE (Prop_DFF2_SLICEL_C_Q)
                                                      0.041     1.200 r  reg_led_reg/Q
                         net (fo=2, routed)           0.053     1.253    led_out_OBUF
    SLICE_X3Y48          LUT5 (Prop_D5LUT_SLICEL_I4_O)
                                                      0.039     1.292 r  reg_led_i_1/O
                         net (fo=1, routed)           0.006     1.298    reg_led_i_1_n_0
    SLICE_X3Y48          FDCE                                         r  reg_led_reg/D
  -------------------------------------------------------------------    -------------------

                         (clock clock_system rise edge)
                                                      0.000     0.000 r  
    V23                                               0.000     0.000 r  clk_sys (IN)
                         net (fo=0)                   0.000     0.000    clk_sys_IBUF_inst/I
    V23                  INBUF (Prop_INBUF_HPIOB_M_PAD_O)
                                                      0.322     0.322 r  clk_sys_IBUF_inst/INBUF_INST/O
                         net (fo=1, routed)           0.000     0.322    clk_sys_IBUF_inst/OUT
    V23                  IBUFCTRL (Prop_IBUFCTRL_HPIOB_M_I_O)
                                                      0.000     0.322 r  clk_sys_IBUF_inst/IBUFCTRL_INST/O
                         net (fo=1, routed)           0.191     0.513    clk_sys_IBUF
    BUFGCE_X0Y32         BUFGCE (Prop_BUFCE_BUFGCE_I_O)
                                                      0.019     0.532 r  clk_sys_IBUF_BUFG_inst/O
    X0Y0 (CLOCK_ROOT)    net (fo=24, routed)          0.965     1.497    clk_sys_IBUF_BUFG
    SLICE_X3Y48          FDCE                                         r  reg_led_reg/C
                         clock pessimism             -0.332     1.165    
    SLICE_X3Y48          FDCE (Hold_DFF2_SLICEL_C_D)
                                                      0.047     1.212    reg_led_reg
  -------------------------------------------------------------------
                         required time                         -1.212    
                         arrival time                           1.298    
  -------------------------------------------------------------------
                         slack                                  0.086    

Slack (MET) :             0.090ns  (arrival time - required time)
  Source:                 reg_state_reg[0]/C
                            (rising edge-triggered cell FDCE clocked by clock_system  {rise@0.000ns fall@5.000ns period=10.000ns})
  Destination:            reg_state_reg[1]/D
                            (rising edge-triggered cell FDCE clocked by clock_system  {rise@0.000ns fall@5.000ns period=10.000ns})
  Path Group:             clock_system
  Path Type:              Hold (Min at Fast Process Corner)
  Requirement:            0.000ns  (clock_system rise@0.000ns - clock_system rise@0.000ns)
  Data Path Delay:        0.143ns  (logic 0.059ns (41.250%)  route 0.084ns (58.750%))
  Logic Levels:           1  (LUT3=1)
  Clock Path Skew:        0.006ns (DCD - SCD - CPR)
    Destination Clock Delay (DCD):    1.501ns
    Source Clock Delay      (SCD):    1.162ns
    Clock Pessimism Removal (CPR):    0.333ns
  Clock Net Delay (Source):      0.853ns (routing 0.387ns, distribution 0.466ns)
  Clock Net Delay (Destination): 0.969ns (routing 0.433ns, distribution 0.536ns)

    Location             Delay type                Incr(ns)  Path(ns)    Netlist Resource(s)
  -------------------------------------------------------------------    -------------------
                         (clock clock_system rise edge)
                                                      0.000     0.000 r  
    V23                                               0.000     0.000 r  clk_sys (IN)
                         net (fo=0)                   0.000     0.000    clk_sys_IBUF_inst/I
    V23                  INBUF (Prop_INBUF_HPIOB_M_PAD_O)
                                                      0.137     0.137 r  clk_sys_IBUF_inst/INBUF_INST/O
                         net (fo=1, routed)           0.000     0.137    clk_sys_IBUF_inst/OUT
    V23                  IBUFCTRL (Prop_IBUFCTRL_HPIOB_M_I_O)
                                                      0.000     0.137 r  clk_sys_IBUF_inst/IBUFCTRL_INST/O
                         net (fo=1, routed)           0.156     0.293    clk_sys_IBUF
    BUFGCE_X0Y32         BUFGCE (Prop_BUFCE_BUFGCE_I_O)
                                                      0.017     0.310 r  clk_sys_IBUF_BUFG_inst/O
    X0Y0 (CLOCK_ROOT)    net (fo=24, routed)          0.853     1.162    clk_sys_IBUF_BUFG
    SLICE_X3Y48          FDCE                                         r  reg_state_reg[0]/C
  -------------------------------------------------------------------    -------------------
    SLICE_X3Y48          FDCE (Prop_HFF_SLICEL_C_Q)
                                                      0.039     1.201 r  reg_state_reg[0]/Q
                         net (fo=4, routed)           0.078     1.279    reg_state[0]
    SLICE_X3Y48          LUT3 (Prop_H5LUT_SLICEL_I0_O)
                                                      0.020     1.299 r  reg_state[1]_i_1/O
                         net (fo=1, routed)           0.006     1.305    reg_next[1]
    SLICE_X3Y48          FDCE                                         r  reg_state_reg[1]/D
  -------------------------------------------------------------------    -------------------

                         (clock clock_system rise edge)
                                                      0.000     0.000 r  
    V23                                               0.000     0.000 r  clk_sys (IN)
                         net (fo=0)                   0.000     0.000    clk_sys_IBUF_inst/I
    V23                  INBUF (Prop_INBUF_HPIOB_M_PAD_O)
                                                      0.322     0.322 r  clk_sys_IBUF_inst/INBUF_INST/O
                         net (fo=1, routed)           0.000     0.322    clk_sys_IBUF_inst/OUT
    V23                  IBUFCTRL (Prop_IBUFCTRL_HPIOB_M_I_O)
                                                      0.000     0.322 r  clk_sys_IBUF_inst/IBUFCTRL_INST/O
                         net (fo=1, routed)           0.191     0.513    clk_sys_IBUF
    BUFGCE_X0Y32         BUFGCE (Prop_BUFCE_BUFGCE_I_O)
                                                      0.019     0.532 r  clk_sys_IBUF_BUFG_inst/O
    X0Y0 (CLOCK_ROOT)    net (fo=24, routed)          0.969     1.501    clk_sys_IBUF_BUFG
    SLICE_X3Y48          FDCE                                         r  reg_state_reg[1]/C
                         clock pessimism             -0.333     1.168    
    SLICE_X3Y48          FDCE (Hold_HFF2_SLICEL_C_D)
                                                      0.047     1.215    reg_state_reg[1]
  -------------------------------------------------------------------
                         required time                         -1.215    
                         arrival time                           1.305    
  -------------------------------------------------------------------
                         slack                                  0.090    

Slack (MET) :             0.104ns  (arrival time - required time)
  Source:                 reg_state_reg[1]/C
                            (rising edge-triggered cell FDCE clocked by clock_system  {rise@0.000ns fall@5.000ns period=10.000ns})
  Destination:            reg_output_reg/D
                            (rising edge-triggered cell FDCE clocked by clock_system  {rise@0.000ns fall@5.000ns period=10.000ns})
  Path Group:             clock_system
  Path Type:              Hold (Min at Fast Process Corner)
  Requirement:            0.000ns  (clock_system rise@0.000ns - clock_system rise@0.000ns)
  Data Path Delay:        0.160ns  (logic 0.072ns (45.079%)  route 0.088ns (54.921%))
  Logic Levels:           1  (LUT4=1)
  Clock Path Skew:        0.009ns (DCD - SCD - CPR)
    Destination Clock Delay (DCD):    1.497ns
    Source Clock Delay      (SCD):    1.162ns
    Clock Pessimism Removal (CPR):    0.326ns
  Clock Net Delay (Source):      0.853ns (routing 0.387ns, distribution 0.466ns)
  Clock Net Delay (Destination): 0.965ns (routing 0.433ns, distribution 0.532ns)

    Location             Delay type                Incr(ns)  Path(ns)    Netlist Resource(s)
  -------------------------------------------------------------------    -------------------
                         (clock clock_system rise edge)
                                                      0.000     0.000 r  
    V23                                               0.000     0.000 r  clk_sys (IN)
                         net (fo=0)                   0.000     0.000    clk_sys_IBUF_inst/I
    V23                  INBUF (Prop_INBUF_HPIOB_M_PAD_O)
                                                      0.137     0.137 r  clk_sys_IBUF_inst/INBUF_INST/O
                         net (fo=1, routed)           0.000     0.137    clk_sys_IBUF_inst/OUT
    V23                  IBUFCTRL (Prop_IBUFCTRL_HPIOB_M_I_O)
                                                      0.000     0.137 r  clk_sys_IBUF_inst/IBUFCTRL_INST/O
                         net (fo=1, routed)           0.156     0.293    clk_sys_IBUF
    BUFGCE_X0Y32         BUFGCE (Prop_BUFCE_BUFGCE_I_O)
                                                      0.017     0.310 r  clk_sys_IBUF_BUFG_inst/O
    X0Y0 (CLOCK_ROOT)    net (fo=24, routed)          0.853     1.162    clk_sys_IBUF_BUFG
    SLICE_X3Y48          FDCE                                         r  reg_state_reg[1]/C
  -------------------------------------------------------------------    -------------------
    SLICE_X3Y48          FDCE (Prop_HFF2_SLICEL_C_Q)
                                                      0.039     1.201 r  reg_state_reg[1]/Q
                         net (fo=4, routed)           0.082     1.283    reg_state[1]
    SLICE_X3Y48          LUT4 (Prop_C5LUT_SLICEL_I0_O)
                                                      0.033     1.316 r  reg_output_i_1/O
                         net (fo=1, routed)           0.006     1.322    is_entering_up_state
    SLICE_X3Y48          FDCE                                         r  reg_output_reg/D
  -------------------------------------------------------------------    -------------------

                         (clock clock_system rise edge)
                                                      0.000     0.000 r  
    V23                                               0.000     0.000 r  clk_sys (IN)
                         net (fo=0)                   0.000     0.000    clk_sys_IBUF_inst/I
    V23                  INBUF (Prop_INBUF_HPIOB_M_PAD_O)
                                                      0.322     0.322 r  clk_sys_IBUF_inst/INBUF_INST/O
                         net (fo=1, routed)           0.000     0.322    clk_sys_IBUF_inst/OUT
    V23                  IBUFCTRL (Prop_IBUFCTRL_HPIOB_M_I_O)
                                                      0.000     0.322 r  clk_sys_IBUF_inst/IBUFCTRL_INST/O
                         net (fo=1, routed)           0.191     0.513    clk_sys_IBUF
    BUFGCE_X0Y32         BUFGCE (Prop_BUFCE_BUFGCE_I_O)
                                                      0.019     0.532 r  clk_sys_IBUF_BUFG_inst/O
    X0Y0 (CLOCK_ROOT)    net (fo=24, routed)          0.965     1.497    clk_sys_IBUF_BUFG
    SLICE_X3Y48          FDCE                                         r  reg_output_reg/C
                         clock pessimism             -0.326     1.171    
    SLICE_X3Y48          FDCE (Hold_CFF2_SLICEL_C_D)
                                                      0.047     1.218    reg_output_reg
  -------------------------------------------------------------------
                         required time                         -1.218    
                         arrival time                           1.322    
  -------------------------------------------------------------------
                         slack                                  0.104    

Slack (MET) :             0.105ns  (arrival time - required time)
  Source:                 reg_state_reg[0]/C
                            (rising edge-triggered cell FDCE clocked by clock_system  {rise@0.000ns fall@5.000ns period=10.000ns})
  Destination:            reg_state_reg[0]/D
                            (rising edge-triggered cell FDCE clocked by clock_system  {rise@0.000ns fall@5.000ns period=10.000ns})
  Path Group:             clock_system
  Path Type:              Hold (Min at Fast Process Corner)
  Requirement:            0.000ns  (clock_system rise@0.000ns - clock_system rise@0.000ns)
  Data Path Delay:        0.157ns  (logic 0.062ns (39.482%)  route 0.095ns (60.518%))
  Logic Levels:           1  (LUT3=1)
  Clock Path Skew:        0.006ns (DCD - SCD - CPR)
    Destination Clock Delay (DCD):    1.501ns
    Source Clock Delay      (SCD):    1.162ns
    Clock Pessimism Removal (CPR):    0.333ns
  Clock Net Delay (Source):      0.853ns (routing 0.387ns, distribution 0.466ns)
  Clock Net Delay (Destination): 0.969ns (routing 0.433ns, distribution 0.536ns)

    Location             Delay type                Incr(ns)  Path(ns)    Netlist Resource(s)
  -------------------------------------------------------------------    -------------------
                         (clock clock_system rise edge)
                                                      0.000     0.000 r  
    V23                                               0.000     0.000 r  clk_sys (IN)
                         net (fo=0)                   0.000     0.000    clk_sys_IBUF_inst/I
    V23                  INBUF (Prop_INBUF_HPIOB_M_PAD_O)
                                                      0.137     0.137 r  clk_sys_IBUF_inst/INBUF_INST/O
                         net (fo=1, routed)           0.000     0.137    clk_sys_IBUF_inst/OUT
    V23                  IBUFCTRL (Prop_IBUFCTRL_HPIOB_M_I_O)
                                                      0.000     0.137 r  clk_sys_IBUF_inst/IBUFCTRL_INST/O
                         net (fo=1, routed)           0.156     0.293    clk_sys_IBUF
    BUFGCE_X0Y32         BUFGCE (Prop_BUFCE_BUFGCE_I_O)
                                                      0.017     0.310 r  clk_sys_IBUF_BUFG_inst/O
    X0Y0 (CLOCK_ROOT)    net (fo=24, routed)          0.853     1.162    clk_sys_IBUF_BUFG
    SLICE_X3Y48          FDCE                                         r  reg_state_reg[0]/C
  -------------------------------------------------------------------    -------------------
    SLICE_X3Y48          FDCE (Prop_HFF_SLICEL_C_Q)
                                                      0.039     1.201 r  reg_state_reg[0]/Q
                         net (fo=4, routed)           0.078     1.279    reg_state[0]
    SLICE_X3Y48          LUT3 (Prop_H6LUT_SLICEL_I0_O)
                                                      0.023     1.302 r  reg_state[0]_i_1/O
                         net (fo=1, routed)           0.017     1.319    reg_next[0]
    SLICE_X3Y48          FDCE                                         r  reg_state_reg[0]/D
  -------------------------------------------------------------------    -------------------

                         (clock clock_system rise edge)
                                                      0.000     0.000 r  
    V23                                               0.000     0.000 r  clk_sys (IN)
                         net (fo=0)                   0.000     0.000    clk_sys_IBUF_inst/I
    V23                  INBUF (Prop_INBUF_HPIOB_M_PAD_O)
                                                      0.322     0.322 r  clk_sys_IBUF_inst/INBUF_INST/O
                         net (fo=1, routed)           0.000     0.322    clk_sys_IBUF_inst/OUT
    V23                  IBUFCTRL (Prop_IBUFCTRL_HPIOB_M_I_O)
                                                      0.000     0.322 r  clk_sys_IBUF_inst/IBUFCTRL_INST/O
                         net (fo=1, routed)           0.191     0.513    clk_sys_IBUF
    BUFGCE_X0Y32         BUFGCE (Prop_BUFCE_BUFGCE_I_O)
                                                      0.019     0.532 r  clk_sys_IBUF_BUFG_inst/O
    X0Y0 (CLOCK_ROOT)    net (fo=24, routed)          0.969     1.501    clk_sys_IBUF_BUFG
    SLICE_X3Y48          FDCE                                         r  reg_state_reg[0]/C
                         clock pessimism             -0.333     1.168    
    SLICE_X3Y48          FDCE (Hold_HFF_SLICEL_C_D)
                                                      0.046     1.214    reg_state_reg[0]
  -------------------------------------------------------------------
                         required time                         -1.214    
                         arrival time                           1.319    
  -------------------------------------------------------------------
                         slack                                  0.105    

Slack (MET) :             0.106ns  (arrival time - required time)
  Source:                 counter_inst/reg_count_reg[1]/C
                            (rising edge-triggered cell FDCE clocked by clock_system  {rise@0.000ns fall@5.000ns period=10.000ns})
  Destination:            counter_inst/reg_count_reg[1]/D
                            (rising edge-triggered cell FDCE clocked by clock_system  {rise@0.000ns fall@5.000ns period=10.000ns})
  Path Group:             clock_system
  Path Type:              Hold (Min at Fast Process Corner)
  Requirement:            0.000ns  (clock_system rise@0.000ns - clock_system rise@0.000ns)
  Data Path Delay:        0.158ns  (logic 0.084ns (53.256%)  route 0.074ns (46.744%))
  Logic Levels:           2  (LUT4=1 LUT6=1)
  Clock Path Skew:        0.006ns (DCD - SCD - CPR)
    Destination Clock Delay (DCD):    1.500ns
    Source Clock Delay      (SCD):    1.161ns
    Clock Pessimism Removal (CPR):    0.333ns
  Clock Net Delay (Source):      0.852ns (routing 0.387ns, distribution 0.465ns)
  Clock Net Delay (Destination): 0.968ns (routing 0.433ns, distribution 0.535ns)

    Location             Delay type                Incr(ns)  Path(ns)    Netlist Resource(s)
  -------------------------------------------------------------------    -------------------
                         (clock clock_system rise edge)
                                                      0.000     0.000 r  
    V23                                               0.000     0.000 r  clk_sys (IN)
                         net (fo=0)                   0.000     0.000    clk_sys_IBUF_inst/I
    V23                  INBUF (Prop_INBUF_HPIOB_M_PAD_O)
                                                      0.137     0.137 r  clk_sys_IBUF_inst/INBUF_INST/O
                         net (fo=1, routed)           0.000     0.137    clk_sys_IBUF_inst/OUT
    V23                  IBUFCTRL (Prop_IBUFCTRL_HPIOB_M_I_O)
                                                      0.000     0.137 r  clk_sys_IBUF_inst/IBUFCTRL_INST/O
                         net (fo=1, routed)           0.156     0.293    clk_sys_IBUF
    BUFGCE_X0Y32         BUFGCE (Prop_BUFCE_BUFGCE_I_O)
                                                      0.017     0.310 r  clk_sys_IBUF_BUFG_inst/O
    X0Y0 (CLOCK_ROOT)    net (fo=24, routed)          0.852     1.161    counter_inst/clk_sys
    SLICE_X3Y44          FDCE                                         r  counter_inst/reg_count_reg[1]/C
  -------------------------------------------------------------------    -------------------
    SLICE_X3Y44          FDCE (Prop_GFF_SLICEL_C_Q)
                                                      0.039     1.200 f  counter_inst/reg_count_reg[1]/Q
                         net (fo=2, routed)           0.028     1.228    counter_inst/reg_count_reg_n_0_[1]
    SLICE_X3Y44          LUT4 (Prop_H6LUT_SLICEL_I0_O)
                                                      0.023     1.251 r  counter_inst/event_counter_INST_0_i_1/O
                         net (fo=20, routed)          0.030     1.281    counter_inst/event_counter_INST_0_i_1_n_0
    SLICE_X3Y44          LUT6 (Prop_G6LUT_SLICEL_I0_O)
                                                      0.022     1.303 r  counter_inst/reg_count[1]_i_1/O
                         net (fo=1, routed)           0.016     1.319    counter_inst/reg_count[1]
    SLICE_X3Y44          FDCE                                         r  counter_inst/reg_count_reg[1]/D
  -------------------------------------------------------------------    -------------------

                         (clock clock_system rise edge)
                                                      0.000     0.000 r  
    V23                                               0.000     0.000 r  clk_sys (IN)
                         net (fo=0)                   0.000     0.000    clk_sys_IBUF_inst/I
    V23                  INBUF (Prop_INBUF_HPIOB_M_PAD_O)
                                                      0.322     0.322 r  clk_sys_IBUF_inst/INBUF_INST/O
                         net (fo=1, routed)           0.000     0.322    clk_sys_IBUF_inst/OUT
    V23                  IBUFCTRL (Prop_IBUFCTRL_HPIOB_M_I_O)
                                                      0.000     0.322 r  clk_sys_IBUF_inst/IBUFCTRL_INST/O
                         net (fo=1, routed)           0.191     0.513    clk_sys_IBUF
    BUFGCE_X0Y32         BUFGCE (Prop_BUFCE_BUFGCE_I_O)
                                                      0.019     0.532 r  clk_sys_IBUF_BUFG_inst/O
    X0Y0 (CLOCK_ROOT)    net (fo=24, routed)          0.968     1.500    counter_inst/clk_sys
    SLICE_X3Y44          FDCE                                         r  counter_inst/reg_count_reg[1]/C
                         clock pessimism             -0.333     1.167    
    SLICE_X3Y44          FDCE (Hold_GFF_SLICEL_C_D)
                                                      0.046     1.213    counter_inst/reg_count_reg[1]
  -------------------------------------------------------------------
                         required time                         -1.213    
                         arrival time                           1.319    
  -------------------------------------------------------------------
                         slack                                  0.106    

Slack (MET) :             0.114ns  (arrival time - required time)
  Source:                 counter_inst/reg_count_reg[1]/C
                            (rising edge-triggered cell FDCE clocked by clock_system  {rise@0.000ns fall@5.000ns period=10.000ns})
  Destination:            counter_inst/reg_count_reg[13]/D
                            (rising edge-triggered cell FDCE clocked by clock_system  {rise@0.000ns fall@5.000ns period=10.000ns})
  Path Group:             clock_system
  Path Type:              Hold (Min at Fast Process Corner)
  Requirement:            0.000ns  (clock_system rise@0.000ns - clock_system rise@0.000ns)
  Data Path Delay:        0.175ns  (logic 0.077ns (43.944%)  route 0.098ns (56.056%))
  Logic Levels:           2  (LUT4=1 LUT6=1)
  Clock Path Skew:        0.015ns (DCD - SCD - CPR)
    Destination Clock Delay (DCD):    1.496ns
    Source Clock Delay      (SCD):    1.161ns
    Clock Pessimism Removal (CPR):    0.320ns
  Clock Net Delay (Source):      0.852ns (routing 0.387ns, distribution 0.465ns)
  Clock Net Delay (Destination): 0.964ns (routing 0.433ns, distribution 0.531ns)

    Location             Delay type                Incr(ns)  Path(ns)    Netlist Resource(s)
  -------------------------------------------------------------------    -------------------
                         (clock clock_system rise edge)
                                                      0.000     0.000 r  
    V23                                               0.000     0.000 r  clk_sys (IN)
                         net (fo=0)                   0.000     0.000    clk_sys_IBUF_inst/I
    V23                  INBUF (Prop_INBUF_HPIOB_M_PAD_O)
                                                      0.137     0.137 r  clk_sys_IBUF_inst/INBUF_INST/O
                         net (fo=1, routed)           0.000     0.137    clk_sys_IBUF_inst/OUT
    V23                  IBUFCTRL (Prop_IBUFCTRL_HPIOB_M_I_O)
                                                      0.000     0.137 r  clk_sys_IBUF_inst/IBUFCTRL_INST/O
                         net (fo=1, routed)           0.156     0.293    clk_sys_IBUF
    BUFGCE_X0Y32         BUFGCE (Prop_BUFCE_BUFGCE_I_O)
                                                      0.017     0.310 r  clk_sys_IBUF_BUFG_inst/O
    X0Y0 (CLOCK_ROOT)    net (fo=24, routed)          0.852     1.161    counter_inst/clk_sys
    SLICE_X3Y44          FDCE                                         r  counter_inst/reg_count_reg[1]/C
  -------------------------------------------------------------------    -------------------
    SLICE_X3Y44          FDCE (Prop_GFF_SLICEL_C_Q)
                                                      0.039     1.200 f  counter_inst/reg_count_reg[1]/Q
                         net (fo=2, routed)           0.028     1.228    counter_inst/reg_count_reg_n_0_[1]
    SLICE_X3Y44          LUT4 (Prop_H6LUT_SLICEL_I0_O)
                                                      0.023     1.251 r  counter_inst/event_counter_INST_0_i_1/O
                         net (fo=20, routed)          0.056     1.306    counter_inst/event_counter_INST_0_i_1_n_0
    SLICE_X3Y45          LUT6 (Prop_B6LUT_SLICEL_I0_O)
                                                      0.015     1.321 r  counter_inst/reg_count[13]_i_1/O
                         net (fo=1, routed)           0.015     1.336    counter_inst/reg_count[13]
    SLICE_X3Y45          FDCE                                         r  counter_inst/reg_count_reg[13]/D
  -------------------------------------------------------------------    -------------------

                         (clock clock_system rise edge)
                                                      0.000     0.000 r  
    V23                                               0.000     0.000 r  clk_sys (IN)
                         net (fo=0)                   0.000     0.000    clk_sys_IBUF_inst/I
    V23                  INBUF (Prop_INBUF_HPIOB_M_PAD_O)
                                                      0.322     0.322 r  clk_sys_IBUF_inst/INBUF_INST/O
                         net (fo=1, routed)           0.000     0.322    clk_sys_IBUF_inst/OUT
    V23                  IBUFCTRL (Prop_IBUFCTRL_HPIOB_M_I_O)
                                                      0.000     0.322 r  clk_sys_IBUF_inst/IBUFCTRL_INST/O
                         net (fo=1, routed)           0.191     0.513    clk_sys_IBUF
    BUFGCE_X0Y32         BUFGCE (Prop_BUFCE_BUFGCE_I_O)
                                                      0.019     0.532 r  clk_sys_IBUF_BUFG_inst/O
    X0Y0 (CLOCK_ROOT)    net (fo=24, routed)          0.964     1.496    counter_inst/clk_sys
    SLICE_X3Y45          FDCE                                         r  counter_inst/reg_count_reg[13]/C
                         clock pessimism             -0.320     1.176    
    SLICE_X3Y45          FDCE (Hold_BFF_SLICEL_C_D)
                                                      0.046     1.222    counter_inst/reg_count_reg[13]
  -------------------------------------------------------------------
                         required time                         -1.222    
                         arrival time                           1.336    
  -------------------------------------------------------------------
                         slack                                  0.114    

Slack (MET) :             0.115ns  (arrival time - required time)
  Source:                 counter_inst/reg_count_reg[1]/C
                            (rising edge-triggered cell FDCE clocked by clock_system  {rise@0.000ns fall@5.000ns period=10.000ns})
  Destination:            counter_inst/reg_count_reg[10]/D
                            (rising edge-triggered cell FDCE clocked by clock_system  {rise@0.000ns fall@5.000ns period=10.000ns})
  Path Group:             clock_system
  Path Type:              Hold (Min at Fast Process Corner)
  Requirement:            0.000ns  (clock_system rise@0.000ns - clock_system rise@0.000ns)
  Data Path Delay:        0.176ns  (logic 0.076ns (43.127%)  route 0.100ns (56.873%))
  Logic Levels:           2  (LUT4=1 LUT6=1)
  Clock Path Skew:        0.015ns (DCD - SCD - CPR)
    Destination Clock Delay (DCD):    1.496ns
    Source Clock Delay      (SCD):    1.161ns
    Clock Pessimism Removal (CPR):    0.320ns
  Clock Net Delay (Source):      0.852ns (routing 0.387ns, distribution 0.465ns)
  Clock Net Delay (Destination): 0.964ns (routing 0.433ns, distribution 0.531ns)

    Location             Delay type                Incr(ns)  Path(ns)    Netlist Resource(s)
  -------------------------------------------------------------------    -------------------
                         (clock clock_system rise edge)
                                                      0.000     0.000 r  
    V23                                               0.000     0.000 r  clk_sys (IN)
                         net (fo=0)                   0.000     0.000    clk_sys_IBUF_inst/I
    V23                  INBUF (Prop_INBUF_HPIOB_M_PAD_O)
                                                      0.137     0.137 r  clk_sys_IBUF_inst/INBUF_INST/O
                         net (fo=1, routed)           0.000     0.137    clk_sys_IBUF_inst/OUT
    V23                  IBUFCTRL (Prop_IBUFCTRL_HPIOB_M_I_O)
                                                      0.000     0.137 r  clk_sys_IBUF_inst/IBUFCTRL_INST/O
                         net (fo=1, routed)           0.156     0.293    clk_sys_IBUF
    BUFGCE_X0Y32         BUFGCE (Prop_BUFCE_BUFGCE_I_O)
                                                      0.017     0.310 r  clk_sys_IBUF_BUFG_inst/O
    X0Y0 (CLOCK_ROOT)    net (fo=24, routed)          0.852     1.161    counter_inst/clk_sys
    SLICE_X3Y44          FDCE                                         r  counter_inst/reg_count_reg[1]/C
  -------------------------------------------------------------------    -------------------
    SLICE_X3Y44          FDCE (Prop_GFF_SLICEL_C_Q)
                                                      0.039     1.200 f  counter_inst/reg_count_reg[1]/Q
                         net (fo=2, routed)           0.028     1.228    counter_inst/reg_count_reg_n_0_[1]
    SLICE_X3Y44          LUT4 (Prop_H6LUT_SLICEL_I0_O)
                                                      0.023     1.251 r  counter_inst/event_counter_INST_0_i_1/O
                         net (fo=20, routed)          0.057     1.307    counter_inst/event_counter_INST_0_i_1_n_0
    SLICE_X3Y45          LUT6 (Prop_A6LUT_SLICEL_I0_O)
                                                      0.014     1.321 r  counter_inst/reg_count[10]_i_1/O
                         net (fo=1, routed)           0.016     1.337    counter_inst/reg_count[10]
    SLICE_X3Y45          FDCE                                         r  counter_inst/reg_count_reg[10]/D
  -------------------------------------------------------------------    -------------------

                         (clock clock_system rise edge)
                                                      0.000     0.000 r  
    V23                                               0.000     0.000 r  clk_sys (IN)
                         net (fo=0)                   0.000     0.000    clk_sys_IBUF_inst/I
    V23                  INBUF (Prop_INBUF_HPIOB_M_PAD_O)
                                                      0.322     0.322 r  clk_sys_IBUF_inst/INBUF_INST/O
                         net (fo=1, routed)           0.000     0.322    clk_sys_IBUF_inst/OUT
    V23                  IBUFCTRL (Prop_IBUFCTRL_HPIOB_M_I_O)
                                                      0.000     0.322 r  clk_sys_IBUF_inst/IBUFCTRL_INST/O
                         net (fo=1, routed)           0.191     0.513    clk_sys_IBUF
    BUFGCE_X0Y32         BUFGCE (Prop_BUFCE_BUFGCE_I_O)
                                                      0.019     0.532 r  clk_sys_IBUF_BUFG_inst/O
    X0Y0 (CLOCK_ROOT)    net (fo=24, routed)          0.964     1.496    counter_inst/clk_sys
    SLICE_X3Y45          FDCE                                         r  counter_inst/reg_count_reg[10]/C
                         clock pessimism             -0.320     1.176    
    SLICE_X3Y45          FDCE (Hold_AFF_SLICEL_C_D)
                                                      0.046     1.222    counter_inst/reg_count_reg[10]
  -------------------------------------------------------------------
                         required time                         -1.222    
                         arrival time                           1.337    
  -------------------------------------------------------------------
                         slack                                  0.115    

Slack (MET) :             0.117ns  (arrival time - required time)
  Source:                 counter_inst/reg_count_reg[10]/C
                            (rising edge-triggered cell FDCE clocked by clock_system  {rise@0.000ns fall@5.000ns period=10.000ns})
  Destination:            counter_inst/reg_count_reg[9]/D
                            (rising edge-triggered cell FDCE clocked by clock_system  {rise@0.000ns fall@5.000ns period=10.000ns})
  Path Group:             clock_system
  Path Type:              Hold (Min at Fast Process Corner)
  Requirement:            0.000ns  (clock_system rise@0.000ns - clock_system rise@0.000ns)
  Data Path Delay:        0.213ns  (logic 0.067ns (31.510%)  route 0.146ns (68.490%))
  Logic Levels:           2  (LUT4=1 LUT6=1)
  Clock Path Skew:        0.050ns (DCD - SCD - CPR)
    Destination Clock Delay (DCD):    1.499ns
    Source Clock Delay      (SCD):    1.158ns
    Clock Pessimism Removal (CPR):    0.291ns
  Clock Net Delay (Source):      0.849ns (routing 0.387ns, distribution 0.462ns)
  Clock Net Delay (Destination): 0.967ns (routing 0.433ns, distribution 0.534ns)

    Location             Delay type                Incr(ns)  Path(ns)    Netlist Resource(s)
  -------------------------------------------------------------------    -------------------
                         (clock clock_system rise edge)
                                                      0.000     0.000 r  
    V23                                               0.000     0.000 r  clk_sys (IN)
                         net (fo=0)                   0.000     0.000    clk_sys_IBUF_inst/I
    V23                  INBUF (Prop_INBUF_HPIOB_M_PAD_O)
                                                      0.137     0.137 r  clk_sys_IBUF_inst/INBUF_INST/O
                         net (fo=1, routed)           0.000     0.137    clk_sys_IBUF_inst/OUT
    V23                  IBUFCTRL (Prop_IBUFCTRL_HPIOB_M_I_O)
                                                      0.000     0.137 r  clk_sys_IBUF_inst/IBUFCTRL_INST/O
                         net (fo=1, routed)           0.156     0.293    clk_sys_IBUF
    BUFGCE_X0Y32         BUFGCE (Prop_BUFCE_BUFGCE_I_O)
                                                      0.017     0.310 r  clk_sys_IBUF_BUFG_inst/O
    X0Y0 (CLOCK_ROOT)    net (fo=24, routed)          0.849     1.158    counter_inst/clk_sys
    SLICE_X3Y45          FDCE                                         r  counter_inst/reg_count_reg[10]/C
  -------------------------------------------------------------------    -------------------
    SLICE_X3Y45          FDCE (Prop_AFF_SLICEL_C_Q)
                                                      0.039     1.197 r  counter_inst/reg_count_reg[10]/Q
                         net (fo=2, routed)           0.076     1.273    counter_inst/reg_count_reg_n_0_[10]
    SLICE_X4Y46          LUT4 (Prop_F6LUT_SLICEM_I3_O)
                                                      0.014     1.287 r  counter_inst/event_counter_INST_0_i_4/O
                         net (fo=20, routed)          0.051     1.338    counter_inst/event_counter_INST_0_i_4_n_0
    SLICE_X4Y47          LUT6 (Prop_E6LUT_SLICEM_I3_O)
                                                      0.014     1.352 r  counter_inst/reg_count[9]_i_1/O
                         net (fo=1, routed)           0.019     1.371    counter_inst/reg_count[9]
    SLICE_X4Y47          FDCE                                         r  counter_inst/reg_count_reg[9]/D
  -------------------------------------------------------------------    -------------------

                         (clock clock_system rise edge)
                                                      0.000     0.000 r  
    V23                                               0.000     0.000 r  clk_sys (IN)
                         net (fo=0)                   0.000     0.000    clk_sys_IBUF_inst/I
    V23                  INBUF (Prop_INBUF_HPIOB_M_PAD_O)
                                                      0.322     0.322 r  clk_sys_IBUF_inst/INBUF_INST/O
                         net (fo=1, routed)           0.000     0.322    clk_sys_IBUF_inst/OUT
    V23                  IBUFCTRL (Prop_IBUFCTRL_HPIOB_M_I_O)
                                                      0.000     0.322 r  clk_sys_IBUF_inst/IBUFCTRL_INST/O
                         net (fo=1, routed)           0.191     0.513    clk_sys_IBUF
    BUFGCE_X0Y32         BUFGCE (Prop_BUFCE_BUFGCE_I_O)
                                                      0.019     0.532 r  clk_sys_IBUF_BUFG_inst/O
    X0Y0 (CLOCK_ROOT)    net (fo=24, routed)          0.967     1.499    counter_inst/clk_sys
    SLICE_X4Y47          FDCE                                         r  counter_inst/reg_count_reg[9]/C
                         clock pessimism             -0.291     1.208    
    SLICE_X4Y47          FDCE (Hold_EFF_SLICEM_C_D)
                                                      0.046     1.254    counter_inst/reg_count_reg[9]
  -------------------------------------------------------------------
                         required time                         -1.254    
                         arrival time                           1.371    
  -------------------------------------------------------------------
                         slack                                  0.117    

Slack (MET) :             0.118ns  (arrival time - required time)
  Source:                 counter_inst/reg_count_reg[0]/C
                            (rising edge-triggered cell FDCE clocked by clock_system  {rise@0.000ns fall@5.000ns period=10.000ns})
  Destination:            counter_inst/reg_count_reg[0]/D
                            (rising edge-triggered cell FDCE clocked by clock_system  {rise@0.000ns fall@5.000ns period=10.000ns})
  Path Group:             clock_system
  Path Type:              Hold (Min at Fast Process Corner)
  Requirement:            0.000ns  (clock_system rise@0.000ns - clock_system rise@0.000ns)
  Data Path Delay:        0.171ns  (logic 0.077ns (45.113%)  route 0.094ns (54.887%))
  Logic Levels:           1  (LUT1=1)
  Clock Path Skew:        0.006ns (DCD - SCD - CPR)
    Destination Clock Delay (DCD):    1.500ns
    Source Clock Delay      (SCD):    1.161ns
    Clock Pessimism Removal (CPR):    0.333ns
  Clock Net Delay (Source):      0.852ns (routing 0.387ns, distribution 0.465ns)
  Clock Net Delay (Destination): 0.968ns (routing 0.433ns, distribution 0.535ns)

    Location             Delay type                Incr(ns)  Path(ns)    Netlist Resource(s)
  -------------------------------------------------------------------    -------------------
                         (clock clock_system rise edge)
                                                      0.000     0.000 r  
    V23                                               0.000     0.000 r  clk_sys (IN)
                         net (fo=0)                   0.000     0.000    clk_sys_IBUF_inst/I
    V23                  INBUF (Prop_INBUF_HPIOB_M_PAD_O)
                                                      0.137     0.137 r  clk_sys_IBUF_inst/INBUF_INST/O
                         net (fo=1, routed)           0.000     0.137    clk_sys_IBUF_inst/OUT
    V23                  IBUFCTRL (Prop_IBUFCTRL_HPIOB_M_I_O)
                                                      0.000     0.137 r  clk_sys_IBUF_inst/IBUFCTRL_INST/O
                         net (fo=1, routed)           0.156     0.293    clk_sys_IBUF
    BUFGCE_X0Y32         BUFGCE (Prop_BUFCE_BUFGCE_I_O)
                                                      0.017     0.310 r  clk_sys_IBUF_BUFG_inst/O
    X0Y0 (CLOCK_ROOT)    net (fo=24, routed)          0.852     1.161    counter_inst/clk_sys
    SLICE_X3Y44          FDCE                                         r  counter_inst/reg_count_reg[0]/C
  -------------------------------------------------------------------    -------------------
    SLICE_X3Y44          FDCE (Prop_HFF2_SLICEL_C_Q)
                                                      0.039     1.200 f  counter_inst/reg_count_reg[0]/Q
                         net (fo=3, routed)           0.088     1.288    counter_inst/reg_count_reg_n_0_[0]
    SLICE_X3Y44          LUT1 (Prop_H5LUT_SLICEL_I0_O)
                                                      0.038     1.326 r  counter_inst/reg_count[0]_i_1/O
                         net (fo=1, routed)           0.006     1.332    counter_inst/reg_count[0]
    SLICE_X3Y44          FDCE                                         r  counter_inst/reg_count_reg[0]/D
  -------------------------------------------------------------------    -------------------

                         (clock clock_system rise edge)
                                                      0.000     0.000 r  
    V23                                               0.000     0.000 r  clk_sys (IN)
                         net (fo=0)                   0.000     0.000    clk_sys_IBUF_inst/I
    V23                  INBUF (Prop_INBUF_HPIOB_M_PAD_O)
                                                      0.322     0.322 r  clk_sys_IBUF_inst/INBUF_INST/O
                         net (fo=1, routed)           0.000     0.322    clk_sys_IBUF_inst/OUT
    V23                  IBUFCTRL (Prop_IBUFCTRL_HPIOB_M_I_O)
                                                      0.000     0.322 r  clk_sys_IBUF_inst/IBUFCTRL_INST/O
                         net (fo=1, routed)           0.191     0.513    clk_sys_IBUF
    BUFGCE_X0Y32         BUFGCE (Prop_BUFCE_BUFGCE_I_O)
                                                      0.019     0.532 r  clk_sys_IBUF_BUFG_inst/O
    X0Y0 (CLOCK_ROOT)    net (fo=24, routed)          0.968     1.500    counter_inst/clk_sys
    SLICE_X3Y44          FDCE                                         r  counter_inst/reg_count_reg[0]/C
                         clock pessimism             -0.333     1.167    
    SLICE_X3Y44          FDCE (Hold_HFF2_SLICEL_C_D)
                                                      0.047     1.214    counter_inst/reg_count_reg[0]
  -------------------------------------------------------------------
                         required time                         -1.214    
                         arrival time                           1.332    
  -------------------------------------------------------------------
                         slack                                  0.118    

Slack (MET) :             0.124ns  (arrival time - required time)
  Source:                 counter_inst/reg_count_reg[10]/C
                            (rising edge-triggered cell FDCE clocked by clock_system  {rise@0.000ns fall@5.000ns period=10.000ns})
  Destination:            counter_inst/reg_count_reg[14]/D
                            (rising edge-triggered cell FDCE clocked by clock_system  {rise@0.000ns fall@5.000ns period=10.000ns})
  Path Group:             clock_system
  Path Type:              Hold (Min at Fast Process Corner)
  Requirement:            0.000ns  (clock_system rise@0.000ns - clock_system rise@0.000ns)
  Data Path Delay:        0.220ns  (logic 0.068ns (30.959%)  route 0.152ns (69.041%))
  Logic Levels:           2  (LUT4=1 LUT6=1)
  Clock Path Skew:        0.050ns (DCD - SCD - CPR)
    Destination Clock Delay (DCD):    1.499ns
    Source Clock Delay      (SCD):    1.158ns
    Clock Pessimism Removal (CPR):    0.291ns
  Clock Net Delay (Source):      0.849ns (routing 0.387ns, distribution 0.462ns)
  Clock Net Delay (Destination): 0.967ns (routing 0.433ns, distribution 0.534ns)

    Location             Delay type                Incr(ns)  Path(ns)    Netlist Resource(s)
  -------------------------------------------------------------------    -------------------
                         (clock clock_system rise edge)
                                                      0.000     0.000 r  
    V23                                               0.000     0.000 r  clk_sys (IN)
                         net (fo=0)                   0.000     0.000    clk_sys_IBUF_inst/I
    V23                  INBUF (Prop_INBUF_HPIOB_M_PAD_O)
                                                      0.137     0.137 r  clk_sys_IBUF_inst/INBUF_INST/O
                         net (fo=1, routed)           0.000     0.137    clk_sys_IBUF_inst/OUT
    V23                  IBUFCTRL (Prop_IBUFCTRL_HPIOB_M_I_O)
                                                      0.000     0.137 r  clk_sys_IBUF_inst/IBUFCTRL_INST/O
                         net (fo=1, routed)           0.156     0.293    clk_sys_IBUF
    BUFGCE_X0Y32         BUFGCE (Prop_BUFCE_BUFGCE_I_O)
                                                      0.017     0.310 r  clk_sys_IBUF_BUFG_inst/O
    X0Y0 (CLOCK_ROOT)    net (fo=24, routed)          0.849     1.158    counter_inst/clk_sys
    SLICE_X3Y45          FDCE                                         r  counter_inst/reg_count_reg[10]/C
  -------------------------------------------------------------------    -------------------
    SLICE_X3Y45          FDCE (Prop_AFF_SLICEL_C_Q)
                                                      0.039     1.197 r  counter_inst/reg_count_reg[10]/Q
                         net (fo=2, routed)           0.076     1.273    counter_inst/reg_count_reg_n_0_[10]
    SLICE_X4Y46          LUT4 (Prop_F6LUT_SLICEM_I3_O)
                                                      0.014     1.287 r  counter_inst/event_counter_INST_0_i_4/O
                         net (fo=20, routed)          0.055     1.342    counter_inst/event_counter_INST_0_i_4_n_0
    SLICE_X4Y47          LUT6 (Prop_H6LUT_SLICEM_I3_O)
                                                      0.015     1.357 r  counter_inst/reg_count[14]_i_1/O
                         net (fo=1, routed)           0.021     1.378    counter_inst/reg_count[14]
    SLICE_X4Y47          FDCE                                         r  counter_inst/reg_count_reg[14]/D
  -------------------------------------------------------------------    -------------------

                         (clock clock_system rise edge)
                                                      0.000     0.000 r  
    V23                                               0.000     0.000 r  clk_sys (IN)
                         net (fo=0)                   0.000     0.000    clk_sys_IBUF_inst/I
    V23                  INBUF (Prop_INBUF_HPIOB_M_PAD_O)
                                                      0.322     0.322 r  clk_sys_IBUF_inst/INBUF_INST/O
                         net (fo=1, routed)           0.000     0.322    clk_sys_IBUF_inst/OUT
    V23                  IBUFCTRL (Prop_IBUFCTRL_HPIOB_M_I_O)
                                                      0.000     0.322 r  clk_sys_IBUF_inst/IBUFCTRL_INST/O
                         net (fo=1, routed)           0.191     0.513    clk_sys_IBUF
    BUFGCE_X0Y32         BUFGCE (Prop_BUFCE_BUFGCE_I_O)
                                                      0.019     0.532 r  clk_sys_IBUF_BUFG_inst/O
    X0Y0 (CLOCK_ROOT)    net (fo=24, routed)          0.967     1.499    counter_inst/clk_sys
    SLICE_X4Y47          FDCE                                         r  counter_inst/reg_count_reg[14]/C
                         clock pessimism             -0.291     1.208    
    SLICE_X4Y47          FDCE (Hold_HFF_SLICEM_C_D)
                                                      0.046     1.254    counter_inst/reg_count_reg[14]
  -------------------------------------------------------------------
                         required time                         -1.254    
                         arrival time                           1.378    
  -------------------------------------------------------------------
                         slack                                  0.124    





Pulse Width Checks
--------------------------------------------------------------------------------------
Clock Name:         clock_system
Waveform(ns):       { 0.000 5.000 }
Period(ns):         10.000
Sources:            { clk_sys }

Check Type        Corner  Lib Pin   Reference Pin  Required(ns)  Actual(ns)  Slack(ns)  Location      Pin
Min Period        n/a     BUFGCE/I  n/a            1.290         10.000      8.710      BUFGCE_X0Y32  clk_sys_IBUF_BUFG_inst/I
Min Period        n/a     FDCE/C    n/a            0.550         10.000      9.450      SLICE_X3Y48   reg_led_reg/C
Min Period        n/a     FDCE/C    n/a            0.550         10.000      9.450      SLICE_X3Y48   reg_output_reg/C
Min Period        n/a     FDCE/C    n/a            0.550         10.000      9.450      SLICE_X3Y48   reg_state_reg[0]/C
Min Period        n/a     FDCE/C    n/a            0.550         10.000      9.450      SLICE_X3Y48   reg_state_reg[1]/C
Min Period        n/a     FDCE/C    n/a            0.550         10.000      9.450      SLICE_X3Y44   counter_inst/reg_count_reg[0]/C
Min Period        n/a     FDCE/C    n/a            0.550         10.000      9.450      SLICE_X3Y45   counter_inst/reg_count_reg[10]/C
Min Period        n/a     FDCE/C    n/a            0.550         10.000      9.450      SLICE_X3Y45   counter_inst/reg_count_reg[11]/C
Min Period        n/a     FDCE/C    n/a            0.550         10.000      9.450      SLICE_X3Y45   counter_inst/reg_count_reg[12]/C
Min Period        n/a     FDCE/C    n/a            0.550         10.000      9.450      SLICE_X3Y45   counter_inst/reg_count_reg[13]/C
Low Pulse Width   Slow    FDCE/C    n/a            0.275         5.000       4.725      SLICE_X3Y48   reg_led_reg/C
Low Pulse Width   Fast    FDCE/C    n/a            0.275         5.000       4.725      SLICE_X3Y48   reg_led_reg/C
Low Pulse Width   Slow    FDCE/C    n/a            0.275         5.000       4.725      SLICE_X3Y48   reg_output_reg/C
Low Pulse Width   Fast    FDCE/C    n/a            0.275         5.000       4.725      SLICE_X3Y48   reg_output_reg/C
Low Pulse Width   Slow    FDCE/C    n/a            0.275         5.000       4.725      SLICE_X3Y48   reg_state_reg[0]/C
Low Pulse Width   Fast    FDCE/C    n/a            0.275         5.000       4.725      SLICE_X3Y48   reg_state_reg[0]/C
Low Pulse Width   Slow    FDCE/C    n/a            0.275         5.000       4.725      SLICE_X3Y48   reg_state_reg[1]/C
Low Pulse Width   Fast    FDCE/C    n/a            0.275         5.000       4.725      SLICE_X3Y48   reg_state_reg[1]/C
Low Pulse Width   Slow    FDCE/C    n/a            0.275         5.000       4.725      SLICE_X3Y44   counter_inst/reg_count_reg[0]/C
Low Pulse Width   Fast    FDCE/C    n/a            0.275         5.000       4.725      SLICE_X3Y44   counter_inst/reg_count_reg[0]/C
High Pulse Width  Slow    FDCE/C    n/a            0.275         5.000       4.725      SLICE_X3Y48   reg_led_reg/C
High Pulse Width  Fast    FDCE/C    n/a            0.275         5.000       4.725      SLICE_X3Y48   reg_led_reg/C
High Pulse Width  Slow    FDCE/C    n/a            0.275         5.000       4.725      SLICE_X3Y48   reg_output_reg/C
High Pulse Width  Fast    FDCE/C    n/a            0.275         5.000       4.725      SLICE_X3Y48   reg_output_reg/C
High Pulse Width  Slow    FDCE/C    n/a            0.275         5.000       4.725      SLICE_X3Y48   reg_state_reg[0]/C
High Pulse Width  Fast    FDCE/C    n/a            0.275         5.000       4.725      SLICE_X3Y48   reg_state_reg[0]/C
High Pulse Width  Slow    FDCE/C    n/a            0.275         5.000       4.725      SLICE_X3Y48   reg_state_reg[1]/C
High Pulse Width  Fast    FDCE/C    n/a            0.275         5.000       4.725      SLICE_X3Y48   reg_state_reg[1]/C
High Pulse Width  Slow    FDCE/C    n/a            0.275         5.000       4.725      SLICE_X3Y44   counter_inst/reg_count_reg[0]/C
High Pulse Width  Fast    FDCE/C    n/a            0.275         5.000       4.725      SLICE_X3Y44   counter_inst/reg_count_reg[0]/C



--------------------------------------------------------------------------------------
Path Group:  (none)
From Clock:  clock_system
  To Clock:  

Max Delay             2 Endpoints
Min Delay             2 Endpoints
--------------------------------------------------------------------------------------


Max Delay Paths
--------------------------------------------------------------------------------------
Slack:                    inf
  Source:                 reg_output_reg/C
                            (rising edge-triggered cell FDCE clocked by clock_system  {rise@0.000ns fall@5.000ns period=10.000ns})
  Destination:            event_button
                            (output port)
  Path Group:             (none)
  Path Type:              Max at Slow Process Corner
  Data Path Delay:        3.654ns  (logic 2.364ns (64.699%)  route 1.290ns (35.301%))
  Logic Levels:           1  (OBUF=1)
  Clock Uncertainty:      0.025ns  ((TSJ^2 + TIJ^2)^1/2 + DJ) / 2 + PE
    Total System Jitter     (TSJ):    0.050ns
    Total Input Jitter      (TIJ):    0.000ns
    Discrete Jitter          (DJ):    0.000ns
    Phase Error              (PE):    0.000ns
  Clock Net Delay (Source):      1.532ns (routing 0.699ns, distribution 0.833ns)

    Location             Delay type                Incr(ns)  Path(ns)    Netlist Resource(s)
  -------------------------------------------------------------------    -------------------
                         (clock clock_system rise edge)
                                                      0.000     0.000 r  
    V23                                               0.000     0.000 r  clk_sys (IN)
                         net (fo=0)                   0.000     0.000    clk_sys_IBUF_inst/I
    V23                  INBUF (Prop_INBUF_HPIOB_M_PAD_O)
                                                      0.502     0.502 r  clk_sys_IBUF_inst/INBUF_INST/O
                         net (fo=1, routed)           0.000     0.502    clk_sys_IBUF_inst/OUT
    V23                  IBUFCTRL (Prop_IBUFCTRL_HPIOB_M_I_O)
                                                      0.000     0.502 r  clk_sys_IBUF_inst/IBUFCTRL_INST/O
                         net (fo=1, routed)           0.348     0.850    clk_sys_IBUF
    BUFGCE_X0Y32         BUFGCE (Prop_BUFCE_BUFGCE_I_O)
                                                      0.028     0.878 r  clk_sys_IBUF_BUFG_inst/O
    X0Y0 (CLOCK_ROOT)    net (fo=24, routed)          1.532     2.410    clk_sys_IBUF_BUFG
    SLICE_X3Y48          FDCE                                         r  reg_output_reg/C
  -------------------------------------------------------------------    -------------------
    SLICE_X3Y48          FDCE (Prop_CFF2_SLICEL_C_Q)
                                                      0.080     2.490 r  reg_output_reg/Q
                         net (fo=1, routed)           1.290     3.780    event_button_OBUF
    AB16                 OBUF (Prop_OUTBUF_HDIOB_S_I_O)
                                                      2.284     6.064 r  event_button_OBUF_inst/O
                         net (fo=0)                   0.000     6.064    event_button
    AB16                                                              r  event_button (OUT)
  -------------------------------------------------------------------    -------------------

Slack:                    inf
  Source:                 reg_led_reg/C
                            (rising edge-triggered cell FDCE clocked by clock_system  {rise@0.000ns fall@5.000ns period=10.000ns})
  Destination:            led_out
                            (output port)
  Path Group:             (none)
  Path Type:              Max at Slow Process Corner
  Data Path Delay:        2.115ns  (logic 0.985ns (46.568%)  route 1.130ns (53.432%))
  Logic Levels:           1  (OBUF=1)
  Clock Uncertainty:      0.025ns  ((TSJ^2 + TIJ^2)^1/2 + DJ) / 2 + PE
    Total System Jitter     (TSJ):    0.050ns
    Total Input Jitter      (TIJ):    0.000ns
    Discrete Jitter          (DJ):    0.000ns
    Phase Error              (PE):    0.000ns
  Clock Net Delay (Source):      1.532ns (routing 0.699ns, distribution 0.833ns)

    Location             Delay type                Incr(ns)  Path(ns)    Netlist Resource(s)
  -------------------------------------------------------------------    -------------------
                         (clock clock_system rise edge)
                                                      0.000     0.000 r  
    V23                                               0.000     0.000 r  clk_sys (IN)
                         net (fo=0)                   0.000     0.000    clk_sys_IBUF_inst/I
    V23                  INBUF (Prop_INBUF_HPIOB_M_PAD_O)
                                                      0.502     0.502 r  clk_sys_IBUF_inst/INBUF_INST/O
                         net (fo=1, routed)           0.000     0.502    clk_sys_IBUF_inst/OUT
    V23                  IBUFCTRL (Prop_IBUFCTRL_HPIOB_M_I_O)
                                                      0.000     0.502 r  clk_sys_IBUF_inst/IBUFCTRL_INST/O
                         net (fo=1, routed)           0.348     0.850    clk_sys_IBUF
    BUFGCE_X0Y32         BUFGCE (Prop_BUFCE_BUFGCE_I_O)
                                                      0.028     0.878 r  clk_sys_IBUF_BUFG_inst/O
    X0Y0 (CLOCK_ROOT)    net (fo=24, routed)          1.532     2.410    clk_sys_IBUF_BUFG
    SLICE_X3Y48          FDCE                                         r  reg_led_reg/C
  -------------------------------------------------------------------    -------------------
    SLICE_X3Y48          FDCE (Prop_DFF2_SLICEL_C_Q)
                                                      0.081     2.491 r  reg_led_reg/Q
                         net (fo=2, routed)           1.130     3.621    led_out_OBUF
    AC16                 OBUF (Prop_OUTBUF_HPIOB_SNGL_I_O)
                                                      0.904     4.524 r  led_out_OBUF_inst/O
                         net (fo=0)                   0.000     4.524    led_out
    AC16                                                              r  led_out (OUT)
  -------------------------------------------------------------------    -------------------





Min Delay Paths
--------------------------------------------------------------------------------------
Slack:                    inf
  Source:                 reg_led_reg/C
                            (rising edge-triggered cell FDCE clocked by clock_system  {rise@0.000ns fall@5.000ns period=10.000ns})
  Destination:            led_out
                            (output port)
  Path Group:             (none)
  Path Type:              Min at Fast Process Corner
  Data Path Delay:        0.931ns  (logic 0.437ns (46.892%)  route 0.495ns (53.108%))
  Logic Levels:           1  (OBUF=1)
  Clock Uncertainty:      0.025ns  ((TSJ^2 + TIJ^2)^1/2 + DJ) / 2 + PE
    Total System Jitter     (TSJ):    0.050ns
    Total Input Jitter      (TIJ):    0.000ns
    Discrete Jitter          (DJ):    0.000ns
    Phase Error              (PE):    0.000ns
  Clock Net Delay (Source):      0.850ns (routing 0.387ns, distribution 0.463ns)

    Location             Delay type                Incr(ns)  Path(ns)    Netlist Resource(s)
  -------------------------------------------------------------------    -------------------
                         (clock clock_system rise edge)
                                                      0.000     0.000 r  
    V23                                               0.000     0.000 r  clk_sys (IN)
                         net (fo=0)                   0.000     0.000    clk_sys_IBUF_inst/I
    V23                  INBUF (Prop_INBUF_HPIOB_M_PAD_O)
                                                      0.137     0.137 r  clk_sys_IBUF_inst/INBUF_INST/O
                         net (fo=1, routed)           0.000     0.137    clk_sys_IBUF_inst/OUT
    V23                  IBUFCTRL (Prop_IBUFCTRL_HPIOB_M_I_O)
                                                      0.000     0.137 r  clk_sys_IBUF_inst/IBUFCTRL_INST/O
                         net (fo=1, routed)           0.156     0.293    clk_sys_IBUF
    BUFGCE_X0Y32         BUFGCE (Prop_BUFCE_BUFGCE_I_O)
                                                      0.017     0.310 r  clk_sys_IBUF_BUFG_inst/O
    X0Y0 (CLOCK_ROOT)    net (fo=24, routed)          0.850     1.159    clk_sys_IBUF_BUFG
    SLICE_X3Y48          FDCE                                         r  reg_led_reg/C
  -------------------------------------------------------------------    -------------------
    SLICE_X3Y48          FDCE (Prop_DFF2_SLICEL_C_Q)
                                                      0.041     1.200 r  reg_led_reg/Q
                         net (fo=2, routed)           0.495     1.695    led_out_OBUF
    AC16                 OBUF (Prop_OUTBUF_HPIOB_SNGL_I_O)
                                                      0.396     2.091 r  led_out_OBUF_inst/O
                         net (fo=0)                   0.000     2.091    led_out
    AC16                                                              r  led_out (OUT)
  -------------------------------------------------------------------    -------------------

Slack:                    inf
  Source:                 reg_output_reg/C
                            (rising edge-triggered cell FDCE clocked by clock_system  {rise@0.000ns fall@5.000ns period=10.000ns})
  Destination:            event_button
                            (output port)
  Path Group:             (none)
  Path Type:              Min at Fast Process Corner
  Data Path Delay:        1.695ns  (logic 1.067ns (62.959%)  route 0.628ns (37.041%))
  Logic Levels:           1  (OBUF=1)
  Clock Uncertainty:      0.025ns  ((TSJ^2 + TIJ^2)^1/2 + DJ) / 2 + PE
    Total System Jitter     (TSJ):    0.050ns
    Total Input Jitter      (TIJ):    0.000ns
    Discrete Jitter          (DJ):    0.000ns
    Phase Error              (PE):    0.000ns
  Clock Net Delay (Source):      0.850ns (routing 0.387ns, distribution 0.463ns)

    Location             Delay type                Incr(ns)  Path(ns)    Netlist Resource(s)
  -------------------------------------------------------------------    -------------------
                         (clock clock_system rise edge)
                                                      0.000     0.000 r  
    V23                                               0.000     0.000 r  clk_sys (IN)
                         net (fo=0)                   0.000     0.000    clk_sys_IBUF_inst/I
    V23                  INBUF (Prop_INBUF_HPIOB_M_PAD_O)
                                                      0.137     0.137 r  clk_sys_IBUF_inst/INBUF_INST/O
                         net (fo=1, routed)           0.000     0.137    clk_sys_IBUF_inst/OUT
    V23                  IBUFCTRL (Prop_IBUFCTRL_HPIOB_M_I_O)
                                                      0.000     0.137 r  clk_sys_IBUF_inst/IBUFCTRL_INST/O
                         net (fo=1, routed)           0.156     0.293    clk_sys_IBUF
    BUFGCE_X0Y32         BUFGCE (Prop_BUFCE_BUFGCE_I_O)
                                                      0.017     0.310 r  clk_sys_IBUF_BUFG_inst/O
    X0Y0 (CLOCK_ROOT)    net (fo=24, routed)          0.850     1.159    clk_sys_IBUF_BUFG
    SLICE_X3Y48          FDCE                                         r  reg_output_reg/C
  -------------------------------------------------------------------    -------------------
    SLICE_X3Y48          FDCE (Prop_CFF2_SLICEL_C_Q)
                                                      0.040     1.199 r  reg_output_reg/Q
                         net (fo=1, routed)           0.628     1.827    event_button_OBUF
    AB16                 OBUF (Prop_OUTBUF_HDIOB_S_I_O)
                                                      1.027     2.855 r  event_button_OBUF_inst/O
                         net (fo=0)                   0.000     2.855    event_button
    AB16                                                              r  event_button (OUT)
  -------------------------------------------------------------------    -------------------





--------------------------------------------------------------------------------------
Path Group:  (none)
From Clock:  
  To Clock:  clock_system

Max Delay            28 Endpoints
Min Delay            28 Endpoints
--------------------------------------------------------------------------------------


Max Delay Paths
--------------------------------------------------------------------------------------
Slack:                    inf
  Source:                 rst_sys_n
                            (input port)
  Destination:            counter_inst/reg_count_reg[2]/CLR
                            (recovery check against rising-edge clock clock_system  {rise@0.000ns fall@5.000ns period=10.000ns})
  Path Group:             (none)
  Path Type:              Recovery (Max at Slow Process Corner)
  Data Path Delay:        1.901ns  (logic 0.509ns (26.768%)  route 1.392ns (73.232%))
  Logic Levels:           2  (IBUFCTRL=1 INBUF=1)
  Clock Path Skew:        1.925ns (DCD - SCD + CPR)
    Destination Clock Delay (DCD):    1.925ns
    Source Clock Delay      (SCD):    0.000ns
    Clock Pessimism Removal (CPR):    0.000ns
  Clock Uncertainty:      0.025ns  ((TSJ^2 + TIJ^2)^1/2 + DJ) / 2 + PE
    Total System Jitter     (TSJ):    0.050ns
    Total Input Jitter      (TIJ):    0.000ns
    Discrete Jitter          (DJ):    0.000ns
    Phase Error              (PE):    0.000ns
  Clock Net Delay (Destination): 1.340ns (routing 0.632ns, distribution 0.708ns)

    Location             Delay type                Incr(ns)  Path(ns)    Netlist Resource(s)
  -------------------------------------------------------------------    -------------------
    W19                                               0.000     0.000 r  rst_sys_n (IN)
                         net (fo=0)                   0.000     0.000    rst_sys_n_IBUF_inst/I
    W19                  INBUF (Prop_INBUF_HPIOB_M_PAD_O)
                                                      0.509     0.509 r  rst_sys_n_IBUF_inst/INBUF_INST/O
                         net (fo=1, routed)           0.000     0.509    rst_sys_n_IBUF_inst/OUT
    W19                  IBUFCTRL (Prop_IBUFCTRL_HPIOB_M_I_O)
                                                      0.000     0.509 r  rst_sys_n_IBUF_inst/IBUFCTRL_INST/O
                         net (fo=24, routed)          1.392     1.901    counter_inst/rst_sys_n
    SLICE_X4Y43          FDCE                                         f  counter_inst/reg_count_reg[2]/CLR  (IS_INVERTED)
  -------------------------------------------------------------------    -------------------

                         (clock clock_system rise edge)
                                                      0.000     0.000 r  
    V23                                               0.000     0.000 r  clk_sys (IN)
                         net (fo=0)                   0.000     0.000    clk_sys_IBUF_inst/I
    V23                  INBUF (Prop_INBUF_HPIOB_M_PAD_O)
                                                      0.252     0.252 r  clk_sys_IBUF_inst/INBUF_INST/O
                         net (fo=1, routed)           0.000     0.252    clk_sys_IBUF_inst/OUT
    V23                  IBUFCTRL (Prop_IBUFCTRL_HPIOB_M_I_O)
                                                      0.000     0.252 r  clk_sys_IBUF_inst/IBUFCTRL_INST/O
                         net (fo=1, routed)           0.309     0.561    clk_sys_IBUF
    BUFGCE_X0Y32         BUFGCE (Prop_BUFCE_BUFGCE_I_O)
                                                      0.024     0.585 r  clk_sys_IBUF_BUFG_inst/O
    X0Y0 (CLOCK_ROOT)    net (fo=24, routed)          1.340     1.925    counter_inst/clk_sys
    SLICE_X4Y43          FDCE                                         r  counter_inst/reg_count_reg[2]/C

Slack:                    inf
  Source:                 rst_sys_n
                            (input port)
  Destination:            counter_inst/reg_count_reg[3]/CLR
                            (recovery check against rising-edge clock clock_system  {rise@0.000ns fall@5.000ns period=10.000ns})
  Path Group:             (none)
  Path Type:              Recovery (Max at Slow Process Corner)
  Data Path Delay:        1.901ns  (logic 0.509ns (26.768%)  route 1.392ns (73.232%))
  Logic Levels:           2  (IBUFCTRL=1 INBUF=1)
  Clock Path Skew:        1.925ns (DCD - SCD + CPR)
    Destination Clock Delay (DCD):    1.925ns
    Source Clock Delay      (SCD):    0.000ns
    Clock Pessimism Removal (CPR):    0.000ns
  Clock Uncertainty:      0.025ns  ((TSJ^2 + TIJ^2)^1/2 + DJ) / 2 + PE
    Total System Jitter     (TSJ):    0.050ns
    Total Input Jitter      (TIJ):    0.000ns
    Discrete Jitter          (DJ):    0.000ns
    Phase Error              (PE):    0.000ns
  Clock Net Delay (Destination): 1.340ns (routing 0.632ns, distribution 0.708ns)

    Location             Delay type                Incr(ns)  Path(ns)    Netlist Resource(s)
  -------------------------------------------------------------------    -------------------
    W19                                               0.000     0.000 r  rst_sys_n (IN)
                         net (fo=0)                   0.000     0.000    rst_sys_n_IBUF_inst/I
    W19                  INBUF (Prop_INBUF_HPIOB_M_PAD_O)
                                                      0.509     0.509 r  rst_sys_n_IBUF_inst/INBUF_INST/O
                         net (fo=1, routed)           0.000     0.509    rst_sys_n_IBUF_inst/OUT
    W19                  IBUFCTRL (Prop_IBUFCTRL_HPIOB_M_I_O)
                                                      0.000     0.509 r  rst_sys_n_IBUF_inst/IBUFCTRL_INST/O
                         net (fo=24, routed)          1.392     1.901    counter_inst/rst_sys_n
    SLICE_X4Y43          FDCE                                         f  counter_inst/reg_count_reg[3]/CLR  (IS_INVERTED)
  -------------------------------------------------------------------    -------------------

                         (clock clock_system rise edge)
                                                      0.000     0.000 r  
    V23                                               0.000     0.000 r  clk_sys (IN)
                         net (fo=0)                   0.000     0.000    clk_sys_IBUF_inst/I
    V23                  INBUF (Prop_INBUF_HPIOB_M_PAD_O)
                                                      0.252     0.252 r  clk_sys_IBUF_inst/INBUF_INST/O
                         net (fo=1, routed)           0.000     0.252    clk_sys_IBUF_inst/OUT
    V23                  IBUFCTRL (Prop_IBUFCTRL_HPIOB_M_I_O)
                                                      0.000     0.252 r  clk_sys_IBUF_inst/IBUFCTRL_INST/O
                         net (fo=1, routed)           0.309     0.561    clk_sys_IBUF
    BUFGCE_X0Y32         BUFGCE (Prop_BUFCE_BUFGCE_I_O)
                                                      0.024     0.585 r  clk_sys_IBUF_BUFG_inst/O
    X0Y0 (CLOCK_ROOT)    net (fo=24, routed)          1.340     1.925    counter_inst/clk_sys
    SLICE_X4Y43          FDCE                                         r  counter_inst/reg_count_reg[3]/C

Slack:                    inf
  Source:                 rst_sys_n
                            (input port)
  Destination:            counter_inst/reg_count_reg[8]/CLR
                            (recovery check against rising-edge clock clock_system  {rise@0.000ns fall@5.000ns period=10.000ns})
  Path Group:             (none)
  Path Type:              Recovery (Max at Slow Process Corner)
  Data Path Delay:        1.901ns  (logic 0.509ns (26.768%)  route 1.392ns (73.232%))
  Logic Levels:           2  (IBUFCTRL=1 INBUF=1)
  Clock Path Skew:        1.925ns (DCD - SCD + CPR)
    Destination Clock Delay (DCD):    1.925ns
    Source Clock Delay      (SCD):    0.000ns
    Clock Pessimism Removal (CPR):    0.000ns
  Clock Uncertainty:      0.025ns  ((TSJ^2 + TIJ^2)^1/2 + DJ) / 2 + PE
    Total System Jitter     (TSJ):    0.050ns
    Total Input Jitter      (TIJ):    0.000ns
    Discrete Jitter          (DJ):    0.000ns
    Phase Error              (PE):    0.000ns
  Clock Net Delay (Destination): 1.340ns (routing 0.632ns, distribution 0.708ns)

    Location             Delay type                Incr(ns)  Path(ns)    Netlist Resource(s)
  -------------------------------------------------------------------    -------------------
    W19                                               0.000     0.000 r  rst_sys_n (IN)
                         net (fo=0)                   0.000     0.000    rst_sys_n_IBUF_inst/I
    W19                  INBUF (Prop_INBUF_HPIOB_M_PAD_O)
                                                      0.509     0.509 r  rst_sys_n_IBUF_inst/INBUF_INST/O
                         net (fo=1, routed)           0.000     0.509    rst_sys_n_IBUF_inst/OUT
    W19                  IBUFCTRL (Prop_IBUFCTRL_HPIOB_M_I_O)
                                                      0.000     0.509 r  rst_sys_n_IBUF_inst/IBUFCTRL_INST/O
                         net (fo=24, routed)          1.392     1.901    counter_inst/rst_sys_n
    SLICE_X4Y43          FDCE                                         f  counter_inst/reg_count_reg[8]/CLR  (IS_INVERTED)
  -------------------------------------------------------------------    -------------------

                         (clock clock_system rise edge)
                                                      0.000     0.000 r  
    V23                                               0.000     0.000 r  clk_sys (IN)
                         net (fo=0)                   0.000     0.000    clk_sys_IBUF_inst/I
    V23                  INBUF (Prop_INBUF_HPIOB_M_PAD_O)
                                                      0.252     0.252 r  clk_sys_IBUF_inst/INBUF_INST/O
                         net (fo=1, routed)           0.000     0.252    clk_sys_IBUF_inst/OUT
    V23                  IBUFCTRL (Prop_IBUFCTRL_HPIOB_M_I_O)
                                                      0.000     0.252 r  clk_sys_IBUF_inst/IBUFCTRL_INST/O
                         net (fo=1, routed)           0.309     0.561    clk_sys_IBUF
    BUFGCE_X0Y32         BUFGCE (Prop_BUFCE_BUFGCE_I_O)
                                                      0.024     0.585 r  clk_sys_IBUF_BUFG_inst/O
    X0Y0 (CLOCK_ROOT)    net (fo=24, routed)          1.340     1.925    counter_inst/clk_sys
    SLICE_X4Y43          FDCE                                         r  counter_inst/reg_count_reg[8]/C

Slack:                    inf
  Source:                 rst_sys_n
                            (input port)
  Destination:            counter_inst/reg_count_reg[10]/CLR
                            (recovery check against rising-edge clock clock_system  {rise@0.000ns fall@5.000ns period=10.000ns})
  Path Group:             (none)
  Path Type:              Recovery (Max at Slow Process Corner)
  Data Path Delay:        1.900ns  (logic 0.509ns (26.780%)  route 1.391ns (73.220%))
  Logic Levels:           2  (IBUFCTRL=1 INBUF=1)
  Clock Path Skew:        1.929ns (DCD - SCD + CPR)
    Destination Clock Delay (DCD):    1.929ns
    Source Clock Delay      (SCD):    0.000ns
    Clock Pessimism Removal (CPR):    0.000ns
  Clock Uncertainty:      0.025ns  ((TSJ^2 + TIJ^2)^1/2 + DJ) / 2 + PE
    Total System Jitter     (TSJ):    0.050ns
    Total Input Jitter      (TIJ):    0.000ns
    Discrete Jitter          (DJ):    0.000ns
    Phase Error              (PE):    0.000ns
  Clock Net Delay (Destination): 1.345ns (routing 0.632ns, distribution 0.713ns)

    Location             Delay type                Incr(ns)  Path(ns)    Netlist Resource(s)
  -------------------------------------------------------------------    -------------------
    W19                                               0.000     0.000 r  rst_sys_n (IN)
                         net (fo=0)                   0.000     0.000    rst_sys_n_IBUF_inst/I
    W19                  INBUF (Prop_INBUF_HPIOB_M_PAD_O)
                                                      0.509     0.509 r  rst_sys_n_IBUF_inst/INBUF_INST/O
                         net (fo=1, routed)           0.000     0.509    rst_sys_n_IBUF_inst/OUT
    W19                  IBUFCTRL (Prop_IBUFCTRL_HPIOB_M_I_O)
                                                      0.000     0.509 r  rst_sys_n_IBUF_inst/IBUFCTRL_INST/O
                         net (fo=24, routed)          1.391     1.900    counter_inst/rst_sys_n
    SLICE_X3Y45          FDCE                                         f  counter_inst/reg_count_reg[10]/CLR  (IS_INVERTED)
  -------------------------------------------------------------------    -------------------

                         (clock clock_system rise edge)
                                                      0.000     0.000 r  
    V23                                               0.000     0.000 r  clk_sys (IN)
                         net (fo=0)                   0.000     0.000    clk_sys_IBUF_inst/I
    V23                  INBUF (Prop_INBUF_HPIOB_M_PAD_O)
                                                      0.252     0.252 r  clk_sys_IBUF_inst/INBUF_INST/O
                         net (fo=1, routed)           0.000     0.252    clk_sys_IBUF_inst/OUT
    V23                  IBUFCTRL (Prop_IBUFCTRL_HPIOB_M_I_O)
                                                      0.000     0.252 r  clk_sys_IBUF_inst/IBUFCTRL_INST/O
                         net (fo=1, routed)           0.309     0.561    clk_sys_IBUF
    BUFGCE_X0Y32         BUFGCE (Prop_BUFCE_BUFGCE_I_O)
                                                      0.024     0.585 r  clk_sys_IBUF_BUFG_inst/O
    X0Y0 (CLOCK_ROOT)    net (fo=24, routed)          1.345     1.929    counter_inst/clk_sys
    SLICE_X3Y45          FDCE                                         r  counter_inst/reg_count_reg[10]/C

Slack:                    inf
  Source:                 rst_sys_n
                            (input port)
  Destination:            counter_inst/reg_count_reg[11]/CLR
                            (recovery check against rising-edge clock clock_system  {rise@0.000ns fall@5.000ns period=10.000ns})
  Path Group:             (none)
  Path Type:              Recovery (Max at Slow Process Corner)
  Data Path Delay:        1.900ns  (logic 0.509ns (26.780%)  route 1.391ns (73.220%))
  Logic Levels:           2  (IBUFCTRL=1 INBUF=1)
  Clock Path Skew:        1.929ns (DCD - SCD + CPR)
    Destination Clock Delay (DCD):    1.929ns
    Source Clock Delay      (SCD):    0.000ns
    Clock Pessimism Removal (CPR):    0.000ns
  Clock Uncertainty:      0.025ns  ((TSJ^2 + TIJ^2)^1/2 + DJ) / 2 + PE
    Total System Jitter     (TSJ):    0.050ns
    Total Input Jitter      (TIJ):    0.000ns
    Discrete Jitter          (DJ):    0.000ns
    Phase Error              (PE):    0.000ns
  Clock Net Delay (Destination): 1.345ns (routing 0.632ns, distribution 0.713ns)

    Location             Delay type                Incr(ns)  Path(ns)    Netlist Resource(s)
  -------------------------------------------------------------------    -------------------
    W19                                               0.000     0.000 r  rst_sys_n (IN)
                         net (fo=0)                   0.000     0.000    rst_sys_n_IBUF_inst/I
    W19                  INBUF (Prop_INBUF_HPIOB_M_PAD_O)
                                                      0.509     0.509 r  rst_sys_n_IBUF_inst/INBUF_INST/O
                         net (fo=1, routed)           0.000     0.509    rst_sys_n_IBUF_inst/OUT
    W19                  IBUFCTRL (Prop_IBUFCTRL_HPIOB_M_I_O)
                                                      0.000     0.509 r  rst_sys_n_IBUF_inst/IBUFCTRL_INST/O
                         net (fo=24, routed)          1.391     1.900    counter_inst/rst_sys_n
    SLICE_X3Y45          FDCE                                         f  counter_inst/reg_count_reg[11]/CLR  (IS_INVERTED)
  -------------------------------------------------------------------    -------------------

                         (clock clock_system rise edge)
                                                      0.000     0.000 r  
    V23                                               0.000     0.000 r  clk_sys (IN)
                         net (fo=0)                   0.000     0.000    clk_sys_IBUF_inst/I
    V23                  INBUF (Prop_INBUF_HPIOB_M_PAD_O)
                                                      0.252     0.252 r  clk_sys_IBUF_inst/INBUF_INST/O
                         net (fo=1, routed)           0.000     0.252    clk_sys_IBUF_inst/OUT
    V23                  IBUFCTRL (Prop_IBUFCTRL_HPIOB_M_I_O)
                                                      0.000     0.252 r  clk_sys_IBUF_inst/IBUFCTRL_INST/O
                         net (fo=1, routed)           0.309     0.561    clk_sys_IBUF
    BUFGCE_X0Y32         BUFGCE (Prop_BUFCE_BUFGCE_I_O)
                                                      0.024     0.585 r  clk_sys_IBUF_BUFG_inst/O
    X0Y0 (CLOCK_ROOT)    net (fo=24, routed)          1.345     1.929    counter_inst/clk_sys
    SLICE_X3Y45          FDCE                                         r  counter_inst/reg_count_reg[11]/C

Slack:                    inf
  Source:                 rst_sys_n
                            (input port)
  Destination:            counter_inst/reg_count_reg[12]/CLR
                            (recovery check against rising-edge clock clock_system  {rise@0.000ns fall@5.000ns period=10.000ns})
  Path Group:             (none)
  Path Type:              Recovery (Max at Slow Process Corner)
  Data Path Delay:        1.900ns  (logic 0.509ns (26.780%)  route 1.391ns (73.220%))
  Logic Levels:           2  (IBUFCTRL=1 INBUF=1)
  Clock Path Skew:        1.929ns (DCD - SCD + CPR)
    Destination Clock Delay (DCD):    1.929ns
    Source Clock Delay      (SCD):    0.000ns
    Clock Pessimism Removal (CPR):    0.000ns
  Clock Uncertainty:      0.025ns  ((TSJ^2 + TIJ^2)^1/2 + DJ) / 2 + PE
    Total System Jitter     (TSJ):    0.050ns
    Total Input Jitter      (TIJ):    0.000ns
    Discrete Jitter          (DJ):    0.000ns
    Phase Error              (PE):    0.000ns
  Clock Net Delay (Destination): 1.345ns (routing 0.632ns, distribution 0.713ns)

    Location             Delay type                Incr(ns)  Path(ns)    Netlist Resource(s)
  -------------------------------------------------------------------    -------------------
    W19                                               0.000     0.000 r  rst_sys_n (IN)
                         net (fo=0)                   0.000     0.000    rst_sys_n_IBUF_inst/I
    W19                  INBUF (Prop_INBUF_HPIOB_M_PAD_O)
                                                      0.509     0.509 r  rst_sys_n_IBUF_inst/INBUF_INST/O
                         net (fo=1, routed)           0.000     0.509    rst_sys_n_IBUF_inst/OUT
    W19                  IBUFCTRL (Prop_IBUFCTRL_HPIOB_M_I_O)
                                                      0.000     0.509 r  rst_sys_n_IBUF_inst/IBUFCTRL_INST/O
                         net (fo=24, routed)          1.391     1.900    counter_inst/rst_sys_n
    SLICE_X3Y45          FDCE                                         f  counter_inst/reg_count_reg[12]/CLR  (IS_INVERTED)
  -------------------------------------------------------------------    -------------------

                         (clock clock_system rise edge)
                                                      0.000     0.000 r  
    V23                                               0.000     0.000 r  clk_sys (IN)
                         net (fo=0)                   0.000     0.000    clk_sys_IBUF_inst/I
    V23                  INBUF (Prop_INBUF_HPIOB_M_PAD_O)
                                                      0.252     0.252 r  clk_sys_IBUF_inst/INBUF_INST/O
                         net (fo=1, routed)           0.000     0.252    clk_sys_IBUF_inst/OUT
    V23                  IBUFCTRL (Prop_IBUFCTRL_HPIOB_M_I_O)
                                                      0.000     0.252 r  clk_sys_IBUF_inst/IBUFCTRL_INST/O
                         net (fo=1, routed)           0.309     0.561    clk_sys_IBUF
    BUFGCE_X0Y32         BUFGCE (Prop_BUFCE_BUFGCE_I_O)
                                                      0.024     0.585 r  clk_sys_IBUF_BUFG_inst/O
    X0Y0 (CLOCK_ROOT)    net (fo=24, routed)          1.345     1.929    counter_inst/clk_sys
    SLICE_X3Y45          FDCE                                         r  counter_inst/reg_count_reg[12]/C

Slack:                    inf
  Source:                 rst_sys_n
                            (input port)
  Destination:            counter_inst/reg_count_reg[13]/CLR
                            (recovery check against rising-edge clock clock_system  {rise@0.000ns fall@5.000ns period=10.000ns})
  Path Group:             (none)
  Path Type:              Recovery (Max at Slow Process Corner)
  Data Path Delay:        1.900ns  (logic 0.509ns (26.780%)  route 1.391ns (73.220%))
  Logic Levels:           2  (IBUFCTRL=1 INBUF=1)
  Clock Path Skew:        1.929ns (DCD - SCD + CPR)
    Destination Clock Delay (DCD):    1.929ns
    Source Clock Delay      (SCD):    0.000ns
    Clock Pessimism Removal (CPR):    0.000ns
  Clock Uncertainty:      0.025ns  ((TSJ^2 + TIJ^2)^1/2 + DJ) / 2 + PE
    Total System Jitter     (TSJ):    0.050ns
    Total Input Jitter      (TIJ):    0.000ns
    Discrete Jitter          (DJ):    0.000ns
    Phase Error              (PE):    0.000ns
  Clock Net Delay (Destination): 1.345ns (routing 0.632ns, distribution 0.713ns)

    Location             Delay type                Incr(ns)  Path(ns)    Netlist Resource(s)
  -------------------------------------------------------------------    -------------------
    W19                                               0.000     0.000 r  rst_sys_n (IN)
                         net (fo=0)                   0.000     0.000    rst_sys_n_IBUF_inst/I
    W19                  INBUF (Prop_INBUF_HPIOB_M_PAD_O)
                                                      0.509     0.509 r  rst_sys_n_IBUF_inst/INBUF_INST/O
                         net (fo=1, routed)           0.000     0.509    rst_sys_n_IBUF_inst/OUT
    W19                  IBUFCTRL (Prop_IBUFCTRL_HPIOB_M_I_O)
                                                      0.000     0.509 r  rst_sys_n_IBUF_inst/IBUFCTRL_INST/O
                         net (fo=24, routed)          1.391     1.900    counter_inst/rst_sys_n
    SLICE_X3Y45          FDCE                                         f  counter_inst/reg_count_reg[13]/CLR  (IS_INVERTED)
  -------------------------------------------------------------------    -------------------

                         (clock clock_system rise edge)
                                                      0.000     0.000 r  
    V23                                               0.000     0.000 r  clk_sys (IN)
                         net (fo=0)                   0.000     0.000    clk_sys_IBUF_inst/I
    V23                  INBUF (Prop_INBUF_HPIOB_M_PAD_O)
                                                      0.252     0.252 r  clk_sys_IBUF_inst/INBUF_INST/O
                         net (fo=1, routed)           0.000     0.252    clk_sys_IBUF_inst/OUT
    V23                  IBUFCTRL (Prop_IBUFCTRL_HPIOB_M_I_O)
                                                      0.000     0.252 r  clk_sys_IBUF_inst/IBUFCTRL_INST/O
                         net (fo=1, routed)           0.309     0.561    clk_sys_IBUF
    BUFGCE_X0Y32         BUFGCE (Prop_BUFCE_BUFGCE_I_O)
                                                      0.024     0.585 r  clk_sys_IBUF_BUFG_inst/O
    X0Y0 (CLOCK_ROOT)    net (fo=24, routed)          1.345     1.929    counter_inst/clk_sys
    SLICE_X3Y45          FDCE                                         r  counter_inst/reg_count_reg[13]/C

Slack:                    inf
  Source:                 rst_sys_n
                            (input port)
  Destination:            counter_inst/reg_count_reg[16]/CLR
                            (recovery check against rising-edge clock clock_system  {rise@0.000ns fall@5.000ns period=10.000ns})
  Path Group:             (none)
  Path Type:              Recovery (Max at Slow Process Corner)
  Data Path Delay:        1.899ns  (logic 0.509ns (26.794%)  route 1.390ns (73.206%))
  Logic Levels:           2  (IBUFCTRL=1 INBUF=1)
  Clock Path Skew:        1.931ns (DCD - SCD + CPR)
    Destination Clock Delay (DCD):    1.931ns
    Source Clock Delay      (SCD):    0.000ns
    Clock Pessimism Removal (CPR):    0.000ns
  Clock Uncertainty:      0.025ns  ((TSJ^2 + TIJ^2)^1/2 + DJ) / 2 + PE
    Total System Jitter     (TSJ):    0.050ns
    Total Input Jitter      (TIJ):    0.000ns
    Discrete Jitter          (DJ):    0.000ns
    Phase Error              (PE):    0.000ns
  Clock Net Delay (Destination): 1.347ns (routing 0.632ns, distribution 0.715ns)

    Location             Delay type                Incr(ns)  Path(ns)    Netlist Resource(s)
  -------------------------------------------------------------------    -------------------
    W19                                               0.000     0.000 r  rst_sys_n (IN)
                         net (fo=0)                   0.000     0.000    rst_sys_n_IBUF_inst/I
    W19                  INBUF (Prop_INBUF_HPIOB_M_PAD_O)
                                                      0.509     0.509 r  rst_sys_n_IBUF_inst/INBUF_INST/O
                         net (fo=1, routed)           0.000     0.509    rst_sys_n_IBUF_inst/OUT
    W19                  IBUFCTRL (Prop_IBUFCTRL_HPIOB_M_I_O)
                                                      0.000     0.509 r  rst_sys_n_IBUF_inst/IBUFCTRL_INST/O
                         net (fo=24, routed)          1.390     1.899    counter_inst/rst_sys_n
    SLICE_X3Y45          FDCE                                         f  counter_inst/reg_count_reg[16]/CLR  (IS_INVERTED)
  -------------------------------------------------------------------    -------------------

                         (clock clock_system rise edge)
                                                      0.000     0.000 r  
    V23                                               0.000     0.000 r  clk_sys (IN)
                         net (fo=0)                   0.000     0.000    clk_sys_IBUF_inst/I
    V23                  INBUF (Prop_INBUF_HPIOB_M_PAD_O)
                                                      0.252     0.252 r  clk_sys_IBUF_inst/INBUF_INST/O
                         net (fo=1, routed)           0.000     0.252    clk_sys_IBUF_inst/OUT
    V23                  IBUFCTRL (Prop_IBUFCTRL_HPIOB_M_I_O)
                                                      0.000     0.252 r  clk_sys_IBUF_inst/IBUFCTRL_INST/O
                         net (fo=1, routed)           0.309     0.561    clk_sys_IBUF
    BUFGCE_X0Y32         BUFGCE (Prop_BUFCE_BUFGCE_I_O)
                                                      0.024     0.585 r  clk_sys_IBUF_BUFG_inst/O
    X0Y0 (CLOCK_ROOT)    net (fo=24, routed)          1.347     1.931    counter_inst/clk_sys
    SLICE_X3Y45          FDCE                                         r  counter_inst/reg_count_reg[16]/C

Slack:                    inf
  Source:                 rst_sys_n
                            (input port)
  Destination:            counter_inst/reg_count_reg[4]/CLR
                            (recovery check against rising-edge clock clock_system  {rise@0.000ns fall@5.000ns period=10.000ns})
  Path Group:             (none)
  Path Type:              Recovery (Max at Slow Process Corner)
  Data Path Delay:        1.863ns  (logic 0.509ns (27.312%)  route 1.354ns (72.688%))
  Logic Levels:           2  (IBUFCTRL=1 INBUF=1)
  Clock Path Skew:        1.928ns (DCD - SCD + CPR)
    Destination Clock Delay (DCD):    1.928ns
    Source Clock Delay      (SCD):    0.000ns
    Clock Pessimism Removal (CPR):    0.000ns
  Clock Uncertainty:      0.025ns  ((TSJ^2 + TIJ^2)^1/2 + DJ) / 2 + PE
    Total System Jitter     (TSJ):    0.050ns
    Total Input Jitter      (TIJ):    0.000ns
    Discrete Jitter          (DJ):    0.000ns
    Phase Error              (PE):    0.000ns
  Clock Net Delay (Destination): 1.344ns (routing 0.632ns, distribution 0.712ns)

    Location             Delay type                Incr(ns)  Path(ns)    Netlist Resource(s)
  -------------------------------------------------------------------    -------------------
    W19                                               0.000     0.000 r  rst_sys_n (IN)
                         net (fo=0)                   0.000     0.000    rst_sys_n_IBUF_inst/I
    W19                  INBUF (Prop_INBUF_HPIOB_M_PAD_O)
                                                      0.509     0.509 r  rst_sys_n_IBUF_inst/INBUF_INST/O
                         net (fo=1, routed)           0.000     0.509    rst_sys_n_IBUF_inst/OUT
    W19                  IBUFCTRL (Prop_IBUFCTRL_HPIOB_M_I_O)
                                                      0.000     0.509 r  rst_sys_n_IBUF_inst/IBUFCTRL_INST/O
                         net (fo=24, routed)          1.354     1.863    counter_inst/rst_sys_n
    SLICE_X3Y44          FDCE                                         f  counter_inst/reg_count_reg[4]/CLR  (IS_INVERTED)
  -------------------------------------------------------------------    -------------------

                         (clock clock_system rise edge)
                                                      0.000     0.000 r  
    V23                                               0.000     0.000 r  clk_sys (IN)
                         net (fo=0)                   0.000     0.000    clk_sys_IBUF_inst/I
    V23                  INBUF (Prop_INBUF_HPIOB_M_PAD_O)
                                                      0.252     0.252 r  clk_sys_IBUF_inst/INBUF_INST/O
                         net (fo=1, routed)           0.000     0.252    clk_sys_IBUF_inst/OUT
    V23                  IBUFCTRL (Prop_IBUFCTRL_HPIOB_M_I_O)
                                                      0.000     0.252 r  clk_sys_IBUF_inst/IBUFCTRL_INST/O
                         net (fo=1, routed)           0.309     0.561    clk_sys_IBUF
    BUFGCE_X0Y32         BUFGCE (Prop_BUFCE_BUFGCE_I_O)
                                                      0.024     0.585 r  clk_sys_IBUF_BUFG_inst/O
    X0Y0 (CLOCK_ROOT)    net (fo=24, routed)          1.344     1.928    counter_inst/clk_sys
    SLICE_X3Y44          FDCE                                         r  counter_inst/reg_count_reg[4]/C

Slack:                    inf
  Source:                 rst_sys_n
                            (input port)
  Destination:            counter_inst/reg_count_reg[5]/CLR
                            (recovery check against rising-edge clock clock_system  {rise@0.000ns fall@5.000ns period=10.000ns})
  Path Group:             (none)
  Path Type:              Recovery (Max at Slow Process Corner)
  Data Path Delay:        1.863ns  (logic 0.509ns (27.312%)  route 1.354ns (72.688%))
  Logic Levels:           2  (IBUFCTRL=1 INBUF=1)
  Clock Path Skew:        1.928ns (DCD - SCD + CPR)
    Destination Clock Delay (DCD):    1.928ns
    Source Clock Delay      (SCD):    0.000ns
    Clock Pessimism Removal (CPR):    0.000ns
  Clock Uncertainty:      0.025ns  ((TSJ^2 + TIJ^2)^1/2 + DJ) / 2 + PE
    Total System Jitter     (TSJ):    0.050ns
    Total Input Jitter      (TIJ):    0.000ns
    Discrete Jitter          (DJ):    0.000ns
    Phase Error              (PE):    0.000ns
  Clock Net Delay (Destination): 1.344ns (routing 0.632ns, distribution 0.712ns)

    Location             Delay type                Incr(ns)  Path(ns)    Netlist Resource(s)
  -------------------------------------------------------------------    -------------------
    W19                                               0.000     0.000 r  rst_sys_n (IN)
                         net (fo=0)                   0.000     0.000    rst_sys_n_IBUF_inst/I
    W19                  INBUF (Prop_INBUF_HPIOB_M_PAD_O)
                                                      0.509     0.509 r  rst_sys_n_IBUF_inst/INBUF_INST/O
                         net (fo=1, routed)           0.000     0.509    rst_sys_n_IBUF_inst/OUT
    W19                  IBUFCTRL (Prop_IBUFCTRL_HPIOB_M_I_O)
                                                      0.000     0.509 r  rst_sys_n_IBUF_inst/IBUFCTRL_INST/O
                         net (fo=24, routed)          1.354     1.863    counter_inst/rst_sys_n
    SLICE_X3Y44          FDCE                                         f  counter_inst/reg_count_reg[5]/CLR  (IS_INVERTED)
  -------------------------------------------------------------------    -------------------

                         (clock clock_system rise edge)
                                                      0.000     0.000 r  
    V23                                               0.000     0.000 r  clk_sys (IN)
                         net (fo=0)                   0.000     0.000    clk_sys_IBUF_inst/I
    V23                  INBUF (Prop_INBUF_HPIOB_M_PAD_O)
                                                      0.252     0.252 r  clk_sys_IBUF_inst/INBUF_INST/O
                         net (fo=1, routed)           0.000     0.252    clk_sys_IBUF_inst/OUT
    V23                  IBUFCTRL (Prop_IBUFCTRL_HPIOB_M_I_O)
                                                      0.000     0.252 r  clk_sys_IBUF_inst/IBUFCTRL_INST/O
                         net (fo=1, routed)           0.309     0.561    clk_sys_IBUF
    BUFGCE_X0Y32         BUFGCE (Prop_BUFCE_BUFGCE_I_O)
                                                      0.024     0.585 r  clk_sys_IBUF_BUFG_inst/O
    X0Y0 (CLOCK_ROOT)    net (fo=24, routed)          1.344     1.928    counter_inst/clk_sys
    SLICE_X3Y44          FDCE                                         r  counter_inst/reg_count_reg[5]/C





Min Delay Paths
--------------------------------------------------------------------------------------
Slack:                    inf
  Source:                 in_button
                            (input port)
  Destination:            reg_state_reg[1]/D
                            (rising edge-triggered cell FDCE clocked by clock_system  {rise@0.000ns fall@5.000ns period=10.000ns})
  Path Group:             (none)
  Path Type:              Hold (Min at Fast Process Corner)
  Data Path Delay:        0.672ns  (logic 0.170ns (25.261%)  route 0.502ns (74.739%))
  Logic Levels:           3  (IBUFCTRL=1 INBUF=1 LUT3=1)
  Clock Path Skew:        1.501ns (DCD - SCD - CPR)
    Destination Clock Delay (DCD):    1.501ns
    Source Clock Delay      (SCD):    0.000ns
    Clock Pessimism Removal (CPR):    -0.000ns
  Clock Net Delay (Destination): 0.969ns (routing 0.433ns, distribution 0.536ns)

    Location             Delay type                Incr(ns)  Path(ns)    Netlist Resource(s)
  -------------------------------------------------------------------    -------------------
    W20                                               0.000     0.000 f  in_button (IN)
                         net (fo=0)                   0.000     0.000    in_button_IBUF_inst/I
    W20                  INBUF (Prop_INBUF_HPIOB_S_PAD_O)
                                                      0.132     0.132 f  in_button_IBUF_inst/INBUF_INST/O
                         net (fo=1, routed)           0.000     0.132    in_button_IBUF_inst/OUT
    W20                  IBUFCTRL (Prop_IBUFCTRL_HPIOB_S_I_O)
                                                      0.000     0.132 f  in_button_IBUF_inst/IBUFCTRL_INST/O
                         net (fo=4, routed)           0.496     0.628    in_button_IBUF
    SLICE_X3Y48          LUT3 (Prop_H5LUT_SLICEL_I1_O)
                                                      0.038     0.666 r  reg_state[1]_i_1/O
                         net (fo=1, routed)           0.006     0.672    reg_next[1]
    SLICE_X3Y48          FDCE                                         r  reg_state_reg[1]/D
  -------------------------------------------------------------------    -------------------

                         (clock clock_system rise edge)
                                                      0.000     0.000 r  
    V23                                               0.000     0.000 r  clk_sys (IN)
                         net (fo=0)                   0.000     0.000    clk_sys_IBUF_inst/I
    V23                  INBUF (Prop_INBUF_HPIOB_M_PAD_O)
                                                      0.322     0.322 r  clk_sys_IBUF_inst/INBUF_INST/O
                         net (fo=1, routed)           0.000     0.322    clk_sys_IBUF_inst/OUT
    V23                  IBUFCTRL (Prop_IBUFCTRL_HPIOB_M_I_O)
                                                      0.000     0.322 r  clk_sys_IBUF_inst/IBUFCTRL_INST/O
                         net (fo=1, routed)           0.191     0.513    clk_sys_IBUF
    BUFGCE_X0Y32         BUFGCE (Prop_BUFCE_BUFGCE_I_O)
                                                      0.019     0.532 r  clk_sys_IBUF_BUFG_inst/O
    X0Y0 (CLOCK_ROOT)    net (fo=24, routed)          0.969     1.501    clk_sys_IBUF_BUFG
    SLICE_X3Y48          FDCE                                         r  reg_state_reg[1]/C

Slack:                    inf
  Source:                 rst_sys_n
                            (input port)
  Destination:            reg_led_reg/CLR
                            (removal check against rising-edge clock clock_system  {rise@0.000ns fall@5.000ns period=10.000ns})
  Path Group:             (none)
  Path Type:              Removal (Min at Fast Process Corner)
  Data Path Delay:        0.674ns  (logic 0.144ns (21.364%)  route 0.530ns (78.636%))
  Logic Levels:           2  (IBUFCTRL=1 INBUF=1)
  Clock Path Skew:        1.497ns (DCD - SCD - CPR)
    Destination Clock Delay (DCD):    1.497ns
    Source Clock Delay      (SCD):    0.000ns
    Clock Pessimism Removal (CPR):    -0.000ns
  Clock Net Delay (Destination): 0.965ns (routing 0.433ns, distribution 0.532ns)

    Location             Delay type                Incr(ns)  Path(ns)    Netlist Resource(s)
  -------------------------------------------------------------------    -------------------
    W19                                               0.000     0.000 r  rst_sys_n (IN)
                         net (fo=0)                   0.000     0.000    rst_sys_n_IBUF_inst/I
    W19                  INBUF (Prop_INBUF_HPIOB_M_PAD_O)
                                                      0.144     0.144 r  rst_sys_n_IBUF_inst/INBUF_INST/O
                         net (fo=1, routed)           0.000     0.144    rst_sys_n_IBUF_inst/OUT
    W19                  IBUFCTRL (Prop_IBUFCTRL_HPIOB_M_I_O)
                                                      0.000     0.144 r  rst_sys_n_IBUF_inst/IBUFCTRL_INST/O
                         net (fo=24, routed)          0.530     0.674    rst_sys_n_IBUF
    SLICE_X3Y48          FDCE                                         f  reg_led_reg/CLR  (IS_INVERTED)
  -------------------------------------------------------------------    -------------------

                         (clock clock_system rise edge)
                                                      0.000     0.000 r  
    V23                                               0.000     0.000 r  clk_sys (IN)
                         net (fo=0)                   0.000     0.000    clk_sys_IBUF_inst/I
    V23                  INBUF (Prop_INBUF_HPIOB_M_PAD_O)
                                                      0.322     0.322 r  clk_sys_IBUF_inst/INBUF_INST/O
                         net (fo=1, routed)           0.000     0.322    clk_sys_IBUF_inst/OUT
    V23                  IBUFCTRL (Prop_IBUFCTRL_HPIOB_M_I_O)
                                                      0.000     0.322 r  clk_sys_IBUF_inst/IBUFCTRL_INST/O
                         net (fo=1, routed)           0.191     0.513    clk_sys_IBUF
    BUFGCE_X0Y32         BUFGCE (Prop_BUFCE_BUFGCE_I_O)
                                                      0.019     0.532 r  clk_sys_IBUF_BUFG_inst/O
    X0Y0 (CLOCK_ROOT)    net (fo=24, routed)          0.965     1.497    clk_sys_IBUF_BUFG
    SLICE_X3Y48          FDCE                                         r  reg_led_reg/C

Slack:                    inf
  Source:                 rst_sys_n
                            (input port)
  Destination:            reg_output_reg/CLR
                            (removal check against rising-edge clock clock_system  {rise@0.000ns fall@5.000ns period=10.000ns})
  Path Group:             (none)
  Path Type:              Removal (Min at Fast Process Corner)
  Data Path Delay:        0.674ns  (logic 0.144ns (21.364%)  route 0.530ns (78.636%))
  Logic Levels:           2  (IBUFCTRL=1 INBUF=1)
  Clock Path Skew:        1.497ns (DCD - SCD - CPR)
    Destination Clock Delay (DCD):    1.497ns
    Source Clock Delay      (SCD):    0.000ns
    Clock Pessimism Removal (CPR):    -0.000ns
  Clock Net Delay (Destination): 0.965ns (routing 0.433ns, distribution 0.532ns)

    Location             Delay type                Incr(ns)  Path(ns)    Netlist Resource(s)
  -------------------------------------------------------------------    -------------------
    W19                                               0.000     0.000 r  rst_sys_n (IN)
                         net (fo=0)                   0.000     0.000    rst_sys_n_IBUF_inst/I
    W19                  INBUF (Prop_INBUF_HPIOB_M_PAD_O)
                                                      0.144     0.144 r  rst_sys_n_IBUF_inst/INBUF_INST/O
                         net (fo=1, routed)           0.000     0.144    rst_sys_n_IBUF_inst/OUT
    W19                  IBUFCTRL (Prop_IBUFCTRL_HPIOB_M_I_O)
                                                      0.000     0.144 r  rst_sys_n_IBUF_inst/IBUFCTRL_INST/O
                         net (fo=24, routed)          0.530     0.674    rst_sys_n_IBUF
    SLICE_X3Y48          FDCE                                         f  reg_output_reg/CLR  (IS_INVERTED)
  -------------------------------------------------------------------    -------------------

                         (clock clock_system rise edge)
                                                      0.000     0.000 r  
    V23                                               0.000     0.000 r  clk_sys (IN)
                         net (fo=0)                   0.000     0.000    clk_sys_IBUF_inst/I
    V23                  INBUF (Prop_INBUF_HPIOB_M_PAD_O)
                                                      0.322     0.322 r  clk_sys_IBUF_inst/INBUF_INST/O
                         net (fo=1, routed)           0.000     0.322    clk_sys_IBUF_inst/OUT
    V23                  IBUFCTRL (Prop_IBUFCTRL_HPIOB_M_I_O)
                                                      0.000     0.322 r  clk_sys_IBUF_inst/IBUFCTRL_INST/O
                         net (fo=1, routed)           0.191     0.513    clk_sys_IBUF
    BUFGCE_X0Y32         BUFGCE (Prop_BUFCE_BUFGCE_I_O)
                                                      0.019     0.532 r  clk_sys_IBUF_BUFG_inst/O
    X0Y0 (CLOCK_ROOT)    net (fo=24, routed)          0.965     1.497    clk_sys_IBUF_BUFG
    SLICE_X3Y48          FDCE                                         r  reg_output_reg/C

Slack:                    inf
  Source:                 rst_sys_n
                            (input port)
  Destination:            reg_state_reg[0]/CLR
                            (removal check against rising-edge clock clock_system  {rise@0.000ns fall@5.000ns period=10.000ns})
  Path Group:             (none)
  Path Type:              Removal (Min at Fast Process Corner)
  Data Path Delay:        0.674ns  (logic 0.144ns (21.364%)  route 0.530ns (78.636%))
  Logic Levels:           2  (IBUFCTRL=1 INBUF=1)
  Clock Path Skew:        1.501ns (DCD - SCD - CPR)
    Destination Clock Delay (DCD):    1.501ns
    Source Clock Delay      (SCD):    0.000ns
    Clock Pessimism Removal (CPR):    -0.000ns
  Clock Net Delay (Destination): 0.969ns (routing 0.433ns, distribution 0.536ns)

    Location             Delay type                Incr(ns)  Path(ns)    Netlist Resource(s)
  -------------------------------------------------------------------    -------------------
    W19                                               0.000     0.000 r  rst_sys_n (IN)
                         net (fo=0)                   0.000     0.000    rst_sys_n_IBUF_inst/I
    W19                  INBUF (Prop_INBUF_HPIOB_M_PAD_O)
                                                      0.144     0.144 r  rst_sys_n_IBUF_inst/INBUF_INST/O
                         net (fo=1, routed)           0.000     0.144    rst_sys_n_IBUF_inst/OUT
    W19                  IBUFCTRL (Prop_IBUFCTRL_HPIOB_M_I_O)
                                                      0.000     0.144 r  rst_sys_n_IBUF_inst/IBUFCTRL_INST/O
                         net (fo=24, routed)          0.530     0.674    rst_sys_n_IBUF
    SLICE_X3Y48          FDCE                                         f  reg_state_reg[0]/CLR  (IS_INVERTED)
  -------------------------------------------------------------------    -------------------

                         (clock clock_system rise edge)
                                                      0.000     0.000 r  
    V23                                               0.000     0.000 r  clk_sys (IN)
                         net (fo=0)                   0.000     0.000    clk_sys_IBUF_inst/I
    V23                  INBUF (Prop_INBUF_HPIOB_M_PAD_O)
                                                      0.322     0.322 r  clk_sys_IBUF_inst/INBUF_INST/O
                         net (fo=1, routed)           0.000     0.322    clk_sys_IBUF_inst/OUT
    V23                  IBUFCTRL (Prop_IBUFCTRL_HPIOB_M_I_O)
                                                      0.000     0.322 r  clk_sys_IBUF_inst/IBUFCTRL_INST/O
                         net (fo=1, routed)           0.191     0.513    clk_sys_IBUF
    BUFGCE_X0Y32         BUFGCE (Prop_BUFCE_BUFGCE_I_O)
                                                      0.019     0.532 r  clk_sys_IBUF_BUFG_inst/O
    X0Y0 (CLOCK_ROOT)    net (fo=24, routed)          0.969     1.501    clk_sys_IBUF_BUFG
    SLICE_X3Y48          FDCE                                         r  reg_state_reg[0]/C

Slack:                    inf
  Source:                 rst_sys_n
                            (input port)
  Destination:            reg_state_reg[1]/CLR
                            (removal check against rising-edge clock clock_system  {rise@0.000ns fall@5.000ns period=10.000ns})
  Path Group:             (none)
  Path Type:              Removal (Min at Fast Process Corner)
  Data Path Delay:        0.674ns  (logic 0.144ns (21.364%)  route 0.530ns (78.636%))
  Logic Levels:           2  (IBUFCTRL=1 INBUF=1)
  Clock Path Skew:        1.501ns (DCD - SCD - CPR)
    Destination Clock Delay (DCD):    1.501ns
    Source Clock Delay      (SCD):    0.000ns
    Clock Pessimism Removal (CPR):    -0.000ns
  Clock Net Delay (Destination): 0.969ns (routing 0.433ns, distribution 0.536ns)

    Location             Delay type                Incr(ns)  Path(ns)    Netlist Resource(s)
  -------------------------------------------------------------------    -------------------
    W19                                               0.000     0.000 r  rst_sys_n (IN)
                         net (fo=0)                   0.000     0.000    rst_sys_n_IBUF_inst/I
    W19                  INBUF (Prop_INBUF_HPIOB_M_PAD_O)
                                                      0.144     0.144 r  rst_sys_n_IBUF_inst/INBUF_INST/O
                         net (fo=1, routed)           0.000     0.144    rst_sys_n_IBUF_inst/OUT
    W19                  IBUFCTRL (Prop_IBUFCTRL_HPIOB_M_I_O)
                                                      0.000     0.144 r  rst_sys_n_IBUF_inst/IBUFCTRL_INST/O
                         net (fo=24, routed)          0.530     0.674    rst_sys_n_IBUF
    SLICE_X3Y48          FDCE                                         f  reg_state_reg[1]/CLR  (IS_INVERTED)
  -------------------------------------------------------------------    -------------------

                         (clock clock_system rise edge)
                                                      0.000     0.000 r  
    V23                                               0.000     0.000 r  clk_sys (IN)
                         net (fo=0)                   0.000     0.000    clk_sys_IBUF_inst/I
    V23                  INBUF (Prop_INBUF_HPIOB_M_PAD_O)
                                                      0.322     0.322 r  clk_sys_IBUF_inst/INBUF_INST/O
                         net (fo=1, routed)           0.000     0.322    clk_sys_IBUF_inst/OUT
    V23                  IBUFCTRL (Prop_IBUFCTRL_HPIOB_M_I_O)
                                                      0.000     0.322 r  clk_sys_IBUF_inst/IBUFCTRL_INST/O
                         net (fo=1, routed)           0.191     0.513    clk_sys_IBUF
    BUFGCE_X0Y32         BUFGCE (Prop_BUFCE_BUFGCE_I_O)
                                                      0.019     0.532 r  clk_sys_IBUF_BUFG_inst/O
    X0Y0 (CLOCK_ROOT)    net (fo=24, routed)          0.969     1.501    clk_sys_IBUF_BUFG
    SLICE_X3Y48          FDCE                                         r  reg_state_reg[1]/C

Slack:                    inf
  Source:                 in_button
                            (input port)
  Destination:            reg_state_reg[0]/D
                            (rising edge-triggered cell FDCE clocked by clock_system  {rise@0.000ns fall@5.000ns period=10.000ns})
  Path Group:             (none)
  Path Type:              Hold (Min at Fast Process Corner)
  Data Path Delay:        0.686ns  (logic 0.173ns (25.183%)  route 0.513ns (74.817%))
  Logic Levels:           3  (IBUFCTRL=1 INBUF=1 LUT3=1)
  Clock Path Skew:        1.501ns (DCD - SCD - CPR)
    Destination Clock Delay (DCD):    1.501ns
    Source Clock Delay      (SCD):    0.000ns
    Clock Pessimism Removal (CPR):    -0.000ns
  Clock Net Delay (Destination): 0.969ns (routing 0.433ns, distribution 0.536ns)

    Location             Delay type                Incr(ns)  Path(ns)    Netlist Resource(s)
  -------------------------------------------------------------------    -------------------
    W20                                               0.000     0.000 f  in_button (IN)
                         net (fo=0)                   0.000     0.000    in_button_IBUF_inst/I
    W20                  INBUF (Prop_INBUF_HPIOB_S_PAD_O)
                                                      0.132     0.132 f  in_button_IBUF_inst/INBUF_INST/O
                         net (fo=1, routed)           0.000     0.132    in_button_IBUF_inst/OUT
    W20                  IBUFCTRL (Prop_IBUFCTRL_HPIOB_S_I_O)
                                                      0.000     0.132 f  in_button_IBUF_inst/IBUFCTRL_INST/O
                         net (fo=4, routed)           0.496     0.628    in_button_IBUF
    SLICE_X3Y48          LUT3 (Prop_H6LUT_SLICEL_I2_O)
                                                      0.041     0.669 r  reg_state[0]_i_1/O
                         net (fo=1, routed)           0.017     0.686    reg_next[0]
    SLICE_X3Y48          FDCE                                         r  reg_state_reg[0]/D
  -------------------------------------------------------------------    -------------------

                         (clock clock_system rise edge)
                                                      0.000     0.000 r  
    V23                                               0.000     0.000 r  clk_sys (IN)
                         net (fo=0)                   0.000     0.000    clk_sys_IBUF_inst/I
    V23                  INBUF (Prop_INBUF_HPIOB_M_PAD_O)
                                                      0.322     0.322 r  clk_sys_IBUF_inst/INBUF_INST/O
                         net (fo=1, routed)           0.000     0.322    clk_sys_IBUF_inst/OUT
    V23                  IBUFCTRL (Prop_IBUFCTRL_HPIOB_M_I_O)
                                                      0.000     0.322 r  clk_sys_IBUF_inst/IBUFCTRL_INST/O
                         net (fo=1, routed)           0.191     0.513    clk_sys_IBUF
    BUFGCE_X0Y32         BUFGCE (Prop_BUFCE_BUFGCE_I_O)
                                                      0.019     0.532 r  clk_sys_IBUF_BUFG_inst/O
    X0Y0 (CLOCK_ROOT)    net (fo=24, routed)          0.969     1.501    clk_sys_IBUF_BUFG
    SLICE_X3Y48          FDCE                                         r  reg_state_reg[0]/C

Slack:                    inf
  Source:                 in_button
                            (input port)
  Destination:            reg_led_reg/D
                            (rising edge-triggered cell FDCE clocked by clock_system  {rise@0.000ns fall@5.000ns period=10.000ns})
  Path Group:             (none)
  Path Type:              Hold (Min at Fast Process Corner)
  Data Path Delay:        0.695ns  (logic 0.189ns (27.159%)  route 0.506ns (72.841%))
  Logic Levels:           3  (IBUFCTRL=1 INBUF=1 LUT5=1)
  Clock Path Skew:        1.497ns (DCD - SCD - CPR)
    Destination Clock Delay (DCD):    1.497ns
    Source Clock Delay      (SCD):    0.000ns
    Clock Pessimism Removal (CPR):    -0.000ns
  Clock Net Delay (Destination): 0.965ns (routing 0.433ns, distribution 0.532ns)

    Location             Delay type                Incr(ns)  Path(ns)    Netlist Resource(s)
  -------------------------------------------------------------------    -------------------
    W20                                               0.000     0.000 r  in_button (IN)
                         net (fo=0)                   0.000     0.000    in_button_IBUF_inst/I
    W20                  INBUF (Prop_INBUF_HPIOB_S_PAD_O)
                                                      0.132     0.132 r  in_button_IBUF_inst/INBUF_INST/O
                         net (fo=1, routed)           0.000     0.132    in_button_IBUF_inst/OUT
    W20                  IBUFCTRL (Prop_IBUFCTRL_HPIOB_S_I_O)
                                                      0.000     0.132 r  in_button_IBUF_inst/IBUFCTRL_INST/O
                         net (fo=4, routed)           0.500     0.632    in_button_IBUF
    SLICE_X3Y48          LUT5 (Prop_D5LUT_SLICEL_I1_O)
                                                      0.057     0.689 r  reg_led_i_1/O
                         net (fo=1, routed)           0.006     0.695    reg_led_i_1_n_0
    SLICE_X3Y48          FDCE                                         r  reg_led_reg/D
  -------------------------------------------------------------------    -------------------

                         (clock clock_system rise edge)
                                                      0.000     0.000 r  
    V23                                               0.000     0.000 r  clk_sys (IN)
                         net (fo=0)                   0.000     0.000    clk_sys_IBUF_inst/I
    V23                  INBUF (Prop_INBUF_HPIOB_M_PAD_O)
                                                      0.322     0.322 r  clk_sys_IBUF_inst/INBUF_INST/O
                         net (fo=1, routed)           0.000     0.322    clk_sys_IBUF_inst/OUT
    V23                  IBUFCTRL (Prop_IBUFCTRL_HPIOB_M_I_O)
                                                      0.000     0.322 r  clk_sys_IBUF_inst/IBUFCTRL_INST/O
                         net (fo=1, routed)           0.191     0.513    clk_sys_IBUF
    BUFGCE_X0Y32         BUFGCE (Prop_BUFCE_BUFGCE_I_O)
                                                      0.019     0.532 r  clk_sys_IBUF_BUFG_inst/O
    X0Y0 (CLOCK_ROOT)    net (fo=24, routed)          0.965     1.497    clk_sys_IBUF_BUFG
    SLICE_X3Y48          FDCE                                         r  reg_led_reg/C

Slack:                    inf
  Source:                 in_button
                            (input port)
  Destination:            reg_output_reg/D
                            (rising edge-triggered cell FDCE clocked by clock_system  {rise@0.000ns fall@5.000ns period=10.000ns})
  Path Group:             (none)
  Path Type:              Hold (Min at Fast Process Corner)
  Data Path Delay:        0.697ns  (logic 0.189ns (27.081%)  route 0.508ns (72.919%))
  Logic Levels:           3  (IBUFCTRL=1 INBUF=1 LUT4=1)
  Clock Path Skew:        1.497ns (DCD - SCD - CPR)
    Destination Clock Delay (DCD):    1.497ns
    Source Clock Delay      (SCD):    0.000ns
    Clock Pessimism Removal (CPR):    -0.000ns
  Clock Net Delay (Destination): 0.965ns (routing 0.433ns, distribution 0.532ns)

    Location             Delay type                Incr(ns)  Path(ns)    Netlist Resource(s)
  -------------------------------------------------------------------    -------------------
    W20                                               0.000     0.000 r  in_button (IN)
                         net (fo=0)                   0.000     0.000    in_button_IBUF_inst/I
    W20                  INBUF (Prop_INBUF_HPIOB_S_PAD_O)
                                                      0.132     0.132 r  in_button_IBUF_inst/INBUF_INST/O
                         net (fo=1, routed)           0.000     0.132    in_button_IBUF_inst/OUT
    W20                  IBUFCTRL (Prop_IBUFCTRL_HPIOB_S_I_O)
                                                      0.000     0.132 r  in_button_IBUF_inst/IBUFCTRL_INST/O
                         net (fo=4, routed)           0.502     0.634    in_button_IBUF
    SLICE_X3Y48          LUT4 (Prop_C5LUT_SLICEL_I2_O)
                                                      0.057     0.691 r  reg_output_i_1/O
                         net (fo=1, routed)           0.006     0.697    is_entering_up_state
    SLICE_X3Y48          FDCE                                         r  reg_output_reg/D
  -------------------------------------------------------------------    -------------------

                         (clock clock_system rise edge)
                                                      0.000     0.000 r  
    V23                                               0.000     0.000 r  clk_sys (IN)
                         net (fo=0)                   0.000     0.000    clk_sys_IBUF_inst/I
    V23                  INBUF (Prop_INBUF_HPIOB_M_PAD_O)
                                                      0.322     0.322 r  clk_sys_IBUF_inst/INBUF_INST/O
                         net (fo=1, routed)           0.000     0.322    clk_sys_IBUF_inst/OUT
    V23                  IBUFCTRL (Prop_IBUFCTRL_HPIOB_M_I_O)
                                                      0.000     0.322 r  clk_sys_IBUF_inst/IBUFCTRL_INST/O
                         net (fo=1, routed)           0.191     0.513    clk_sys_IBUF
    BUFGCE_X0Y32         BUFGCE (Prop_BUFCE_BUFGCE_I_O)
                                                      0.019     0.532 r  clk_sys_IBUF_BUFG_inst/O
    X0Y0 (CLOCK_ROOT)    net (fo=24, routed)          0.965     1.497    clk_sys_IBUF_BUFG
    SLICE_X3Y48          FDCE                                         r  reg_output_reg/C

Slack:                    inf
  Source:                 rst_sys_n
                            (input port)
  Destination:            counter_inst/reg_count_reg[14]/CLR
                            (removal check against rising-edge clock clock_system  {rise@0.000ns fall@5.000ns period=10.000ns})
  Path Group:             (none)
  Path Type:              Removal (Min at Fast Process Corner)
  Data Path Delay:        0.705ns  (logic 0.144ns (20.421%)  route 0.561ns (79.579%))
  Logic Levels:           2  (IBUFCTRL=1 INBUF=1)
  Clock Path Skew:        1.499ns (DCD - SCD - CPR)
    Destination Clock Delay (DCD):    1.499ns
    Source Clock Delay      (SCD):    0.000ns
    Clock Pessimism Removal (CPR):    -0.000ns
  Clock Net Delay (Destination): 0.967ns (routing 0.433ns, distribution 0.534ns)

    Location             Delay type                Incr(ns)  Path(ns)    Netlist Resource(s)
  -------------------------------------------------------------------    -------------------
    W19                                               0.000     0.000 r  rst_sys_n (IN)
                         net (fo=0)                   0.000     0.000    rst_sys_n_IBUF_inst/I
    W19                  INBUF (Prop_INBUF_HPIOB_M_PAD_O)
                                                      0.144     0.144 r  rst_sys_n_IBUF_inst/INBUF_INST/O
                         net (fo=1, routed)           0.000     0.144    rst_sys_n_IBUF_inst/OUT
    W19                  IBUFCTRL (Prop_IBUFCTRL_HPIOB_M_I_O)
                                                      0.000     0.144 r  rst_sys_n_IBUF_inst/IBUFCTRL_INST/O
                         net (fo=24, routed)          0.561     0.705    counter_inst/rst_sys_n
    SLICE_X4Y47          FDCE                                         f  counter_inst/reg_count_reg[14]/CLR  (IS_INVERTED)
  -------------------------------------------------------------------    -------------------

                         (clock clock_system rise edge)
                                                      0.000     0.000 r  
    V23                                               0.000     0.000 r  clk_sys (IN)
                         net (fo=0)                   0.000     0.000    clk_sys_IBUF_inst/I
    V23                  INBUF (Prop_INBUF_HPIOB_M_PAD_O)
                                                      0.322     0.322 r  clk_sys_IBUF_inst/INBUF_INST/O
                         net (fo=1, routed)           0.000     0.322    clk_sys_IBUF_inst/OUT
    V23                  IBUFCTRL (Prop_IBUFCTRL_HPIOB_M_I_O)
                                                      0.000     0.322 r  clk_sys_IBUF_inst/IBUFCTRL_INST/O
                         net (fo=1, routed)           0.191     0.513    clk_sys_IBUF
    BUFGCE_X0Y32         BUFGCE (Prop_BUFCE_BUFGCE_I_O)
                                                      0.019     0.532 r  clk_sys_IBUF_BUFG_inst/O
    X0Y0 (CLOCK_ROOT)    net (fo=24, routed)          0.967     1.499    counter_inst/clk_sys
    SLICE_X4Y47          FDCE                                         r  counter_inst/reg_count_reg[14]/C

Slack:                    inf
  Source:                 rst_sys_n
                            (input port)
  Destination:            counter_inst/reg_count_reg[15]/CLR
                            (removal check against rising-edge clock clock_system  {rise@0.000ns fall@5.000ns period=10.000ns})
  Path Group:             (none)
  Path Type:              Removal (Min at Fast Process Corner)
  Data Path Delay:        0.705ns  (logic 0.144ns (20.421%)  route 0.561ns (79.579%))
  Logic Levels:           2  (IBUFCTRL=1 INBUF=1)
  Clock Path Skew:        1.499ns (DCD - SCD - CPR)
    Destination Clock Delay (DCD):    1.499ns
    Source Clock Delay      (SCD):    0.000ns
    Clock Pessimism Removal (CPR):    -0.000ns
  Clock Net Delay (Destination): 0.967ns (routing 0.433ns, distribution 0.534ns)

    Location             Delay type                Incr(ns)  Path(ns)    Netlist Resource(s)
  -------------------------------------------------------------------    -------------------
    W19                                               0.000     0.000 r  rst_sys_n (IN)
                         net (fo=0)                   0.000     0.000    rst_sys_n_IBUF_inst/I
    W19                  INBUF (Prop_INBUF_HPIOB_M_PAD_O)
                                                      0.144     0.144 r  rst_sys_n_IBUF_inst/INBUF_INST/O
                         net (fo=1, routed)           0.000     0.144    rst_sys_n_IBUF_inst/OUT
    W19                  IBUFCTRL (Prop_IBUFCTRL_HPIOB_M_I_O)
                                                      0.000     0.144 r  rst_sys_n_IBUF_inst/IBUFCTRL_INST/O
                         net (fo=24, routed)          0.561     0.705    counter_inst/rst_sys_n
    SLICE_X4Y47          FDCE                                         f  counter_inst/reg_count_reg[15]/CLR  (IS_INVERTED)
  -------------------------------------------------------------------    -------------------

                         (clock clock_system rise edge)
                                                      0.000     0.000 r  
    V23                                               0.000     0.000 r  clk_sys (IN)
                         net (fo=0)                   0.000     0.000    clk_sys_IBUF_inst/I
    V23                  INBUF (Prop_INBUF_HPIOB_M_PAD_O)
                                                      0.322     0.322 r  clk_sys_IBUF_inst/INBUF_INST/O
                         net (fo=1, routed)           0.000     0.322    clk_sys_IBUF_inst/OUT
    V23                  IBUFCTRL (Prop_IBUFCTRL_HPIOB_M_I_O)
                                                      0.000     0.322 r  clk_sys_IBUF_inst/IBUFCTRL_INST/O
                         net (fo=1, routed)           0.191     0.513    clk_sys_IBUF
    BUFGCE_X0Y32         BUFGCE (Prop_BUFCE_BUFGCE_I_O)
                                                      0.019     0.532 r  clk_sys_IBUF_BUFG_inst/O
    X0Y0 (CLOCK_ROOT)    net (fo=24, routed)          0.967     1.499    counter_inst/clk_sys
    SLICE_X4Y47          FDCE                                         r  counter_inst/reg_count_reg[15]/C





