Copyright 1986-2020 Xilinx, Inc. All Rights Reserved.
-------------------------------------------------------------------------------------------------------------------------------------------------------------------------------------
| Tool Version      : Vivado v.2020.2 (win64) Build 3064766 Wed Nov 18 09:12:45 MST 2020
| Date              : Fri Aug 29 12:10:55 2025
| Host              : DESKTOP-IMB8E6N running 64-bit major release  (build 9200)
| Command           : report_timing_summary -max_paths 10 -file top_timing_summary_routed.rpt -pb top_timing_summary_routed.pb -rpx top_timing_summary_routed.rpx -warn_on_violation
| Design            : top
| Device            : xcku5p-ffvb676
| Speed File        : -2  PRODUCTION 1.28 02-27-2020
| Temperature Grade : I
-------------------------------------------------------------------------------------------------------------------------------------------------------------------------------------

Timing Summary Report

------------------------------------------------------------------------------------------------
| Timer Settings
| --------------
------------------------------------------------------------------------------------------------

  Enable Multi Corner Analysis               :  Yes
  Enable Pessimism Removal                   :  Yes
  Pessimism Removal Resolution               :  Nearest Common Node
  Enable Input Delay Default Clock           :  No
  Enable Preset / Clear Arcs                 :  No
  Disable Flight Delays                      :  No
  Ignore I/O Paths                           :  No
  Timing Early Launch at Borrowing Latches   :  No
  Borrow Time for Max Delay Exceptions       :  Yes
  Merge Timing Exceptions                    :  Yes

  Corner  Analyze    Analyze    
  Name    Max Paths  Min Paths  
  ------  ---------  ---------  
  Slow    Yes        Yes        
  Fast    Yes        Yes        



check_timing report

Table of Contents
-----------------
1. checking no_clock (0)
2. checking constant_clock (0)
3. checking pulse_width_clock (0)
4. checking unconstrained_internal_endpoints (0)
5. checking no_input_delay (2)
6. checking no_output_delay (1)
7. checking multiple_clock (0)
8. checking generated_clocks (0)
9. checking loops (0)
10. checking partial_input_delay (0)
11. checking partial_output_delay (0)
12. checking latch_loops (0)

1. checking no_clock (0)
------------------------
 There are 0 register/latch pins with no clock.


2. checking constant_clock (0)
------------------------------
 There are 0 register/latch pins with constant_clock.


3. checking pulse_width_clock (0)
---------------------------------
 There are 0 register/latch pins which need pulse_width check


4. checking unconstrained_internal_endpoints (0)
------------------------------------------------
 There are 0 pins that are not constrained for maximum delay.

 There are 0 pins that are not constrained for maximum delay due to constant clock.


5. checking no_input_delay (2)
------------------------------
 There are 2 input ports with no input delay specified. (HIGH)

 There are 0 input ports with no input delay but user has a false path constraint.


6. checking no_output_delay (1)
-------------------------------
 There is 1 port with no output delay specified. (HIGH)

 There are 0 ports with no output delay but user has a false path constraint

 There are 0 ports with no output delay but with a timing clock defined on it or propagating through it


7. checking multiple_clock (0)
------------------------------
 There are 0 register/latch pins with multiple clocks.


8. checking generated_clocks (0)
--------------------------------
 There are 0 generated clocks that are not connected to a clock source.


9. checking loops (0)
---------------------
 There are 0 combinational loops in the design.


10. checking partial_input_delay (0)
------------------------------------
 There are 0 input ports with partial input delay specified.


11. checking partial_output_delay (0)
-------------------------------------
 There are 0 ports with partial output delay specified.


12. checking latch_loops (0)
----------------------------
 There are 0 combinational latch loops in the design through latch input



------------------------------------------------------------------------------------------------
| Design Timing Summary
| ---------------------
------------------------------------------------------------------------------------------------

    WNS(ns)      TNS(ns)  TNS Failing Endpoints  TNS Total Endpoints      WHS(ns)      THS(ns)  THS Failing Endpoints  THS Total Endpoints     WPWS(ns)     TPWS(ns)  TPWS Failing Endpoints  TPWS Total Endpoints  
    -------      -------  ---------------------  -------------------      -------      -------  ---------------------  -------------------     --------     --------  ----------------------  --------------------  
      8.498        0.000                      0                   76        0.042        0.000                      0                   76        4.725        0.000                       0                    68  


All user specified timing constraints are met.


------------------------------------------------------------------------------------------------
| Clock Summary
| -------------
------------------------------------------------------------------------------------------------

Clock         Waveform(ns)       Period(ns)      Frequency(MHz)
-----         ------------       ----------      --------------
clock_system  {0.000 5.000}      10.000          100.000         


------------------------------------------------------------------------------------------------
| Intra Clock Table
| -----------------
------------------------------------------------------------------------------------------------

Clock             WNS(ns)      TNS(ns)  TNS Failing Endpoints  TNS Total Endpoints      WHS(ns)      THS(ns)  THS Failing Endpoints  THS Total Endpoints     WPWS(ns)     TPWS(ns)  TPWS Failing Endpoints  TPWS Total Endpoints  
-----             -------      -------  ---------------------  -------------------      -------      -------  ---------------------  -------------------     --------     --------  ----------------------  --------------------  
clock_system        8.498        0.000                      0                   76        0.042        0.000                      0                   76        4.725        0.000                       0                    68  


------------------------------------------------------------------------------------------------
| Inter Clock Table
| -----------------
------------------------------------------------------------------------------------------------

From Clock    To Clock          WNS(ns)      TNS(ns)  TNS Failing Endpoints  TNS Total Endpoints      WHS(ns)      THS(ns)  THS Failing Endpoints  THS Total Endpoints  
----------    --------          -------      -------  ---------------------  -------------------      -------      -------  ---------------------  -------------------  


------------------------------------------------------------------------------------------------
| Other Path Groups Table
| -----------------------
------------------------------------------------------------------------------------------------

Path Group    From Clock    To Clock          WNS(ns)      TNS(ns)  TNS Failing Endpoints  TNS Total Endpoints      WHS(ns)      THS(ns)  THS Failing Endpoints  THS Total Endpoints  
----------    ----------    --------          -------      -------  ---------------------  -------------------      -------      -------  ---------------------  -------------------  


------------------------------------------------------------------------------------------------
| Timing Details
| --------------
------------------------------------------------------------------------------------------------


---------------------------------------------------------------------------------------------------
From Clock:  clock_system
  To Clock:  clock_system

Setup :            0  Failing Endpoints,  Worst Slack        8.498ns,  Total Violation        0.000ns
Hold  :            0  Failing Endpoints,  Worst Slack        0.042ns,  Total Violation        0.000ns
PW    :            0  Failing Endpoints,  Worst Slack        4.725ns,  Total Violation        0.000ns
---------------------------------------------------------------------------------------------------


Max Delay Paths
--------------------------------------------------------------------------------------
Slack (MET) :             8.498ns  (required time - arrival time)
  Source:                 pwm_generate_inst/counter_20_ms_inst/reg_count_reg[12]/C
                            (rising edge-triggered cell FDCE clocked by clock_system  {rise@0.000ns fall@5.000ns period=10.000ns})
  Destination:            pwm_generate_inst/reg_out_pwm_reg/CE
                            (rising edge-triggered cell FDCE clocked by clock_system  {rise@0.000ns fall@5.000ns period=10.000ns})
  Path Group:             clock_system
  Path Type:              Setup (Max at Slow Process Corner)
  Requirement:            10.000ns  (clock_system rise@10.000ns - clock_system rise@0.000ns)
  Data Path Delay:        1.321ns  (logic 0.503ns (38.077%)  route 0.818ns (61.923%))
  Logic Levels:           3  (LUT4=1 LUT5=1 LUT6=1)
  Clock Path Skew:        -0.085ns (DCD - SCD + CPR)
    Destination Clock Delay (DCD):    1.457ns = ( 11.457 - 10.000 ) 
    Source Clock Delay      (SCD):    1.707ns
    Clock Pessimism Removal (CPR):    0.164ns
  Clock Uncertainty:      0.035ns  ((TSJ^2 + TIJ^2)^1/2 + DJ) / 2 + PE
    Total System Jitter     (TSJ):    0.071ns
    Total Input Jitter      (TIJ):    0.000ns
    Discrete Jitter          (DJ):    0.000ns
    Phase Error              (PE):    0.000ns
  Clock Net Delay (Source):      0.812ns (routing 0.001ns, distribution 0.811ns)
  Clock Net Delay (Destination): 0.711ns (routing 0.001ns, distribution 0.710ns)

    Location             Delay type                Incr(ns)  Path(ns)    Netlist Resource(s)
  -------------------------------------------------------------------    -------------------
                         (clock clock_system rise edge)
                                                      0.000     0.000 r  
    V24                                               0.000     0.000 r  clk_sys_p (IN)
                         net (fo=0)                   0.000     0.000    clk_differ_to_single/I
    HPIOBDIFFINBUF_X0Y35 DIFFINBUF (Prop_DIFFINBUF_HPIOBDIFFINBUF_DIFF_IN_P_O)
                                                      0.469     0.469 r  clk_differ_to_single/DIFFINBUF_INST/O
                         net (fo=1, routed)           0.050     0.519    clk_differ_to_single/OUT
    V24                  IBUFCTRL (Prop_IBUFCTRL_HPIOB_M_I_O)
                                                      0.000     0.519 r  clk_differ_to_single/IBUFCTRL_INST/O
                         net (fo=1, routed)           0.348     0.867    clk_sys
    BUFGCE_X0Y32         BUFGCE (Prop_BUFCE_BUFGCE_I_O)
                                                      0.028     0.895 r  clk_sys_BUFG_inst/O
    X0Y1 (CLOCK_ROOT)    net (fo=67, routed)          0.812     1.707    pwm_generate_inst/counter_20_ms_inst/CLK
    SLICE_X22Y78         FDCE                                         r  pwm_generate_inst/counter_20_ms_inst/reg_count_reg[12]/C
  -------------------------------------------------------------------    -------------------
    SLICE_X22Y78         FDCE (Prop_DFF2_SLICEL_C_Q)
                                                      0.081     1.788 f  pwm_generate_inst/counter_20_ms_inst/reg_count_reg[12]/Q
                         net (fo=2, routed)           0.152     1.940    pwm_generate_inst/counter_20_ms_inst/reg_count[12]
    SLICE_X22Y78         LUT5 (Prop_B6LUT_SLICEL_I2_O)
                                                      0.148     2.088 f  pwm_generate_inst/counter_20_ms_inst/reg_count[20]_i_6/O
                         net (fo=1, routed)           0.243     2.331    pwm_generate_inst/counter_20_ms_inst/reg_count[20]_i_6_n_0
    SLICE_X21Y79         LUT6 (Prop_H6LUT_SLICEM_I3_O)
                                                      0.152     2.483 r  pwm_generate_inst/counter_20_ms_inst/reg_count[20]_i_2/O
                         net (fo=26, routed)          0.117     2.600    pwm_generate_inst/counter_20_ms_inst/flag_20_ms
    SLICE_X20Y79         LUT4 (Prop_D6LUT_SLICEM_I0_O)
                                                      0.122     2.722 r  pwm_generate_inst/counter_20_ms_inst/reg_out_pwm_i_1/O
                         net (fo=1, routed)           0.306     3.028    pwm_generate_inst/counter_20_ms_inst_n_4
    SLICE_X19Y79         FDCE                                         r  pwm_generate_inst/reg_out_pwm_reg/CE
  -------------------------------------------------------------------    -------------------

                         (clock clock_system rise edge)
                                                     10.000    10.000 r  
    V24                                               0.000    10.000 r  clk_sys_p (IN)
                         net (fo=0)                   0.000    10.000    clk_differ_to_single/I
    HPIOBDIFFINBUF_X0Y35 DIFFINBUF (Prop_DIFFINBUF_HPIOBDIFFINBUF_DIFF_IN_P_O)
                                                      0.373    10.373 r  clk_differ_to_single/DIFFINBUF_INST/O
                         net (fo=1, routed)           0.040    10.413    clk_differ_to_single/OUT
    V24                  IBUFCTRL (Prop_IBUFCTRL_HPIOB_M_I_O)
                                                      0.000    10.413 r  clk_differ_to_single/IBUFCTRL_INST/O
                         net (fo=1, routed)           0.309    10.722    clk_sys
    BUFGCE_X0Y32         BUFGCE (Prop_BUFCE_BUFGCE_I_O)
                                                      0.024    10.746 r  clk_sys_BUFG_inst/O
    X0Y1 (CLOCK_ROOT)    net (fo=67, routed)          0.711    11.457    pwm_generate_inst/CLK
    SLICE_X19Y79         FDCE                                         r  pwm_generate_inst/reg_out_pwm_reg/C
                         clock pessimism              0.164    11.621    
                         clock uncertainty           -0.035    11.586    
    SLICE_X19Y79         FDCE (Setup_EFF_SLICEL_C_CE)
                                                     -0.060    11.526    pwm_generate_inst/reg_out_pwm_reg
  -------------------------------------------------------------------
                         required time                         11.526    
                         arrival time                          -3.028    
  -------------------------------------------------------------------
                         slack                                  8.498    

Slack (MET) :             8.513ns  (required time - arrival time)
  Source:                 pwm_generate_inst/counter_20_ms_inst/reg_count_reg[12]/C
                            (rising edge-triggered cell FDCE clocked by clock_system  {rise@0.000ns fall@5.000ns period=10.000ns})
  Destination:            pwm_generate_inst/reg_500ms_times_reg[2]/CE
                            (rising edge-triggered cell FDCE clocked by clock_system  {rise@0.000ns fall@5.000ns period=10.000ns})
  Path Group:             clock_system
  Path Type:              Setup (Max at Slow Process Corner)
  Requirement:            10.000ns  (clock_system rise@10.000ns - clock_system rise@0.000ns)
  Data Path Delay:        1.307ns  (logic 0.491ns (37.567%)  route 0.816ns (62.433%))
  Logic Levels:           3  (LUT2=1 LUT5=1 LUT6=1)
  Clock Path Skew:        -0.083ns (DCD - SCD + CPR)
    Destination Clock Delay (DCD):    1.459ns = ( 11.459 - 10.000 ) 
    Source Clock Delay      (SCD):    1.707ns
    Clock Pessimism Removal (CPR):    0.164ns
  Clock Uncertainty:      0.035ns  ((TSJ^2 + TIJ^2)^1/2 + DJ) / 2 + PE
    Total System Jitter     (TSJ):    0.071ns
    Total Input Jitter      (TIJ):    0.000ns
    Discrete Jitter          (DJ):    0.000ns
    Phase Error              (PE):    0.000ns
  Clock Net Delay (Source):      0.812ns (routing 0.001ns, distribution 0.811ns)
  Clock Net Delay (Destination): 0.713ns (routing 0.001ns, distribution 0.712ns)

    Location             Delay type                Incr(ns)  Path(ns)    Netlist Resource(s)
  -------------------------------------------------------------------    -------------------
                         (clock clock_system rise edge)
                                                      0.000     0.000 r  
    V24                                               0.000     0.000 r  clk_sys_p (IN)
                         net (fo=0)                   0.000     0.000    clk_differ_to_single/I
    HPIOBDIFFINBUF_X0Y35 DIFFINBUF (Prop_DIFFINBUF_HPIOBDIFFINBUF_DIFF_IN_P_O)
                                                      0.469     0.469 r  clk_differ_to_single/DIFFINBUF_INST/O
                         net (fo=1, routed)           0.050     0.519    clk_differ_to_single/OUT
    V24                  IBUFCTRL (Prop_IBUFCTRL_HPIOB_M_I_O)
                                                      0.000     0.519 r  clk_differ_to_single/IBUFCTRL_INST/O
                         net (fo=1, routed)           0.348     0.867    clk_sys
    BUFGCE_X0Y32         BUFGCE (Prop_BUFCE_BUFGCE_I_O)
                                                      0.028     0.895 r  clk_sys_BUFG_inst/O
    X0Y1 (CLOCK_ROOT)    net (fo=67, routed)          0.812     1.707    pwm_generate_inst/counter_20_ms_inst/CLK
    SLICE_X22Y78         FDCE                                         r  pwm_generate_inst/counter_20_ms_inst/reg_count_reg[12]/C
  -------------------------------------------------------------------    -------------------
    SLICE_X22Y78         FDCE (Prop_DFF2_SLICEL_C_Q)
                                                      0.081     1.788 f  pwm_generate_inst/counter_20_ms_inst/reg_count_reg[12]/Q
                         net (fo=2, routed)           0.152     1.940    pwm_generate_inst/counter_20_ms_inst/reg_count[12]
    SLICE_X22Y78         LUT5 (Prop_B6LUT_SLICEL_I2_O)
                                                      0.148     2.088 f  pwm_generate_inst/counter_20_ms_inst/reg_count[20]_i_6/O
                         net (fo=1, routed)           0.243     2.331    pwm_generate_inst/counter_20_ms_inst/reg_count[20]_i_6_n_0
    SLICE_X21Y79         LUT6 (Prop_H6LUT_SLICEM_I3_O)
                                                      0.152     2.483 r  pwm_generate_inst/counter_20_ms_inst/reg_count[20]_i_2/O
                         net (fo=26, routed)          0.116     2.599    pwm_generate_inst/counter_0_5_ms_inst/reg_500ms_times_reg[0]
    SLICE_X20Y80         LUT2 (Prop_D5LUT_SLICEM_I1_O)
                                                      0.110     2.709 r  pwm_generate_inst/counter_0_5_ms_inst/reg_500ms_times[2]_i_1/O
                         net (fo=3, routed)           0.305     3.014    pwm_generate_inst/p_0_in
    SLICE_X20Y78         FDCE                                         r  pwm_generate_inst/reg_500ms_times_reg[2]/CE
  -------------------------------------------------------------------    -------------------

                         (clock clock_system rise edge)
                                                     10.000    10.000 r  
    V24                                               0.000    10.000 r  clk_sys_p (IN)
                         net (fo=0)                   0.000    10.000    clk_differ_to_single/I
    HPIOBDIFFINBUF_X0Y35 DIFFINBUF (Prop_DIFFINBUF_HPIOBDIFFINBUF_DIFF_IN_P_O)
                                                      0.373    10.373 r  clk_differ_to_single/DIFFINBUF_INST/O
                         net (fo=1, routed)           0.040    10.413    clk_differ_to_single/OUT
    V24                  IBUFCTRL (Prop_IBUFCTRL_HPIOB_M_I_O)
                                                      0.000    10.413 r  clk_differ_to_single/IBUFCTRL_INST/O
                         net (fo=1, routed)           0.309    10.722    clk_sys
    BUFGCE_X0Y32         BUFGCE (Prop_BUFCE_BUFGCE_I_O)
                                                      0.024    10.746 r  clk_sys_BUFG_inst/O
    X0Y1 (CLOCK_ROOT)    net (fo=67, routed)          0.713    11.459    pwm_generate_inst/CLK
    SLICE_X20Y78         FDCE                                         r  pwm_generate_inst/reg_500ms_times_reg[2]/C
                         clock pessimism              0.164    11.623    
                         clock uncertainty           -0.035    11.588    
    SLICE_X20Y78         FDCE (Setup_HFF2_SLICEM_C_CE)
                                                     -0.061    11.527    pwm_generate_inst/reg_500ms_times_reg[2]
  -------------------------------------------------------------------
                         required time                         11.527    
                         arrival time                          -3.014    
  -------------------------------------------------------------------
                         slack                                  8.513    

Slack (MET) :             8.514ns  (required time - arrival time)
  Source:                 pwm_generate_inst/counter_20_ms_inst/reg_count_reg[12]/C
                            (rising edge-triggered cell FDCE clocked by clock_system  {rise@0.000ns fall@5.000ns period=10.000ns})
  Destination:            pwm_generate_inst/reg_500ms_times_reg[0]/CE
                            (rising edge-triggered cell FDCE clocked by clock_system  {rise@0.000ns fall@5.000ns period=10.000ns})
  Path Group:             clock_system
  Path Type:              Setup (Max at Slow Process Corner)
  Requirement:            10.000ns  (clock_system rise@10.000ns - clock_system rise@0.000ns)
  Data Path Delay:        1.306ns  (logic 0.491ns (37.596%)  route 0.815ns (62.404%))
  Logic Levels:           3  (LUT2=1 LUT5=1 LUT6=1)
  Clock Path Skew:        -0.083ns (DCD - SCD + CPR)
    Destination Clock Delay (DCD):    1.459ns = ( 11.459 - 10.000 ) 
    Source Clock Delay      (SCD):    1.707ns
    Clock Pessimism Removal (CPR):    0.164ns
  Clock Uncertainty:      0.035ns  ((TSJ^2 + TIJ^2)^1/2 + DJ) / 2 + PE
    Total System Jitter     (TSJ):    0.071ns
    Total Input Jitter      (TIJ):    0.000ns
    Discrete Jitter          (DJ):    0.000ns
    Phase Error              (PE):    0.000ns
  Clock Net Delay (Source):      0.812ns (routing 0.001ns, distribution 0.811ns)
  Clock Net Delay (Destination): 0.713ns (routing 0.001ns, distribution 0.712ns)

    Location             Delay type                Incr(ns)  Path(ns)    Netlist Resource(s)
  -------------------------------------------------------------------    -------------------
                         (clock clock_system rise edge)
                                                      0.000     0.000 r  
    V24                                               0.000     0.000 r  clk_sys_p (IN)
                         net (fo=0)                   0.000     0.000    clk_differ_to_single/I
    HPIOBDIFFINBUF_X0Y35 DIFFINBUF (Prop_DIFFINBUF_HPIOBDIFFINBUF_DIFF_IN_P_O)
                                                      0.469     0.469 r  clk_differ_to_single/DIFFINBUF_INST/O
                         net (fo=1, routed)           0.050     0.519    clk_differ_to_single/OUT
    V24                  IBUFCTRL (Prop_IBUFCTRL_HPIOB_M_I_O)
                                                      0.000     0.519 r  clk_differ_to_single/IBUFCTRL_INST/O
                         net (fo=1, routed)           0.348     0.867    clk_sys
    BUFGCE_X0Y32         BUFGCE (Prop_BUFCE_BUFGCE_I_O)
                                                      0.028     0.895 r  clk_sys_BUFG_inst/O
    X0Y1 (CLOCK_ROOT)    net (fo=67, routed)          0.812     1.707    pwm_generate_inst/counter_20_ms_inst/CLK
    SLICE_X22Y78         FDCE                                         r  pwm_generate_inst/counter_20_ms_inst/reg_count_reg[12]/C
  -------------------------------------------------------------------    -------------------
    SLICE_X22Y78         FDCE (Prop_DFF2_SLICEL_C_Q)
                                                      0.081     1.788 f  pwm_generate_inst/counter_20_ms_inst/reg_count_reg[12]/Q
                         net (fo=2, routed)           0.152     1.940    pwm_generate_inst/counter_20_ms_inst/reg_count[12]
    SLICE_X22Y78         LUT5 (Prop_B6LUT_SLICEL_I2_O)
                                                      0.148     2.088 f  pwm_generate_inst/counter_20_ms_inst/reg_count[20]_i_6/O
                         net (fo=1, routed)           0.243     2.331    pwm_generate_inst/counter_20_ms_inst/reg_count[20]_i_6_n_0
    SLICE_X21Y79         LUT6 (Prop_H6LUT_SLICEM_I3_O)
                                                      0.152     2.483 r  pwm_generate_inst/counter_20_ms_inst/reg_count[20]_i_2/O
                         net (fo=26, routed)          0.116     2.599    pwm_generate_inst/counter_0_5_ms_inst/reg_500ms_times_reg[0]
    SLICE_X20Y80         LUT2 (Prop_D5LUT_SLICEM_I1_O)
                                                      0.110     2.709 r  pwm_generate_inst/counter_0_5_ms_inst/reg_500ms_times[2]_i_1/O
                         net (fo=3, routed)           0.304     3.013    pwm_generate_inst/p_0_in
    SLICE_X20Y78         FDCE                                         r  pwm_generate_inst/reg_500ms_times_reg[0]/CE
  -------------------------------------------------------------------    -------------------

                         (clock clock_system rise edge)
                                                     10.000    10.000 r  
    V24                                               0.000    10.000 r  clk_sys_p (IN)
                         net (fo=0)                   0.000    10.000    clk_differ_to_single/I
    HPIOBDIFFINBUF_X0Y35 DIFFINBUF (Prop_DIFFINBUF_HPIOBDIFFINBUF_DIFF_IN_P_O)
                                                      0.373    10.373 r  clk_differ_to_single/DIFFINBUF_INST/O
                         net (fo=1, routed)           0.040    10.413    clk_differ_to_single/OUT
    V24                  IBUFCTRL (Prop_IBUFCTRL_HPIOB_M_I_O)
                                                      0.000    10.413 r  clk_differ_to_single/IBUFCTRL_INST/O
                         net (fo=1, routed)           0.309    10.722    clk_sys
    BUFGCE_X0Y32         BUFGCE (Prop_BUFCE_BUFGCE_I_O)
                                                      0.024    10.746 r  clk_sys_BUFG_inst/O
    X0Y1 (CLOCK_ROOT)    net (fo=67, routed)          0.713    11.459    pwm_generate_inst/CLK
    SLICE_X20Y78         FDCE                                         r  pwm_generate_inst/reg_500ms_times_reg[0]/C
                         clock pessimism              0.164    11.623    
                         clock uncertainty           -0.035    11.588    
    SLICE_X20Y78         FDCE (Setup_HFF_SLICEM_C_CE)
                                                     -0.061    11.527    pwm_generate_inst/reg_500ms_times_reg[0]
  -------------------------------------------------------------------
                         required time                         11.527    
                         arrival time                          -3.013    
  -------------------------------------------------------------------
                         slack                                  8.514    

Slack (MET) :             8.539ns  (required time - arrival time)
  Source:                 pwm_generate_inst/counter_20_ms_inst/reg_count_reg[12]/C
                            (rising edge-triggered cell FDCE clocked by clock_system  {rise@0.000ns fall@5.000ns period=10.000ns})
  Destination:            pwm_generate_inst/reg_500ms_times_reg[1]/CE
                            (rising edge-triggered cell FDCE clocked by clock_system  {rise@0.000ns fall@5.000ns period=10.000ns})
  Path Group:             clock_system
  Path Type:              Setup (Max at Slow Process Corner)
  Requirement:            10.000ns  (clock_system rise@10.000ns - clock_system rise@0.000ns)
  Data Path Delay:        1.280ns  (logic 0.491ns (38.359%)  route 0.789ns (61.641%))
  Logic Levels:           3  (LUT2=1 LUT5=1 LUT6=1)
  Clock Path Skew:        -0.084ns (DCD - SCD + CPR)
    Destination Clock Delay (DCD):    1.458ns = ( 11.458 - 10.000 ) 
    Source Clock Delay      (SCD):    1.707ns
    Clock Pessimism Removal (CPR):    0.164ns
  Clock Uncertainty:      0.035ns  ((TSJ^2 + TIJ^2)^1/2 + DJ) / 2 + PE
    Total System Jitter     (TSJ):    0.071ns
    Total Input Jitter      (TIJ):    0.000ns
    Discrete Jitter          (DJ):    0.000ns
    Phase Error              (PE):    0.000ns
  Clock Net Delay (Source):      0.812ns (routing 0.001ns, distribution 0.811ns)
  Clock Net Delay (Destination): 0.712ns (routing 0.001ns, distribution 0.711ns)

    Location             Delay type                Incr(ns)  Path(ns)    Netlist Resource(s)
  -------------------------------------------------------------------    -------------------
                         (clock clock_system rise edge)
                                                      0.000     0.000 r  
    V24                                               0.000     0.000 r  clk_sys_p (IN)
                         net (fo=0)                   0.000     0.000    clk_differ_to_single/I
    HPIOBDIFFINBUF_X0Y35 DIFFINBUF (Prop_DIFFINBUF_HPIOBDIFFINBUF_DIFF_IN_P_O)
                                                      0.469     0.469 r  clk_differ_to_single/DIFFINBUF_INST/O
                         net (fo=1, routed)           0.050     0.519    clk_differ_to_single/OUT
    V24                  IBUFCTRL (Prop_IBUFCTRL_HPIOB_M_I_O)
                                                      0.000     0.519 r  clk_differ_to_single/IBUFCTRL_INST/O
                         net (fo=1, routed)           0.348     0.867    clk_sys
    BUFGCE_X0Y32         BUFGCE (Prop_BUFCE_BUFGCE_I_O)
                                                      0.028     0.895 r  clk_sys_BUFG_inst/O
    X0Y1 (CLOCK_ROOT)    net (fo=67, routed)          0.812     1.707    pwm_generate_inst/counter_20_ms_inst/CLK
    SLICE_X22Y78         FDCE                                         r  pwm_generate_inst/counter_20_ms_inst/reg_count_reg[12]/C
  -------------------------------------------------------------------    -------------------
    SLICE_X22Y78         FDCE (Prop_DFF2_SLICEL_C_Q)
                                                      0.081     1.788 f  pwm_generate_inst/counter_20_ms_inst/reg_count_reg[12]/Q
                         net (fo=2, routed)           0.152     1.940    pwm_generate_inst/counter_20_ms_inst/reg_count[12]
    SLICE_X22Y78         LUT5 (Prop_B6LUT_SLICEL_I2_O)
                                                      0.148     2.088 f  pwm_generate_inst/counter_20_ms_inst/reg_count[20]_i_6/O
                         net (fo=1, routed)           0.243     2.331    pwm_generate_inst/counter_20_ms_inst/reg_count[20]_i_6_n_0
    SLICE_X21Y79         LUT6 (Prop_H6LUT_SLICEM_I3_O)
                                                      0.152     2.483 r  pwm_generate_inst/counter_20_ms_inst/reg_count[20]_i_2/O
                         net (fo=26, routed)          0.116     2.599    pwm_generate_inst/counter_0_5_ms_inst/reg_500ms_times_reg[0]
    SLICE_X20Y80         LUT2 (Prop_D5LUT_SLICEM_I1_O)
                                                      0.110     2.709 r  pwm_generate_inst/counter_0_5_ms_inst/reg_500ms_times[2]_i_1/O
                         net (fo=3, routed)           0.278     2.987    pwm_generate_inst/p_0_in
    SLICE_X20Y79         FDCE                                         r  pwm_generate_inst/reg_500ms_times_reg[1]/CE
  -------------------------------------------------------------------    -------------------

                         (clock clock_system rise edge)
                                                     10.000    10.000 r  
    V24                                               0.000    10.000 r  clk_sys_p (IN)
                         net (fo=0)                   0.000    10.000    clk_differ_to_single/I
    HPIOBDIFFINBUF_X0Y35 DIFFINBUF (Prop_DIFFINBUF_HPIOBDIFFINBUF_DIFF_IN_P_O)
                                                      0.373    10.373 r  clk_differ_to_single/DIFFINBUF_INST/O
                         net (fo=1, routed)           0.040    10.413    clk_differ_to_single/OUT
    V24                  IBUFCTRL (Prop_IBUFCTRL_HPIOB_M_I_O)
                                                      0.000    10.413 r  clk_differ_to_single/IBUFCTRL_INST/O
                         net (fo=1, routed)           0.309    10.722    clk_sys
    BUFGCE_X0Y32         BUFGCE (Prop_BUFCE_BUFGCE_I_O)
                                                      0.024    10.746 r  clk_sys_BUFG_inst/O
    X0Y1 (CLOCK_ROOT)    net (fo=67, routed)          0.712    11.458    pwm_generate_inst/CLK
    SLICE_X20Y79         FDCE                                         r  pwm_generate_inst/reg_500ms_times_reg[1]/C
                         clock pessimism              0.164    11.622    
                         clock uncertainty           -0.035    11.587    
    SLICE_X20Y79         FDCE (Setup_HFF_SLICEM_C_CE)
                                                     -0.061    11.526    pwm_generate_inst/reg_500ms_times_reg[1]
  -------------------------------------------------------------------
                         required time                         11.526    
                         arrival time                          -2.987    
  -------------------------------------------------------------------
                         slack                                  8.539    

Slack (MET) :             8.573ns  (required time - arrival time)
  Source:                 pwm_generate_inst/counter_20_ms_inst/reg_count_reg[12]/C
                            (rising edge-triggered cell FDCE clocked by clock_system  {rise@0.000ns fall@5.000ns period=10.000ns})
  Destination:            pwm_generate_inst/reg_500ms_times_reg[1]/D
                            (rising edge-triggered cell FDCE clocked by clock_system  {rise@0.000ns fall@5.000ns period=10.000ns})
  Path Group:             clock_system
  Path Type:              Setup (Max at Slow Process Corner)
  Requirement:            10.000ns  (clock_system rise@10.000ns - clock_system rise@0.000ns)
  Data Path Delay:        1.332ns  (logic 0.516ns (38.739%)  route 0.816ns (61.261%))
  Logic Levels:           3  (LUT3=1 LUT5=1 LUT6=1)
  Clock Path Skew:        -0.084ns (DCD - SCD + CPR)
    Destination Clock Delay (DCD):    1.458ns = ( 11.458 - 10.000 ) 
    Source Clock Delay      (SCD):    1.707ns
    Clock Pessimism Removal (CPR):    0.164ns
  Clock Uncertainty:      0.035ns  ((TSJ^2 + TIJ^2)^1/2 + DJ) / 2 + PE
    Total System Jitter     (TSJ):    0.071ns
    Total Input Jitter      (TIJ):    0.000ns
    Discrete Jitter          (DJ):    0.000ns
    Phase Error              (PE):    0.000ns
  Clock Net Delay (Source):      0.812ns (routing 0.001ns, distribution 0.811ns)
  Clock Net Delay (Destination): 0.712ns (routing 0.001ns, distribution 0.711ns)

    Location             Delay type                Incr(ns)  Path(ns)    Netlist Resource(s)
  -------------------------------------------------------------------    -------------------
                         (clock clock_system rise edge)
                                                      0.000     0.000 r  
    V24                                               0.000     0.000 r  clk_sys_p (IN)
                         net (fo=0)                   0.000     0.000    clk_differ_to_single/I
    HPIOBDIFFINBUF_X0Y35 DIFFINBUF (Prop_DIFFINBUF_HPIOBDIFFINBUF_DIFF_IN_P_O)
                                                      0.469     0.469 r  clk_differ_to_single/DIFFINBUF_INST/O
                         net (fo=1, routed)           0.050     0.519    clk_differ_to_single/OUT
    V24                  IBUFCTRL (Prop_IBUFCTRL_HPIOB_M_I_O)
                                                      0.000     0.519 r  clk_differ_to_single/IBUFCTRL_INST/O
                         net (fo=1, routed)           0.348     0.867    clk_sys
    BUFGCE_X0Y32         BUFGCE (Prop_BUFCE_BUFGCE_I_O)
                                                      0.028     0.895 r  clk_sys_BUFG_inst/O
    X0Y1 (CLOCK_ROOT)    net (fo=67, routed)          0.812     1.707    pwm_generate_inst/counter_20_ms_inst/CLK
    SLICE_X22Y78         FDCE                                         r  pwm_generate_inst/counter_20_ms_inst/reg_count_reg[12]/C
  -------------------------------------------------------------------    -------------------
    SLICE_X22Y78         FDCE (Prop_DFF2_SLICEL_C_Q)
                                                      0.081     1.788 r  pwm_generate_inst/counter_20_ms_inst/reg_count_reg[12]/Q
                         net (fo=2, routed)           0.152     1.940    pwm_generate_inst/counter_20_ms_inst/reg_count[12]
    SLICE_X22Y78         LUT5 (Prop_B6LUT_SLICEL_I2_O)
                                                      0.148     2.088 r  pwm_generate_inst/counter_20_ms_inst/reg_count[20]_i_6/O
                         net (fo=1, routed)           0.243     2.331    pwm_generate_inst/counter_20_ms_inst/reg_count[20]_i_6_n_0
    SLICE_X21Y79         LUT6 (Prop_H6LUT_SLICEM_I3_O)
                                                      0.152     2.483 f  pwm_generate_inst/counter_20_ms_inst/reg_count[20]_i_2/O
                         net (fo=26, routed)          0.117     2.600    pwm_generate_inst/counter_20_ms_inst/flag_20_ms
    SLICE_X20Y79         LUT3 (Prop_D5LUT_SLICEM_I0_O)
                                                      0.135     2.735 r  pwm_generate_inst/counter_20_ms_inst/reg_500ms_times[1]_i_1/O
                         net (fo=1, routed)           0.304     3.039    pwm_generate_inst/p_1_in[1]
    SLICE_X20Y79         FDCE                                         r  pwm_generate_inst/reg_500ms_times_reg[1]/D
  -------------------------------------------------------------------    -------------------

                         (clock clock_system rise edge)
                                                     10.000    10.000 r  
    V24                                               0.000    10.000 r  clk_sys_p (IN)
                         net (fo=0)                   0.000    10.000    clk_differ_to_single/I
    HPIOBDIFFINBUF_X0Y35 DIFFINBUF (Prop_DIFFINBUF_HPIOBDIFFINBUF_DIFF_IN_P_O)
                                                      0.373    10.373 r  clk_differ_to_single/DIFFINBUF_INST/O
                         net (fo=1, routed)           0.040    10.413    clk_differ_to_single/OUT
    V24                  IBUFCTRL (Prop_IBUFCTRL_HPIOB_M_I_O)
                                                      0.000    10.413 r  clk_differ_to_single/IBUFCTRL_INST/O
                         net (fo=1, routed)           0.309    10.722    clk_sys
    BUFGCE_X0Y32         BUFGCE (Prop_BUFCE_BUFGCE_I_O)
                                                      0.024    10.746 r  clk_sys_BUFG_inst/O
    X0Y1 (CLOCK_ROOT)    net (fo=67, routed)          0.712    11.458    pwm_generate_inst/CLK
    SLICE_X20Y79         FDCE                                         r  pwm_generate_inst/reg_500ms_times_reg[1]/C
                         clock pessimism              0.164    11.622    
                         clock uncertainty           -0.035    11.587    
    SLICE_X20Y79         FDCE (Setup_HFF_SLICEM_C_D)
                                                      0.025    11.612    pwm_generate_inst/reg_500ms_times_reg[1]
  -------------------------------------------------------------------
                         required time                         11.612    
                         arrival time                          -3.039    
  -------------------------------------------------------------------
                         slack                                  8.573    

Slack (MET) :             8.651ns  (required time - arrival time)
  Source:                 pwm_generate_inst/counter_20_ms_inst/reg_count_reg[12]/C
                            (rising edge-triggered cell FDCE clocked by clock_system  {rise@0.000ns fall@5.000ns period=10.000ns})
  Destination:            pwm_generate_inst/counter_20_ms_inst/reg_count_reg[5]/D
                            (rising edge-triggered cell FDCE clocked by clock_system  {rise@0.000ns fall@5.000ns period=10.000ns})
  Path Group:             clock_system
  Path Type:              Setup (Max at Slow Process Corner)
  Requirement:            10.000ns  (clock_system rise@10.000ns - clock_system rise@0.000ns)
  Data Path Delay:        1.256ns  (logic 0.526ns (41.879%)  route 0.730ns (58.121%))
  Logic Levels:           3  (LUT2=1 LUT5=1 LUT6=1)
  Clock Path Skew:        -0.082ns (DCD - SCD + CPR)
    Destination Clock Delay (DCD):    1.460ns = ( 11.460 - 10.000 ) 
    Source Clock Delay      (SCD):    1.707ns
    Clock Pessimism Removal (CPR):    0.164ns
  Clock Uncertainty:      0.035ns  ((TSJ^2 + TIJ^2)^1/2 + DJ) / 2 + PE
    Total System Jitter     (TSJ):    0.071ns
    Total Input Jitter      (TIJ):    0.000ns
    Discrete Jitter          (DJ):    0.000ns
    Phase Error              (PE):    0.000ns
  Clock Net Delay (Source):      0.812ns (routing 0.001ns, distribution 0.811ns)
  Clock Net Delay (Destination): 0.714ns (routing 0.001ns, distribution 0.713ns)

    Location             Delay type                Incr(ns)  Path(ns)    Netlist Resource(s)
  -------------------------------------------------------------------    -------------------
                         (clock clock_system rise edge)
                                                      0.000     0.000 r  
    V24                                               0.000     0.000 r  clk_sys_p (IN)
                         net (fo=0)                   0.000     0.000    clk_differ_to_single/I
    HPIOBDIFFINBUF_X0Y35 DIFFINBUF (Prop_DIFFINBUF_HPIOBDIFFINBUF_DIFF_IN_P_O)
                                                      0.469     0.469 r  clk_differ_to_single/DIFFINBUF_INST/O
                         net (fo=1, routed)           0.050     0.519    clk_differ_to_single/OUT
    V24                  IBUFCTRL (Prop_IBUFCTRL_HPIOB_M_I_O)
                                                      0.000     0.519 r  clk_differ_to_single/IBUFCTRL_INST/O
                         net (fo=1, routed)           0.348     0.867    clk_sys
    BUFGCE_X0Y32         BUFGCE (Prop_BUFCE_BUFGCE_I_O)
                                                      0.028     0.895 r  clk_sys_BUFG_inst/O
    X0Y1 (CLOCK_ROOT)    net (fo=67, routed)          0.812     1.707    pwm_generate_inst/counter_20_ms_inst/CLK
    SLICE_X22Y78         FDCE                                         r  pwm_generate_inst/counter_20_ms_inst/reg_count_reg[12]/C
  -------------------------------------------------------------------    -------------------
    SLICE_X22Y78         FDCE (Prop_DFF2_SLICEL_C_Q)
                                                      0.081     1.788 r  pwm_generate_inst/counter_20_ms_inst/reg_count_reg[12]/Q
                         net (fo=2, routed)           0.152     1.940    pwm_generate_inst/counter_20_ms_inst/reg_count[12]
    SLICE_X22Y78         LUT5 (Prop_B6LUT_SLICEL_I2_O)
                                                      0.148     2.088 r  pwm_generate_inst/counter_20_ms_inst/reg_count[20]_i_6/O
                         net (fo=1, routed)           0.243     2.331    pwm_generate_inst/counter_20_ms_inst/reg_count[20]_i_6_n_0
    SLICE_X21Y79         LUT6 (Prop_H6LUT_SLICEM_I3_O)
                                                      0.152     2.483 f  pwm_generate_inst/counter_20_ms_inst/reg_count[20]_i_2/O
                         net (fo=26, routed)          0.269     2.752    pwm_generate_inst/counter_20_ms_inst/flag_20_ms
    SLICE_X20Y78         LUT2 (Prop_C6LUT_SLICEM_I0_O)
                                                      0.145     2.897 r  pwm_generate_inst/counter_20_ms_inst/reg_count[5]_i_1/O
                         net (fo=1, routed)           0.066     2.963    pwm_generate_inst/counter_20_ms_inst/reg_count_0[5]
    SLICE_X20Y78         FDCE                                         r  pwm_generate_inst/counter_20_ms_inst/reg_count_reg[5]/D
  -------------------------------------------------------------------    -------------------

                         (clock clock_system rise edge)
                                                     10.000    10.000 r  
    V24                                               0.000    10.000 r  clk_sys_p (IN)
                         net (fo=0)                   0.000    10.000    clk_differ_to_single/I
    HPIOBDIFFINBUF_X0Y35 DIFFINBUF (Prop_DIFFINBUF_HPIOBDIFFINBUF_DIFF_IN_P_O)
                                                      0.373    10.373 r  clk_differ_to_single/DIFFINBUF_INST/O
                         net (fo=1, routed)           0.040    10.413    clk_differ_to_single/OUT
    V24                  IBUFCTRL (Prop_IBUFCTRL_HPIOB_M_I_O)
                                                      0.000    10.413 r  clk_differ_to_single/IBUFCTRL_INST/O
                         net (fo=1, routed)           0.309    10.722    clk_sys
    BUFGCE_X0Y32         BUFGCE (Prop_BUFCE_BUFGCE_I_O)
                                                      0.024    10.746 r  clk_sys_BUFG_inst/O
    X0Y1 (CLOCK_ROOT)    net (fo=67, routed)          0.714    11.460    pwm_generate_inst/counter_20_ms_inst/CLK
    SLICE_X20Y78         FDCE                                         r  pwm_generate_inst/counter_20_ms_inst/reg_count_reg[5]/C
                         clock pessimism              0.164    11.624    
                         clock uncertainty           -0.035    11.589    
    SLICE_X20Y78         FDCE (Setup_CFF_SLICEM_C_D)
                                                      0.025    11.614    pwm_generate_inst/counter_20_ms_inst/reg_count_reg[5]
  -------------------------------------------------------------------
                         required time                         11.614    
                         arrival time                          -2.963    
  -------------------------------------------------------------------
                         slack                                  8.651    

Slack (MET) :             8.653ns  (required time - arrival time)
  Source:                 pwm_generate_inst/counter_20_ms_inst/reg_count_reg[12]/C
                            (rising edge-triggered cell FDCE clocked by clock_system  {rise@0.000ns fall@5.000ns period=10.000ns})
  Destination:            pwm_generate_inst/reg_500ms_times_reg[0]/D
                            (rising edge-triggered cell FDCE clocked by clock_system  {rise@0.000ns fall@5.000ns period=10.000ns})
  Path Group:             clock_system
  Path Type:              Setup (Max at Slow Process Corner)
  Requirement:            10.000ns  (clock_system rise@10.000ns - clock_system rise@0.000ns)
  Data Path Delay:        1.253ns  (logic 0.533ns (42.538%)  route 0.720ns (57.462%))
  Logic Levels:           3  (LUT2=1 LUT5=1 LUT6=1)
  Clock Path Skew:        -0.083ns (DCD - SCD + CPR)
    Destination Clock Delay (DCD):    1.459ns = ( 11.459 - 10.000 ) 
    Source Clock Delay      (SCD):    1.707ns
    Clock Pessimism Removal (CPR):    0.164ns
  Clock Uncertainty:      0.035ns  ((TSJ^2 + TIJ^2)^1/2 + DJ) / 2 + PE
    Total System Jitter     (TSJ):    0.071ns
    Total Input Jitter      (TIJ):    0.000ns
    Discrete Jitter          (DJ):    0.000ns
    Phase Error              (PE):    0.000ns
  Clock Net Delay (Source):      0.812ns (routing 0.001ns, distribution 0.811ns)
  Clock Net Delay (Destination): 0.713ns (routing 0.001ns, distribution 0.712ns)

    Location             Delay type                Incr(ns)  Path(ns)    Netlist Resource(s)
  -------------------------------------------------------------------    -------------------
                         (clock clock_system rise edge)
                                                      0.000     0.000 r  
    V24                                               0.000     0.000 r  clk_sys_p (IN)
                         net (fo=0)                   0.000     0.000    clk_differ_to_single/I
    HPIOBDIFFINBUF_X0Y35 DIFFINBUF (Prop_DIFFINBUF_HPIOBDIFFINBUF_DIFF_IN_P_O)
                                                      0.469     0.469 r  clk_differ_to_single/DIFFINBUF_INST/O
                         net (fo=1, routed)           0.050     0.519    clk_differ_to_single/OUT
    V24                  IBUFCTRL (Prop_IBUFCTRL_HPIOB_M_I_O)
                                                      0.000     0.519 r  clk_differ_to_single/IBUFCTRL_INST/O
                         net (fo=1, routed)           0.348     0.867    clk_sys
    BUFGCE_X0Y32         BUFGCE (Prop_BUFCE_BUFGCE_I_O)
                                                      0.028     0.895 r  clk_sys_BUFG_inst/O
    X0Y1 (CLOCK_ROOT)    net (fo=67, routed)          0.812     1.707    pwm_generate_inst/counter_20_ms_inst/CLK
    SLICE_X22Y78         FDCE                                         r  pwm_generate_inst/counter_20_ms_inst/reg_count_reg[12]/C
  -------------------------------------------------------------------    -------------------
    SLICE_X22Y78         FDCE (Prop_DFF2_SLICEL_C_Q)
                                                      0.081     1.788 r  pwm_generate_inst/counter_20_ms_inst/reg_count_reg[12]/Q
                         net (fo=2, routed)           0.152     1.940    pwm_generate_inst/counter_20_ms_inst/reg_count[12]
    SLICE_X22Y78         LUT5 (Prop_B6LUT_SLICEL_I2_O)
                                                      0.148     2.088 r  pwm_generate_inst/counter_20_ms_inst/reg_count[20]_i_6/O
                         net (fo=1, routed)           0.243     2.331    pwm_generate_inst/counter_20_ms_inst/reg_count[20]_i_6_n_0
    SLICE_X21Y79         LUT6 (Prop_H6LUT_SLICEM_I3_O)
                                                      0.152     2.483 f  pwm_generate_inst/counter_20_ms_inst/reg_count[20]_i_2/O
                         net (fo=26, routed)          0.267     2.750    pwm_generate_inst/counter_20_ms_inst/flag_20_ms
    SLICE_X20Y78         LUT2 (Prop_H6LUT_SLICEM_I0_O)
                                                      0.152     2.902 r  pwm_generate_inst/counter_20_ms_inst/reg_500ms_times[0]_i_1/O
                         net (fo=1, routed)           0.058     2.960    pwm_generate_inst/p_1_in[0]
    SLICE_X20Y78         FDCE                                         r  pwm_generate_inst/reg_500ms_times_reg[0]/D
  -------------------------------------------------------------------    -------------------

                         (clock clock_system rise edge)
                                                     10.000    10.000 r  
    V24                                               0.000    10.000 r  clk_sys_p (IN)
                         net (fo=0)                   0.000    10.000    clk_differ_to_single/I
    HPIOBDIFFINBUF_X0Y35 DIFFINBUF (Prop_DIFFINBUF_HPIOBDIFFINBUF_DIFF_IN_P_O)
                                                      0.373    10.373 r  clk_differ_to_single/DIFFINBUF_INST/O
                         net (fo=1, routed)           0.040    10.413    clk_differ_to_single/OUT
    V24                  IBUFCTRL (Prop_IBUFCTRL_HPIOB_M_I_O)
                                                      0.000    10.413 r  clk_differ_to_single/IBUFCTRL_INST/O
                         net (fo=1, routed)           0.309    10.722    clk_sys
    BUFGCE_X0Y32         BUFGCE (Prop_BUFCE_BUFGCE_I_O)
                                                      0.024    10.746 r  clk_sys_BUFG_inst/O
    X0Y1 (CLOCK_ROOT)    net (fo=67, routed)          0.713    11.459    pwm_generate_inst/CLK
    SLICE_X20Y78         FDCE                                         r  pwm_generate_inst/reg_500ms_times_reg[0]/C
                         clock pessimism              0.164    11.623    
                         clock uncertainty           -0.035    11.588    
    SLICE_X20Y78         FDCE (Setup_HFF_SLICEM_C_D)
                                                      0.025    11.613    pwm_generate_inst/reg_500ms_times_reg[0]
  -------------------------------------------------------------------
                         required time                         11.613    
                         arrival time                          -2.960    
  -------------------------------------------------------------------
                         slack                                  8.653    

Slack (MET) :             8.676ns  (required time - arrival time)
  Source:                 pwm_generate_inst/counter_20_ms_inst/reg_count_reg[12]/C
                            (rising edge-triggered cell FDCE clocked by clock_system  {rise@0.000ns fall@5.000ns period=10.000ns})
  Destination:            pwm_generate_inst/counter_20_ms_inst/reg_count_reg[6]/D
                            (rising edge-triggered cell FDCE clocked by clock_system  {rise@0.000ns fall@5.000ns period=10.000ns})
  Path Group:             clock_system
  Path Type:              Setup (Max at Slow Process Corner)
  Requirement:            10.000ns  (clock_system rise@10.000ns - clock_system rise@0.000ns)
  Data Path Delay:        1.231ns  (logic 0.540ns (43.867%)  route 0.691ns (56.133%))
  Logic Levels:           3  (LUT2=1 LUT5=1 LUT6=1)
  Clock Path Skew:        -0.082ns (DCD - SCD + CPR)
    Destination Clock Delay (DCD):    1.460ns = ( 11.460 - 10.000 ) 
    Source Clock Delay      (SCD):    1.707ns
    Clock Pessimism Removal (CPR):    0.164ns
  Clock Uncertainty:      0.035ns  ((TSJ^2 + TIJ^2)^1/2 + DJ) / 2 + PE
    Total System Jitter     (TSJ):    0.071ns
    Total Input Jitter      (TIJ):    0.000ns
    Discrete Jitter          (DJ):    0.000ns
    Phase Error              (PE):    0.000ns
  Clock Net Delay (Source):      0.812ns (routing 0.001ns, distribution 0.811ns)
  Clock Net Delay (Destination): 0.714ns (routing 0.001ns, distribution 0.713ns)

    Location             Delay type                Incr(ns)  Path(ns)    Netlist Resource(s)
  -------------------------------------------------------------------    -------------------
                         (clock clock_system rise edge)
                                                      0.000     0.000 r  
    V24                                               0.000     0.000 r  clk_sys_p (IN)
                         net (fo=0)                   0.000     0.000    clk_differ_to_single/I
    HPIOBDIFFINBUF_X0Y35 DIFFINBUF (Prop_DIFFINBUF_HPIOBDIFFINBUF_DIFF_IN_P_O)
                                                      0.469     0.469 r  clk_differ_to_single/DIFFINBUF_INST/O
                         net (fo=1, routed)           0.050     0.519    clk_differ_to_single/OUT
    V24                  IBUFCTRL (Prop_IBUFCTRL_HPIOB_M_I_O)
                                                      0.000     0.519 r  clk_differ_to_single/IBUFCTRL_INST/O
                         net (fo=1, routed)           0.348     0.867    clk_sys
    BUFGCE_X0Y32         BUFGCE (Prop_BUFCE_BUFGCE_I_O)
                                                      0.028     0.895 r  clk_sys_BUFG_inst/O
    X0Y1 (CLOCK_ROOT)    net (fo=67, routed)          0.812     1.707    pwm_generate_inst/counter_20_ms_inst/CLK
    SLICE_X22Y78         FDCE                                         r  pwm_generate_inst/counter_20_ms_inst/reg_count_reg[12]/C
  -------------------------------------------------------------------    -------------------
    SLICE_X22Y78         FDCE (Prop_DFF2_SLICEL_C_Q)
                                                      0.081     1.788 r  pwm_generate_inst/counter_20_ms_inst/reg_count_reg[12]/Q
                         net (fo=2, routed)           0.152     1.940    pwm_generate_inst/counter_20_ms_inst/reg_count[12]
    SLICE_X22Y78         LUT5 (Prop_B6LUT_SLICEL_I2_O)
                                                      0.148     2.088 r  pwm_generate_inst/counter_20_ms_inst/reg_count[20]_i_6/O
                         net (fo=1, routed)           0.243     2.331    pwm_generate_inst/counter_20_ms_inst/reg_count[20]_i_6_n_0
    SLICE_X21Y79         LUT6 (Prop_H6LUT_SLICEM_I3_O)
                                                      0.152     2.483 f  pwm_generate_inst/counter_20_ms_inst/reg_count[20]_i_2/O
                         net (fo=26, routed)          0.269     2.752    pwm_generate_inst/counter_20_ms_inst/flag_20_ms
    SLICE_X20Y78         LUT2 (Prop_C5LUT_SLICEM_I0_O)
                                                      0.159     2.911 r  pwm_generate_inst/counter_20_ms_inst/reg_count[6]_i_1/O
                         net (fo=1, routed)           0.027     2.938    pwm_generate_inst/counter_20_ms_inst/reg_count_0[6]
    SLICE_X20Y78         FDCE                                         r  pwm_generate_inst/counter_20_ms_inst/reg_count_reg[6]/D
  -------------------------------------------------------------------    -------------------

                         (clock clock_system rise edge)
                                                     10.000    10.000 r  
    V24                                               0.000    10.000 r  clk_sys_p (IN)
                         net (fo=0)                   0.000    10.000    clk_differ_to_single/I
    HPIOBDIFFINBUF_X0Y35 DIFFINBUF (Prop_DIFFINBUF_HPIOBDIFFINBUF_DIFF_IN_P_O)
                                                      0.373    10.373 r  clk_differ_to_single/DIFFINBUF_INST/O
                         net (fo=1, routed)           0.040    10.413    clk_differ_to_single/OUT
    V24                  IBUFCTRL (Prop_IBUFCTRL_HPIOB_M_I_O)
                                                      0.000    10.413 r  clk_differ_to_single/IBUFCTRL_INST/O
                         net (fo=1, routed)           0.309    10.722    clk_sys
    BUFGCE_X0Y32         BUFGCE (Prop_BUFCE_BUFGCE_I_O)
                                                      0.024    10.746 r  clk_sys_BUFG_inst/O
    X0Y1 (CLOCK_ROOT)    net (fo=67, routed)          0.714    11.460    pwm_generate_inst/counter_20_ms_inst/CLK
    SLICE_X20Y78         FDCE                                         r  pwm_generate_inst/counter_20_ms_inst/reg_count_reg[6]/C
                         clock pessimism              0.164    11.624    
                         clock uncertainty           -0.035    11.589    
    SLICE_X20Y78         FDCE (Setup_CFF2_SLICEM_C_D)
                                                      0.025    11.614    pwm_generate_inst/counter_20_ms_inst/reg_count_reg[6]
  -------------------------------------------------------------------
                         required time                         11.614    
                         arrival time                          -2.938    
  -------------------------------------------------------------------
                         slack                                  8.676    

Slack (MET) :             8.684ns  (required time - arrival time)
  Source:                 pwm_generate_inst/counter_20_ms_inst/reg_count_reg[12]/C
                            (rising edge-triggered cell FDCE clocked by clock_system  {rise@0.000ns fall@5.000ns period=10.000ns})
  Destination:            pwm_generate_inst/reg_500ms_times_reg[2]/D
                            (rising edge-triggered cell FDCE clocked by clock_system  {rise@0.000ns fall@5.000ns period=10.000ns})
  Path Group:             clock_system
  Path Type:              Setup (Max at Slow Process Corner)
  Requirement:            10.000ns  (clock_system rise@10.000ns - clock_system rise@0.000ns)
  Data Path Delay:        1.222ns  (logic 0.542ns (44.354%)  route 0.680ns (55.646%))
  Logic Levels:           3  (LUT4=1 LUT5=1 LUT6=1)
  Clock Path Skew:        -0.083ns (DCD - SCD + CPR)
    Destination Clock Delay (DCD):    1.459ns = ( 11.459 - 10.000 ) 
    Source Clock Delay      (SCD):    1.707ns
    Clock Pessimism Removal (CPR):    0.164ns
  Clock Uncertainty:      0.035ns  ((TSJ^2 + TIJ^2)^1/2 + DJ) / 2 + PE
    Total System Jitter     (TSJ):    0.071ns
    Total Input Jitter      (TIJ):    0.000ns
    Discrete Jitter          (DJ):    0.000ns
    Phase Error              (PE):    0.000ns
  Clock Net Delay (Source):      0.812ns (routing 0.001ns, distribution 0.811ns)
  Clock Net Delay (Destination): 0.713ns (routing 0.001ns, distribution 0.712ns)

    Location             Delay type                Incr(ns)  Path(ns)    Netlist Resource(s)
  -------------------------------------------------------------------    -------------------
                         (clock clock_system rise edge)
                                                      0.000     0.000 r  
    V24                                               0.000     0.000 r  clk_sys_p (IN)
                         net (fo=0)                   0.000     0.000    clk_differ_to_single/I
    HPIOBDIFFINBUF_X0Y35 DIFFINBUF (Prop_DIFFINBUF_HPIOBDIFFINBUF_DIFF_IN_P_O)
                                                      0.469     0.469 r  clk_differ_to_single/DIFFINBUF_INST/O
                         net (fo=1, routed)           0.050     0.519    clk_differ_to_single/OUT
    V24                  IBUFCTRL (Prop_IBUFCTRL_HPIOB_M_I_O)
                                                      0.000     0.519 r  clk_differ_to_single/IBUFCTRL_INST/O
                         net (fo=1, routed)           0.348     0.867    clk_sys
    BUFGCE_X0Y32         BUFGCE (Prop_BUFCE_BUFGCE_I_O)
                                                      0.028     0.895 r  clk_sys_BUFG_inst/O
    X0Y1 (CLOCK_ROOT)    net (fo=67, routed)          0.812     1.707    pwm_generate_inst/counter_20_ms_inst/CLK
    SLICE_X22Y78         FDCE                                         r  pwm_generate_inst/counter_20_ms_inst/reg_count_reg[12]/C
  -------------------------------------------------------------------    -------------------
    SLICE_X22Y78         FDCE (Prop_DFF2_SLICEL_C_Q)
                                                      0.081     1.788 r  pwm_generate_inst/counter_20_ms_inst/reg_count_reg[12]/Q
                         net (fo=2, routed)           0.152     1.940    pwm_generate_inst/counter_20_ms_inst/reg_count[12]
    SLICE_X22Y78         LUT5 (Prop_B6LUT_SLICEL_I2_O)
                                                      0.148     2.088 r  pwm_generate_inst/counter_20_ms_inst/reg_count[20]_i_6/O
                         net (fo=1, routed)           0.243     2.331    pwm_generate_inst/counter_20_ms_inst/reg_count[20]_i_6_n_0
    SLICE_X21Y79         LUT6 (Prop_H6LUT_SLICEM_I3_O)
                                                      0.152     2.483 f  pwm_generate_inst/counter_20_ms_inst/reg_count[20]_i_2/O
                         net (fo=26, routed)          0.267     2.750    pwm_generate_inst/counter_20_ms_inst/flag_20_ms
    SLICE_X20Y78         LUT4 (Prop_H5LUT_SLICEM_I0_O)
                                                      0.161     2.911 r  pwm_generate_inst/counter_20_ms_inst/reg_500ms_times[2]_i_2/O
                         net (fo=1, routed)           0.018     2.929    pwm_generate_inst/p_1_in[2]
    SLICE_X20Y78         FDCE                                         r  pwm_generate_inst/reg_500ms_times_reg[2]/D
  -------------------------------------------------------------------    -------------------

                         (clock clock_system rise edge)
                                                     10.000    10.000 r  
    V24                                               0.000    10.000 r  clk_sys_p (IN)
                         net (fo=0)                   0.000    10.000    clk_differ_to_single/I
    HPIOBDIFFINBUF_X0Y35 DIFFINBUF (Prop_DIFFINBUF_HPIOBDIFFINBUF_DIFF_IN_P_O)
                                                      0.373    10.373 r  clk_differ_to_single/DIFFINBUF_INST/O
                         net (fo=1, routed)           0.040    10.413    clk_differ_to_single/OUT
    V24                  IBUFCTRL (Prop_IBUFCTRL_HPIOB_M_I_O)
                                                      0.000    10.413 r  clk_differ_to_single/IBUFCTRL_INST/O
                         net (fo=1, routed)           0.309    10.722    clk_sys
    BUFGCE_X0Y32         BUFGCE (Prop_BUFCE_BUFGCE_I_O)
                                                      0.024    10.746 r  clk_sys_BUFG_inst/O
    X0Y1 (CLOCK_ROOT)    net (fo=67, routed)          0.713    11.459    pwm_generate_inst/CLK
    SLICE_X20Y78         FDCE                                         r  pwm_generate_inst/reg_500ms_times_reg[2]/C
                         clock pessimism              0.164    11.623    
                         clock uncertainty           -0.035    11.588    
    SLICE_X20Y78         FDCE (Setup_HFF2_SLICEM_C_D)
                                                      0.025    11.613    pwm_generate_inst/reg_500ms_times_reg[2]
  -------------------------------------------------------------------
                         required time                         11.613    
                         arrival time                          -2.929    
  -------------------------------------------------------------------
                         slack                                  8.684    

Slack (MET) :             8.716ns  (required time - arrival time)
  Source:                 pwm_generate_inst/counter_20_ms_inst/reg_count_reg[12]/C
                            (rising edge-triggered cell FDCE clocked by clock_system  {rise@0.000ns fall@5.000ns period=10.000ns})
  Destination:            pwm_generate_inst/counter_20_ms_inst/reg_count_reg[10]/D
                            (rising edge-triggered cell FDCE clocked by clock_system  {rise@0.000ns fall@5.000ns period=10.000ns})
  Path Group:             clock_system
  Path Type:              Setup (Max at Slow Process Corner)
  Requirement:            10.000ns  (clock_system rise@10.000ns - clock_system rise@0.000ns)
  Data Path Delay:        1.191ns  (logic 0.469ns (39.379%)  route 0.722ns (60.621%))
  Logic Levels:           3  (LUT2=1 LUT5=1 LUT6=1)
  Clock Path Skew:        -0.082ns (DCD - SCD + CPR)
    Destination Clock Delay (DCD):    1.460ns = ( 11.460 - 10.000 ) 
    Source Clock Delay      (SCD):    1.707ns
    Clock Pessimism Removal (CPR):    0.164ns
  Clock Uncertainty:      0.035ns  ((TSJ^2 + TIJ^2)^1/2 + DJ) / 2 + PE
    Total System Jitter     (TSJ):    0.071ns
    Total Input Jitter      (TIJ):    0.000ns
    Discrete Jitter          (DJ):    0.000ns
    Phase Error              (PE):    0.000ns
  Clock Net Delay (Source):      0.812ns (routing 0.001ns, distribution 0.811ns)
  Clock Net Delay (Destination): 0.714ns (routing 0.001ns, distribution 0.713ns)

    Location             Delay type                Incr(ns)  Path(ns)    Netlist Resource(s)
  -------------------------------------------------------------------    -------------------
                         (clock clock_system rise edge)
                                                      0.000     0.000 r  
    V24                                               0.000     0.000 r  clk_sys_p (IN)
                         net (fo=0)                   0.000     0.000    clk_differ_to_single/I
    HPIOBDIFFINBUF_X0Y35 DIFFINBUF (Prop_DIFFINBUF_HPIOBDIFFINBUF_DIFF_IN_P_O)
                                                      0.469     0.469 r  clk_differ_to_single/DIFFINBUF_INST/O
                         net (fo=1, routed)           0.050     0.519    clk_differ_to_single/OUT
    V24                  IBUFCTRL (Prop_IBUFCTRL_HPIOB_M_I_O)
                                                      0.000     0.519 r  clk_differ_to_single/IBUFCTRL_INST/O
                         net (fo=1, routed)           0.348     0.867    clk_sys
    BUFGCE_X0Y32         BUFGCE (Prop_BUFCE_BUFGCE_I_O)
                                                      0.028     0.895 r  clk_sys_BUFG_inst/O
    X0Y1 (CLOCK_ROOT)    net (fo=67, routed)          0.812     1.707    pwm_generate_inst/counter_20_ms_inst/CLK
    SLICE_X22Y78         FDCE                                         r  pwm_generate_inst/counter_20_ms_inst/reg_count_reg[12]/C
  -------------------------------------------------------------------    -------------------
    SLICE_X22Y78         FDCE (Prop_DFF2_SLICEL_C_Q)
                                                      0.081     1.788 r  pwm_generate_inst/counter_20_ms_inst/reg_count_reg[12]/Q
                         net (fo=2, routed)           0.152     1.940    pwm_generate_inst/counter_20_ms_inst/reg_count[12]
    SLICE_X22Y78         LUT5 (Prop_B6LUT_SLICEL_I2_O)
                                                      0.148     2.088 r  pwm_generate_inst/counter_20_ms_inst/reg_count[20]_i_6/O
                         net (fo=1, routed)           0.243     2.331    pwm_generate_inst/counter_20_ms_inst/reg_count[20]_i_6_n_0
    SLICE_X21Y79         LUT6 (Prop_H6LUT_SLICEM_I3_O)
                                                      0.152     2.483 f  pwm_generate_inst/counter_20_ms_inst/reg_count[20]_i_2/O
                         net (fo=26, routed)          0.255     2.738    pwm_generate_inst/counter_20_ms_inst/flag_20_ms
    SLICE_X20Y78         LUT2 (Prop_D6LUT_SLICEM_I0_O)
                                                      0.088     2.826 r  pwm_generate_inst/counter_20_ms_inst/reg_count[10]_i_1/O
                         net (fo=1, routed)           0.072     2.898    pwm_generate_inst/counter_20_ms_inst/reg_count_0[10]
    SLICE_X20Y78         FDCE                                         r  pwm_generate_inst/counter_20_ms_inst/reg_count_reg[10]/D
  -------------------------------------------------------------------    -------------------

                         (clock clock_system rise edge)
                                                     10.000    10.000 r  
    V24                                               0.000    10.000 r  clk_sys_p (IN)
                         net (fo=0)                   0.000    10.000    clk_differ_to_single/I
    HPIOBDIFFINBUF_X0Y35 DIFFINBUF (Prop_DIFFINBUF_HPIOBDIFFINBUF_DIFF_IN_P_O)
                                                      0.373    10.373 r  clk_differ_to_single/DIFFINBUF_INST/O
                         net (fo=1, routed)           0.040    10.413    clk_differ_to_single/OUT
    V24                  IBUFCTRL (Prop_IBUFCTRL_HPIOB_M_I_O)
                                                      0.000    10.413 r  clk_differ_to_single/IBUFCTRL_INST/O
                         net (fo=1, routed)           0.309    10.722    clk_sys
    BUFGCE_X0Y32         BUFGCE (Prop_BUFCE_BUFGCE_I_O)
                                                      0.024    10.746 r  clk_sys_BUFG_inst/O
    X0Y1 (CLOCK_ROOT)    net (fo=67, routed)          0.714    11.460    pwm_generate_inst/counter_20_ms_inst/CLK
    SLICE_X20Y78         FDCE                                         r  pwm_generate_inst/counter_20_ms_inst/reg_count_reg[10]/C
                         clock pessimism              0.164    11.624    
                         clock uncertainty           -0.035    11.589    
    SLICE_X20Y78         FDCE (Setup_DFF_SLICEM_C_D)
                                                      0.025    11.614    pwm_generate_inst/counter_20_ms_inst/reg_count_reg[10]
  -------------------------------------------------------------------
                         required time                         11.614    
                         arrival time                          -2.898    
  -------------------------------------------------------------------
                         slack                                  8.716    





Min Delay Paths
--------------------------------------------------------------------------------------
Slack (MET) :             0.042ns  (arrival time - required time)
  Source:                 pwm_generate_inst/counter_0_5_ms_inst/reg_count_reg[15]/C
                            (rising edge-triggered cell FDCE clocked by clock_system  {rise@0.000ns fall@5.000ns period=10.000ns})
  Destination:            pwm_generate_inst/counter_0_5_ms_inst/reg_count_reg[15]/D
                            (rising edge-triggered cell FDCE clocked by clock_system  {rise@0.000ns fall@5.000ns period=10.000ns})
  Path Group:             clock_system
  Path Type:              Hold (Min at Fast Process Corner)
  Requirement:            0.000ns  (clock_system rise@0.000ns - clock_system rise@0.000ns)
  Data Path Delay:        0.094ns  (logic 0.054ns (57.447%)  route 0.040ns (42.553%))
  Logic Levels:           1  (LUT5=1)
  Clock Path Skew:        0.006ns (DCD - SCD - CPR)
    Destination Clock Delay (DCD):    1.095ns
    Source Clock Delay      (SCD):    0.888ns
    Clock Pessimism Removal (CPR):    0.201ns
  Clock Net Delay (Source):      0.447ns (routing 0.000ns, distribution 0.447ns)
  Clock Net Delay (Destination): 0.509ns (routing 0.001ns, distribution 0.508ns)

    Location             Delay type                Incr(ns)  Path(ns)    Netlist Resource(s)
  -------------------------------------------------------------------    -------------------
                         (clock clock_system rise edge)
                                                      0.000     0.000 r  
    V24                                               0.000     0.000 r  clk_sys_p (IN)
                         net (fo=0)                   0.000     0.000    clk_differ_to_single/I
    HPIOBDIFFINBUF_X0Y35 DIFFINBUF (Prop_DIFFINBUF_HPIOBDIFFINBUF_DIFF_IN_P_O)
                                                      0.228     0.228 r  clk_differ_to_single/DIFFINBUF_INST/O
                         net (fo=1, routed)           0.040     0.268    clk_differ_to_single/OUT
    V24                  IBUFCTRL (Prop_IBUFCTRL_HPIOB_M_I_O)
                                                      0.000     0.268 r  clk_differ_to_single/IBUFCTRL_INST/O
                         net (fo=1, routed)           0.156     0.424    clk_sys
    BUFGCE_X0Y32         BUFGCE (Prop_BUFCE_BUFGCE_I_O)
                                                      0.017     0.441 r  clk_sys_BUFG_inst/O
    X0Y1 (CLOCK_ROOT)    net (fo=67, routed)          0.447     0.888    pwm_generate_inst/counter_0_5_ms_inst/CLK
    SLICE_X19Y81         FDCE                                         r  pwm_generate_inst/counter_0_5_ms_inst/reg_count_reg[15]/C
  -------------------------------------------------------------------    -------------------
    SLICE_X19Y81         FDCE (Prop_BFF_SLICEL_C_Q)
                                                      0.039     0.927 r  pwm_generate_inst/counter_0_5_ms_inst/reg_count_reg[15]/Q
                         net (fo=2, routed)           0.025     0.952    pwm_generate_inst/counter_0_5_ms_inst/reg_count_reg_n_0_[15]
    SLICE_X19Y81         LUT5 (Prop_B6LUT_SLICEL_I4_O)
                                                      0.015     0.967 r  pwm_generate_inst/counter_0_5_ms_inst/reg_count[15]_i_1__0/O
                         net (fo=1, routed)           0.015     0.982    pwm_generate_inst/counter_0_5_ms_inst/reg_count[15]
    SLICE_X19Y81         FDCE                                         r  pwm_generate_inst/counter_0_5_ms_inst/reg_count_reg[15]/D
  -------------------------------------------------------------------    -------------------

                         (clock clock_system rise edge)
                                                      0.000     0.000 r  
    V24                                               0.000     0.000 r  clk_sys_p (IN)
                         net (fo=0)                   0.000     0.000    clk_differ_to_single/I
    HPIOBDIFFINBUF_X0Y35 DIFFINBUF (Prop_DIFFINBUF_HPIOBDIFFINBUF_DIFF_IN_P_O)
                                                      0.326     0.326 r  clk_differ_to_single/DIFFINBUF_INST/O
                         net (fo=1, routed)           0.050     0.376    clk_differ_to_single/OUT
    V24                  IBUFCTRL (Prop_IBUFCTRL_HPIOB_M_I_O)
                                                      0.000     0.376 r  clk_differ_to_single/IBUFCTRL_INST/O
                         net (fo=1, routed)           0.191     0.567    clk_sys
    BUFGCE_X0Y32         BUFGCE (Prop_BUFCE_BUFGCE_I_O)
                                                      0.019     0.586 r  clk_sys_BUFG_inst/O
    X0Y1 (CLOCK_ROOT)    net (fo=67, routed)          0.509     1.095    pwm_generate_inst/counter_0_5_ms_inst/CLK
    SLICE_X19Y81         FDCE                                         r  pwm_generate_inst/counter_0_5_ms_inst/reg_count_reg[15]/C
                         clock pessimism             -0.201     0.894    
    SLICE_X19Y81         FDCE (Hold_BFF_SLICEL_C_D)
                                                      0.046     0.940    pwm_generate_inst/counter_0_5_ms_inst/reg_count_reg[15]
  -------------------------------------------------------------------
                         required time                         -0.940    
                         arrival time                           0.982    
  -------------------------------------------------------------------
                         slack                                  0.042    

Slack (MET) :             0.045ns  (arrival time - required time)
  Source:                 pwm_generate_inst/counter_0_5_ms_inst/reg_count_reg[12]/C
                            (rising edge-triggered cell FDCE clocked by clock_system  {rise@0.000ns fall@5.000ns period=10.000ns})
  Destination:            pwm_generate_inst/counter_0_5_ms_inst/reg_count_reg[14]/D
                            (rising edge-triggered cell FDCE clocked by clock_system  {rise@0.000ns fall@5.000ns period=10.000ns})
  Path Group:             clock_system
  Path Type:              Hold (Min at Fast Process Corner)
  Requirement:            0.000ns  (clock_system rise@0.000ns - clock_system rise@0.000ns)
  Data Path Delay:        0.097ns  (logic 0.053ns (54.639%)  route 0.044ns (45.361%))
  Logic Levels:           1  (LUT6=1)
  Clock Path Skew:        0.006ns (DCD - SCD - CPR)
    Destination Clock Delay (DCD):    1.095ns
    Source Clock Delay      (SCD):    0.888ns
    Clock Pessimism Removal (CPR):    0.201ns
  Clock Net Delay (Source):      0.447ns (routing 0.000ns, distribution 0.447ns)
  Clock Net Delay (Destination): 0.509ns (routing 0.001ns, distribution 0.508ns)

    Location             Delay type                Incr(ns)  Path(ns)    Netlist Resource(s)
  -------------------------------------------------------------------    -------------------
                         (clock clock_system rise edge)
                                                      0.000     0.000 r  
    V24                                               0.000     0.000 r  clk_sys_p (IN)
                         net (fo=0)                   0.000     0.000    clk_differ_to_single/I
    HPIOBDIFFINBUF_X0Y35 DIFFINBUF (Prop_DIFFINBUF_HPIOBDIFFINBUF_DIFF_IN_P_O)
                                                      0.228     0.228 r  clk_differ_to_single/DIFFINBUF_INST/O
                         net (fo=1, routed)           0.040     0.268    clk_differ_to_single/OUT
    V24                  IBUFCTRL (Prop_IBUFCTRL_HPIOB_M_I_O)
                                                      0.000     0.268 r  clk_differ_to_single/IBUFCTRL_INST/O
                         net (fo=1, routed)           0.156     0.424    clk_sys
    BUFGCE_X0Y32         BUFGCE (Prop_BUFCE_BUFGCE_I_O)
                                                      0.017     0.441 r  clk_sys_BUFG_inst/O
    X0Y1 (CLOCK_ROOT)    net (fo=67, routed)          0.447     0.888    pwm_generate_inst/counter_0_5_ms_inst/CLK
    SLICE_X19Y81         FDCE                                         r  pwm_generate_inst/counter_0_5_ms_inst/reg_count_reg[12]/C
  -------------------------------------------------------------------    -------------------
    SLICE_X19Y81         FDCE (Prop_DFF_SLICEL_C_Q)
                                                      0.039     0.927 r  pwm_generate_inst/counter_0_5_ms_inst/reg_count_reg[12]/Q
                         net (fo=5, routed)           0.027     0.954    pwm_generate_inst/counter_0_5_ms_inst/reg_count_reg_n_0_[12]
    SLICE_X19Y81         LUT6 (Prop_C6LUT_SLICEL_I3_O)
                                                      0.014     0.968 r  pwm_generate_inst/counter_0_5_ms_inst/reg_count[14]_i_1__0/O
                         net (fo=1, routed)           0.017     0.985    pwm_generate_inst/counter_0_5_ms_inst/reg_count[14]
    SLICE_X19Y81         FDCE                                         r  pwm_generate_inst/counter_0_5_ms_inst/reg_count_reg[14]/D
  -------------------------------------------------------------------    -------------------

                         (clock clock_system rise edge)
                                                      0.000     0.000 r  
    V24                                               0.000     0.000 r  clk_sys_p (IN)
                         net (fo=0)                   0.000     0.000    clk_differ_to_single/I
    HPIOBDIFFINBUF_X0Y35 DIFFINBUF (Prop_DIFFINBUF_HPIOBDIFFINBUF_DIFF_IN_P_O)
                                                      0.326     0.326 r  clk_differ_to_single/DIFFINBUF_INST/O
                         net (fo=1, routed)           0.050     0.376    clk_differ_to_single/OUT
    V24                  IBUFCTRL (Prop_IBUFCTRL_HPIOB_M_I_O)
                                                      0.000     0.376 r  clk_differ_to_single/IBUFCTRL_INST/O
                         net (fo=1, routed)           0.191     0.567    clk_sys
    BUFGCE_X0Y32         BUFGCE (Prop_BUFCE_BUFGCE_I_O)
                                                      0.019     0.586 r  clk_sys_BUFG_inst/O
    X0Y1 (CLOCK_ROOT)    net (fo=67, routed)          0.509     1.095    pwm_generate_inst/counter_0_5_ms_inst/CLK
    SLICE_X19Y81         FDCE                                         r  pwm_generate_inst/counter_0_5_ms_inst/reg_count_reg[14]/C
                         clock pessimism             -0.201     0.894    
    SLICE_X19Y81         FDCE (Hold_CFF_SLICEL_C_D)
                                                      0.046     0.940    pwm_generate_inst/counter_0_5_ms_inst/reg_count_reg[14]
  -------------------------------------------------------------------
                         required time                         -0.940    
                         arrival time                           0.985    
  -------------------------------------------------------------------
                         slack                                  0.045    

Slack (MET) :             0.050ns  (arrival time - required time)
  Source:                 button_debounce_inst/reg_state_reg[0]/C
                            (rising edge-triggered cell FDCE clocked by clock_system  {rise@0.000ns fall@5.000ns period=10.000ns})
  Destination:            button_debounce_inst/reg_state_reg[1]/D
                            (rising edge-triggered cell FDCE clocked by clock_system  {rise@0.000ns fall@5.000ns period=10.000ns})
  Path Group:             clock_system
  Path Type:              Hold (Min at Fast Process Corner)
  Requirement:            0.000ns  (clock_system rise@0.000ns - clock_system rise@0.000ns)
  Data Path Delay:        0.103ns  (logic 0.072ns (69.903%)  route 0.031ns (30.097%))
  Logic Levels:           1  (LUT3=1)
  Clock Path Skew:        0.006ns (DCD - SCD - CPR)
    Destination Clock Delay (DCD):    1.105ns
    Source Clock Delay      (SCD):    0.896ns
    Clock Pessimism Removal (CPR):    0.203ns
  Clock Net Delay (Source):      0.455ns (routing 0.000ns, distribution 0.455ns)
  Clock Net Delay (Destination): 0.519ns (routing 0.001ns, distribution 0.518ns)

    Location             Delay type                Incr(ns)  Path(ns)    Netlist Resource(s)
  -------------------------------------------------------------------    -------------------
                         (clock clock_system rise edge)
                                                      0.000     0.000 r  
    V24                                               0.000     0.000 r  clk_sys_p (IN)
                         net (fo=0)                   0.000     0.000    clk_differ_to_single/I
    HPIOBDIFFINBUF_X0Y35 DIFFINBUF (Prop_DIFFINBUF_HPIOBDIFFINBUF_DIFF_IN_P_O)
                                                      0.228     0.228 r  clk_differ_to_single/DIFFINBUF_INST/O
                         net (fo=1, routed)           0.040     0.268    clk_differ_to_single/OUT
    V24                  IBUFCTRL (Prop_IBUFCTRL_HPIOB_M_I_O)
                                                      0.000     0.268 r  clk_differ_to_single/IBUFCTRL_INST/O
                         net (fo=1, routed)           0.156     0.424    clk_sys
    BUFGCE_X0Y32         BUFGCE (Prop_BUFCE_BUFGCE_I_O)
                                                      0.017     0.441 r  clk_sys_BUFG_inst/O
    X0Y1 (CLOCK_ROOT)    net (fo=67, routed)          0.455     0.896    button_debounce_inst/CLK
    SLICE_X18Y79         FDCE                                         r  button_debounce_inst/reg_state_reg[0]/C
  -------------------------------------------------------------------    -------------------
    SLICE_X18Y79         FDCE (Prop_DFF_SLICEL_C_Q)
                                                      0.039     0.935 r  button_debounce_inst/reg_state_reg[0]/Q
                         net (fo=3, routed)           0.025     0.960    button_debounce_inst/reg_state[0]
    SLICE_X18Y79         LUT3 (Prop_D5LUT_SLICEL_I0_O)
                                                      0.033     0.993 r  button_debounce_inst/reg_state[1]_i_1/O
                         net (fo=1, routed)           0.006     0.999    button_debounce_inst/reg_next[1]
    SLICE_X18Y79         FDCE                                         r  button_debounce_inst/reg_state_reg[1]/D
  -------------------------------------------------------------------    -------------------

                         (clock clock_system rise edge)
                                                      0.000     0.000 r  
    V24                                               0.000     0.000 r  clk_sys_p (IN)
                         net (fo=0)                   0.000     0.000    clk_differ_to_single/I
    HPIOBDIFFINBUF_X0Y35 DIFFINBUF (Prop_DIFFINBUF_HPIOBDIFFINBUF_DIFF_IN_P_O)
                                                      0.326     0.326 r  clk_differ_to_single/DIFFINBUF_INST/O
                         net (fo=1, routed)           0.050     0.376    clk_differ_to_single/OUT
    V24                  IBUFCTRL (Prop_IBUFCTRL_HPIOB_M_I_O)
                                                      0.000     0.376 r  clk_differ_to_single/IBUFCTRL_INST/O
                         net (fo=1, routed)           0.191     0.567    clk_sys
    BUFGCE_X0Y32         BUFGCE (Prop_BUFCE_BUFGCE_I_O)
                                                      0.019     0.586 r  clk_sys_BUFG_inst/O
    X0Y1 (CLOCK_ROOT)    net (fo=67, routed)          0.519     1.105    button_debounce_inst/CLK
    SLICE_X18Y79         FDCE                                         r  button_debounce_inst/reg_state_reg[1]/C
                         clock pessimism             -0.203     0.902    
    SLICE_X18Y79         FDCE (Hold_DFF2_SLICEL_C_D)
                                                      0.047     0.949    button_debounce_inst/reg_state_reg[1]
  -------------------------------------------------------------------
                         required time                         -0.949    
                         arrival time                           0.999    
  -------------------------------------------------------------------
                         slack                                  0.050    

Slack (MET) :             0.053ns  (arrival time - required time)
  Source:                 pwm_generate_inst/reg_500ms_times_reg[1]/C
                            (rising edge-triggered cell FDCE clocked by clock_system  {rise@0.000ns fall@5.000ns period=10.000ns})
  Destination:            pwm_generate_inst/reg_500ms_times_reg[2]/D
                            (rising edge-triggered cell FDCE clocked by clock_system  {rise@0.000ns fall@5.000ns period=10.000ns})
  Path Group:             clock_system
  Path Type:              Hold (Min at Fast Process Corner)
  Requirement:            0.000ns  (clock_system rise@0.000ns - clock_system rise@0.000ns)
  Data Path Delay:        0.120ns  (logic 0.060ns (50.000%)  route 0.060ns (50.000%))
  Logic Levels:           1  (LUT4=1)
  Clock Path Skew:        0.020ns (DCD - SCD - CPR)
    Destination Clock Delay (DCD):    1.109ns
    Source Clock Delay      (SCD):    0.899ns
    Clock Pessimism Removal (CPR):    0.190ns
  Clock Net Delay (Source):      0.458ns (routing 0.000ns, distribution 0.458ns)
  Clock Net Delay (Destination): 0.523ns (routing 0.001ns, distribution 0.522ns)

    Location             Delay type                Incr(ns)  Path(ns)    Netlist Resource(s)
  -------------------------------------------------------------------    -------------------
                         (clock clock_system rise edge)
                                                      0.000     0.000 r  
    V24                                               0.000     0.000 r  clk_sys_p (IN)
                         net (fo=0)                   0.000     0.000    clk_differ_to_single/I
    HPIOBDIFFINBUF_X0Y35 DIFFINBUF (Prop_DIFFINBUF_HPIOBDIFFINBUF_DIFF_IN_P_O)
                                                      0.228     0.228 r  clk_differ_to_single/DIFFINBUF_INST/O
                         net (fo=1, routed)           0.040     0.268    clk_differ_to_single/OUT
    V24                  IBUFCTRL (Prop_IBUFCTRL_HPIOB_M_I_O)
                                                      0.000     0.268 r  clk_differ_to_single/IBUFCTRL_INST/O
                         net (fo=1, routed)           0.156     0.424    clk_sys
    BUFGCE_X0Y32         BUFGCE (Prop_BUFCE_BUFGCE_I_O)
                                                      0.017     0.441 r  clk_sys_BUFG_inst/O
    X0Y1 (CLOCK_ROOT)    net (fo=67, routed)          0.458     0.899    pwm_generate_inst/CLK
    SLICE_X20Y79         FDCE                                         r  pwm_generate_inst/reg_500ms_times_reg[1]/C
  -------------------------------------------------------------------    -------------------
    SLICE_X20Y79         FDCE (Prop_HFF_SLICEM_C_Q)
                                                      0.039     0.938 r  pwm_generate_inst/reg_500ms_times_reg[1]/Q
                         net (fo=3, routed)           0.054     0.992    pwm_generate_inst/counter_20_ms_inst/Q[1]
    SLICE_X20Y78         LUT4 (Prop_H5LUT_SLICEM_I2_O)
                                                      0.021     1.013 r  pwm_generate_inst/counter_20_ms_inst/reg_500ms_times[2]_i_2/O
                         net (fo=1, routed)           0.006     1.019    pwm_generate_inst/p_1_in[2]
    SLICE_X20Y78         FDCE                                         r  pwm_generate_inst/reg_500ms_times_reg[2]/D
  -------------------------------------------------------------------    -------------------

                         (clock clock_system rise edge)
                                                      0.000     0.000 r  
    V24                                               0.000     0.000 r  clk_sys_p (IN)
                         net (fo=0)                   0.000     0.000    clk_differ_to_single/I
    HPIOBDIFFINBUF_X0Y35 DIFFINBUF (Prop_DIFFINBUF_HPIOBDIFFINBUF_DIFF_IN_P_O)
                                                      0.326     0.326 r  clk_differ_to_single/DIFFINBUF_INST/O
                         net (fo=1, routed)           0.050     0.376    clk_differ_to_single/OUT
    V24                  IBUFCTRL (Prop_IBUFCTRL_HPIOB_M_I_O)
                                                      0.000     0.376 r  clk_differ_to_single/IBUFCTRL_INST/O
                         net (fo=1, routed)           0.191     0.567    clk_sys
    BUFGCE_X0Y32         BUFGCE (Prop_BUFCE_BUFGCE_I_O)
                                                      0.019     0.586 r  clk_sys_BUFG_inst/O
    X0Y1 (CLOCK_ROOT)    net (fo=67, routed)          0.523     1.109    pwm_generate_inst/CLK
    SLICE_X20Y78         FDCE                                         r  pwm_generate_inst/reg_500ms_times_reg[2]/C
                         clock pessimism             -0.190     0.919    
    SLICE_X20Y78         FDCE (Hold_HFF2_SLICEM_C_D)
                                                      0.047     0.966    pwm_generate_inst/reg_500ms_times_reg[2]
  -------------------------------------------------------------------
                         required time                         -0.966    
                         arrival time                           1.019    
  -------------------------------------------------------------------
                         slack                                  0.053    

Slack (MET) :             0.058ns  (arrival time - required time)
  Source:                 pwm_generate_inst/counter_0_5_ms_inst/reg_count_reg[0]/C
                            (rising edge-triggered cell FDCE clocked by clock_system  {rise@0.000ns fall@5.000ns period=10.000ns})
  Destination:            pwm_generate_inst/counter_0_5_ms_inst/reg_count_reg[3]/D
                            (rising edge-triggered cell FDCE clocked by clock_system  {rise@0.000ns fall@5.000ns period=10.000ns})
  Path Group:             clock_system
  Path Type:              Hold (Min at Fast Process Corner)
  Requirement:            0.000ns  (clock_system rise@0.000ns - clock_system rise@0.000ns)
  Data Path Delay:        0.126ns  (logic 0.062ns (49.206%)  route 0.064ns (50.794%))
  Logic Levels:           1  (LUT5=1)
  Clock Path Skew:        0.021ns (DCD - SCD - CPR)
    Destination Clock Delay (DCD):    1.109ns
    Source Clock Delay      (SCD):    0.898ns
    Clock Pessimism Removal (CPR):    0.190ns
  Clock Net Delay (Source):      0.457ns (routing 0.000ns, distribution 0.457ns)
  Clock Net Delay (Destination): 0.523ns (routing 0.001ns, distribution 0.522ns)

    Location             Delay type                Incr(ns)  Path(ns)    Netlist Resource(s)
  -------------------------------------------------------------------    -------------------
                         (clock clock_system rise edge)
                                                      0.000     0.000 r  
    V24                                               0.000     0.000 r  clk_sys_p (IN)
                         net (fo=0)                   0.000     0.000    clk_differ_to_single/I
    HPIOBDIFFINBUF_X0Y35 DIFFINBUF (Prop_DIFFINBUF_HPIOBDIFFINBUF_DIFF_IN_P_O)
                                                      0.228     0.228 r  clk_differ_to_single/DIFFINBUF_INST/O
                         net (fo=1, routed)           0.040     0.268    clk_differ_to_single/OUT
    V24                  IBUFCTRL (Prop_IBUFCTRL_HPIOB_M_I_O)
                                                      0.000     0.268 r  clk_differ_to_single/IBUFCTRL_INST/O
                         net (fo=1, routed)           0.156     0.424    clk_sys
    BUFGCE_X0Y32         BUFGCE (Prop_BUFCE_BUFGCE_I_O)
                                                      0.017     0.441 r  clk_sys_BUFG_inst/O
    X0Y1 (CLOCK_ROOT)    net (fo=67, routed)          0.457     0.898    pwm_generate_inst/counter_0_5_ms_inst/CLK
    SLICE_X20Y81         FDCE                                         r  pwm_generate_inst/counter_0_5_ms_inst/reg_count_reg[0]/C
  -------------------------------------------------------------------    -------------------
    SLICE_X20Y81         FDCE (Prop_GFF2_SLICEM_C_Q)
                                                      0.039     0.937 r  pwm_generate_inst/counter_0_5_ms_inst/reg_count_reg[0]/Q
                         net (fo=7, routed)           0.056     0.993    pwm_generate_inst/counter_0_5_ms_inst/reg_count_reg_n_0_[0]
    SLICE_X20Y80         LUT5 (Prop_C5LUT_SLICEM_I2_O)
                                                      0.023     1.016 r  pwm_generate_inst/counter_0_5_ms_inst/reg_count[3]_i_1__0/O
                         net (fo=1, routed)           0.008     1.024    pwm_generate_inst/counter_0_5_ms_inst/reg_count[3]
    SLICE_X20Y80         FDCE                                         r  pwm_generate_inst/counter_0_5_ms_inst/reg_count_reg[3]/D
  -------------------------------------------------------------------    -------------------

                         (clock clock_system rise edge)
                                                      0.000     0.000 r  
    V24                                               0.000     0.000 r  clk_sys_p (IN)
                         net (fo=0)                   0.000     0.000    clk_differ_to_single/I
    HPIOBDIFFINBUF_X0Y35 DIFFINBUF (Prop_DIFFINBUF_HPIOBDIFFINBUF_DIFF_IN_P_O)
                                                      0.326     0.326 r  clk_differ_to_single/DIFFINBUF_INST/O
                         net (fo=1, routed)           0.050     0.376    clk_differ_to_single/OUT
    V24                  IBUFCTRL (Prop_IBUFCTRL_HPIOB_M_I_O)
                                                      0.000     0.376 r  clk_differ_to_single/IBUFCTRL_INST/O
                         net (fo=1, routed)           0.191     0.567    clk_sys
    BUFGCE_X0Y32         BUFGCE (Prop_BUFCE_BUFGCE_I_O)
                                                      0.019     0.586 r  clk_sys_BUFG_inst/O
    X0Y1 (CLOCK_ROOT)    net (fo=67, routed)          0.523     1.109    pwm_generate_inst/counter_0_5_ms_inst/CLK
    SLICE_X20Y80         FDCE                                         r  pwm_generate_inst/counter_0_5_ms_inst/reg_count_reg[3]/C
                         clock pessimism             -0.190     0.919    
    SLICE_X20Y80         FDCE (Hold_CFF2_SLICEM_C_D)
                                                      0.047     0.966    pwm_generate_inst/counter_0_5_ms_inst/reg_count_reg[3]
  -------------------------------------------------------------------
                         required time                         -0.966    
                         arrival time                           1.024    
  -------------------------------------------------------------------
                         slack                                  0.058    

Slack (MET) :             0.058ns  (arrival time - required time)
  Source:                 pwm_generate_inst/counter_0_5_ms_inst/reg_count_reg[8]/C
                            (rising edge-triggered cell FDCE clocked by clock_system  {rise@0.000ns fall@5.000ns period=10.000ns})
  Destination:            pwm_generate_inst/counter_0_5_ms_inst/reg_count_reg[8]/D
                            (rising edge-triggered cell FDCE clocked by clock_system  {rise@0.000ns fall@5.000ns period=10.000ns})
  Path Group:             clock_system
  Path Type:              Hold (Min at Fast Process Corner)
  Requirement:            0.000ns  (clock_system rise@0.000ns - clock_system rise@0.000ns)
  Data Path Delay:        0.110ns  (logic 0.060ns (54.545%)  route 0.050ns (45.455%))
  Logic Levels:           1  (LUT6=1)
  Clock Path Skew:        0.006ns (DCD - SCD - CPR)
    Destination Clock Delay (DCD):    1.108ns
    Source Clock Delay      (SCD):    0.899ns
    Clock Pessimism Removal (CPR):    0.203ns
  Clock Net Delay (Source):      0.458ns (routing 0.000ns, distribution 0.458ns)
  Clock Net Delay (Destination): 0.522ns (routing 0.001ns, distribution 0.521ns)

    Location             Delay type                Incr(ns)  Path(ns)    Netlist Resource(s)
  -------------------------------------------------------------------    -------------------
                         (clock clock_system rise edge)
                                                      0.000     0.000 r  
    V24                                               0.000     0.000 r  clk_sys_p (IN)
                         net (fo=0)                   0.000     0.000    clk_differ_to_single/I
    HPIOBDIFFINBUF_X0Y35 DIFFINBUF (Prop_DIFFINBUF_HPIOBDIFFINBUF_DIFF_IN_P_O)
                                                      0.228     0.228 r  clk_differ_to_single/DIFFINBUF_INST/O
                         net (fo=1, routed)           0.040     0.268    clk_differ_to_single/OUT
    V24                  IBUFCTRL (Prop_IBUFCTRL_HPIOB_M_I_O)
                                                      0.000     0.268 r  clk_differ_to_single/IBUFCTRL_INST/O
                         net (fo=1, routed)           0.156     0.424    clk_sys
    BUFGCE_X0Y32         BUFGCE (Prop_BUFCE_BUFGCE_I_O)
                                                      0.017     0.441 r  clk_sys_BUFG_inst/O
    X0Y1 (CLOCK_ROOT)    net (fo=67, routed)          0.458     0.899    pwm_generate_inst/counter_0_5_ms_inst/CLK
    SLICE_X20Y81         FDCE                                         r  pwm_generate_inst/counter_0_5_ms_inst/reg_count_reg[8]/C
  -------------------------------------------------------------------    -------------------
    SLICE_X20Y81         FDCE (Prop_BFF_SLICEM_C_Q)
                                                      0.038     0.937 r  pwm_generate_inst/counter_0_5_ms_inst/reg_count_reg[8]/Q
                         net (fo=4, routed)           0.029     0.966    pwm_generate_inst/counter_0_5_ms_inst/reg_count_reg_n_0_[8]
    SLICE_X20Y81         LUT6 (Prop_B6LUT_SLICEM_I5_O)
                                                      0.022     0.988 r  pwm_generate_inst/counter_0_5_ms_inst/reg_count[8]_i_1__0/O
                         net (fo=1, routed)           0.021     1.009    pwm_generate_inst/counter_0_5_ms_inst/reg_count[8]
    SLICE_X20Y81         FDCE                                         r  pwm_generate_inst/counter_0_5_ms_inst/reg_count_reg[8]/D
  -------------------------------------------------------------------    -------------------

                         (clock clock_system rise edge)
                                                      0.000     0.000 r  
    V24                                               0.000     0.000 r  clk_sys_p (IN)
                         net (fo=0)                   0.000     0.000    clk_differ_to_single/I
    HPIOBDIFFINBUF_X0Y35 DIFFINBUF (Prop_DIFFINBUF_HPIOBDIFFINBUF_DIFF_IN_P_O)
                                                      0.326     0.326 r  clk_differ_to_single/DIFFINBUF_INST/O
                         net (fo=1, routed)           0.050     0.376    clk_differ_to_single/OUT
    V24                  IBUFCTRL (Prop_IBUFCTRL_HPIOB_M_I_O)
                                                      0.000     0.376 r  clk_differ_to_single/IBUFCTRL_INST/O
                         net (fo=1, routed)           0.191     0.567    clk_sys
    BUFGCE_X0Y32         BUFGCE (Prop_BUFCE_BUFGCE_I_O)
                                                      0.019     0.586 r  clk_sys_BUFG_inst/O
    X0Y1 (CLOCK_ROOT)    net (fo=67, routed)          0.522     1.108    pwm_generate_inst/counter_0_5_ms_inst/CLK
    SLICE_X20Y81         FDCE                                         r  pwm_generate_inst/counter_0_5_ms_inst/reg_count_reg[8]/C
                         clock pessimism             -0.203     0.905    
    SLICE_X20Y81         FDCE (Hold_BFF_SLICEM_C_D)
                                                      0.046     0.951    pwm_generate_inst/counter_0_5_ms_inst/reg_count_reg[8]
  -------------------------------------------------------------------
                         required time                         -0.951    
                         arrival time                           1.009    
  -------------------------------------------------------------------
                         slack                                  0.058    

Slack (MET) :             0.059ns  (arrival time - required time)
  Source:                 pwm_generate_inst/counter_0_5_ms_inst/reg_count_reg[8]/C
                            (rising edge-triggered cell FDCE clocked by clock_system  {rise@0.000ns fall@5.000ns period=10.000ns})
  Destination:            pwm_generate_inst/counter_0_5_ms_inst/reg_count_reg[9]/D
                            (rising edge-triggered cell FDCE clocked by clock_system  {rise@0.000ns fall@5.000ns period=10.000ns})
  Path Group:             clock_system
  Path Type:              Hold (Min at Fast Process Corner)
  Requirement:            0.000ns  (clock_system rise@0.000ns - clock_system rise@0.000ns)
  Data Path Delay:        0.111ns  (logic 0.061ns (54.955%)  route 0.050ns (45.045%))
  Logic Levels:           1  (LUT6=1)
  Clock Path Skew:        0.006ns (DCD - SCD - CPR)
    Destination Clock Delay (DCD):    1.108ns
    Source Clock Delay      (SCD):    0.899ns
    Clock Pessimism Removal (CPR):    0.203ns
  Clock Net Delay (Source):      0.458ns (routing 0.000ns, distribution 0.458ns)
  Clock Net Delay (Destination): 0.522ns (routing 0.001ns, distribution 0.521ns)

    Location             Delay type                Incr(ns)  Path(ns)    Netlist Resource(s)
  -------------------------------------------------------------------    -------------------
                         (clock clock_system rise edge)
                                                      0.000     0.000 r  
    V24                                               0.000     0.000 r  clk_sys_p (IN)
                         net (fo=0)                   0.000     0.000    clk_differ_to_single/I
    HPIOBDIFFINBUF_X0Y35 DIFFINBUF (Prop_DIFFINBUF_HPIOBDIFFINBUF_DIFF_IN_P_O)
                                                      0.228     0.228 r  clk_differ_to_single/DIFFINBUF_INST/O
                         net (fo=1, routed)           0.040     0.268    clk_differ_to_single/OUT
    V24                  IBUFCTRL (Prop_IBUFCTRL_HPIOB_M_I_O)
                                                      0.000     0.268 r  clk_differ_to_single/IBUFCTRL_INST/O
                         net (fo=1, routed)           0.156     0.424    clk_sys
    BUFGCE_X0Y32         BUFGCE (Prop_BUFCE_BUFGCE_I_O)
                                                      0.017     0.441 r  clk_sys_BUFG_inst/O
    X0Y1 (CLOCK_ROOT)    net (fo=67, routed)          0.458     0.899    pwm_generate_inst/counter_0_5_ms_inst/CLK
    SLICE_X20Y81         FDCE                                         r  pwm_generate_inst/counter_0_5_ms_inst/reg_count_reg[8]/C
  -------------------------------------------------------------------    -------------------
    SLICE_X20Y81         FDCE (Prop_BFF_SLICEM_C_Q)
                                                      0.038     0.937 r  pwm_generate_inst/counter_0_5_ms_inst/reg_count_reg[8]/Q
                         net (fo=4, routed)           0.032     0.969    pwm_generate_inst/counter_0_5_ms_inst/reg_count_reg_n_0_[8]
    SLICE_X20Y81         LUT6 (Prop_A6LUT_SLICEM_I4_O)
                                                      0.023     0.992 r  pwm_generate_inst/counter_0_5_ms_inst/reg_count[9]_i_1__0/O
                         net (fo=1, routed)           0.018     1.010    pwm_generate_inst/counter_0_5_ms_inst/reg_count[9]
    SLICE_X20Y81         FDCE                                         r  pwm_generate_inst/counter_0_5_ms_inst/reg_count_reg[9]/D
  -------------------------------------------------------------------    -------------------

                         (clock clock_system rise edge)
                                                      0.000     0.000 r  
    V24                                               0.000     0.000 r  clk_sys_p (IN)
                         net (fo=0)                   0.000     0.000    clk_differ_to_single/I
    HPIOBDIFFINBUF_X0Y35 DIFFINBUF (Prop_DIFFINBUF_HPIOBDIFFINBUF_DIFF_IN_P_O)
                                                      0.326     0.326 r  clk_differ_to_single/DIFFINBUF_INST/O
                         net (fo=1, routed)           0.050     0.376    clk_differ_to_single/OUT
    V24                  IBUFCTRL (Prop_IBUFCTRL_HPIOB_M_I_O)
                                                      0.000     0.376 r  clk_differ_to_single/IBUFCTRL_INST/O
                         net (fo=1, routed)           0.191     0.567    clk_sys
    BUFGCE_X0Y32         BUFGCE (Prop_BUFCE_BUFGCE_I_O)
                                                      0.019     0.586 r  clk_sys_BUFG_inst/O
    X0Y1 (CLOCK_ROOT)    net (fo=67, routed)          0.522     1.108    pwm_generate_inst/counter_0_5_ms_inst/CLK
    SLICE_X20Y81         FDCE                                         r  pwm_generate_inst/counter_0_5_ms_inst/reg_count_reg[9]/C
                         clock pessimism             -0.203     0.905    
    SLICE_X20Y81         FDCE (Hold_AFF_SLICEM_C_D)
                                                      0.046     0.951    pwm_generate_inst/counter_0_5_ms_inst/reg_count_reg[9]
  -------------------------------------------------------------------
                         required time                         -0.951    
                         arrival time                           1.010    
  -------------------------------------------------------------------
                         slack                                  0.059    

Slack (MET) :             0.061ns  (arrival time - required time)
  Source:                 pwm_generate_inst/counter_0_5_ms_inst/reg_count_reg[7]/C
                            (rising edge-triggered cell FDCE clocked by clock_system  {rise@0.000ns fall@5.000ns period=10.000ns})
  Destination:            pwm_generate_inst/counter_0_5_ms_inst/reg_count_reg[7]/D
                            (rising edge-triggered cell FDCE clocked by clock_system  {rise@0.000ns fall@5.000ns period=10.000ns})
  Path Group:             clock_system
  Path Type:              Hold (Min at Fast Process Corner)
  Requirement:            0.000ns  (clock_system rise@0.000ns - clock_system rise@0.000ns)
  Data Path Delay:        0.113ns  (logic 0.052ns (46.018%)  route 0.061ns (53.982%))
  Logic Levels:           1  (LUT6=1)
  Clock Path Skew:        0.006ns (DCD - SCD - CPR)
    Destination Clock Delay (DCD):    1.108ns
    Source Clock Delay      (SCD):    0.899ns
    Clock Pessimism Removal (CPR):    0.203ns
  Clock Net Delay (Source):      0.458ns (routing 0.000ns, distribution 0.458ns)
  Clock Net Delay (Destination): 0.522ns (routing 0.001ns, distribution 0.521ns)

    Location             Delay type                Incr(ns)  Path(ns)    Netlist Resource(s)
  -------------------------------------------------------------------    -------------------
                         (clock clock_system rise edge)
                                                      0.000     0.000 r  
    V24                                               0.000     0.000 r  clk_sys_p (IN)
                         net (fo=0)                   0.000     0.000    clk_differ_to_single/I
    HPIOBDIFFINBUF_X0Y35 DIFFINBUF (Prop_DIFFINBUF_HPIOBDIFFINBUF_DIFF_IN_P_O)
                                                      0.228     0.228 r  clk_differ_to_single/DIFFINBUF_INST/O
                         net (fo=1, routed)           0.040     0.268    clk_differ_to_single/OUT
    V24                  IBUFCTRL (Prop_IBUFCTRL_HPIOB_M_I_O)
                                                      0.000     0.268 r  clk_differ_to_single/IBUFCTRL_INST/O
                         net (fo=1, routed)           0.156     0.424    clk_sys
    BUFGCE_X0Y32         BUFGCE (Prop_BUFCE_BUFGCE_I_O)
                                                      0.017     0.441 r  clk_sys_BUFG_inst/O
    X0Y1 (CLOCK_ROOT)    net (fo=67, routed)          0.458     0.899    pwm_generate_inst/counter_0_5_ms_inst/CLK
    SLICE_X20Y81         FDCE                                         r  pwm_generate_inst/counter_0_5_ms_inst/reg_count_reg[7]/C
  -------------------------------------------------------------------    -------------------
    SLICE_X20Y81         FDCE (Prop_CFF_SLICEM_C_Q)
                                                      0.038     0.937 r  pwm_generate_inst/counter_0_5_ms_inst/reg_count_reg[7]/Q
                         net (fo=6, routed)           0.037     0.974    pwm_generate_inst/counter_0_5_ms_inst/reg_count_reg_n_0_[7]
    SLICE_X20Y81         LUT6 (Prop_C6LUT_SLICEM_I5_O)
                                                      0.014     0.988 r  pwm_generate_inst/counter_0_5_ms_inst/reg_count[7]_i_1__0/O
                         net (fo=1, routed)           0.024     1.012    pwm_generate_inst/counter_0_5_ms_inst/reg_count[7]
    SLICE_X20Y81         FDCE                                         r  pwm_generate_inst/counter_0_5_ms_inst/reg_count_reg[7]/D
  -------------------------------------------------------------------    -------------------

                         (clock clock_system rise edge)
                                                      0.000     0.000 r  
    V24                                               0.000     0.000 r  clk_sys_p (IN)
                         net (fo=0)                   0.000     0.000    clk_differ_to_single/I
    HPIOBDIFFINBUF_X0Y35 DIFFINBUF (Prop_DIFFINBUF_HPIOBDIFFINBUF_DIFF_IN_P_O)
                                                      0.326     0.326 r  clk_differ_to_single/DIFFINBUF_INST/O
                         net (fo=1, routed)           0.050     0.376    clk_differ_to_single/OUT
    V24                  IBUFCTRL (Prop_IBUFCTRL_HPIOB_M_I_O)
                                                      0.000     0.376 r  clk_differ_to_single/IBUFCTRL_INST/O
                         net (fo=1, routed)           0.191     0.567    clk_sys
    BUFGCE_X0Y32         BUFGCE (Prop_BUFCE_BUFGCE_I_O)
                                                      0.019     0.586 r  clk_sys_BUFG_inst/O
    X0Y1 (CLOCK_ROOT)    net (fo=67, routed)          0.522     1.108    pwm_generate_inst/counter_0_5_ms_inst/CLK
    SLICE_X20Y81         FDCE                                         r  pwm_generate_inst/counter_0_5_ms_inst/reg_count_reg[7]/C
                         clock pessimism             -0.203     0.905    
    SLICE_X20Y81         FDCE (Hold_CFF_SLICEM_C_D)
                                                      0.046     0.951    pwm_generate_inst/counter_0_5_ms_inst/reg_count_reg[7]
  -------------------------------------------------------------------
                         required time                         -0.951    
                         arrival time                           1.012    
  -------------------------------------------------------------------
                         slack                                  0.061    

Slack (MET) :             0.063ns  (arrival time - required time)
  Source:                 button_debounce_inst/reg_state_reg[0]/C
                            (rising edge-triggered cell FDCE clocked by clock_system  {rise@0.000ns fall@5.000ns period=10.000ns})
  Destination:            button_debounce_inst/reg_state_reg[0]/D
                            (rising edge-triggered cell FDCE clocked by clock_system  {rise@0.000ns fall@5.000ns period=10.000ns})
  Path Group:             clock_system
  Path Type:              Hold (Min at Fast Process Corner)
  Requirement:            0.000ns  (clock_system rise@0.000ns - clock_system rise@0.000ns)
  Data Path Delay:        0.115ns  (logic 0.074ns (64.348%)  route 0.041ns (35.652%))
  Logic Levels:           1  (LUT3=1)
  Clock Path Skew:        0.006ns (DCD - SCD - CPR)
    Destination Clock Delay (DCD):    1.105ns
    Source Clock Delay      (SCD):    0.896ns
    Clock Pessimism Removal (CPR):    0.203ns
  Clock Net Delay (Source):      0.455ns (routing 0.000ns, distribution 0.455ns)
  Clock Net Delay (Destination): 0.519ns (routing 0.001ns, distribution 0.518ns)

    Location             Delay type                Incr(ns)  Path(ns)    Netlist Resource(s)
  -------------------------------------------------------------------    -------------------
                         (clock clock_system rise edge)
                                                      0.000     0.000 r  
    V24                                               0.000     0.000 r  clk_sys_p (IN)
                         net (fo=0)                   0.000     0.000    clk_differ_to_single/I
    HPIOBDIFFINBUF_X0Y35 DIFFINBUF (Prop_DIFFINBUF_HPIOBDIFFINBUF_DIFF_IN_P_O)
                                                      0.228     0.228 r  clk_differ_to_single/DIFFINBUF_INST/O
                         net (fo=1, routed)           0.040     0.268    clk_differ_to_single/OUT
    V24                  IBUFCTRL (Prop_IBUFCTRL_HPIOB_M_I_O)
                                                      0.000     0.268 r  clk_differ_to_single/IBUFCTRL_INST/O
                         net (fo=1, routed)           0.156     0.424    clk_sys
    BUFGCE_X0Y32         BUFGCE (Prop_BUFCE_BUFGCE_I_O)
                                                      0.017     0.441 r  clk_sys_BUFG_inst/O
    X0Y1 (CLOCK_ROOT)    net (fo=67, routed)          0.455     0.896    button_debounce_inst/CLK
    SLICE_X18Y79         FDCE                                         r  button_debounce_inst/reg_state_reg[0]/C
  -------------------------------------------------------------------    -------------------
    SLICE_X18Y79         FDCE (Prop_DFF_SLICEL_C_Q)
                                                      0.039     0.935 r  button_debounce_inst/reg_state_reg[0]/Q
                         net (fo=3, routed)           0.025     0.960    button_debounce_inst/reg_state[0]
    SLICE_X18Y79         LUT3 (Prop_D6LUT_SLICEL_I0_O)
                                                      0.035     0.995 r  button_debounce_inst/reg_state[0]_i_1/O
                         net (fo=1, routed)           0.016     1.011    button_debounce_inst/reg_next[0]
    SLICE_X18Y79         FDCE                                         r  button_debounce_inst/reg_state_reg[0]/D
  -------------------------------------------------------------------    -------------------

                         (clock clock_system rise edge)
                                                      0.000     0.000 r  
    V24                                               0.000     0.000 r  clk_sys_p (IN)
                         net (fo=0)                   0.000     0.000    clk_differ_to_single/I
    HPIOBDIFFINBUF_X0Y35 DIFFINBUF (Prop_DIFFINBUF_HPIOBDIFFINBUF_DIFF_IN_P_O)
                                                      0.326     0.326 r  clk_differ_to_single/DIFFINBUF_INST/O
                         net (fo=1, routed)           0.050     0.376    clk_differ_to_single/OUT
    V24                  IBUFCTRL (Prop_IBUFCTRL_HPIOB_M_I_O)
                                                      0.000     0.376 r  clk_differ_to_single/IBUFCTRL_INST/O
                         net (fo=1, routed)           0.191     0.567    clk_sys
    BUFGCE_X0Y32         BUFGCE (Prop_BUFCE_BUFGCE_I_O)
                                                      0.019     0.586 r  clk_sys_BUFG_inst/O
    X0Y1 (CLOCK_ROOT)    net (fo=67, routed)          0.519     1.105    button_debounce_inst/CLK
    SLICE_X18Y79         FDCE                                         r  button_debounce_inst/reg_state_reg[0]/C
                         clock pessimism             -0.203     0.902    
    SLICE_X18Y79         FDCE (Hold_DFF_SLICEL_C_D)
                                                      0.046     0.948    button_debounce_inst/reg_state_reg[0]
  -------------------------------------------------------------------
                         required time                         -0.948    
                         arrival time                           1.011    
  -------------------------------------------------------------------
                         slack                                  0.063    

Slack (MET) :             0.063ns  (arrival time - required time)
  Source:                 pwm_generate_inst/counter_0_5_ms_inst/reg_count_reg[4]/C
                            (rising edge-triggered cell FDCE clocked by clock_system  {rise@0.000ns fall@5.000ns period=10.000ns})
  Destination:            pwm_generate_inst/counter_0_5_ms_inst/reg_count_reg[4]/D
                            (rising edge-triggered cell FDCE clocked by clock_system  {rise@0.000ns fall@5.000ns period=10.000ns})
  Path Group:             clock_system
  Path Type:              Hold (Min at Fast Process Corner)
  Requirement:            0.000ns  (clock_system rise@0.000ns - clock_system rise@0.000ns)
  Data Path Delay:        0.115ns  (logic 0.060ns (52.174%)  route 0.055ns (47.826%))
  Logic Levels:           1  (LUT6=1)
  Clock Path Skew:        0.006ns (DCD - SCD - CPR)
    Destination Clock Delay (DCD):    1.109ns
    Source Clock Delay      (SCD):    0.900ns
    Clock Pessimism Removal (CPR):    0.203ns
  Clock Net Delay (Source):      0.459ns (routing 0.000ns, distribution 0.459ns)
  Clock Net Delay (Destination): 0.523ns (routing 0.001ns, distribution 0.522ns)

    Location             Delay type                Incr(ns)  Path(ns)    Netlist Resource(s)
  -------------------------------------------------------------------    -------------------
                         (clock clock_system rise edge)
                                                      0.000     0.000 r  
    V24                                               0.000     0.000 r  clk_sys_p (IN)
                         net (fo=0)                   0.000     0.000    clk_differ_to_single/I
    HPIOBDIFFINBUF_X0Y35 DIFFINBUF (Prop_DIFFINBUF_HPIOBDIFFINBUF_DIFF_IN_P_O)
                                                      0.228     0.228 r  clk_differ_to_single/DIFFINBUF_INST/O
                         net (fo=1, routed)           0.040     0.268    clk_differ_to_single/OUT
    V24                  IBUFCTRL (Prop_IBUFCTRL_HPIOB_M_I_O)
                                                      0.000     0.268 r  clk_differ_to_single/IBUFCTRL_INST/O
                         net (fo=1, routed)           0.156     0.424    clk_sys
    BUFGCE_X0Y32         BUFGCE (Prop_BUFCE_BUFGCE_I_O)
                                                      0.017     0.441 r  clk_sys_BUFG_inst/O
    X0Y1 (CLOCK_ROOT)    net (fo=67, routed)          0.459     0.900    pwm_generate_inst/counter_0_5_ms_inst/CLK
    SLICE_X20Y80         FDCE                                         r  pwm_generate_inst/counter_0_5_ms_inst/reg_count_reg[4]/C
  -------------------------------------------------------------------    -------------------
    SLICE_X20Y80         FDCE (Prop_BFF_SLICEM_C_Q)
                                                      0.038     0.938 r  pwm_generate_inst/counter_0_5_ms_inst/reg_count_reg[4]/Q
                         net (fo=9, routed)           0.034     0.972    pwm_generate_inst/counter_0_5_ms_inst/reg_count_reg_n_0_[4]
    SLICE_X20Y80         LUT6 (Prop_B6LUT_SLICEM_I5_O)
                                                      0.022     0.994 r  pwm_generate_inst/counter_0_5_ms_inst/reg_count[4]_i_1__0/O
                         net (fo=1, routed)           0.021     1.015    pwm_generate_inst/counter_0_5_ms_inst/reg_count[4]
    SLICE_X20Y80         FDCE                                         r  pwm_generate_inst/counter_0_5_ms_inst/reg_count_reg[4]/D
  -------------------------------------------------------------------    -------------------

                         (clock clock_system rise edge)
                                                      0.000     0.000 r  
    V24                                               0.000     0.000 r  clk_sys_p (IN)
                         net (fo=0)                   0.000     0.000    clk_differ_to_single/I
    HPIOBDIFFINBUF_X0Y35 DIFFINBUF (Prop_DIFFINBUF_HPIOBDIFFINBUF_DIFF_IN_P_O)
                                                      0.326     0.326 r  clk_differ_to_single/DIFFINBUF_INST/O
                         net (fo=1, routed)           0.050     0.376    clk_differ_to_single/OUT
    V24                  IBUFCTRL (Prop_IBUFCTRL_HPIOB_M_I_O)
                                                      0.000     0.376 r  clk_differ_to_single/IBUFCTRL_INST/O
                         net (fo=1, routed)           0.191     0.567    clk_sys
    BUFGCE_X0Y32         BUFGCE (Prop_BUFCE_BUFGCE_I_O)
                                                      0.019     0.586 r  clk_sys_BUFG_inst/O
    X0Y1 (CLOCK_ROOT)    net (fo=67, routed)          0.523     1.109    pwm_generate_inst/counter_0_5_ms_inst/CLK
    SLICE_X20Y80         FDCE                                         r  pwm_generate_inst/counter_0_5_ms_inst/reg_count_reg[4]/C
                         clock pessimism             -0.203     0.906    
    SLICE_X20Y80         FDCE (Hold_BFF_SLICEM_C_D)
                                                      0.046     0.952    pwm_generate_inst/counter_0_5_ms_inst/reg_count_reg[4]
  -------------------------------------------------------------------
                         required time                         -0.952    
                         arrival time                           1.015    
  -------------------------------------------------------------------
                         slack                                  0.063    





Pulse Width Checks
--------------------------------------------------------------------------------------
Clock Name:         clock_system
Waveform(ns):       { 0.000 5.000 }
Period(ns):         10.000
Sources:            { clk_sys_p }

Check Type        Corner  Lib Pin   Reference Pin  Required(ns)  Actual(ns)  Slack(ns)  Location      Pin
Min Period        n/a     BUFGCE/I  n/a            1.290         10.000      8.710      BUFGCE_X0Y32  clk_sys_BUFG_inst/I
Min Period        n/a     FDCE/C    n/a            0.550         10.000      9.450      SLICE_X18Y76  button_debounce_inst/counter_inst/reg_count_reg[0]/C
Min Period        n/a     FDCE/C    n/a            0.550         10.000      9.450      SLICE_X18Y77  button_debounce_inst/counter_inst/reg_count_reg[10]/C
Min Period        n/a     FDCE/C    n/a            0.550         10.000      9.450      SLICE_X18Y78  button_debounce_inst/counter_inst/reg_count_reg[11]/C
Min Period        n/a     FDCE/C    n/a            0.550         10.000      9.450      SLICE_X18Y75  button_debounce_inst/counter_inst/reg_count_reg[12]/C
Min Period        n/a     FDCE/C    n/a            0.550         10.000      9.450      SLICE_X18Y77  button_debounce_inst/counter_inst/reg_count_reg[13]/C
Min Period        n/a     FDCE/C    n/a            0.550         10.000      9.450      SLICE_X18Y77  button_debounce_inst/counter_inst/reg_count_reg[14]/C
Min Period        n/a     FDCE/C    n/a            0.550         10.000      9.450      SLICE_X18Y77  button_debounce_inst/counter_inst/reg_count_reg[15]/C
Min Period        n/a     FDCE/C    n/a            0.550         10.000      9.450      SLICE_X18Y77  button_debounce_inst/counter_inst/reg_count_reg[16]/C
Min Period        n/a     FDCE/C    n/a            0.550         10.000      9.450      SLICE_X18Y78  button_debounce_inst/counter_inst/reg_count_reg[17]/C
Low Pulse Width   Fast    FDCE/C    n/a            0.275         5.000       4.725      SLICE_X18Y77  button_debounce_inst/counter_inst/reg_count_reg[10]/C
Low Pulse Width   Fast    FDCE/C    n/a            0.275         5.000       4.725      SLICE_X18Y78  button_debounce_inst/counter_inst/reg_count_reg[11]/C
Low Pulse Width   Fast    FDCE/C    n/a            0.275         5.000       4.725      SLICE_X18Y77  button_debounce_inst/counter_inst/reg_count_reg[13]/C
Low Pulse Width   Fast    FDCE/C    n/a            0.275         5.000       4.725      SLICE_X18Y77  button_debounce_inst/counter_inst/reg_count_reg[14]/C
Low Pulse Width   Fast    FDCE/C    n/a            0.275         5.000       4.725      SLICE_X18Y77  button_debounce_inst/counter_inst/reg_count_reg[15]/C
Low Pulse Width   Fast    FDCE/C    n/a            0.275         5.000       4.725      SLICE_X18Y78  button_debounce_inst/counter_inst/reg_count_reg[19]/C
Low Pulse Width   Fast    FDCE/C    n/a            0.275         5.000       4.725      SLICE_X18Y76  button_debounce_inst/counter_inst/reg_count_reg[4]/C
Low Pulse Width   Fast    FDCE/C    n/a            0.275         5.000       4.725      SLICE_X18Y76  button_debounce_inst/counter_inst/reg_count_reg[5]/C
Low Pulse Width   Fast    FDCE/C    n/a            0.275         5.000       4.725      SLICE_X18Y76  button_debounce_inst/counter_inst/reg_count_reg[6]/C
Low Pulse Width   Fast    FDCE/C    n/a            0.275         5.000       4.725      SLICE_X22Y78  pwm_generate_inst/counter_20_ms_inst/reg_count_reg[1]/C
High Pulse Width  Slow    FDCE/C    n/a            0.275         5.000       4.725      SLICE_X22Y78  pwm_generate_inst/counter_20_ms_inst/reg_count_reg[0]/C
High Pulse Width  Slow    FDCE/C    n/a            0.275         5.000       4.725      SLICE_X22Y78  pwm_generate_inst/counter_20_ms_inst/reg_count_reg[16]/C
High Pulse Width  Slow    FDCE/C    n/a            0.275         5.000       4.725      SLICE_X20Y81  pwm_generate_inst/counter_0_5_ms_inst/reg_count_reg[0]/C
High Pulse Width  Slow    FDCE/C    n/a            0.275         5.000       4.725      SLICE_X20Y81  pwm_generate_inst/counter_0_5_ms_inst/reg_count_reg[10]/C
High Pulse Width  Slow    FDCE/C    n/a            0.275         5.000       4.725      SLICE_X22Y78  pwm_generate_inst/counter_20_ms_inst/reg_count_reg[13]/C
High Pulse Width  Slow    FDCE/C    n/a            0.275         5.000       4.725      SLICE_X22Y78  pwm_generate_inst/counter_20_ms_inst/reg_count_reg[14]/C
High Pulse Width  Slow    FDCE/C    n/a            0.275         5.000       4.725      SLICE_X22Y78  pwm_generate_inst/counter_20_ms_inst/reg_count_reg[15]/C
High Pulse Width  Slow    FDCE/C    n/a            0.275         5.000       4.725      SLICE_X18Y76  button_debounce_inst/counter_inst/reg_count_reg[0]/C
High Pulse Width  Slow    FDCE/C    n/a            0.275         5.000       4.725      SLICE_X18Y77  button_debounce_inst/counter_inst/reg_count_reg[10]/C
High Pulse Width  Slow    FDCE/C    n/a            0.275         5.000       4.725      SLICE_X18Y78  button_debounce_inst/counter_inst/reg_count_reg[11]/C



