Copyright 1986-2020 Xilinx, Inc. All Rights Reserved.
----------------------------------------------------------------------------------------------------------------------------------------------------------------------------------------------------
| Tool Version      : Vivado v.2020.2 (win64) Build 3064766 Wed Nov 18 09:12:45 MST 2020
| Date              : Thu Aug 28 10:47:09 2025
| Host              : DESKTOP-IMB8E6N running 64-bit major release  (build 9200)
| Command           : report_timing_summary -max_paths 10 -file XVII_top_timing_summary_routed.rpt -pb XVII_top_timing_summary_routed.pb -rpx XVII_top_timing_summary_routed.rpx -warn_on_violation
| Design            : XVII_top
| Device            : xcku5p-ffvb676
| Speed File        : -2  PRODUCTION 1.28 02-27-2020
| Temperature Grade : I
----------------------------------------------------------------------------------------------------------------------------------------------------------------------------------------------------

Timing Summary Report

------------------------------------------------------------------------------------------------
| Timer Settings
| --------------
------------------------------------------------------------------------------------------------

  Enable Multi Corner Analysis               :  Yes
  Enable Pessimism Removal                   :  Yes
  Pessimism Removal Resolution               :  Nearest Common Node
  Enable Input Delay Default Clock           :  No
  Enable Preset / Clear Arcs                 :  No
  Disable Flight Delays                      :  No
  Ignore I/O Paths                           :  No
  Timing Early Launch at Borrowing Latches   :  No
  Borrow Time for Max Delay Exceptions       :  Yes
  Merge Timing Exceptions                    :  Yes

  Corner  Analyze    Analyze    
  Name    Max Paths  Min Paths  
  ------  ---------  ---------  
  Slow    Yes        Yes        
  Fast    Yes        Yes        



check_timing report

Table of Contents
-----------------
1. checking no_clock (48)
2. checking constant_clock (0)
3. checking pulse_width_clock (0)
4. checking unconstrained_internal_endpoints (131)
5. checking no_input_delay (2)
6. checking no_output_delay (1)
7. checking multiple_clock (0)
8. checking generated_clocks (0)
9. checking loops (0)
10. checking partial_input_delay (0)
11. checking partial_output_delay (0)
12. checking latch_loops (0)

1. checking no_clock (48)
-------------------------
 There are 27 register/latch pins with no clock driven by root clock pin: uart_inst/clock_generator_uart_rx/reg_clk_output_reg/Q (HIGH)

 There are 21 register/latch pins with no clock driven by root clock pin: uart_inst/clock_generator_uart_tx/reg_clk_output_reg/Q (HIGH)


2. checking constant_clock (0)
------------------------------
 There are 0 register/latch pins with constant_clock.


3. checking pulse_width_clock (0)
---------------------------------
 There are 0 register/latch pins which need pulse_width check


4. checking unconstrained_internal_endpoints (131)
--------------------------------------------------
 There are 131 pins that are not constrained for maximum delay. (HIGH)

 There are 0 pins that are not constrained for maximum delay due to constant clock.


5. checking no_input_delay (2)
------------------------------
 There are 2 input ports with no input delay specified. (HIGH)

 There are 0 input ports with no input delay but user has a false path constraint.


6. checking no_output_delay (1)
-------------------------------
 There is 1 port with no output delay specified. (HIGH)

 There are 0 ports with no output delay but user has a false path constraint

 There are 0 ports with no output delay but with a timing clock defined on it or propagating through it


7. checking multiple_clock (0)
------------------------------
 There are 0 register/latch pins with multiple clocks.


8. checking generated_clocks (0)
--------------------------------
 There are 0 generated clocks that are not connected to a clock source.


9. checking loops (0)
---------------------
 There are 0 combinational loops in the design.


10. checking partial_input_delay (0)
------------------------------------
 There are 0 input ports with partial input delay specified.


11. checking partial_output_delay (0)
-------------------------------------
 There are 0 ports with partial output delay specified.


12. checking latch_loops (0)
----------------------------
 There are 0 combinational latch loops in the design through latch input



------------------------------------------------------------------------------------------------
| Design Timing Summary
| ---------------------
------------------------------------------------------------------------------------------------

    WNS(ns)      TNS(ns)  TNS Failing Endpoints  TNS Total Endpoints      WHS(ns)      THS(ns)  THS Failing Endpoints  THS Total Endpoints     WPWS(ns)     TPWS(ns)  TPWS Failing Endpoints  TPWS Total Endpoints  
    -------      -------  ---------------------  -------------------      -------      -------  ---------------------  -------------------     --------     --------  ----------------------  --------------------  
      8.926        0.000                      0                   25        0.054        0.000                      0                   25        4.725        0.000                       0                    27  


All user specified timing constraints are met.


------------------------------------------------------------------------------------------------
| Clock Summary
| -------------
------------------------------------------------------------------------------------------------

Clock         Waveform(ns)       Period(ns)      Frequency(MHz)
-----         ------------       ----------      --------------
clock_system  {0.000 5.000}      10.000          100.000         


------------------------------------------------------------------------------------------------
| Intra Clock Table
| -----------------
------------------------------------------------------------------------------------------------

Clock             WNS(ns)      TNS(ns)  TNS Failing Endpoints  TNS Total Endpoints      WHS(ns)      THS(ns)  THS Failing Endpoints  THS Total Endpoints     WPWS(ns)     TPWS(ns)  TPWS Failing Endpoints  TPWS Total Endpoints  
-----             -------      -------  ---------------------  -------------------      -------      -------  ---------------------  -------------------     --------     --------  ----------------------  --------------------  
clock_system        8.926        0.000                      0                   25        0.054        0.000                      0                   25        4.725        0.000                       0                    27  


------------------------------------------------------------------------------------------------
| Inter Clock Table
| -----------------
------------------------------------------------------------------------------------------------

From Clock    To Clock          WNS(ns)      TNS(ns)  TNS Failing Endpoints  TNS Total Endpoints      WHS(ns)      THS(ns)  THS Failing Endpoints  THS Total Endpoints  
----------    --------          -------      -------  ---------------------  -------------------      -------      -------  ---------------------  -------------------  


------------------------------------------------------------------------------------------------
| Other Path Groups Table
| -----------------------
------------------------------------------------------------------------------------------------

Path Group    From Clock    To Clock          WNS(ns)      TNS(ns)  TNS Failing Endpoints  TNS Total Endpoints      WHS(ns)      THS(ns)  THS Failing Endpoints  THS Total Endpoints  
----------    ----------    --------          -------      -------  ---------------------  -------------------      -------      -------  ---------------------  -------------------  


------------------------------------------------------------------------------------------------
| Timing Details
| --------------
------------------------------------------------------------------------------------------------


---------------------------------------------------------------------------------------------------
From Clock:  clock_system
  To Clock:  clock_system

Setup :            0  Failing Endpoints,  Worst Slack        8.926ns,  Total Violation        0.000ns
Hold  :            0  Failing Endpoints,  Worst Slack        0.054ns,  Total Violation        0.000ns
PW    :            0  Failing Endpoints,  Worst Slack        4.725ns,  Total Violation        0.000ns
---------------------------------------------------------------------------------------------------


Max Delay Paths
--------------------------------------------------------------------------------------
Slack (MET) :             8.926ns  (required time - arrival time)
  Source:                 uart_inst/clock_generator_uart_tx/num_count_down_reg[4]/C
                            (rising edge-triggered cell FDCE clocked by clock_system  {rise@0.000ns fall@5.000ns period=10.000ns})
  Destination:            uart_inst/clock_generator_uart_tx/num_count_down_reg[4]/D
                            (rising edge-triggered cell FDCE clocked by clock_system  {rise@0.000ns fall@5.000ns period=10.000ns})
  Path Group:             clock_system
  Path Type:              Setup (Max at Slow Process Corner)
  Requirement:            10.000ns  (clock_system rise@10.000ns - clock_system rise@0.000ns)
  Data Path Delay:        1.056ns  (logic 0.326ns (30.871%)  route 0.730ns (69.129%))
  Logic Levels:           2  (LUT6=2)
  Clock Path Skew:        -0.008ns (DCD - SCD + CPR)
    Destination Clock Delay (DCD):    1.517ns = ( 11.517 - 10.000 ) 
    Source Clock Delay      (SCD):    1.773ns
    Clock Pessimism Removal (CPR):    0.248ns
  Clock Uncertainty:      0.035ns  ((TSJ^2 + TIJ^2)^1/2 + DJ) / 2 + PE
    Total System Jitter     (TSJ):    0.071ns
    Total Input Jitter      (TIJ):    0.000ns
    Discrete Jitter          (DJ):    0.000ns
    Phase Error              (PE):    0.000ns
  Clock Net Delay (Source):      0.878ns (routing 0.001ns, distribution 0.877ns)
  Clock Net Delay (Destination): 0.771ns (routing 0.001ns, distribution 0.770ns)

    Location             Delay type                Incr(ns)  Path(ns)    Netlist Resource(s)
  -------------------------------------------------------------------    -------------------
                         (clock clock_system rise edge)
                                                      0.000     0.000 r  
    V24                                               0.000     0.000 r  sys_clk_p (IN)
                         net (fo=0)                   0.000     0.000    clk_differ_to_single/I
    HPIOBDIFFINBUF_X0Y35 DIFFINBUF (Prop_DIFFINBUF_HPIOBDIFFINBUF_DIFF_IN_P_O)
                                                      0.469     0.469 r  clk_differ_to_single/DIFFINBUF_INST/O
                         net (fo=1, routed)           0.050     0.519    clk_differ_to_single/OUT
    V24                  IBUFCTRL (Prop_IBUFCTRL_HPIOB_M_I_O)
                                                      0.000     0.519 r  clk_differ_to_single/IBUFCTRL_INST/O
                         net (fo=1, routed)           0.348     0.867    sys_clk_single
    BUFGCE_X0Y32         BUFGCE (Prop_BUFCE_BUFGCE_I_O)
                                                      0.028     0.895 r  sys_clk_single_BUFG_inst/O
    X0Y1 (CLOCK_ROOT)    net (fo=26, routed)          0.878     1.773    uart_inst/clock_generator_uart_tx/CLK
    SLICE_X30Y111        FDCE                                         r  uart_inst/clock_generator_uart_tx/num_count_down_reg[4]/C
  -------------------------------------------------------------------    -------------------
    SLICE_X30Y111        FDCE (Prop_DFF_SLICEL_C_Q)
                                                      0.079     1.852 f  uart_inst/clock_generator_uart_tx/num_count_down_reg[4]/Q
                         net (fo=5, routed)           0.395     2.247    uart_inst/clock_generator_uart_tx/num_count_down_reg_n_0_[4]
    SLICE_X29Y112        LUT6 (Prop_H6LUT_SLICEM_I0_O)
                                                      0.101     2.348 r  uart_inst/clock_generator_uart_tx/num_count_down[5]_i_2/O
                         net (fo=4, routed)           0.286     2.634    uart_inst/clock_generator_uart_tx/num_count_down[5]_i_2_n_0
    SLICE_X30Y111        LUT6 (Prop_D6LUT_SLICEL_I3_O)
                                                      0.146     2.780 r  uart_inst/clock_generator_uart_tx/num_count_down[4]_i_1/O
                         net (fo=1, routed)           0.049     2.829    uart_inst/clock_generator_uart_tx/num_count_down[4]
    SLICE_X30Y111        FDCE                                         r  uart_inst/clock_generator_uart_tx/num_count_down_reg[4]/D
  -------------------------------------------------------------------    -------------------

                         (clock clock_system rise edge)
                                                     10.000    10.000 r  
    V24                                               0.000    10.000 r  sys_clk_p (IN)
                         net (fo=0)                   0.000    10.000    clk_differ_to_single/I
    HPIOBDIFFINBUF_X0Y35 DIFFINBUF (Prop_DIFFINBUF_HPIOBDIFFINBUF_DIFF_IN_P_O)
                                                      0.373    10.373 r  clk_differ_to_single/DIFFINBUF_INST/O
                         net (fo=1, routed)           0.040    10.413    clk_differ_to_single/OUT
    V24                  IBUFCTRL (Prop_IBUFCTRL_HPIOB_M_I_O)
                                                      0.000    10.413 r  clk_differ_to_single/IBUFCTRL_INST/O
                         net (fo=1, routed)           0.309    10.722    sys_clk_single
    BUFGCE_X0Y32         BUFGCE (Prop_BUFCE_BUFGCE_I_O)
                                                      0.024    10.746 r  sys_clk_single_BUFG_inst/O
    X0Y1 (CLOCK_ROOT)    net (fo=26, routed)          0.771    11.517    uart_inst/clock_generator_uart_tx/CLK
    SLICE_X30Y111        FDCE                                         r  uart_inst/clock_generator_uart_tx/num_count_down_reg[4]/C
                         clock pessimism              0.248    11.765    
                         clock uncertainty           -0.035    11.729    
    SLICE_X30Y111        FDCE (Setup_DFF_SLICEL_C_D)
                                                      0.025    11.754    uart_inst/clock_generator_uart_tx/num_count_down_reg[4]
  -------------------------------------------------------------------
                         required time                         11.754    
                         arrival time                          -2.829    
  -------------------------------------------------------------------
                         slack                                  8.926    

Slack (MET) :             9.034ns  (required time - arrival time)
  Source:                 uart_inst/clock_generator_uart_tx/num_count_down_reg[4]/C
                            (rising edge-triggered cell FDCE clocked by clock_system  {rise@0.000ns fall@5.000ns period=10.000ns})
  Destination:            uart_inst/clock_generator_uart_tx/num_count_down_reg[5]/D
                            (rising edge-triggered cell FDCE clocked by clock_system  {rise@0.000ns fall@5.000ns period=10.000ns})
  Path Group:             clock_system
  Path Type:              Setup (Max at Slow Process Corner)
  Requirement:            10.000ns  (clock_system rise@10.000ns - clock_system rise@0.000ns)
  Data Path Delay:        0.948ns  (logic 0.230ns (24.262%)  route 0.718ns (75.738%))
  Logic Levels:           2  (LUT6=2)
  Clock Path Skew:        -0.008ns (DCD - SCD + CPR)
    Destination Clock Delay (DCD):    1.517ns = ( 11.517 - 10.000 ) 
    Source Clock Delay      (SCD):    1.773ns
    Clock Pessimism Removal (CPR):    0.248ns
  Clock Uncertainty:      0.035ns  ((TSJ^2 + TIJ^2)^1/2 + DJ) / 2 + PE
    Total System Jitter     (TSJ):    0.071ns
    Total Input Jitter      (TIJ):    0.000ns
    Discrete Jitter          (DJ):    0.000ns
    Phase Error              (PE):    0.000ns
  Clock Net Delay (Source):      0.878ns (routing 0.001ns, distribution 0.877ns)
  Clock Net Delay (Destination): 0.771ns (routing 0.001ns, distribution 0.770ns)

    Location             Delay type                Incr(ns)  Path(ns)    Netlist Resource(s)
  -------------------------------------------------------------------    -------------------
                         (clock clock_system rise edge)
                                                      0.000     0.000 r  
    V24                                               0.000     0.000 r  sys_clk_p (IN)
                         net (fo=0)                   0.000     0.000    clk_differ_to_single/I
    HPIOBDIFFINBUF_X0Y35 DIFFINBUF (Prop_DIFFINBUF_HPIOBDIFFINBUF_DIFF_IN_P_O)
                                                      0.469     0.469 r  clk_differ_to_single/DIFFINBUF_INST/O
                         net (fo=1, routed)           0.050     0.519    clk_differ_to_single/OUT
    V24                  IBUFCTRL (Prop_IBUFCTRL_HPIOB_M_I_O)
                                                      0.000     0.519 r  clk_differ_to_single/IBUFCTRL_INST/O
                         net (fo=1, routed)           0.348     0.867    sys_clk_single
    BUFGCE_X0Y32         BUFGCE (Prop_BUFCE_BUFGCE_I_O)
                                                      0.028     0.895 r  sys_clk_single_BUFG_inst/O
    X0Y1 (CLOCK_ROOT)    net (fo=26, routed)          0.878     1.773    uart_inst/clock_generator_uart_tx/CLK
    SLICE_X30Y111        FDCE                                         r  uart_inst/clock_generator_uart_tx/num_count_down_reg[4]/C
  -------------------------------------------------------------------    -------------------
    SLICE_X30Y111        FDCE (Prop_DFF_SLICEL_C_Q)
                                                      0.079     1.852 f  uart_inst/clock_generator_uart_tx/num_count_down_reg[4]/Q
                         net (fo=5, routed)           0.395     2.247    uart_inst/clock_generator_uart_tx/num_count_down_reg_n_0_[4]
    SLICE_X29Y112        LUT6 (Prop_H6LUT_SLICEM_I0_O)
                                                      0.101     2.348 r  uart_inst/clock_generator_uart_tx/num_count_down[5]_i_2/O
                         net (fo=4, routed)           0.273     2.621    uart_inst/clock_generator_uart_tx/num_count_down[5]_i_2_n_0
    SLICE_X30Y111        LUT6 (Prop_C6LUT_SLICEL_I0_O)
                                                      0.050     2.671 r  uart_inst/clock_generator_uart_tx/num_count_down[5]_i_1/O
                         net (fo=1, routed)           0.050     2.721    uart_inst/clock_generator_uart_tx/num_count_down[5]
    SLICE_X30Y111        FDCE                                         r  uart_inst/clock_generator_uart_tx/num_count_down_reg[5]/D
  -------------------------------------------------------------------    -------------------

                         (clock clock_system rise edge)
                                                     10.000    10.000 r  
    V24                                               0.000    10.000 r  sys_clk_p (IN)
                         net (fo=0)                   0.000    10.000    clk_differ_to_single/I
    HPIOBDIFFINBUF_X0Y35 DIFFINBUF (Prop_DIFFINBUF_HPIOBDIFFINBUF_DIFF_IN_P_O)
                                                      0.373    10.373 r  clk_differ_to_single/DIFFINBUF_INST/O
                         net (fo=1, routed)           0.040    10.413    clk_differ_to_single/OUT
    V24                  IBUFCTRL (Prop_IBUFCTRL_HPIOB_M_I_O)
                                                      0.000    10.413 r  clk_differ_to_single/IBUFCTRL_INST/O
                         net (fo=1, routed)           0.309    10.722    sys_clk_single
    BUFGCE_X0Y32         BUFGCE (Prop_BUFCE_BUFGCE_I_O)
                                                      0.024    10.746 r  sys_clk_single_BUFG_inst/O
    X0Y1 (CLOCK_ROOT)    net (fo=26, routed)          0.771    11.517    uart_inst/clock_generator_uart_tx/CLK
    SLICE_X30Y111        FDCE                                         r  uart_inst/clock_generator_uart_tx/num_count_down_reg[5]/C
                         clock pessimism              0.248    11.765    
                         clock uncertainty           -0.035    11.729    
    SLICE_X30Y111        FDCE (Setup_CFF_SLICEL_C_D)
                                                      0.025    11.754    uart_inst/clock_generator_uart_tx/num_count_down_reg[5]
  -------------------------------------------------------------------
                         required time                         11.754    
                         arrival time                          -2.721    
  -------------------------------------------------------------------
                         slack                                  9.034    

Slack (MET) :             9.050ns  (required time - arrival time)
  Source:                 uart_inst/clock_generator_uart_tx/num_count_down_reg[4]/C
                            (rising edge-triggered cell FDCE clocked by clock_system  {rise@0.000ns fall@5.000ns period=10.000ns})
  Destination:            uart_inst/clock_generator_uart_tx/reg_clk_output_reg/D
                            (rising edge-triggered cell FDCE clocked by clock_system  {rise@0.000ns fall@5.000ns period=10.000ns})
  Path Group:             clock_system
  Path Type:              Setup (Max at Slow Process Corner)
  Requirement:            10.000ns  (clock_system rise@10.000ns - clock_system rise@0.000ns)
  Data Path Delay:        0.932ns  (logic 0.253ns (27.146%)  route 0.679ns (72.854%))
  Logic Levels:           2  (LUT5=1 LUT6=1)
  Clock Path Skew:        -0.008ns (DCD - SCD + CPR)
    Destination Clock Delay (DCD):    1.517ns = ( 11.517 - 10.000 ) 
    Source Clock Delay      (SCD):    1.773ns
    Clock Pessimism Removal (CPR):    0.248ns
  Clock Uncertainty:      0.035ns  ((TSJ^2 + TIJ^2)^1/2 + DJ) / 2 + PE
    Total System Jitter     (TSJ):    0.071ns
    Total Input Jitter      (TIJ):    0.000ns
    Discrete Jitter          (DJ):    0.000ns
    Phase Error              (PE):    0.000ns
  Clock Net Delay (Source):      0.878ns (routing 0.001ns, distribution 0.877ns)
  Clock Net Delay (Destination): 0.771ns (routing 0.001ns, distribution 0.770ns)

    Location             Delay type                Incr(ns)  Path(ns)    Netlist Resource(s)
  -------------------------------------------------------------------    -------------------
                         (clock clock_system rise edge)
                                                      0.000     0.000 r  
    V24                                               0.000     0.000 r  sys_clk_p (IN)
                         net (fo=0)                   0.000     0.000    clk_differ_to_single/I
    HPIOBDIFFINBUF_X0Y35 DIFFINBUF (Prop_DIFFINBUF_HPIOBDIFFINBUF_DIFF_IN_P_O)
                                                      0.469     0.469 r  clk_differ_to_single/DIFFINBUF_INST/O
                         net (fo=1, routed)           0.050     0.519    clk_differ_to_single/OUT
    V24                  IBUFCTRL (Prop_IBUFCTRL_HPIOB_M_I_O)
                                                      0.000     0.519 r  clk_differ_to_single/IBUFCTRL_INST/O
                         net (fo=1, routed)           0.348     0.867    sys_clk_single
    BUFGCE_X0Y32         BUFGCE (Prop_BUFCE_BUFGCE_I_O)
                                                      0.028     0.895 r  sys_clk_single_BUFG_inst/O
    X0Y1 (CLOCK_ROOT)    net (fo=26, routed)          0.878     1.773    uart_inst/clock_generator_uart_tx/CLK
    SLICE_X30Y111        FDCE                                         r  uart_inst/clock_generator_uart_tx/num_count_down_reg[4]/C
  -------------------------------------------------------------------    -------------------
    SLICE_X30Y111        FDCE (Prop_DFF_SLICEL_C_Q)
                                                      0.079     1.852 f  uart_inst/clock_generator_uart_tx/num_count_down_reg[4]/Q
                         net (fo=5, routed)           0.395     2.247    uart_inst/clock_generator_uart_tx/num_count_down_reg_n_0_[4]
    SLICE_X29Y112        LUT6 (Prop_H6LUT_SLICEM_I0_O)
                                                      0.101     2.348 r  uart_inst/clock_generator_uart_tx/num_count_down[5]_i_2/O
                         net (fo=4, routed)           0.266     2.614    uart_inst/clock_generator_uart_tx/num_count_down[5]_i_2_n_0
    SLICE_X30Y111        LUT5 (Prop_B5LUT_SLICEL_I3_O)
                                                      0.073     2.687 r  uart_inst/clock_generator_uart_tx/reg_clk_output_i_1__0/O
                         net (fo=1, routed)           0.018     2.705    uart_inst/clock_generator_uart_tx/reg_clk_output_i_1__0_n_0
    SLICE_X30Y111        FDCE                                         r  uart_inst/clock_generator_uart_tx/reg_clk_output_reg/D
  -------------------------------------------------------------------    -------------------

                         (clock clock_system rise edge)
                                                     10.000    10.000 r  
    V24                                               0.000    10.000 r  sys_clk_p (IN)
                         net (fo=0)                   0.000    10.000    clk_differ_to_single/I
    HPIOBDIFFINBUF_X0Y35 DIFFINBUF (Prop_DIFFINBUF_HPIOBDIFFINBUF_DIFF_IN_P_O)
                                                      0.373    10.373 r  clk_differ_to_single/DIFFINBUF_INST/O
                         net (fo=1, routed)           0.040    10.413    clk_differ_to_single/OUT
    V24                  IBUFCTRL (Prop_IBUFCTRL_HPIOB_M_I_O)
                                                      0.000    10.413 r  clk_differ_to_single/IBUFCTRL_INST/O
                         net (fo=1, routed)           0.309    10.722    sys_clk_single
    BUFGCE_X0Y32         BUFGCE (Prop_BUFCE_BUFGCE_I_O)
                                                      0.024    10.746 r  sys_clk_single_BUFG_inst/O
    X0Y1 (CLOCK_ROOT)    net (fo=26, routed)          0.771    11.517    uart_inst/clock_generator_uart_tx/CLK
    SLICE_X30Y111        FDCE                                         r  uart_inst/clock_generator_uart_tx/reg_clk_output_reg/C
                         clock pessimism              0.248    11.765    
                         clock uncertainty           -0.035    11.729    
    SLICE_X30Y111        FDCE (Setup_BFF2_SLICEL_C_D)
                                                      0.025    11.754    uart_inst/clock_generator_uart_tx/reg_clk_output_reg
  -------------------------------------------------------------------
                         required time                         11.754    
                         arrival time                          -2.705    
  -------------------------------------------------------------------
                         slack                                  9.050    

Slack (MET) :             9.119ns  (required time - arrival time)
  Source:                 uart_inst/clock_generator_uart_tx/num_count_down_reg[0]/C
                            (rising edge-triggered cell FDCE clocked by clock_system  {rise@0.000ns fall@5.000ns period=10.000ns})
  Destination:            uart_inst/clock_generator_uart_tx/num_count_down_reg[7]/D
                            (rising edge-triggered cell FDCE clocked by clock_system  {rise@0.000ns fall@5.000ns period=10.000ns})
  Path Group:             clock_system
  Path Type:              Setup (Max at Slow Process Corner)
  Requirement:            10.000ns  (clock_system rise@10.000ns - clock_system rise@0.000ns)
  Data Path Delay:        0.839ns  (logic 0.350ns (41.716%)  route 0.489ns (58.284%))
  Logic Levels:           2  (LUT5=1 LUT6=1)
  Clock Path Skew:        -0.032ns (DCD - SCD + CPR)
    Destination Clock Delay (DCD):    1.525ns = ( 11.525 - 10.000 ) 
    Source Clock Delay      (SCD):    1.780ns
    Clock Pessimism Removal (CPR):    0.223ns
  Clock Uncertainty:      0.035ns  ((TSJ^2 + TIJ^2)^1/2 + DJ) / 2 + PE
    Total System Jitter     (TSJ):    0.071ns
    Total Input Jitter      (TIJ):    0.000ns
    Discrete Jitter          (DJ):    0.000ns
    Phase Error              (PE):    0.000ns
  Clock Net Delay (Source):      0.885ns (routing 0.001ns, distribution 0.884ns)
  Clock Net Delay (Destination): 0.779ns (routing 0.001ns, distribution 0.778ns)

    Location             Delay type                Incr(ns)  Path(ns)    Netlist Resource(s)
  -------------------------------------------------------------------    -------------------
                         (clock clock_system rise edge)
                                                      0.000     0.000 r  
    V24                                               0.000     0.000 r  sys_clk_p (IN)
                         net (fo=0)                   0.000     0.000    clk_differ_to_single/I
    HPIOBDIFFINBUF_X0Y35 DIFFINBUF (Prop_DIFFINBUF_HPIOBDIFFINBUF_DIFF_IN_P_O)
                                                      0.469     0.469 r  clk_differ_to_single/DIFFINBUF_INST/O
                         net (fo=1, routed)           0.050     0.519    clk_differ_to_single/OUT
    V24                  IBUFCTRL (Prop_IBUFCTRL_HPIOB_M_I_O)
                                                      0.000     0.519 r  clk_differ_to_single/IBUFCTRL_INST/O
                         net (fo=1, routed)           0.348     0.867    sys_clk_single
    BUFGCE_X0Y32         BUFGCE (Prop_BUFCE_BUFGCE_I_O)
                                                      0.028     0.895 r  sys_clk_single_BUFG_inst/O
    X0Y1 (CLOCK_ROOT)    net (fo=26, routed)          0.885     1.780    uart_inst/clock_generator_uart_tx/CLK
    SLICE_X29Y111        FDCE                                         r  uart_inst/clock_generator_uart_tx/num_count_down_reg[0]/C
  -------------------------------------------------------------------    -------------------
    SLICE_X29Y111        FDCE (Prop_DFF_SLICEM_C_Q)
                                                      0.078     1.858 f  uart_inst/clock_generator_uart_tx/num_count_down_reg[0]/Q
                         net (fo=8, routed)           0.320     2.178    uart_inst/clock_generator_uart_tx/num_count_down_reg_n_0_[0]
    SLICE_X30Y112        LUT5 (Prop_H6LUT_SLICEL_I2_O)
                                                      0.150     2.328 r  uart_inst/clock_generator_uart_tx/num_count_down[8]_i_3/O
                         net (fo=2, routed)           0.097     2.425    uart_inst/clock_generator_uart_tx/num_count_down[8]_i_3_n_0
    SLICE_X29Y112        LUT6 (Prop_D6LUT_SLICEM_I2_O)
                                                      0.122     2.547 r  uart_inst/clock_generator_uart_tx/num_count_down[7]_i_1/O
                         net (fo=1, routed)           0.072     2.619    uart_inst/clock_generator_uart_tx/num_count_down[7]
    SLICE_X29Y112        FDCE                                         r  uart_inst/clock_generator_uart_tx/num_count_down_reg[7]/D
  -------------------------------------------------------------------    -------------------

                         (clock clock_system rise edge)
                                                     10.000    10.000 r  
    V24                                               0.000    10.000 r  sys_clk_p (IN)
                         net (fo=0)                   0.000    10.000    clk_differ_to_single/I
    HPIOBDIFFINBUF_X0Y35 DIFFINBUF (Prop_DIFFINBUF_HPIOBDIFFINBUF_DIFF_IN_P_O)
                                                      0.373    10.373 r  clk_differ_to_single/DIFFINBUF_INST/O
                         net (fo=1, routed)           0.040    10.413    clk_differ_to_single/OUT
    V24                  IBUFCTRL (Prop_IBUFCTRL_HPIOB_M_I_O)
                                                      0.000    10.413 r  clk_differ_to_single/IBUFCTRL_INST/O
                         net (fo=1, routed)           0.309    10.722    sys_clk_single
    BUFGCE_X0Y32         BUFGCE (Prop_BUFCE_BUFGCE_I_O)
                                                      0.024    10.746 r  sys_clk_single_BUFG_inst/O
    X0Y1 (CLOCK_ROOT)    net (fo=26, routed)          0.779    11.525    uart_inst/clock_generator_uart_tx/CLK
    SLICE_X29Y112        FDCE                                         r  uart_inst/clock_generator_uart_tx/num_count_down_reg[7]/C
                         clock pessimism              0.223    11.748    
                         clock uncertainty           -0.035    11.713    
    SLICE_X29Y112        FDCE (Setup_DFF_SLICEM_C_D)
                                                      0.025    11.738    uart_inst/clock_generator_uart_tx/num_count_down_reg[7]
  -------------------------------------------------------------------
                         required time                         11.738    
                         arrival time                          -2.619    
  -------------------------------------------------------------------
                         slack                                  9.119    

Slack (MET) :             9.134ns  (required time - arrival time)
  Source:                 uart_inst/clock_generator_uart_tx/num_count_down_reg[4]/C
                            (rising edge-triggered cell FDCE clocked by clock_system  {rise@0.000ns fall@5.000ns period=10.000ns})
  Destination:            uart_inst/clock_generator_uart_tx/num_count_down_reg[1]/D
                            (rising edge-triggered cell FDCE clocked by clock_system  {rise@0.000ns fall@5.000ns period=10.000ns})
  Path Group:             clock_system
  Path Type:              Setup (Max at Slow Process Corner)
  Requirement:            10.000ns  (clock_system rise@10.000ns - clock_system rise@0.000ns)
  Data Path Delay:        0.838ns  (logic 0.315ns (37.589%)  route 0.523ns (62.410%))
  Logic Levels:           2  (LUT5=1 LUT6=1)
  Clock Path Skew:        -0.017ns (DCD - SCD + CPR)
    Destination Clock Delay (DCD):    1.521ns = ( 11.521 - 10.000 ) 
    Source Clock Delay      (SCD):    1.773ns
    Clock Pessimism Removal (CPR):    0.234ns
  Clock Uncertainty:      0.035ns  ((TSJ^2 + TIJ^2)^1/2 + DJ) / 2 + PE
    Total System Jitter     (TSJ):    0.071ns
    Total Input Jitter      (TIJ):    0.000ns
    Discrete Jitter          (DJ):    0.000ns
    Phase Error              (PE):    0.000ns
  Clock Net Delay (Source):      0.878ns (routing 0.001ns, distribution 0.877ns)
  Clock Net Delay (Destination): 0.775ns (routing 0.001ns, distribution 0.774ns)

    Location             Delay type                Incr(ns)  Path(ns)    Netlist Resource(s)
  -------------------------------------------------------------------    -------------------
                         (clock clock_system rise edge)
                                                      0.000     0.000 r  
    V24                                               0.000     0.000 r  sys_clk_p (IN)
                         net (fo=0)                   0.000     0.000    clk_differ_to_single/I
    HPIOBDIFFINBUF_X0Y35 DIFFINBUF (Prop_DIFFINBUF_HPIOBDIFFINBUF_DIFF_IN_P_O)
                                                      0.469     0.469 r  clk_differ_to_single/DIFFINBUF_INST/O
                         net (fo=1, routed)           0.050     0.519    clk_differ_to_single/OUT
    V24                  IBUFCTRL (Prop_IBUFCTRL_HPIOB_M_I_O)
                                                      0.000     0.519 r  clk_differ_to_single/IBUFCTRL_INST/O
                         net (fo=1, routed)           0.348     0.867    sys_clk_single
    BUFGCE_X0Y32         BUFGCE (Prop_BUFCE_BUFGCE_I_O)
                                                      0.028     0.895 r  sys_clk_single_BUFG_inst/O
    X0Y1 (CLOCK_ROOT)    net (fo=26, routed)          0.878     1.773    uart_inst/clock_generator_uart_tx/CLK
    SLICE_X30Y111        FDCE                                         r  uart_inst/clock_generator_uart_tx/num_count_down_reg[4]/C
  -------------------------------------------------------------------    -------------------
    SLICE_X30Y111        FDCE (Prop_DFF_SLICEL_C_Q)
                                                      0.079     1.852 f  uart_inst/clock_generator_uart_tx/num_count_down_reg[4]/Q
                         net (fo=5, routed)           0.395     2.247    uart_inst/clock_generator_uart_tx/num_count_down_reg_n_0_[4]
    SLICE_X29Y112        LUT6 (Prop_H6LUT_SLICEM_I0_O)
                                                      0.101     2.348 r  uart_inst/clock_generator_uart_tx/num_count_down[5]_i_2/O
                         net (fo=4, routed)           0.098     2.446    uart_inst/clock_generator_uart_tx/num_count_down[5]_i_2_n_0
    SLICE_X29Y111        LUT5 (Prop_D5LUT_SLICEM_I2_O)
                                                      0.135     2.581 r  uart_inst/clock_generator_uart_tx/num_count_down[1]_i_1/O
                         net (fo=1, routed)           0.030     2.611    uart_inst/clock_generator_uart_tx/num_count_down[1]
    SLICE_X29Y111        FDCE                                         r  uart_inst/clock_generator_uart_tx/num_count_down_reg[1]/D
  -------------------------------------------------------------------    -------------------

                         (clock clock_system rise edge)
                                                     10.000    10.000 r  
    V24                                               0.000    10.000 r  sys_clk_p (IN)
                         net (fo=0)                   0.000    10.000    clk_differ_to_single/I
    HPIOBDIFFINBUF_X0Y35 DIFFINBUF (Prop_DIFFINBUF_HPIOBDIFFINBUF_DIFF_IN_P_O)
                                                      0.373    10.373 r  clk_differ_to_single/DIFFINBUF_INST/O
                         net (fo=1, routed)           0.040    10.413    clk_differ_to_single/OUT
    V24                  IBUFCTRL (Prop_IBUFCTRL_HPIOB_M_I_O)
                                                      0.000    10.413 r  clk_differ_to_single/IBUFCTRL_INST/O
                         net (fo=1, routed)           0.309    10.722    sys_clk_single
    BUFGCE_X0Y32         BUFGCE (Prop_BUFCE_BUFGCE_I_O)
                                                      0.024    10.746 r  sys_clk_single_BUFG_inst/O
    X0Y1 (CLOCK_ROOT)    net (fo=26, routed)          0.775    11.521    uart_inst/clock_generator_uart_tx/CLK
    SLICE_X29Y111        FDCE                                         r  uart_inst/clock_generator_uart_tx/num_count_down_reg[1]/C
                         clock pessimism              0.234    11.755    
                         clock uncertainty           -0.035    11.720    
    SLICE_X29Y111        FDCE (Setup_DFF2_SLICEM_C_D)
                                                      0.025    11.745    uart_inst/clock_generator_uart_tx/num_count_down_reg[1]
  -------------------------------------------------------------------
                         required time                         11.745    
                         arrival time                          -2.611    
  -------------------------------------------------------------------
                         slack                                  9.134    

Slack (MET) :             9.153ns  (required time - arrival time)
  Source:                 uart_inst/clock_generator_uart_tx/num_count_down_reg[0]/C
                            (rising edge-triggered cell FDCE clocked by clock_system  {rise@0.000ns fall@5.000ns period=10.000ns})
  Destination:            uart_inst/clock_generator_uart_tx/num_count_down_reg[6]/D
                            (rising edge-triggered cell FDCE clocked by clock_system  {rise@0.000ns fall@5.000ns period=10.000ns})
  Path Group:             clock_system
  Path Type:              Setup (Max at Slow Process Corner)
  Requirement:            10.000ns  (clock_system rise@10.000ns - clock_system rise@0.000ns)
  Data Path Delay:        0.805ns  (logic 0.280ns (34.783%)  route 0.525ns (65.217%))
  Logic Levels:           2  (LUT2=1 LUT6=1)
  Clock Path Skew:        -0.032ns (DCD - SCD + CPR)
    Destination Clock Delay (DCD):    1.525ns = ( 11.525 - 10.000 ) 
    Source Clock Delay      (SCD):    1.780ns
    Clock Pessimism Removal (CPR):    0.223ns
  Clock Uncertainty:      0.035ns  ((TSJ^2 + TIJ^2)^1/2 + DJ) / 2 + PE
    Total System Jitter     (TSJ):    0.071ns
    Total Input Jitter      (TIJ):    0.000ns
    Discrete Jitter          (DJ):    0.000ns
    Phase Error              (PE):    0.000ns
  Clock Net Delay (Source):      0.885ns (routing 0.001ns, distribution 0.884ns)
  Clock Net Delay (Destination): 0.779ns (routing 0.001ns, distribution 0.778ns)

    Location             Delay type                Incr(ns)  Path(ns)    Netlist Resource(s)
  -------------------------------------------------------------------    -------------------
                         (clock clock_system rise edge)
                                                      0.000     0.000 r  
    V24                                               0.000     0.000 r  sys_clk_p (IN)
                         net (fo=0)                   0.000     0.000    clk_differ_to_single/I
    HPIOBDIFFINBUF_X0Y35 DIFFINBUF (Prop_DIFFINBUF_HPIOBDIFFINBUF_DIFF_IN_P_O)
                                                      0.469     0.469 r  clk_differ_to_single/DIFFINBUF_INST/O
                         net (fo=1, routed)           0.050     0.519    clk_differ_to_single/OUT
    V24                  IBUFCTRL (Prop_IBUFCTRL_HPIOB_M_I_O)
                                                      0.000     0.519 r  clk_differ_to_single/IBUFCTRL_INST/O
                         net (fo=1, routed)           0.348     0.867    sys_clk_single
    BUFGCE_X0Y32         BUFGCE (Prop_BUFCE_BUFGCE_I_O)
                                                      0.028     0.895 r  sys_clk_single_BUFG_inst/O
    X0Y1 (CLOCK_ROOT)    net (fo=26, routed)          0.885     1.780    uart_inst/clock_generator_uart_tx/CLK
    SLICE_X29Y111        FDCE                                         r  uart_inst/clock_generator_uart_tx/num_count_down_reg[0]/C
  -------------------------------------------------------------------    -------------------
    SLICE_X29Y111        FDCE (Prop_DFF_SLICEM_C_Q)
                                                      0.078     1.858 r  uart_inst/clock_generator_uart_tx/num_count_down_reg[0]/Q
                         net (fo=8, routed)           0.391     2.249    uart_inst/clock_generator_uart_tx/num_count_down_reg_n_0_[0]
    SLICE_X30Y112        LUT6 (Prop_G6LUT_SLICEL_I3_O)
                                                      0.035     2.284 r  uart_inst/clock_generator_uart_tx/num_count_down[8]_i_2/O
                         net (fo=3, routed)           0.108     2.392    uart_inst/clock_generator_uart_tx/num_count_down[8]_i_2_n_0
    SLICE_X29Y112        LUT2 (Prop_B5LUT_SLICEM_I1_O)
                                                      0.167     2.559 r  uart_inst/clock_generator_uart_tx/num_count_down[6]_i_1/O
                         net (fo=1, routed)           0.026     2.585    uart_inst/clock_generator_uart_tx/num_count_down[6]
    SLICE_X29Y112        FDCE                                         r  uart_inst/clock_generator_uart_tx/num_count_down_reg[6]/D
  -------------------------------------------------------------------    -------------------

                         (clock clock_system rise edge)
                                                     10.000    10.000 r  
    V24                                               0.000    10.000 r  sys_clk_p (IN)
                         net (fo=0)                   0.000    10.000    clk_differ_to_single/I
    HPIOBDIFFINBUF_X0Y35 DIFFINBUF (Prop_DIFFINBUF_HPIOBDIFFINBUF_DIFF_IN_P_O)
                                                      0.373    10.373 r  clk_differ_to_single/DIFFINBUF_INST/O
                         net (fo=1, routed)           0.040    10.413    clk_differ_to_single/OUT
    V24                  IBUFCTRL (Prop_IBUFCTRL_HPIOB_M_I_O)
                                                      0.000    10.413 r  clk_differ_to_single/IBUFCTRL_INST/O
                         net (fo=1, routed)           0.309    10.722    sys_clk_single
    BUFGCE_X0Y32         BUFGCE (Prop_BUFCE_BUFGCE_I_O)
                                                      0.024    10.746 r  sys_clk_single_BUFG_inst/O
    X0Y1 (CLOCK_ROOT)    net (fo=26, routed)          0.779    11.525    uart_inst/clock_generator_uart_tx/CLK
    SLICE_X29Y112        FDCE                                         r  uart_inst/clock_generator_uart_tx/num_count_down_reg[6]/C
                         clock pessimism              0.223    11.748    
                         clock uncertainty           -0.035    11.713    
    SLICE_X29Y112        FDCE (Setup_BFF2_SLICEM_C_D)
                                                      0.025    11.738    uart_inst/clock_generator_uart_tx/num_count_down_reg[6]
  -------------------------------------------------------------------
                         required time                         11.738    
                         arrival time                          -2.585    
  -------------------------------------------------------------------
                         slack                                  9.153    

Slack (MET) :             9.172ns  (required time - arrival time)
  Source:                 uart_inst/clock_generator_uart_tx/num_count_down_reg[0]/C
                            (rising edge-triggered cell FDCE clocked by clock_system  {rise@0.000ns fall@5.000ns period=10.000ns})
  Destination:            uart_inst/clock_generator_uart_tx/num_count_down_reg[8]/D
                            (rising edge-triggered cell FDCE clocked by clock_system  {rise@0.000ns fall@5.000ns period=10.000ns})
  Path Group:             clock_system
  Path Type:              Setup (Max at Slow Process Corner)
  Requirement:            10.000ns  (clock_system rise@10.000ns - clock_system rise@0.000ns)
  Data Path Delay:        0.786ns  (logic 0.265ns (33.715%)  route 0.521ns (66.285%))
  Logic Levels:           2  (LUT5=1 LUT6=1)
  Clock Path Skew:        -0.032ns (DCD - SCD + CPR)
    Destination Clock Delay (DCD):    1.525ns = ( 11.525 - 10.000 ) 
    Source Clock Delay      (SCD):    1.780ns
    Clock Pessimism Removal (CPR):    0.223ns
  Clock Uncertainty:      0.035ns  ((TSJ^2 + TIJ^2)^1/2 + DJ) / 2 + PE
    Total System Jitter     (TSJ):    0.071ns
    Total Input Jitter      (TIJ):    0.000ns
    Discrete Jitter          (DJ):    0.000ns
    Phase Error              (PE):    0.000ns
  Clock Net Delay (Source):      0.885ns (routing 0.001ns, distribution 0.884ns)
  Clock Net Delay (Destination): 0.779ns (routing 0.001ns, distribution 0.778ns)

    Location             Delay type                Incr(ns)  Path(ns)    Netlist Resource(s)
  -------------------------------------------------------------------    -------------------
                         (clock clock_system rise edge)
                                                      0.000     0.000 r  
    V24                                               0.000     0.000 r  sys_clk_p (IN)
                         net (fo=0)                   0.000     0.000    clk_differ_to_single/I
    HPIOBDIFFINBUF_X0Y35 DIFFINBUF (Prop_DIFFINBUF_HPIOBDIFFINBUF_DIFF_IN_P_O)
                                                      0.469     0.469 r  clk_differ_to_single/DIFFINBUF_INST/O
                         net (fo=1, routed)           0.050     0.519    clk_differ_to_single/OUT
    V24                  IBUFCTRL (Prop_IBUFCTRL_HPIOB_M_I_O)
                                                      0.000     0.519 r  clk_differ_to_single/IBUFCTRL_INST/O
                         net (fo=1, routed)           0.348     0.867    sys_clk_single
    BUFGCE_X0Y32         BUFGCE (Prop_BUFCE_BUFGCE_I_O)
                                                      0.028     0.895 r  sys_clk_single_BUFG_inst/O
    X0Y1 (CLOCK_ROOT)    net (fo=26, routed)          0.885     1.780    uart_inst/clock_generator_uart_tx/CLK
    SLICE_X29Y111        FDCE                                         r  uart_inst/clock_generator_uart_tx/num_count_down_reg[0]/C
  -------------------------------------------------------------------    -------------------
    SLICE_X29Y111        FDCE (Prop_DFF_SLICEM_C_Q)
                                                      0.078     1.858 f  uart_inst/clock_generator_uart_tx/num_count_down_reg[0]/Q
                         net (fo=8, routed)           0.320     2.178    uart_inst/clock_generator_uart_tx/num_count_down_reg_n_0_[0]
    SLICE_X30Y112        LUT5 (Prop_H6LUT_SLICEL_I2_O)
                                                      0.150     2.328 r  uart_inst/clock_generator_uart_tx/num_count_down[8]_i_3/O
                         net (fo=2, routed)           0.135     2.463    uart_inst/clock_generator_uart_tx/num_count_down[8]_i_3_n_0
    SLICE_X29Y112        LUT6 (Prop_C6LUT_SLICEM_I3_O)
                                                      0.037     2.500 r  uart_inst/clock_generator_uart_tx/num_count_down[8]_i_1/O
                         net (fo=1, routed)           0.066     2.566    uart_inst/clock_generator_uart_tx/num_count_down[8]
    SLICE_X29Y112        FDCE                                         r  uart_inst/clock_generator_uart_tx/num_count_down_reg[8]/D
  -------------------------------------------------------------------    -------------------

                         (clock clock_system rise edge)
                                                     10.000    10.000 r  
    V24                                               0.000    10.000 r  sys_clk_p (IN)
                         net (fo=0)                   0.000    10.000    clk_differ_to_single/I
    HPIOBDIFFINBUF_X0Y35 DIFFINBUF (Prop_DIFFINBUF_HPIOBDIFFINBUF_DIFF_IN_P_O)
                                                      0.373    10.373 r  clk_differ_to_single/DIFFINBUF_INST/O
                         net (fo=1, routed)           0.040    10.413    clk_differ_to_single/OUT
    V24                  IBUFCTRL (Prop_IBUFCTRL_HPIOB_M_I_O)
                                                      0.000    10.413 r  clk_differ_to_single/IBUFCTRL_INST/O
                         net (fo=1, routed)           0.309    10.722    sys_clk_single
    BUFGCE_X0Y32         BUFGCE (Prop_BUFCE_BUFGCE_I_O)
                                                      0.024    10.746 r  sys_clk_single_BUFG_inst/O
    X0Y1 (CLOCK_ROOT)    net (fo=26, routed)          0.779    11.525    uart_inst/clock_generator_uart_tx/CLK
    SLICE_X29Y112        FDCE                                         r  uart_inst/clock_generator_uart_tx/num_count_down_reg[8]/C
                         clock pessimism              0.223    11.748    
                         clock uncertainty           -0.035    11.713    
    SLICE_X29Y112        FDCE (Setup_CFF_SLICEM_C_D)
                                                      0.025    11.738    uart_inst/clock_generator_uart_tx/num_count_down_reg[8]
  -------------------------------------------------------------------
                         required time                         11.738    
                         arrival time                          -2.566    
  -------------------------------------------------------------------
                         slack                                  9.172    

Slack (MET) :             9.213ns  (required time - arrival time)
  Source:                 uart_inst/clock_generator_uart_tx/num_count_down_reg[1]/C
                            (rising edge-triggered cell FDCE clocked by clock_system  {rise@0.000ns fall@5.000ns period=10.000ns})
  Destination:            uart_inst/clock_generator_uart_tx/num_count_down_reg[2]/D
                            (rising edge-triggered cell FDCE clocked by clock_system  {rise@0.000ns fall@5.000ns period=10.000ns})
  Path Group:             clock_system
  Path Type:              Setup (Max at Slow Process Corner)
  Requirement:            10.000ns  (clock_system rise@10.000ns - clock_system rise@0.000ns)
  Data Path Delay:        0.741ns  (logic 0.226ns (30.499%)  route 0.515ns (69.501%))
  Logic Levels:           1  (LUT3=1)
  Clock Path Skew:        -0.036ns (DCD - SCD + CPR)
    Destination Clock Delay (DCD):    1.521ns = ( 11.521 - 10.000 ) 
    Source Clock Delay      (SCD):    1.780ns
    Clock Pessimism Removal (CPR):    0.223ns
  Clock Uncertainty:      0.035ns  ((TSJ^2 + TIJ^2)^1/2 + DJ) / 2 + PE
    Total System Jitter     (TSJ):    0.071ns
    Total Input Jitter      (TIJ):    0.000ns
    Discrete Jitter          (DJ):    0.000ns
    Phase Error              (PE):    0.000ns
  Clock Net Delay (Source):      0.885ns (routing 0.001ns, distribution 0.884ns)
  Clock Net Delay (Destination): 0.775ns (routing 0.001ns, distribution 0.774ns)

    Location             Delay type                Incr(ns)  Path(ns)    Netlist Resource(s)
  -------------------------------------------------------------------    -------------------
                         (clock clock_system rise edge)
                                                      0.000     0.000 r  
    V24                                               0.000     0.000 r  sys_clk_p (IN)
                         net (fo=0)                   0.000     0.000    clk_differ_to_single/I
    HPIOBDIFFINBUF_X0Y35 DIFFINBUF (Prop_DIFFINBUF_HPIOBDIFFINBUF_DIFF_IN_P_O)
                                                      0.469     0.469 r  clk_differ_to_single/DIFFINBUF_INST/O
                         net (fo=1, routed)           0.050     0.519    clk_differ_to_single/OUT
    V24                  IBUFCTRL (Prop_IBUFCTRL_HPIOB_M_I_O)
                                                      0.000     0.519 r  clk_differ_to_single/IBUFCTRL_INST/O
                         net (fo=1, routed)           0.348     0.867    sys_clk_single
    BUFGCE_X0Y32         BUFGCE (Prop_BUFCE_BUFGCE_I_O)
                                                      0.028     0.895 r  sys_clk_single_BUFG_inst/O
    X0Y1 (CLOCK_ROOT)    net (fo=26, routed)          0.885     1.780    uart_inst/clock_generator_uart_tx/CLK
    SLICE_X29Y111        FDCE                                         r  uart_inst/clock_generator_uart_tx/num_count_down_reg[1]/C
  -------------------------------------------------------------------    -------------------
    SLICE_X29Y111        FDCE (Prop_DFF2_SLICEM_C_Q)
                                                      0.080     1.860 r  uart_inst/clock_generator_uart_tx/num_count_down_reg[1]/Q
                         net (fo=9, routed)           0.466     2.326    uart_inst/clock_generator_uart_tx/num_count_down_reg_n_0_[1]
    SLICE_X30Y112        LUT3 (Prop_D6LUT_SLICEL_I2_O)
                                                      0.146     2.472 r  uart_inst/clock_generator_uart_tx/num_count_down[2]_i_1/O
                         net (fo=1, routed)           0.049     2.521    uart_inst/clock_generator_uart_tx/num_count_down[2]
    SLICE_X30Y112        FDCE                                         r  uart_inst/clock_generator_uart_tx/num_count_down_reg[2]/D
  -------------------------------------------------------------------    -------------------

                         (clock clock_system rise edge)
                                                     10.000    10.000 r  
    V24                                               0.000    10.000 r  sys_clk_p (IN)
                         net (fo=0)                   0.000    10.000    clk_differ_to_single/I
    HPIOBDIFFINBUF_X0Y35 DIFFINBUF (Prop_DIFFINBUF_HPIOBDIFFINBUF_DIFF_IN_P_O)
                                                      0.373    10.373 r  clk_differ_to_single/DIFFINBUF_INST/O
                         net (fo=1, routed)           0.040    10.413    clk_differ_to_single/OUT
    V24                  IBUFCTRL (Prop_IBUFCTRL_HPIOB_M_I_O)
                                                      0.000    10.413 r  clk_differ_to_single/IBUFCTRL_INST/O
                         net (fo=1, routed)           0.309    10.722    sys_clk_single
    BUFGCE_X0Y32         BUFGCE (Prop_BUFCE_BUFGCE_I_O)
                                                      0.024    10.746 r  sys_clk_single_BUFG_inst/O
    X0Y1 (CLOCK_ROOT)    net (fo=26, routed)          0.775    11.521    uart_inst/clock_generator_uart_tx/CLK
    SLICE_X30Y112        FDCE                                         r  uart_inst/clock_generator_uart_tx/num_count_down_reg[2]/C
                         clock pessimism              0.223    11.744    
                         clock uncertainty           -0.035    11.709    
    SLICE_X30Y112        FDCE (Setup_DFF_SLICEL_C_D)
                                                      0.025    11.734    uart_inst/clock_generator_uart_tx/num_count_down_reg[2]
  -------------------------------------------------------------------
                         required time                         11.734    
                         arrival time                          -2.521    
  -------------------------------------------------------------------
                         slack                                  9.213    

Slack (MET) :             9.236ns  (required time - arrival time)
  Source:                 uart_inst/clock_generator_uart_tx/num_count_down_reg[1]/C
                            (rising edge-triggered cell FDCE clocked by clock_system  {rise@0.000ns fall@5.000ns period=10.000ns})
  Destination:            uart_inst/clock_generator_uart_tx/num_count_down_reg[3]/D
                            (rising edge-triggered cell FDCE clocked by clock_system  {rise@0.000ns fall@5.000ns period=10.000ns})
  Path Group:             clock_system
  Path Type:              Setup (Max at Slow Process Corner)
  Requirement:            10.000ns  (clock_system rise@10.000ns - clock_system rise@0.000ns)
  Data Path Delay:        0.718ns  (logic 0.237ns (33.008%)  route 0.481ns (66.992%))
  Logic Levels:           1  (LUT4=1)
  Clock Path Skew:        -0.036ns (DCD - SCD + CPR)
    Destination Clock Delay (DCD):    1.521ns = ( 11.521 - 10.000 ) 
    Source Clock Delay      (SCD):    1.780ns
    Clock Pessimism Removal (CPR):    0.223ns
  Clock Uncertainty:      0.035ns  ((TSJ^2 + TIJ^2)^1/2 + DJ) / 2 + PE
    Total System Jitter     (TSJ):    0.071ns
    Total Input Jitter      (TIJ):    0.000ns
    Discrete Jitter          (DJ):    0.000ns
    Phase Error              (PE):    0.000ns
  Clock Net Delay (Source):      0.885ns (routing 0.001ns, distribution 0.884ns)
  Clock Net Delay (Destination): 0.775ns (routing 0.001ns, distribution 0.774ns)

    Location             Delay type                Incr(ns)  Path(ns)    Netlist Resource(s)
  -------------------------------------------------------------------    -------------------
                         (clock clock_system rise edge)
                                                      0.000     0.000 r  
    V24                                               0.000     0.000 r  sys_clk_p (IN)
                         net (fo=0)                   0.000     0.000    clk_differ_to_single/I
    HPIOBDIFFINBUF_X0Y35 DIFFINBUF (Prop_DIFFINBUF_HPIOBDIFFINBUF_DIFF_IN_P_O)
                                                      0.469     0.469 r  clk_differ_to_single/DIFFINBUF_INST/O
                         net (fo=1, routed)           0.050     0.519    clk_differ_to_single/OUT
    V24                  IBUFCTRL (Prop_IBUFCTRL_HPIOB_M_I_O)
                                                      0.000     0.519 r  clk_differ_to_single/IBUFCTRL_INST/O
                         net (fo=1, routed)           0.348     0.867    sys_clk_single
    BUFGCE_X0Y32         BUFGCE (Prop_BUFCE_BUFGCE_I_O)
                                                      0.028     0.895 r  sys_clk_single_BUFG_inst/O
    X0Y1 (CLOCK_ROOT)    net (fo=26, routed)          0.885     1.780    uart_inst/clock_generator_uart_tx/CLK
    SLICE_X29Y111        FDCE                                         r  uart_inst/clock_generator_uart_tx/num_count_down_reg[1]/C
  -------------------------------------------------------------------    -------------------
    SLICE_X29Y111        FDCE (Prop_DFF2_SLICEM_C_Q)
                                                      0.080     1.860 r  uart_inst/clock_generator_uart_tx/num_count_down_reg[1]/Q
                         net (fo=9, routed)           0.466     2.326    uart_inst/clock_generator_uart_tx/num_count_down_reg_n_0_[1]
    SLICE_X30Y112        LUT4 (Prop_D5LUT_SLICEL_I1_O)
                                                      0.157     2.483 r  uart_inst/clock_generator_uart_tx/num_count_down[3]_i_1/O
                         net (fo=1, routed)           0.015     2.498    uart_inst/clock_generator_uart_tx/num_count_down[3]
    SLICE_X30Y112        FDCE                                         r  uart_inst/clock_generator_uart_tx/num_count_down_reg[3]/D
  -------------------------------------------------------------------    -------------------

                         (clock clock_system rise edge)
                                                     10.000    10.000 r  
    V24                                               0.000    10.000 r  sys_clk_p (IN)
                         net (fo=0)                   0.000    10.000    clk_differ_to_single/I
    HPIOBDIFFINBUF_X0Y35 DIFFINBUF (Prop_DIFFINBUF_HPIOBDIFFINBUF_DIFF_IN_P_O)
                                                      0.373    10.373 r  clk_differ_to_single/DIFFINBUF_INST/O
                         net (fo=1, routed)           0.040    10.413    clk_differ_to_single/OUT
    V24                  IBUFCTRL (Prop_IBUFCTRL_HPIOB_M_I_O)
                                                      0.000    10.413 r  clk_differ_to_single/IBUFCTRL_INST/O
                         net (fo=1, routed)           0.309    10.722    sys_clk_single
    BUFGCE_X0Y32         BUFGCE (Prop_BUFCE_BUFGCE_I_O)
                                                      0.024    10.746 r  sys_clk_single_BUFG_inst/O
    X0Y1 (CLOCK_ROOT)    net (fo=26, routed)          0.775    11.521    uart_inst/clock_generator_uart_tx/CLK
    SLICE_X30Y112        FDCE                                         r  uart_inst/clock_generator_uart_tx/num_count_down_reg[3]/C
                         clock pessimism              0.223    11.744    
                         clock uncertainty           -0.035    11.709    
    SLICE_X30Y112        FDCE (Setup_DFF2_SLICEL_C_D)
                                                      0.025    11.734    uart_inst/clock_generator_uart_tx/num_count_down_reg[3]
  -------------------------------------------------------------------
                         required time                         11.734    
                         arrival time                          -2.498    
  -------------------------------------------------------------------
                         slack                                  9.236    

Slack (MET) :             9.249ns  (required time - arrival time)
  Source:                 reg_uart_rx_finish_reg/C
                            (rising edge-triggered cell FDCE clocked by clock_system  {rise@0.000ns fall@5.000ns period=10.000ns})
  Destination:            reg_uart_tx_input_reg[2]/CE
                            (rising edge-triggered cell FDCE clocked by clock_system  {rise@0.000ns fall@5.000ns period=10.000ns})
  Path Group:             clock_system
  Path Type:              Setup (Max at Slow Process Corner)
  Requirement:            10.000ns  (clock_system rise@10.000ns - clock_system rise@0.000ns)
  Data Path Delay:        0.585ns  (logic 0.129ns (22.051%)  route 0.456ns (77.949%))
  Logic Levels:           1  (LUT3=1)
  Clock Path Skew:        -0.070ns (DCD - SCD + CPR)
    Destination Clock Delay (DCD):    1.524ns = ( 11.524 - 10.000 ) 
    Source Clock Delay      (SCD):    1.771ns
    Clock Pessimism Removal (CPR):    0.177ns
  Clock Uncertainty:      0.035ns  ((TSJ^2 + TIJ^2)^1/2 + DJ) / 2 + PE
    Total System Jitter     (TSJ):    0.071ns
    Total Input Jitter      (TIJ):    0.000ns
    Discrete Jitter          (DJ):    0.000ns
    Phase Error              (PE):    0.000ns
  Clock Net Delay (Source):      0.876ns (routing 0.001ns, distribution 0.875ns)
  Clock Net Delay (Destination): 0.778ns (routing 0.001ns, distribution 0.777ns)

    Location             Delay type                Incr(ns)  Path(ns)    Netlist Resource(s)
  -------------------------------------------------------------------    -------------------
                         (clock clock_system rise edge)
                                                      0.000     0.000 r  
    V24                                               0.000     0.000 r  sys_clk_p (IN)
                         net (fo=0)                   0.000     0.000    clk_differ_to_single/I
    HPIOBDIFFINBUF_X0Y35 DIFFINBUF (Prop_DIFFINBUF_HPIOBDIFFINBUF_DIFF_IN_P_O)
                                                      0.469     0.469 r  clk_differ_to_single/DIFFINBUF_INST/O
                         net (fo=1, routed)           0.050     0.519    clk_differ_to_single/OUT
    V24                  IBUFCTRL (Prop_IBUFCTRL_HPIOB_M_I_O)
                                                      0.000     0.519 r  clk_differ_to_single/IBUFCTRL_INST/O
                         net (fo=1, routed)           0.348     0.867    sys_clk_single
    BUFGCE_X0Y32         BUFGCE (Prop_BUFCE_BUFGCE_I_O)
                                                      0.028     0.895 r  sys_clk_single_BUFG_inst/O
    X0Y1 (CLOCK_ROOT)    net (fo=26, routed)          0.876     1.771    sys_clk_single_BUFG
    SLICE_X31Y113        FDCE                                         r  reg_uart_rx_finish_reg/C
  -------------------------------------------------------------------    -------------------
    SLICE_X31Y113        FDCE (Prop_EFF_SLICEM_C_Q)
                                                      0.076     1.847 f  reg_uart_rx_finish_reg/Q
                         net (fo=1, routed)           0.104     1.951    uart_inst/uart_rx_inst/reg_uart_rx_finish
    SLICE_X31Y113        LUT3 (Prop_H6LUT_SLICEM_I1_O)
                                                      0.053     2.004 r  uart_inst/uart_rx_inst/reg_uart_tx_input[7]_i_1__0/O
                         net (fo=9, routed)           0.352     2.356    uart_inst_n_3
    SLICE_X29Y112        FDCE                                         r  reg_uart_tx_input_reg[2]/CE
  -------------------------------------------------------------------    -------------------

                         (clock clock_system rise edge)
                                                     10.000    10.000 r  
    V24                                               0.000    10.000 r  sys_clk_p (IN)
                         net (fo=0)                   0.000    10.000    clk_differ_to_single/I
    HPIOBDIFFINBUF_X0Y35 DIFFINBUF (Prop_DIFFINBUF_HPIOBDIFFINBUF_DIFF_IN_P_O)
                                                      0.373    10.373 r  clk_differ_to_single/DIFFINBUF_INST/O
                         net (fo=1, routed)           0.040    10.413    clk_differ_to_single/OUT
    V24                  IBUFCTRL (Prop_IBUFCTRL_HPIOB_M_I_O)
                                                      0.000    10.413 r  clk_differ_to_single/IBUFCTRL_INST/O
                         net (fo=1, routed)           0.309    10.722    sys_clk_single
    BUFGCE_X0Y32         BUFGCE (Prop_BUFCE_BUFGCE_I_O)
                                                      0.024    10.746 r  sys_clk_single_BUFG_inst/O
    X0Y1 (CLOCK_ROOT)    net (fo=26, routed)          0.778    11.524    sys_clk_single_BUFG
    SLICE_X29Y112        FDCE                                         r  reg_uart_tx_input_reg[2]/C
                         clock pessimism              0.177    11.701    
                         clock uncertainty           -0.035    11.666    
    SLICE_X29Y112        FDCE (Setup_EFF2_SLICEM_C_CE)
                                                     -0.061    11.605    reg_uart_tx_input_reg[2]
  -------------------------------------------------------------------
                         required time                         11.605    
                         arrival time                          -2.356    
  -------------------------------------------------------------------
                         slack                                  9.249    





Min Delay Paths
--------------------------------------------------------------------------------------
Slack (MET) :             0.054ns  (arrival time - required time)
  Source:                 uart_inst/clock_generator_uart_tx/num_count_down_reg[2]/C
                            (rising edge-triggered cell FDCE clocked by clock_system  {rise@0.000ns fall@5.000ns period=10.000ns})
  Destination:            uart_inst/clock_generator_uart_tx/num_count_down_reg[3]/D
                            (rising edge-triggered cell FDCE clocked by clock_system  {rise@0.000ns fall@5.000ns period=10.000ns})
  Path Group:             clock_system
  Path Type:              Hold (Min at Fast Process Corner)
  Requirement:            0.000ns  (clock_system rise@0.000ns - clock_system rise@0.000ns)
  Data Path Delay:        0.107ns  (logic 0.072ns (67.290%)  route 0.035ns (32.710%))
  Logic Levels:           1  (LUT4=1)
  Clock Path Skew:        0.006ns (DCD - SCD - CPR)
    Destination Clock Delay (DCD):    1.149ns
    Source Clock Delay      (SCD):    0.937ns
    Clock Pessimism Removal (CPR):    0.206ns
  Clock Net Delay (Source):      0.496ns (routing 0.000ns, distribution 0.496ns)
  Clock Net Delay (Destination): 0.563ns (routing 0.001ns, distribution 0.562ns)

    Location             Delay type                Incr(ns)  Path(ns)    Netlist Resource(s)
  -------------------------------------------------------------------    -------------------
                         (clock clock_system rise edge)
                                                      0.000     0.000 r  
    V24                                               0.000     0.000 r  sys_clk_p (IN)
                         net (fo=0)                   0.000     0.000    clk_differ_to_single/I
    HPIOBDIFFINBUF_X0Y35 DIFFINBUF (Prop_DIFFINBUF_HPIOBDIFFINBUF_DIFF_IN_P_O)
                                                      0.228     0.228 r  clk_differ_to_single/DIFFINBUF_INST/O
                         net (fo=1, routed)           0.040     0.268    clk_differ_to_single/OUT
    V24                  IBUFCTRL (Prop_IBUFCTRL_HPIOB_M_I_O)
                                                      0.000     0.268 r  clk_differ_to_single/IBUFCTRL_INST/O
                         net (fo=1, routed)           0.156     0.424    sys_clk_single
    BUFGCE_X0Y32         BUFGCE (Prop_BUFCE_BUFGCE_I_O)
                                                      0.017     0.441 r  sys_clk_single_BUFG_inst/O
    X0Y1 (CLOCK_ROOT)    net (fo=26, routed)          0.496     0.937    uart_inst/clock_generator_uart_tx/CLK
    SLICE_X30Y112        FDCE                                         r  uart_inst/clock_generator_uart_tx/num_count_down_reg[2]/C
  -------------------------------------------------------------------    -------------------
    SLICE_X30Y112        FDCE (Prop_DFF_SLICEL_C_Q)
                                                      0.039     0.976 r  uart_inst/clock_generator_uart_tx/num_count_down_reg[2]/Q
                         net (fo=6, routed)           0.029     1.005    uart_inst/clock_generator_uart_tx/num_count_down_reg_n_0_[2]
    SLICE_X30Y112        LUT4 (Prop_D5LUT_SLICEL_I3_O)
                                                      0.033     1.038 r  uart_inst/clock_generator_uart_tx/num_count_down[3]_i_1/O
                         net (fo=1, routed)           0.006     1.044    uart_inst/clock_generator_uart_tx/num_count_down[3]
    SLICE_X30Y112        FDCE                                         r  uart_inst/clock_generator_uart_tx/num_count_down_reg[3]/D
  -------------------------------------------------------------------    -------------------

                         (clock clock_system rise edge)
                                                      0.000     0.000 r  
    V24                                               0.000     0.000 r  sys_clk_p (IN)
                         net (fo=0)                   0.000     0.000    clk_differ_to_single/I
    HPIOBDIFFINBUF_X0Y35 DIFFINBUF (Prop_DIFFINBUF_HPIOBDIFFINBUF_DIFF_IN_P_O)
                                                      0.326     0.326 r  clk_differ_to_single/DIFFINBUF_INST/O
                         net (fo=1, routed)           0.050     0.376    clk_differ_to_single/OUT
    V24                  IBUFCTRL (Prop_IBUFCTRL_HPIOB_M_I_O)
                                                      0.000     0.376 r  clk_differ_to_single/IBUFCTRL_INST/O
                         net (fo=1, routed)           0.191     0.567    sys_clk_single
    BUFGCE_X0Y32         BUFGCE (Prop_BUFCE_BUFGCE_I_O)
                                                      0.019     0.586 r  sys_clk_single_BUFG_inst/O
    X0Y1 (CLOCK_ROOT)    net (fo=26, routed)          0.563     1.149    uart_inst/clock_generator_uart_tx/CLK
    SLICE_X30Y112        FDCE                                         r  uart_inst/clock_generator_uart_tx/num_count_down_reg[3]/C
                         clock pessimism             -0.206     0.943    
    SLICE_X30Y112        FDCE (Hold_DFF2_SLICEL_C_D)
                                                      0.047     0.990    uart_inst/clock_generator_uart_tx/num_count_down_reg[3]
  -------------------------------------------------------------------
                         required time                         -0.990    
                         arrival time                           1.044    
  -------------------------------------------------------------------
                         slack                                  0.054    

Slack (MET) :             0.054ns  (arrival time - required time)
  Source:                 uart_inst/clock_generator_uart_tx/num_count_down_reg[5]/C
                            (rising edge-triggered cell FDCE clocked by clock_system  {rise@0.000ns fall@5.000ns period=10.000ns})
  Destination:            uart_inst/clock_generator_uart_tx/reg_clk_output_reg/D
                            (rising edge-triggered cell FDCE clocked by clock_system  {rise@0.000ns fall@5.000ns period=10.000ns})
  Path Group:             clock_system
  Path Type:              Hold (Min at Fast Process Corner)
  Requirement:            0.000ns  (clock_system rise@0.000ns - clock_system rise@0.000ns)
  Data Path Delay:        0.107ns  (logic 0.072ns (67.290%)  route 0.035ns (32.710%))
  Logic Levels:           1  (LUT5=1)
  Clock Path Skew:        0.006ns (DCD - SCD - CPR)
    Destination Clock Delay (DCD):    1.145ns
    Source Clock Delay      (SCD):    0.934ns
    Clock Pessimism Removal (CPR):    0.205ns
  Clock Net Delay (Source):      0.493ns (routing 0.000ns, distribution 0.493ns)
  Clock Net Delay (Destination): 0.559ns (routing 0.001ns, distribution 0.558ns)

    Location             Delay type                Incr(ns)  Path(ns)    Netlist Resource(s)
  -------------------------------------------------------------------    -------------------
                         (clock clock_system rise edge)
                                                      0.000     0.000 r  
    V24                                               0.000     0.000 r  sys_clk_p (IN)
                         net (fo=0)                   0.000     0.000    clk_differ_to_single/I
    HPIOBDIFFINBUF_X0Y35 DIFFINBUF (Prop_DIFFINBUF_HPIOBDIFFINBUF_DIFF_IN_P_O)
                                                      0.228     0.228 r  clk_differ_to_single/DIFFINBUF_INST/O
                         net (fo=1, routed)           0.040     0.268    clk_differ_to_single/OUT
    V24                  IBUFCTRL (Prop_IBUFCTRL_HPIOB_M_I_O)
                                                      0.000     0.268 r  clk_differ_to_single/IBUFCTRL_INST/O
                         net (fo=1, routed)           0.156     0.424    sys_clk_single
    BUFGCE_X0Y32         BUFGCE (Prop_BUFCE_BUFGCE_I_O)
                                                      0.017     0.441 r  sys_clk_single_BUFG_inst/O
    X0Y1 (CLOCK_ROOT)    net (fo=26, routed)          0.493     0.934    uart_inst/clock_generator_uart_tx/CLK
    SLICE_X30Y111        FDCE                                         r  uart_inst/clock_generator_uart_tx/num_count_down_reg[5]/C
  -------------------------------------------------------------------    -------------------
    SLICE_X30Y111        FDCE (Prop_CFF_SLICEL_C_Q)
                                                      0.039     0.973 r  uart_inst/clock_generator_uart_tx/num_count_down_reg[5]/Q
                         net (fo=7, routed)           0.028     1.001    uart_inst/clock_generator_uart_tx/num_count_down_reg_n_0_[5]
    SLICE_X30Y111        LUT5 (Prop_B5LUT_SLICEL_I0_O)
                                                      0.033     1.034 r  uart_inst/clock_generator_uart_tx/reg_clk_output_i_1__0/O
                         net (fo=1, routed)           0.007     1.041    uart_inst/clock_generator_uart_tx/reg_clk_output_i_1__0_n_0
    SLICE_X30Y111        FDCE                                         r  uart_inst/clock_generator_uart_tx/reg_clk_output_reg/D
  -------------------------------------------------------------------    -------------------

                         (clock clock_system rise edge)
                                                      0.000     0.000 r  
    V24                                               0.000     0.000 r  sys_clk_p (IN)
                         net (fo=0)                   0.000     0.000    clk_differ_to_single/I
    HPIOBDIFFINBUF_X0Y35 DIFFINBUF (Prop_DIFFINBUF_HPIOBDIFFINBUF_DIFF_IN_P_O)
                                                      0.326     0.326 r  clk_differ_to_single/DIFFINBUF_INST/O
                         net (fo=1, routed)           0.050     0.376    clk_differ_to_single/OUT
    V24                  IBUFCTRL (Prop_IBUFCTRL_HPIOB_M_I_O)
                                                      0.000     0.376 r  clk_differ_to_single/IBUFCTRL_INST/O
                         net (fo=1, routed)           0.191     0.567    sys_clk_single
    BUFGCE_X0Y32         BUFGCE (Prop_BUFCE_BUFGCE_I_O)
                                                      0.019     0.586 r  sys_clk_single_BUFG_inst/O
    X0Y1 (CLOCK_ROOT)    net (fo=26, routed)          0.559     1.145    uart_inst/clock_generator_uart_tx/CLK
    SLICE_X30Y111        FDCE                                         r  uart_inst/clock_generator_uart_tx/reg_clk_output_reg/C
                         clock pessimism             -0.205     0.940    
    SLICE_X30Y111        FDCE (Hold_BFF2_SLICEL_C_D)
                                                      0.047     0.987    uart_inst/clock_generator_uart_tx/reg_clk_output_reg
  -------------------------------------------------------------------
                         required time                         -0.987    
                         arrival time                           1.041    
  -------------------------------------------------------------------
                         slack                                  0.054    

Slack (MET) :             0.061ns  (arrival time - required time)
  Source:                 uart_inst/clock_generator_uart_rx/reg_clk_output_reg/C
                            (rising edge-triggered cell FDCE clocked by clock_system  {rise@0.000ns fall@5.000ns period=10.000ns})
  Destination:            uart_inst/clock_generator_uart_rx/reg_clk_output_reg/D
                            (rising edge-triggered cell FDCE clocked by clock_system  {rise@0.000ns fall@5.000ns period=10.000ns})
  Path Group:             clock_system
  Path Type:              Hold (Min at Fast Process Corner)
  Requirement:            0.000ns  (clock_system rise@0.000ns - clock_system rise@0.000ns)
  Data Path Delay:        0.113ns  (logic 0.061ns (53.982%)  route 0.052ns (46.018%))
  Logic Levels:           1  (LUT6=1)
  Clock Path Skew:        0.006ns (DCD - SCD - CPR)
    Destination Clock Delay (DCD):    1.110ns
    Source Clock Delay      (SCD):    0.900ns
    Clock Pessimism Removal (CPR):    0.204ns
  Clock Net Delay (Source):      0.459ns (routing 0.000ns, distribution 0.459ns)
  Clock Net Delay (Destination): 0.524ns (routing 0.001ns, distribution 0.523ns)

    Location             Delay type                Incr(ns)  Path(ns)    Netlist Resource(s)
  -------------------------------------------------------------------    -------------------
                         (clock clock_system rise edge)
                                                      0.000     0.000 r  
    V24                                               0.000     0.000 r  sys_clk_p (IN)
                         net (fo=0)                   0.000     0.000    clk_differ_to_single/I
    HPIOBDIFFINBUF_X0Y35 DIFFINBUF (Prop_DIFFINBUF_HPIOBDIFFINBUF_DIFF_IN_P_O)
                                                      0.228     0.228 r  clk_differ_to_single/DIFFINBUF_INST/O
                         net (fo=1, routed)           0.040     0.268    clk_differ_to_single/OUT
    V24                  IBUFCTRL (Prop_IBUFCTRL_HPIOB_M_I_O)
                                                      0.000     0.268 r  clk_differ_to_single/IBUFCTRL_INST/O
                         net (fo=1, routed)           0.156     0.424    sys_clk_single
    BUFGCE_X0Y32         BUFGCE (Prop_BUFCE_BUFGCE_I_O)
                                                      0.017     0.441 r  sys_clk_single_BUFG_inst/O
    X0Y1 (CLOCK_ROOT)    net (fo=26, routed)          0.459     0.900    uart_inst/clock_generator_uart_rx/CLK
    SLICE_X28Y115        FDCE                                         r  uart_inst/clock_generator_uart_rx/reg_clk_output_reg/C
  -------------------------------------------------------------------    -------------------
    SLICE_X28Y115        FDCE (Prop_AFF_SLICEM_C_Q)
                                                      0.038     0.938 r  uart_inst/clock_generator_uart_rx/reg_clk_output_reg/Q
                         net (fo=28, routed)          0.034     0.972    uart_inst/clock_generator_uart_rx/clk
    SLICE_X28Y115        LUT6 (Prop_A6LUT_SLICEM_I5_O)
                                                      0.023     0.995 r  uart_inst/clock_generator_uart_rx/reg_clk_output_i_1/O
                         net (fo=1, routed)           0.018     1.013    uart_inst/clock_generator_uart_rx/reg_clk_output_i_1_n_0
    SLICE_X28Y115        FDCE                                         r  uart_inst/clock_generator_uart_rx/reg_clk_output_reg/D
  -------------------------------------------------------------------    -------------------

                         (clock clock_system rise edge)
                                                      0.000     0.000 r  
    V24                                               0.000     0.000 r  sys_clk_p (IN)
                         net (fo=0)                   0.000     0.000    clk_differ_to_single/I
    HPIOBDIFFINBUF_X0Y35 DIFFINBUF (Prop_DIFFINBUF_HPIOBDIFFINBUF_DIFF_IN_P_O)
                                                      0.326     0.326 r  clk_differ_to_single/DIFFINBUF_INST/O
                         net (fo=1, routed)           0.050     0.376    clk_differ_to_single/OUT
    V24                  IBUFCTRL (Prop_IBUFCTRL_HPIOB_M_I_O)
                                                      0.000     0.376 r  clk_differ_to_single/IBUFCTRL_INST/O
                         net (fo=1, routed)           0.191     0.567    sys_clk_single
    BUFGCE_X0Y32         BUFGCE (Prop_BUFCE_BUFGCE_I_O)
                                                      0.019     0.586 r  sys_clk_single_BUFG_inst/O
    X0Y1 (CLOCK_ROOT)    net (fo=26, routed)          0.524     1.110    uart_inst/clock_generator_uart_rx/CLK
    SLICE_X28Y115        FDCE                                         r  uart_inst/clock_generator_uart_rx/reg_clk_output_reg/C
                         clock pessimism             -0.204     0.906    
    SLICE_X28Y115        FDCE (Hold_AFF_SLICEM_C_D)
                                                      0.046     0.952    uart_inst/clock_generator_uart_rx/reg_clk_output_reg
  -------------------------------------------------------------------
                         required time                         -0.952    
                         arrival time                           1.013    
  -------------------------------------------------------------------
                         slack                                  0.061    

Slack (MET) :             0.067ns  (arrival time - required time)
  Source:                 uart_inst/clock_generator_uart_tx/num_count_down_reg[7]/C
                            (rising edge-triggered cell FDCE clocked by clock_system  {rise@0.000ns fall@5.000ns period=10.000ns})
  Destination:            uart_inst/clock_generator_uart_tx/num_count_down_reg[1]/D
                            (rising edge-triggered cell FDCE clocked by clock_system  {rise@0.000ns fall@5.000ns period=10.000ns})
  Path Group:             clock_system
  Path Type:              Hold (Min at Fast Process Corner)
  Requirement:            0.000ns  (clock_system rise@0.000ns - clock_system rise@0.000ns)
  Data Path Delay:        0.130ns  (logic 0.063ns (48.461%)  route 0.067ns (51.538%))
  Logic Levels:           1  (LUT5=1)
  Clock Path Skew:        0.016ns (DCD - SCD - CPR)
    Destination Clock Delay (DCD):    1.150ns
    Source Clock Delay      (SCD):    0.940ns
    Clock Pessimism Removal (CPR):    0.193ns
  Clock Net Delay (Source):      0.499ns (routing 0.000ns, distribution 0.499ns)
  Clock Net Delay (Destination): 0.564ns (routing 0.001ns, distribution 0.563ns)

    Location             Delay type                Incr(ns)  Path(ns)    Netlist Resource(s)
  -------------------------------------------------------------------    -------------------
                         (clock clock_system rise edge)
                                                      0.000     0.000 r  
    V24                                               0.000     0.000 r  sys_clk_p (IN)
                         net (fo=0)                   0.000     0.000    clk_differ_to_single/I
    HPIOBDIFFINBUF_X0Y35 DIFFINBUF (Prop_DIFFINBUF_HPIOBDIFFINBUF_DIFF_IN_P_O)
                                                      0.228     0.228 r  clk_differ_to_single/DIFFINBUF_INST/O
                         net (fo=1, routed)           0.040     0.268    clk_differ_to_single/OUT
    V24                  IBUFCTRL (Prop_IBUFCTRL_HPIOB_M_I_O)
                                                      0.000     0.268 r  clk_differ_to_single/IBUFCTRL_INST/O
                         net (fo=1, routed)           0.156     0.424    sys_clk_single
    BUFGCE_X0Y32         BUFGCE (Prop_BUFCE_BUFGCE_I_O)
                                                      0.017     0.441 r  sys_clk_single_BUFG_inst/O
    X0Y1 (CLOCK_ROOT)    net (fo=26, routed)          0.499     0.940    uart_inst/clock_generator_uart_tx/CLK
    SLICE_X29Y112        FDCE                                         r  uart_inst/clock_generator_uart_tx/num_count_down_reg[7]/C
  -------------------------------------------------------------------    -------------------
    SLICE_X29Y112        FDCE (Prop_DFF_SLICEM_C_Q)
                                                      0.039     0.979 f  uart_inst/clock_generator_uart_tx/num_count_down_reg[7]/Q
                         net (fo=6, routed)           0.058     1.037    uart_inst/clock_generator_uart_tx/num_count_down_reg_n_0_[7]
    SLICE_X29Y111        LUT5 (Prop_D5LUT_SLICEM_I1_O)
                                                      0.024     1.061 r  uart_inst/clock_generator_uart_tx/num_count_down[1]_i_1/O
                         net (fo=1, routed)           0.009     1.070    uart_inst/clock_generator_uart_tx/num_count_down[1]
    SLICE_X29Y111        FDCE                                         r  uart_inst/clock_generator_uart_tx/num_count_down_reg[1]/D
  -------------------------------------------------------------------    -------------------

                         (clock clock_system rise edge)
                                                      0.000     0.000 r  
    V24                                               0.000     0.000 r  sys_clk_p (IN)
                         net (fo=0)                   0.000     0.000    clk_differ_to_single/I
    HPIOBDIFFINBUF_X0Y35 DIFFINBUF (Prop_DIFFINBUF_HPIOBDIFFINBUF_DIFF_IN_P_O)
                                                      0.326     0.326 r  clk_differ_to_single/DIFFINBUF_INST/O
                         net (fo=1, routed)           0.050     0.376    clk_differ_to_single/OUT
    V24                  IBUFCTRL (Prop_IBUFCTRL_HPIOB_M_I_O)
                                                      0.000     0.376 r  clk_differ_to_single/IBUFCTRL_INST/O
                         net (fo=1, routed)           0.191     0.567    sys_clk_single
    BUFGCE_X0Y32         BUFGCE (Prop_BUFCE_BUFGCE_I_O)
                                                      0.019     0.586 r  sys_clk_single_BUFG_inst/O
    X0Y1 (CLOCK_ROOT)    net (fo=26, routed)          0.564     1.150    uart_inst/clock_generator_uart_tx/CLK
    SLICE_X29Y111        FDCE                                         r  uart_inst/clock_generator_uart_tx/num_count_down_reg[1]/C
                         clock pessimism             -0.193     0.956    
    SLICE_X29Y111        FDCE (Hold_DFF2_SLICEM_C_D)
                                                      0.047     1.003    uart_inst/clock_generator_uart_tx/num_count_down_reg[1]
  -------------------------------------------------------------------
                         required time                         -1.003    
                         arrival time                           1.070    
  -------------------------------------------------------------------
                         slack                                  0.067    

Slack (MET) :             0.067ns  (arrival time - required time)
  Source:                 uart_inst/clock_generator_uart_tx/num_count_down_reg[2]/C
                            (rising edge-triggered cell FDCE clocked by clock_system  {rise@0.000ns fall@5.000ns period=10.000ns})
  Destination:            uart_inst/clock_generator_uart_tx/num_count_down_reg[2]/D
                            (rising edge-triggered cell FDCE clocked by clock_system  {rise@0.000ns fall@5.000ns period=10.000ns})
  Path Group:             clock_system
  Path Type:              Hold (Min at Fast Process Corner)
  Requirement:            0.000ns  (clock_system rise@0.000ns - clock_system rise@0.000ns)
  Data Path Delay:        0.119ns  (logic 0.074ns (62.185%)  route 0.045ns (37.815%))
  Logic Levels:           1  (LUT3=1)
  Clock Path Skew:        0.006ns (DCD - SCD - CPR)
    Destination Clock Delay (DCD):    1.149ns
    Source Clock Delay      (SCD):    0.937ns
    Clock Pessimism Removal (CPR):    0.206ns
  Clock Net Delay (Source):      0.496ns (routing 0.000ns, distribution 0.496ns)
  Clock Net Delay (Destination): 0.563ns (routing 0.001ns, distribution 0.562ns)

    Location             Delay type                Incr(ns)  Path(ns)    Netlist Resource(s)
  -------------------------------------------------------------------    -------------------
                         (clock clock_system rise edge)
                                                      0.000     0.000 r  
    V24                                               0.000     0.000 r  sys_clk_p (IN)
                         net (fo=0)                   0.000     0.000    clk_differ_to_single/I
    HPIOBDIFFINBUF_X0Y35 DIFFINBUF (Prop_DIFFINBUF_HPIOBDIFFINBUF_DIFF_IN_P_O)
                                                      0.228     0.228 r  clk_differ_to_single/DIFFINBUF_INST/O
                         net (fo=1, routed)           0.040     0.268    clk_differ_to_single/OUT
    V24                  IBUFCTRL (Prop_IBUFCTRL_HPIOB_M_I_O)
                                                      0.000     0.268 r  clk_differ_to_single/IBUFCTRL_INST/O
                         net (fo=1, routed)           0.156     0.424    sys_clk_single
    BUFGCE_X0Y32         BUFGCE (Prop_BUFCE_BUFGCE_I_O)
                                                      0.017     0.441 r  sys_clk_single_BUFG_inst/O
    X0Y1 (CLOCK_ROOT)    net (fo=26, routed)          0.496     0.937    uart_inst/clock_generator_uart_tx/CLK
    SLICE_X30Y112        FDCE                                         r  uart_inst/clock_generator_uart_tx/num_count_down_reg[2]/C
  -------------------------------------------------------------------    -------------------
    SLICE_X30Y112        FDCE (Prop_DFF_SLICEL_C_Q)
                                                      0.039     0.976 r  uart_inst/clock_generator_uart_tx/num_count_down_reg[2]/Q
                         net (fo=6, routed)           0.029     1.005    uart_inst/clock_generator_uart_tx/num_count_down_reg_n_0_[2]
    SLICE_X30Y112        LUT3 (Prop_D6LUT_SLICEL_I0_O)
                                                      0.035     1.040 r  uart_inst/clock_generator_uart_tx/num_count_down[2]_i_1/O
                         net (fo=1, routed)           0.016     1.056    uart_inst/clock_generator_uart_tx/num_count_down[2]
    SLICE_X30Y112        FDCE                                         r  uart_inst/clock_generator_uart_tx/num_count_down_reg[2]/D
  -------------------------------------------------------------------    -------------------

                         (clock clock_system rise edge)
                                                      0.000     0.000 r  
    V24                                               0.000     0.000 r  sys_clk_p (IN)
                         net (fo=0)                   0.000     0.000    clk_differ_to_single/I
    HPIOBDIFFINBUF_X0Y35 DIFFINBUF (Prop_DIFFINBUF_HPIOBDIFFINBUF_DIFF_IN_P_O)
                                                      0.326     0.326 r  clk_differ_to_single/DIFFINBUF_INST/O
                         net (fo=1, routed)           0.050     0.376    clk_differ_to_single/OUT
    V24                  IBUFCTRL (Prop_IBUFCTRL_HPIOB_M_I_O)
                                                      0.000     0.376 r  clk_differ_to_single/IBUFCTRL_INST/O
                         net (fo=1, routed)           0.191     0.567    sys_clk_single
    BUFGCE_X0Y32         BUFGCE (Prop_BUFCE_BUFGCE_I_O)
                                                      0.019     0.586 r  sys_clk_single_BUFG_inst/O
    X0Y1 (CLOCK_ROOT)    net (fo=26, routed)          0.563     1.149    uart_inst/clock_generator_uart_tx/CLK
    SLICE_X30Y112        FDCE                                         r  uart_inst/clock_generator_uart_tx/num_count_down_reg[2]/C
                         clock pessimism             -0.206     0.943    
    SLICE_X30Y112        FDCE (Hold_DFF_SLICEL_C_D)
                                                      0.046     0.989    uart_inst/clock_generator_uart_tx/num_count_down_reg[2]
  -------------------------------------------------------------------
                         required time                         -0.989    
                         arrival time                           1.056    
  -------------------------------------------------------------------
                         slack                                  0.067    

Slack (MET) :             0.081ns  (arrival time - required time)
  Source:                 uart_inst/clock_generator_uart_rx/num_count_down_reg[1]/C
                            (rising edge-triggered cell FDCE clocked by clock_system  {rise@0.000ns fall@5.000ns period=10.000ns})
  Destination:            uart_inst/clock_generator_uart_rx/num_count_down_reg[3]/D
                            (rising edge-triggered cell FDCE clocked by clock_system  {rise@0.000ns fall@5.000ns period=10.000ns})
  Path Group:             clock_system
  Path Type:              Hold (Min at Fast Process Corner)
  Requirement:            0.000ns  (clock_system rise@0.000ns - clock_system rise@0.000ns)
  Data Path Delay:        0.134ns  (logic 0.074ns (55.224%)  route 0.060ns (44.776%))
  Logic Levels:           1  (LUT5=1)
  Clock Path Skew:        0.006ns (DCD - SCD - CPR)
    Destination Clock Delay (DCD):    1.110ns
    Source Clock Delay      (SCD):    0.900ns
    Clock Pessimism Removal (CPR):    0.204ns
  Clock Net Delay (Source):      0.459ns (routing 0.000ns, distribution 0.459ns)
  Clock Net Delay (Destination): 0.524ns (routing 0.001ns, distribution 0.523ns)

    Location             Delay type                Incr(ns)  Path(ns)    Netlist Resource(s)
  -------------------------------------------------------------------    -------------------
                         (clock clock_system rise edge)
                                                      0.000     0.000 r  
    V24                                               0.000     0.000 r  sys_clk_p (IN)
                         net (fo=0)                   0.000     0.000    clk_differ_to_single/I
    HPIOBDIFFINBUF_X0Y35 DIFFINBUF (Prop_DIFFINBUF_HPIOBDIFFINBUF_DIFF_IN_P_O)
                                                      0.228     0.228 r  clk_differ_to_single/DIFFINBUF_INST/O
                         net (fo=1, routed)           0.040     0.268    clk_differ_to_single/OUT
    V24                  IBUFCTRL (Prop_IBUFCTRL_HPIOB_M_I_O)
                                                      0.000     0.268 r  clk_differ_to_single/IBUFCTRL_INST/O
                         net (fo=1, routed)           0.156     0.424    sys_clk_single
    BUFGCE_X0Y32         BUFGCE (Prop_BUFCE_BUFGCE_I_O)
                                                      0.017     0.441 r  sys_clk_single_BUFG_inst/O
    X0Y1 (CLOCK_ROOT)    net (fo=26, routed)          0.459     0.900    uart_inst/clock_generator_uart_rx/CLK
    SLICE_X28Y115        FDCE                                         r  uart_inst/clock_generator_uart_rx/num_count_down_reg[1]/C
  -------------------------------------------------------------------    -------------------
    SLICE_X28Y115        FDCE (Prop_CFF_SLICEM_C_Q)
                                                      0.038     0.938 r  uart_inst/clock_generator_uart_rx/num_count_down_reg[1]/Q
                         net (fo=6, routed)           0.052     0.990    uart_inst/clock_generator_uart_rx/num_count_down[1]
    SLICE_X28Y115        LUT5 (Prop_C5LUT_SLICEM_I1_O)
                                                      0.036     1.026 r  uart_inst/clock_generator_uart_rx/num_count_down[3]_i_1/O
                         net (fo=1, routed)           0.008     1.034    uart_inst/clock_generator_uart_rx/p_0_in_0[3]
    SLICE_X28Y115        FDCE                                         r  uart_inst/clock_generator_uart_rx/num_count_down_reg[3]/D
  -------------------------------------------------------------------    -------------------

                         (clock clock_system rise edge)
                                                      0.000     0.000 r  
    V24                                               0.000     0.000 r  sys_clk_p (IN)
                         net (fo=0)                   0.000     0.000    clk_differ_to_single/I
    HPIOBDIFFINBUF_X0Y35 DIFFINBUF (Prop_DIFFINBUF_HPIOBDIFFINBUF_DIFF_IN_P_O)
                                                      0.326     0.326 r  clk_differ_to_single/DIFFINBUF_INST/O
                         net (fo=1, routed)           0.050     0.376    clk_differ_to_single/OUT
    V24                  IBUFCTRL (Prop_IBUFCTRL_HPIOB_M_I_O)
                                                      0.000     0.376 r  clk_differ_to_single/IBUFCTRL_INST/O
                         net (fo=1, routed)           0.191     0.567    sys_clk_single
    BUFGCE_X0Y32         BUFGCE (Prop_BUFCE_BUFGCE_I_O)
                                                      0.019     0.586 r  sys_clk_single_BUFG_inst/O
    X0Y1 (CLOCK_ROOT)    net (fo=26, routed)          0.524     1.110    uart_inst/clock_generator_uart_rx/CLK
    SLICE_X28Y115        FDCE                                         r  uart_inst/clock_generator_uart_rx/num_count_down_reg[3]/C
                         clock pessimism             -0.204     0.906    
    SLICE_X28Y115        FDCE (Hold_CFF2_SLICEM_C_D)
                                                      0.047     0.953    uart_inst/clock_generator_uart_rx/num_count_down_reg[3]
  -------------------------------------------------------------------
                         required time                         -0.953    
                         arrival time                           1.034    
  -------------------------------------------------------------------
                         slack                                  0.081    

Slack (MET) :             0.083ns  (arrival time - required time)
  Source:                 uart_inst/clock_generator_uart_rx/num_count_down_reg[1]/C
                            (rising edge-triggered cell FDCE clocked by clock_system  {rise@0.000ns fall@5.000ns period=10.000ns})
  Destination:            uart_inst/clock_generator_uart_rx/num_count_down_reg[4]/D
                            (rising edge-triggered cell FDCE clocked by clock_system  {rise@0.000ns fall@5.000ns period=10.000ns})
  Path Group:             clock_system
  Path Type:              Hold (Min at Fast Process Corner)
  Requirement:            0.000ns  (clock_system rise@0.000ns - clock_system rise@0.000ns)
  Data Path Delay:        0.136ns  (logic 0.075ns (55.147%)  route 0.061ns (44.853%))
  Logic Levels:           1  (LUT5=1)
  Clock Path Skew:        0.006ns (DCD - SCD - CPR)
    Destination Clock Delay (DCD):    1.110ns
    Source Clock Delay      (SCD):    0.900ns
    Clock Pessimism Removal (CPR):    0.204ns
  Clock Net Delay (Source):      0.459ns (routing 0.000ns, distribution 0.459ns)
  Clock Net Delay (Destination): 0.524ns (routing 0.001ns, distribution 0.523ns)

    Location             Delay type                Incr(ns)  Path(ns)    Netlist Resource(s)
  -------------------------------------------------------------------    -------------------
                         (clock clock_system rise edge)
                                                      0.000     0.000 r  
    V24                                               0.000     0.000 r  sys_clk_p (IN)
                         net (fo=0)                   0.000     0.000    clk_differ_to_single/I
    HPIOBDIFFINBUF_X0Y35 DIFFINBUF (Prop_DIFFINBUF_HPIOBDIFFINBUF_DIFF_IN_P_O)
                                                      0.228     0.228 r  clk_differ_to_single/DIFFINBUF_INST/O
                         net (fo=1, routed)           0.040     0.268    clk_differ_to_single/OUT
    V24                  IBUFCTRL (Prop_IBUFCTRL_HPIOB_M_I_O)
                                                      0.000     0.268 r  clk_differ_to_single/IBUFCTRL_INST/O
                         net (fo=1, routed)           0.156     0.424    sys_clk_single
    BUFGCE_X0Y32         BUFGCE (Prop_BUFCE_BUFGCE_I_O)
                                                      0.017     0.441 r  sys_clk_single_BUFG_inst/O
    X0Y1 (CLOCK_ROOT)    net (fo=26, routed)          0.459     0.900    uart_inst/clock_generator_uart_rx/CLK
    SLICE_X28Y115        FDCE                                         r  uart_inst/clock_generator_uart_rx/num_count_down_reg[1]/C
  -------------------------------------------------------------------    -------------------
    SLICE_X28Y115        FDCE (Prop_CFF_SLICEM_C_Q)
                                                      0.038     0.938 r  uart_inst/clock_generator_uart_rx/num_count_down_reg[1]/Q
                         net (fo=6, routed)           0.052     0.990    uart_inst/clock_generator_uart_rx/num_count_down[1]
    SLICE_X28Y115        LUT5 (Prop_D5LUT_SLICEM_I1_O)
                                                      0.037     1.027 r  uart_inst/clock_generator_uart_rx/num_count_down[4]_i_1/O
                         net (fo=1, routed)           0.009     1.036    uart_inst/clock_generator_uart_rx/p_0_in_0[4]
    SLICE_X28Y115        FDCE                                         r  uart_inst/clock_generator_uart_rx/num_count_down_reg[4]/D
  -------------------------------------------------------------------    -------------------

                         (clock clock_system rise edge)
                                                      0.000     0.000 r  
    V24                                               0.000     0.000 r  sys_clk_p (IN)
                         net (fo=0)                   0.000     0.000    clk_differ_to_single/I
    HPIOBDIFFINBUF_X0Y35 DIFFINBUF (Prop_DIFFINBUF_HPIOBDIFFINBUF_DIFF_IN_P_O)
                                                      0.326     0.326 r  clk_differ_to_single/DIFFINBUF_INST/O
                         net (fo=1, routed)           0.050     0.376    clk_differ_to_single/OUT
    V24                  IBUFCTRL (Prop_IBUFCTRL_HPIOB_M_I_O)
                                                      0.000     0.376 r  clk_differ_to_single/IBUFCTRL_INST/O
                         net (fo=1, routed)           0.191     0.567    sys_clk_single
    BUFGCE_X0Y32         BUFGCE (Prop_BUFCE_BUFGCE_I_O)
                                                      0.019     0.586 r  sys_clk_single_BUFG_inst/O
    X0Y1 (CLOCK_ROOT)    net (fo=26, routed)          0.524     1.110    uart_inst/clock_generator_uart_rx/CLK
    SLICE_X28Y115        FDCE                                         r  uart_inst/clock_generator_uart_rx/num_count_down_reg[4]/C
                         clock pessimism             -0.204     0.906    
    SLICE_X28Y115        FDCE (Hold_DFF2_SLICEM_C_D)
                                                      0.047     0.953    uart_inst/clock_generator_uart_rx/num_count_down_reg[4]
  -------------------------------------------------------------------
                         required time                         -0.953    
                         arrival time                           1.036    
  -------------------------------------------------------------------
                         slack                                  0.083    

Slack (MET) :             0.084ns  (arrival time - required time)
  Source:                 uart_inst/clock_generator_uart_tx/num_count_down_reg[5]/C
                            (rising edge-triggered cell FDCE clocked by clock_system  {rise@0.000ns fall@5.000ns period=10.000ns})
  Destination:            uart_inst/clock_generator_uart_tx/num_count_down_reg[7]/D
                            (rising edge-triggered cell FDCE clocked by clock_system  {rise@0.000ns fall@5.000ns period=10.000ns})
  Path Group:             clock_system
  Path Type:              Hold (Min at Fast Process Corner)
  Requirement:            0.000ns  (clock_system rise@0.000ns - clock_system rise@0.000ns)
  Data Path Delay:        0.156ns  (logic 0.053ns (33.974%)  route 0.103ns (66.026%))
  Logic Levels:           1  (LUT6=1)
  Clock Path Skew:        0.026ns (DCD - SCD - CPR)
    Destination Clock Delay (DCD):    1.154ns
    Source Clock Delay      (SCD):    0.934ns
    Clock Pessimism Removal (CPR):    0.193ns
  Clock Net Delay (Source):      0.493ns (routing 0.000ns, distribution 0.493ns)
  Clock Net Delay (Destination): 0.568ns (routing 0.001ns, distribution 0.567ns)

    Location             Delay type                Incr(ns)  Path(ns)    Netlist Resource(s)
  -------------------------------------------------------------------    -------------------
                         (clock clock_system rise edge)
                                                      0.000     0.000 r  
    V24                                               0.000     0.000 r  sys_clk_p (IN)
                         net (fo=0)                   0.000     0.000    clk_differ_to_single/I
    HPIOBDIFFINBUF_X0Y35 DIFFINBUF (Prop_DIFFINBUF_HPIOBDIFFINBUF_DIFF_IN_P_O)
                                                      0.228     0.228 r  clk_differ_to_single/DIFFINBUF_INST/O
                         net (fo=1, routed)           0.040     0.268    clk_differ_to_single/OUT
    V24                  IBUFCTRL (Prop_IBUFCTRL_HPIOB_M_I_O)
                                                      0.000     0.268 r  clk_differ_to_single/IBUFCTRL_INST/O
                         net (fo=1, routed)           0.156     0.424    sys_clk_single
    BUFGCE_X0Y32         BUFGCE (Prop_BUFCE_BUFGCE_I_O)
                                                      0.017     0.441 r  sys_clk_single_BUFG_inst/O
    X0Y1 (CLOCK_ROOT)    net (fo=26, routed)          0.493     0.934    uart_inst/clock_generator_uart_tx/CLK
    SLICE_X30Y111        FDCE                                         r  uart_inst/clock_generator_uart_tx/num_count_down_reg[5]/C
  -------------------------------------------------------------------    -------------------
    SLICE_X30Y111        FDCE (Prop_CFF_SLICEL_C_Q)
                                                      0.039     0.973 f  uart_inst/clock_generator_uart_tx/num_count_down_reg[5]/Q
                         net (fo=7, routed)           0.077     1.050    uart_inst/clock_generator_uart_tx/num_count_down_reg_n_0_[5]
    SLICE_X29Y112        LUT6 (Prop_D6LUT_SLICEM_I5_O)
                                                      0.014     1.064 r  uart_inst/clock_generator_uart_tx/num_count_down[7]_i_1/O
                         net (fo=1, routed)           0.026     1.090    uart_inst/clock_generator_uart_tx/num_count_down[7]
    SLICE_X29Y112        FDCE                                         r  uart_inst/clock_generator_uart_tx/num_count_down_reg[7]/D
  -------------------------------------------------------------------    -------------------

                         (clock clock_system rise edge)
                                                      0.000     0.000 r  
    V24                                               0.000     0.000 r  sys_clk_p (IN)
                         net (fo=0)                   0.000     0.000    clk_differ_to_single/I
    HPIOBDIFFINBUF_X0Y35 DIFFINBUF (Prop_DIFFINBUF_HPIOBDIFFINBUF_DIFF_IN_P_O)
                                                      0.326     0.326 r  clk_differ_to_single/DIFFINBUF_INST/O
                         net (fo=1, routed)           0.050     0.376    clk_differ_to_single/OUT
    V24                  IBUFCTRL (Prop_IBUFCTRL_HPIOB_M_I_O)
                                                      0.000     0.376 r  clk_differ_to_single/IBUFCTRL_INST/O
                         net (fo=1, routed)           0.191     0.567    sys_clk_single
    BUFGCE_X0Y32         BUFGCE (Prop_BUFCE_BUFGCE_I_O)
                                                      0.019     0.586 r  sys_clk_single_BUFG_inst/O
    X0Y1 (CLOCK_ROOT)    net (fo=26, routed)          0.568     1.154    uart_inst/clock_generator_uart_tx/CLK
    SLICE_X29Y112        FDCE                                         r  uart_inst/clock_generator_uart_tx/num_count_down_reg[7]/C
                         clock pessimism             -0.193     0.960    
    SLICE_X29Y112        FDCE (Hold_DFF_SLICEM_C_D)
                                                      0.046     1.006    uart_inst/clock_generator_uart_tx/num_count_down_reg[7]
  -------------------------------------------------------------------
                         required time                         -1.006    
                         arrival time                           1.090    
  -------------------------------------------------------------------
                         slack                                  0.084    

Slack (MET) :             0.097ns  (arrival time - required time)
  Source:                 uart_inst/clock_generator_uart_rx/num_count_down_reg[1]/C
                            (rising edge-triggered cell FDCE clocked by clock_system  {rise@0.000ns fall@5.000ns period=10.000ns})
  Destination:            uart_inst/clock_generator_uart_rx/num_count_down_reg[1]/D
                            (rising edge-triggered cell FDCE clocked by clock_system  {rise@0.000ns fall@5.000ns period=10.000ns})
  Path Group:             clock_system
  Path Type:              Hold (Min at Fast Process Corner)
  Requirement:            0.000ns  (clock_system rise@0.000ns - clock_system rise@0.000ns)
  Data Path Delay:        0.149ns  (logic 0.073ns (48.993%)  route 0.076ns (51.007%))
  Logic Levels:           1  (LUT5=1)
  Clock Path Skew:        0.006ns (DCD - SCD - CPR)
    Destination Clock Delay (DCD):    1.110ns
    Source Clock Delay      (SCD):    0.900ns
    Clock Pessimism Removal (CPR):    0.204ns
  Clock Net Delay (Source):      0.459ns (routing 0.000ns, distribution 0.459ns)
  Clock Net Delay (Destination): 0.524ns (routing 0.001ns, distribution 0.523ns)

    Location             Delay type                Incr(ns)  Path(ns)    Netlist Resource(s)
  -------------------------------------------------------------------    -------------------
                         (clock clock_system rise edge)
                                                      0.000     0.000 r  
    V24                                               0.000     0.000 r  sys_clk_p (IN)
                         net (fo=0)                   0.000     0.000    clk_differ_to_single/I
    HPIOBDIFFINBUF_X0Y35 DIFFINBUF (Prop_DIFFINBUF_HPIOBDIFFINBUF_DIFF_IN_P_O)
                                                      0.228     0.228 r  clk_differ_to_single/DIFFINBUF_INST/O
                         net (fo=1, routed)           0.040     0.268    clk_differ_to_single/OUT
    V24                  IBUFCTRL (Prop_IBUFCTRL_HPIOB_M_I_O)
                                                      0.000     0.268 r  clk_differ_to_single/IBUFCTRL_INST/O
                         net (fo=1, routed)           0.156     0.424    sys_clk_single
    BUFGCE_X0Y32         BUFGCE (Prop_BUFCE_BUFGCE_I_O)
                                                      0.017     0.441 r  sys_clk_single_BUFG_inst/O
    X0Y1 (CLOCK_ROOT)    net (fo=26, routed)          0.459     0.900    uart_inst/clock_generator_uart_rx/CLK
    SLICE_X28Y115        FDCE                                         r  uart_inst/clock_generator_uart_rx/num_count_down_reg[1]/C
  -------------------------------------------------------------------    -------------------
    SLICE_X28Y115        FDCE (Prop_CFF_SLICEM_C_Q)
                                                      0.038     0.938 r  uart_inst/clock_generator_uart_rx/num_count_down_reg[1]/Q
                         net (fo=6, routed)           0.052     0.990    uart_inst/clock_generator_uart_rx/num_count_down[1]
    SLICE_X28Y115        LUT5 (Prop_C6LUT_SLICEM_I1_O)
                                                      0.035     1.025 r  uart_inst/clock_generator_uart_rx/num_count_down[1]_i_1/O
                         net (fo=1, routed)           0.024     1.049    uart_inst/clock_generator_uart_rx/p_0_in_0[1]
    SLICE_X28Y115        FDCE                                         r  uart_inst/clock_generator_uart_rx/num_count_down_reg[1]/D
  -------------------------------------------------------------------    -------------------

                         (clock clock_system rise edge)
                                                      0.000     0.000 r  
    V24                                               0.000     0.000 r  sys_clk_p (IN)
                         net (fo=0)                   0.000     0.000    clk_differ_to_single/I
    HPIOBDIFFINBUF_X0Y35 DIFFINBUF (Prop_DIFFINBUF_HPIOBDIFFINBUF_DIFF_IN_P_O)
                                                      0.326     0.326 r  clk_differ_to_single/DIFFINBUF_INST/O
                         net (fo=1, routed)           0.050     0.376    clk_differ_to_single/OUT
    V24                  IBUFCTRL (Prop_IBUFCTRL_HPIOB_M_I_O)
                                                      0.000     0.376 r  clk_differ_to_single/IBUFCTRL_INST/O
                         net (fo=1, routed)           0.191     0.567    sys_clk_single
    BUFGCE_X0Y32         BUFGCE (Prop_BUFCE_BUFGCE_I_O)
                                                      0.019     0.586 r  sys_clk_single_BUFG_inst/O
    X0Y1 (CLOCK_ROOT)    net (fo=26, routed)          0.524     1.110    uart_inst/clock_generator_uart_rx/CLK
    SLICE_X28Y115        FDCE                                         r  uart_inst/clock_generator_uart_rx/num_count_down_reg[1]/C
                         clock pessimism             -0.204     0.906    
    SLICE_X28Y115        FDCE (Hold_CFF_SLICEM_C_D)
                                                      0.046     0.952    uart_inst/clock_generator_uart_rx/num_count_down_reg[1]
  -------------------------------------------------------------------
                         required time                         -0.952    
                         arrival time                           1.049    
  -------------------------------------------------------------------
                         slack                                  0.097    

Slack (MET) :             0.099ns  (arrival time - required time)
  Source:                 uart_inst/clock_generator_uart_rx/num_count_down_reg[1]/C
                            (rising edge-triggered cell FDCE clocked by clock_system  {rise@0.000ns fall@5.000ns period=10.000ns})
  Destination:            uart_inst/clock_generator_uart_rx/num_count_down_reg[0]/D
                            (rising edge-triggered cell FDCE clocked by clock_system  {rise@0.000ns fall@5.000ns period=10.000ns})
  Path Group:             clock_system
  Path Type:              Hold (Min at Fast Process Corner)
  Requirement:            0.000ns  (clock_system rise@0.000ns - clock_system rise@0.000ns)
  Data Path Delay:        0.151ns  (logic 0.073ns (48.344%)  route 0.078ns (51.656%))
  Logic Levels:           1  (LUT5=1)
  Clock Path Skew:        0.006ns (DCD - SCD - CPR)
    Destination Clock Delay (DCD):    1.110ns
    Source Clock Delay      (SCD):    0.900ns
    Clock Pessimism Removal (CPR):    0.204ns
  Clock Net Delay (Source):      0.459ns (routing 0.000ns, distribution 0.459ns)
  Clock Net Delay (Destination): 0.524ns (routing 0.001ns, distribution 0.523ns)

    Location             Delay type                Incr(ns)  Path(ns)    Netlist Resource(s)
  -------------------------------------------------------------------    -------------------
                         (clock clock_system rise edge)
                                                      0.000     0.000 r  
    V24                                               0.000     0.000 r  sys_clk_p (IN)
                         net (fo=0)                   0.000     0.000    clk_differ_to_single/I
    HPIOBDIFFINBUF_X0Y35 DIFFINBUF (Prop_DIFFINBUF_HPIOBDIFFINBUF_DIFF_IN_P_O)
                                                      0.228     0.228 r  clk_differ_to_single/DIFFINBUF_INST/O
                         net (fo=1, routed)           0.040     0.268    clk_differ_to_single/OUT
    V24                  IBUFCTRL (Prop_IBUFCTRL_HPIOB_M_I_O)
                                                      0.000     0.268 r  clk_differ_to_single/IBUFCTRL_INST/O
                         net (fo=1, routed)           0.156     0.424    sys_clk_single
    BUFGCE_X0Y32         BUFGCE (Prop_BUFCE_BUFGCE_I_O)
                                                      0.017     0.441 r  sys_clk_single_BUFG_inst/O
    X0Y1 (CLOCK_ROOT)    net (fo=26, routed)          0.459     0.900    uart_inst/clock_generator_uart_rx/CLK
    SLICE_X28Y115        FDCE                                         r  uart_inst/clock_generator_uart_rx/num_count_down_reg[1]/C
  -------------------------------------------------------------------    -------------------
    SLICE_X28Y115        FDCE (Prop_CFF_SLICEM_C_Q)
                                                      0.038     0.938 f  uart_inst/clock_generator_uart_rx/num_count_down_reg[1]/Q
                         net (fo=6, routed)           0.052     0.990    uart_inst/clock_generator_uart_rx/num_count_down[1]
    SLICE_X28Y115        LUT5 (Prop_D6LUT_SLICEM_I1_O)
                                                      0.035     1.025 r  uart_inst/clock_generator_uart_rx/num_count_down[0]_i_1__0/O
                         net (fo=1, routed)           0.026     1.051    uart_inst/clock_generator_uart_rx/num_count_down[0]_i_1__0_n_0
    SLICE_X28Y115        FDCE                                         r  uart_inst/clock_generator_uart_rx/num_count_down_reg[0]/D
  -------------------------------------------------------------------    -------------------

                         (clock clock_system rise edge)
                                                      0.000     0.000 r  
    V24                                               0.000     0.000 r  sys_clk_p (IN)
                         net (fo=0)                   0.000     0.000    clk_differ_to_single/I
    HPIOBDIFFINBUF_X0Y35 DIFFINBUF (Prop_DIFFINBUF_HPIOBDIFFINBUF_DIFF_IN_P_O)
                                                      0.326     0.326 r  clk_differ_to_single/DIFFINBUF_INST/O
                         net (fo=1, routed)           0.050     0.376    clk_differ_to_single/OUT
    V24                  IBUFCTRL (Prop_IBUFCTRL_HPIOB_M_I_O)
                                                      0.000     0.376 r  clk_differ_to_single/IBUFCTRL_INST/O
                         net (fo=1, routed)           0.191     0.567    sys_clk_single
    BUFGCE_X0Y32         BUFGCE (Prop_BUFCE_BUFGCE_I_O)
                                                      0.019     0.586 r  sys_clk_single_BUFG_inst/O
    X0Y1 (CLOCK_ROOT)    net (fo=26, routed)          0.524     1.110    uart_inst/clock_generator_uart_rx/CLK
    SLICE_X28Y115        FDCE                                         r  uart_inst/clock_generator_uart_rx/num_count_down_reg[0]/C
                         clock pessimism             -0.204     0.906    
    SLICE_X28Y115        FDCE (Hold_DFF_SLICEM_C_D)
                                                      0.046     0.952    uart_inst/clock_generator_uart_rx/num_count_down_reg[0]
  -------------------------------------------------------------------
                         required time                         -0.952    
                         arrival time                           1.051    
  -------------------------------------------------------------------
                         slack                                  0.099    





Pulse Width Checks
--------------------------------------------------------------------------------------
Clock Name:         clock_system
Waveform(ns):       { 0.000 5.000 }
Period(ns):         10.000
Sources:            { sys_clk_p }

Check Type        Corner  Lib Pin   Reference Pin  Required(ns)  Actual(ns)  Slack(ns)  Location       Pin
Min Period        n/a     BUFGCE/I  n/a            1.290         10.000      8.710      BUFGCE_X0Y32   sys_clk_single_BUFG_inst/I
Min Period        n/a     FDCE/C    n/a            0.550         10.000      9.450      SLICE_X31Y113  reg_uart_rx_finish_reg/C
Min Period        n/a     FDCE/C    n/a            0.550         10.000      9.450      SLICE_X29Y112  reg_uart_tx_input_reg[0]/C
Min Period        n/a     FDCE/C    n/a            0.550         10.000      9.450      SLICE_X31Y114  reg_uart_tx_input_reg[1]/C
Min Period        n/a     FDCE/C    n/a            0.550         10.000      9.450      SLICE_X29Y112  reg_uart_tx_input_reg[2]/C
Min Period        n/a     FDCE/C    n/a            0.550         10.000      9.450      SLICE_X31Y114  reg_uart_tx_input_reg[3]/C
Min Period        n/a     FDCE/C    n/a            0.550         10.000      9.450      SLICE_X29Y112  reg_uart_tx_input_reg[4]/C
Min Period        n/a     FDCE/C    n/a            0.550         10.000      9.450      SLICE_X29Y112  reg_uart_tx_input_reg[5]/C
Min Period        n/a     FDCE/C    n/a            0.550         10.000      9.450      SLICE_X29Y112  reg_uart_tx_input_reg[6]/C
Min Period        n/a     FDCE/C    n/a            0.550         10.000      9.450      SLICE_X29Y112  reg_uart_tx_input_reg[7]/C
Low Pulse Width   Fast    FDCE/C    n/a            0.275         5.000       4.725      SLICE_X31Y114  reg_uart_tx_input_reg[1]/C
Low Pulse Width   Fast    FDCE/C    n/a            0.275         5.000       4.725      SLICE_X31Y114  reg_uart_tx_input_reg[3]/C
Low Pulse Width   Slow    FDCE/C    n/a            0.275         5.000       4.725      SLICE_X28Y115  uart_inst/clock_generator_uart_rx/num_count_down_reg[0]/C
Low Pulse Width   Slow    FDCE/C    n/a            0.275         5.000       4.725      SLICE_X28Y115  uart_inst/clock_generator_uart_rx/num_count_down_reg[1]/C
Low Pulse Width   Slow    FDCE/C    n/a            0.275         5.000       4.725      SLICE_X28Y115  uart_inst/clock_generator_uart_rx/num_count_down_reg[2]/C
Low Pulse Width   Slow    FDCE/C    n/a            0.275         5.000       4.725      SLICE_X28Y115  uart_inst/clock_generator_uart_rx/num_count_down_reg[3]/C
Low Pulse Width   Slow    FDCE/C    n/a            0.275         5.000       4.725      SLICE_X28Y115  uart_inst/clock_generator_uart_rx/num_count_down_reg[4]/C
Low Pulse Width   Slow    FDCE/C    n/a            0.275         5.000       4.725      SLICE_X28Y115  uart_inst/clock_generator_uart_rx/reg_clk_output_reg/C
Low Pulse Width   Fast    FDCE/C    n/a            0.275         5.000       4.725      SLICE_X30Y111  uart_inst/clock_generator_uart_tx/num_count_down_reg[4]/C
Low Pulse Width   Fast    FDCE/C    n/a            0.275         5.000       4.725      SLICE_X30Y111  uart_inst/clock_generator_uart_tx/num_count_down_reg[5]/C
High Pulse Width  Slow    FDCE/C    n/a            0.275         5.000       4.725      SLICE_X31Y113  reg_uart_rx_finish_reg/C
High Pulse Width  Slow    FDCE/C    n/a            0.275         5.000       4.725      SLICE_X29Y112  reg_uart_tx_input_reg[0]/C
High Pulse Width  Slow    FDCE/C    n/a            0.275         5.000       4.725      SLICE_X29Y112  reg_uart_tx_input_reg[2]/C
High Pulse Width  Slow    FDCE/C    n/a            0.275         5.000       4.725      SLICE_X29Y112  reg_uart_tx_input_reg[4]/C
High Pulse Width  Slow    FDCE/C    n/a            0.275         5.000       4.725      SLICE_X29Y112  reg_uart_tx_input_reg[5]/C
High Pulse Width  Slow    FDCE/C    n/a            0.275         5.000       4.725      SLICE_X29Y112  reg_uart_tx_input_reg[6]/C
High Pulse Width  Slow    FDCE/C    n/a            0.275         5.000       4.725      SLICE_X29Y112  reg_uart_tx_input_reg[7]/C
High Pulse Width  Slow    FDCE/C    n/a            0.275         5.000       4.725      SLICE_X31Y113  reg_uart_tx_start_reg/C
High Pulse Width  Slow    FDCE/C    n/a            0.275         5.000       4.725      SLICE_X29Y111  uart_inst/clock_generator_uart_tx/num_count_down_reg[0]/C
High Pulse Width  Slow    FDCE/C    n/a            0.275         5.000       4.725      SLICE_X29Y111  uart_inst/clock_generator_uart_tx/num_count_down_reg[1]/C



