Copyright 1986-2020 Xilinx, Inc. All Rights Reserved.
----------------------------------------------------------------------------------------------------------------------------------------------------------------------------------------------------------
| Tool Version      : Vivado v.2020.2 (win64) Build 3064766 Wed Nov 18 09:12:45 MST 2020
| Date              : Tue Aug  5 17:32:14 2025
| Host              : DESKTOP-IMB8E6N running 64-bit major release  (build 9200)
| Command           : report_timing_summary -max_paths 10 -file breath_led_timing_summary_routed.rpt -pb breath_led_timing_summary_routed.pb -rpx breath_led_timing_summary_routed.rpx -warn_on_violation
| Design            : breath_led
| Device            : xcku5p-ffvb676
| Speed File        : -2  PRODUCTION 1.28 02-27-2020
| Temperature Grade : I
----------------------------------------------------------------------------------------------------------------------------------------------------------------------------------------------------------

Timing Summary Report

------------------------------------------------------------------------------------------------
| Timer Settings
| --------------
------------------------------------------------------------------------------------------------

  Enable Multi Corner Analysis               :  Yes
  Enable Pessimism Removal                   :  Yes
  Pessimism Removal Resolution               :  Nearest Common Node
  Enable Input Delay Default Clock           :  No
  Enable Preset / Clear Arcs                 :  No
  Disable Flight Delays                      :  No
  Ignore I/O Paths                           :  No
  Timing Early Launch at Borrowing Latches   :  No
  Borrow Time for Max Delay Exceptions       :  Yes
  Merge Timing Exceptions                    :  Yes

  Corner  Analyze    Analyze    
  Name    Max Paths  Min Paths  
  ------  ---------  ---------  
  Slow    Yes        Yes        
  Fast    Yes        Yes        



check_timing report

Table of Contents
-----------------
1. checking no_clock (0)
2. checking constant_clock (0)
3. checking pulse_width_clock (0)
4. checking unconstrained_internal_endpoints (0)
5. checking no_input_delay (1)
6. checking no_output_delay (1)
7. checking multiple_clock (0)
8. checking generated_clocks (0)
9. checking loops (0)
10. checking partial_input_delay (0)
11. checking partial_output_delay (0)
12. checking latch_loops (0)

1. checking no_clock (0)
------------------------
 There are 0 register/latch pins with no clock.


2. checking constant_clock (0)
------------------------------
 There are 0 register/latch pins with constant_clock.


3. checking pulse_width_clock (0)
---------------------------------
 There are 0 register/latch pins which need pulse_width check


4. checking unconstrained_internal_endpoints (0)
------------------------------------------------
 There are 0 pins that are not constrained for maximum delay.

 There are 0 pins that are not constrained for maximum delay due to constant clock.


5. checking no_input_delay (1)
------------------------------
 There is 1 input port with no input delay specified. (HIGH)

 There are 0 input ports with no input delay but user has a false path constraint.


6. checking no_output_delay (1)
-------------------------------
 There is 1 port with no output delay specified. (HIGH)

 There are 0 ports with no output delay but user has a false path constraint

 There are 0 ports with no output delay but with a timing clock defined on it or propagating through it


7. checking multiple_clock (0)
------------------------------
 There are 0 register/latch pins with multiple clocks.


8. checking generated_clocks (0)
--------------------------------
 There are 0 generated clocks that are not connected to a clock source.


9. checking loops (0)
---------------------
 There are 0 combinational loops in the design.


10. checking partial_input_delay (0)
------------------------------------
 There are 0 input ports with partial input delay specified.


11. checking partial_output_delay (0)
-------------------------------------
 There are 0 ports with partial output delay specified.


12. checking latch_loops (0)
----------------------------
 There are 0 combinational latch loops in the design through latch input



------------------------------------------------------------------------------------------------
| Design Timing Summary
| ---------------------
------------------------------------------------------------------------------------------------

    WNS(ns)      TNS(ns)  TNS Failing Endpoints  TNS Total Endpoints      WHS(ns)      THS(ns)  THS Failing Endpoints  THS Total Endpoints     WPWS(ns)     TPWS(ns)  TPWS Failing Endpoints  TPWS Total Endpoints  
    -------      -------  ---------------------  -------------------      -------      -------  ---------------------  -------------------     --------     --------  ----------------------  --------------------  
      8.566        0.000                      0                   49        0.041        0.000                      0                   49        4.725        0.000                       0                    30  


All user specified timing constraints are met.


------------------------------------------------------------------------------------------------
| Clock Summary
| -------------
------------------------------------------------------------------------------------------------

Clock         Waveform(ns)       Period(ns)      Frequency(MHz)
-----         ------------       ----------      --------------
clock_system  {0.000 5.000}      10.000          100.000         


------------------------------------------------------------------------------------------------
| Intra Clock Table
| -----------------
------------------------------------------------------------------------------------------------

Clock             WNS(ns)      TNS(ns)  TNS Failing Endpoints  TNS Total Endpoints      WHS(ns)      THS(ns)  THS Failing Endpoints  THS Total Endpoints     WPWS(ns)     TPWS(ns)  TPWS Failing Endpoints  TPWS Total Endpoints  
-----             -------      -------  ---------------------  -------------------      -------      -------  ---------------------  -------------------     --------     --------  ----------------------  --------------------  
clock_system        8.566        0.000                      0                   49        0.041        0.000                      0                   49        4.725        0.000                       0                    30  


------------------------------------------------------------------------------------------------
| Inter Clock Table
| -----------------
------------------------------------------------------------------------------------------------

From Clock    To Clock          WNS(ns)      TNS(ns)  TNS Failing Endpoints  TNS Total Endpoints      WHS(ns)      THS(ns)  THS Failing Endpoints  THS Total Endpoints  
----------    --------          -------      -------  ---------------------  -------------------      -------      -------  ---------------------  -------------------  


------------------------------------------------------------------------------------------------
| Other Path Groups Table
| -----------------------
------------------------------------------------------------------------------------------------

Path Group    From Clock    To Clock          WNS(ns)      TNS(ns)  TNS Failing Endpoints  TNS Total Endpoints      WHS(ns)      THS(ns)  THS Failing Endpoints  THS Total Endpoints  
----------    ----------    --------          -------      -------  ---------------------  -------------------      -------      -------  ---------------------  -------------------  


------------------------------------------------------------------------------------------------
| Timing Details
| --------------
------------------------------------------------------------------------------------------------


---------------------------------------------------------------------------------------------------
From Clock:  clock_system
  To Clock:  clock_system

Setup :            0  Failing Endpoints,  Worst Slack        8.566ns,  Total Violation        0.000ns
Hold  :            0  Failing Endpoints,  Worst Slack        0.041ns,  Total Violation        0.000ns
PW    :            0  Failing Endpoints,  Worst Slack        4.725ns,  Total Violation        0.000ns
---------------------------------------------------------------------------------------------------


Max Delay Paths
--------------------------------------------------------------------------------------
Slack (MET) :             8.566ns  (required time - arrival time)
  Source:                 reg_1_ms_count_reg[2]/C
                            (rising edge-triggered cell FDCE clocked by clock_system  {rise@0.000ns fall@5.000ns period=10.000ns})
  Destination:            reg_1_s_count_reg[6]/CE
                            (rising edge-triggered cell FDCE clocked by clock_system  {rise@0.000ns fall@5.000ns period=10.000ns})
  Path Group:             clock_system
  Path Type:              Setup (Max at Slow Process Corner)
  Requirement:            10.000ns  (clock_system rise@10.000ns - clock_system rise@0.000ns)
  Data Path Delay:        1.241ns  (logic 0.266ns (21.434%)  route 0.975ns (78.566%))
  Logic Levels:           2  (LUT3=1 LUT6=1)
  Clock Path Skew:        -0.096ns (DCD - SCD + CPR)
    Destination Clock Delay (DCD):    1.281ns = ( 11.281 - 10.000 ) 
    Source Clock Delay      (SCD):    1.686ns
    Clock Pessimism Removal (CPR):    0.309ns
  Clock Uncertainty:      0.035ns  ((TSJ^2 + TIJ^2)^1/2 + DJ) / 2 + PE
    Total System Jitter     (TSJ):    0.071ns
    Total Input Jitter      (TIJ):    0.000ns
    Discrete Jitter          (DJ):    0.000ns
    Phase Error              (PE):    0.000ns
  Clock Net Delay (Source):      0.808ns (routing 0.001ns, distribution 0.807ns)
  Clock Net Delay (Destination): 0.696ns (routing 0.001ns, distribution 0.695ns)

    Location             Delay type                Incr(ns)  Path(ns)    Netlist Resource(s)
  -------------------------------------------------------------------    -------------------
                         (clock clock_system rise edge)
                                                      0.000     0.000 r  
    V23                                               0.000     0.000 r  clock_system (IN)
                         net (fo=0)                   0.000     0.000    clock_system_IBUF_inst/I
    V23                  INBUF (Prop_INBUF_HPIOB_M_PAD_O)
                                                      0.502     0.502 r  clock_system_IBUF_inst/INBUF_INST/O
                         net (fo=1, routed)           0.000     0.502    clock_system_IBUF_inst/OUT
    V23                  IBUFCTRL (Prop_IBUFCTRL_HPIOB_M_I_O)
                                                      0.000     0.502 r  clock_system_IBUF_inst/IBUFCTRL_INST/O
                         net (fo=1, routed)           0.348     0.850    clock_system_IBUF
    BUFGCE_X0Y32         BUFGCE (Prop_BUFCE_BUFGCE_I_O)
                                                      0.028     0.878 r  clock_system_IBUF_BUFG_inst/O
    X0Y1 (CLOCK_ROOT)    net (fo=29, routed)          0.808     1.686    clock_system_IBUF_BUFG
    SLICE_X27Y94         FDCE                                         r  reg_1_ms_count_reg[2]/C
  -------------------------------------------------------------------    -------------------
    SLICE_X27Y94         FDCE (Prop_HFF_SLICEL_C_Q)
                                                      0.079     1.765 r  reg_1_ms_count_reg[2]/Q
                         net (fo=9, routed)           0.418     2.183    reg_1_ms_count_reg[2]
    SLICE_X27Y93         LUT3 (Prop_C6LUT_SLICEL_I2_O)
                                                      0.088     2.271 f  reg_1_ms_count[6]_i_2/O
                         net (fo=3, routed)           0.097     2.368    reg_1_ms_count[6]_i_2_n_0
    SLICE_X27Y93         LUT6 (Prop_H6LUT_SLICEL_I0_O)
                                                      0.099     2.467 r  reg_1_s_count[9]_i_1/O
                         net (fo=22, routed)          0.460     2.927    reg_1_ms_count1
    SLICE_X28Y91         FDCE                                         r  reg_1_s_count_reg[6]/CE
  -------------------------------------------------------------------    -------------------

                         (clock clock_system rise edge)
                                                     10.000    10.000 r  
    V23                                               0.000    10.000 r  clock_system (IN)
                         net (fo=0)                   0.000    10.000    clock_system_IBUF_inst/I
    V23                  INBUF (Prop_INBUF_HPIOB_M_PAD_O)
                                                      0.252    10.252 r  clock_system_IBUF_inst/INBUF_INST/O
                         net (fo=1, routed)           0.000    10.252    clock_system_IBUF_inst/OUT
    V23                  IBUFCTRL (Prop_IBUFCTRL_HPIOB_M_I_O)
                                                      0.000    10.252 r  clock_system_IBUF_inst/IBUFCTRL_INST/O
                         net (fo=1, routed)           0.309    10.561    clock_system_IBUF
    BUFGCE_X0Y32         BUFGCE (Prop_BUFCE_BUFGCE_I_O)
                                                      0.024    10.585 r  clock_system_IBUF_BUFG_inst/O
    X0Y1 (CLOCK_ROOT)    net (fo=29, routed)          0.696    11.281    clock_system_IBUF_BUFG
    SLICE_X28Y91         FDCE                                         r  reg_1_s_count_reg[6]/C
                         clock pessimism              0.309    11.589    
                         clock uncertainty           -0.035    11.554    
    SLICE_X28Y91         FDCE (Setup_DFF_SLICEM_C_CE)
                                                     -0.061    11.493    reg_1_s_count_reg[6]
  -------------------------------------------------------------------
                         required time                         11.493    
                         arrival time                          -2.927    
  -------------------------------------------------------------------
                         slack                                  8.566    

Slack (MET) :             8.566ns  (required time - arrival time)
  Source:                 reg_1_ms_count_reg[2]/C
                            (rising edge-triggered cell FDCE clocked by clock_system  {rise@0.000ns fall@5.000ns period=10.000ns})
  Destination:            reg_1_s_count_reg[7]/CE
                            (rising edge-triggered cell FDCE clocked by clock_system  {rise@0.000ns fall@5.000ns period=10.000ns})
  Path Group:             clock_system
  Path Type:              Setup (Max at Slow Process Corner)
  Requirement:            10.000ns  (clock_system rise@10.000ns - clock_system rise@0.000ns)
  Data Path Delay:        1.241ns  (logic 0.266ns (21.434%)  route 0.975ns (78.566%))
  Logic Levels:           2  (LUT3=1 LUT6=1)
  Clock Path Skew:        -0.096ns (DCD - SCD + CPR)
    Destination Clock Delay (DCD):    1.281ns = ( 11.281 - 10.000 ) 
    Source Clock Delay      (SCD):    1.686ns
    Clock Pessimism Removal (CPR):    0.309ns
  Clock Uncertainty:      0.035ns  ((TSJ^2 + TIJ^2)^1/2 + DJ) / 2 + PE
    Total System Jitter     (TSJ):    0.071ns
    Total Input Jitter      (TIJ):    0.000ns
    Discrete Jitter          (DJ):    0.000ns
    Phase Error              (PE):    0.000ns
  Clock Net Delay (Source):      0.808ns (routing 0.001ns, distribution 0.807ns)
  Clock Net Delay (Destination): 0.696ns (routing 0.001ns, distribution 0.695ns)

    Location             Delay type                Incr(ns)  Path(ns)    Netlist Resource(s)
  -------------------------------------------------------------------    -------------------
                         (clock clock_system rise edge)
                                                      0.000     0.000 r  
    V23                                               0.000     0.000 r  clock_system (IN)
                         net (fo=0)                   0.000     0.000    clock_system_IBUF_inst/I
    V23                  INBUF (Prop_INBUF_HPIOB_M_PAD_O)
                                                      0.502     0.502 r  clock_system_IBUF_inst/INBUF_INST/O
                         net (fo=1, routed)           0.000     0.502    clock_system_IBUF_inst/OUT
    V23                  IBUFCTRL (Prop_IBUFCTRL_HPIOB_M_I_O)
                                                      0.000     0.502 r  clock_system_IBUF_inst/IBUFCTRL_INST/O
                         net (fo=1, routed)           0.348     0.850    clock_system_IBUF
    BUFGCE_X0Y32         BUFGCE (Prop_BUFCE_BUFGCE_I_O)
                                                      0.028     0.878 r  clock_system_IBUF_BUFG_inst/O
    X0Y1 (CLOCK_ROOT)    net (fo=29, routed)          0.808     1.686    clock_system_IBUF_BUFG
    SLICE_X27Y94         FDCE                                         r  reg_1_ms_count_reg[2]/C
  -------------------------------------------------------------------    -------------------
    SLICE_X27Y94         FDCE (Prop_HFF_SLICEL_C_Q)
                                                      0.079     1.765 r  reg_1_ms_count_reg[2]/Q
                         net (fo=9, routed)           0.418     2.183    reg_1_ms_count_reg[2]
    SLICE_X27Y93         LUT3 (Prop_C6LUT_SLICEL_I2_O)
                                                      0.088     2.271 f  reg_1_ms_count[6]_i_2/O
                         net (fo=3, routed)           0.097     2.368    reg_1_ms_count[6]_i_2_n_0
    SLICE_X27Y93         LUT6 (Prop_H6LUT_SLICEL_I0_O)
                                                      0.099     2.467 r  reg_1_s_count[9]_i_1/O
                         net (fo=22, routed)          0.460     2.927    reg_1_ms_count1
    SLICE_X28Y91         FDCE                                         r  reg_1_s_count_reg[7]/CE
  -------------------------------------------------------------------    -------------------

                         (clock clock_system rise edge)
                                                     10.000    10.000 r  
    V23                                               0.000    10.000 r  clock_system (IN)
                         net (fo=0)                   0.000    10.000    clock_system_IBUF_inst/I
    V23                  INBUF (Prop_INBUF_HPIOB_M_PAD_O)
                                                      0.252    10.252 r  clock_system_IBUF_inst/INBUF_INST/O
                         net (fo=1, routed)           0.000    10.252    clock_system_IBUF_inst/OUT
    V23                  IBUFCTRL (Prop_IBUFCTRL_HPIOB_M_I_O)
                                                      0.000    10.252 r  clock_system_IBUF_inst/IBUFCTRL_INST/O
                         net (fo=1, routed)           0.309    10.561    clock_system_IBUF
    BUFGCE_X0Y32         BUFGCE (Prop_BUFCE_BUFGCE_I_O)
                                                      0.024    10.585 r  clock_system_IBUF_BUFG_inst/O
    X0Y1 (CLOCK_ROOT)    net (fo=29, routed)          0.696    11.281    clock_system_IBUF_BUFG
    SLICE_X28Y91         FDCE                                         r  reg_1_s_count_reg[7]/C
                         clock pessimism              0.309    11.589    
                         clock uncertainty           -0.035    11.554    
    SLICE_X28Y91         FDCE (Setup_CFF_SLICEM_C_CE)
                                                     -0.061    11.493    reg_1_s_count_reg[7]
  -------------------------------------------------------------------
                         required time                         11.493    
                         arrival time                          -2.927    
  -------------------------------------------------------------------
                         slack                                  8.566    

Slack (MET) :             8.567ns  (required time - arrival time)
  Source:                 reg_1_ms_count_reg[2]/C
                            (rising edge-triggered cell FDCE clocked by clock_system  {rise@0.000ns fall@5.000ns period=10.000ns})
  Destination:            reg_1_s_count_reg[4]/CE
                            (rising edge-triggered cell FDCE clocked by clock_system  {rise@0.000ns fall@5.000ns period=10.000ns})
  Path Group:             clock_system
  Path Type:              Setup (Max at Slow Process Corner)
  Requirement:            10.000ns  (clock_system rise@10.000ns - clock_system rise@0.000ns)
  Data Path Delay:        1.241ns  (logic 0.266ns (21.434%)  route 0.975ns (78.566%))
  Logic Levels:           2  (LUT3=1 LUT6=1)
  Clock Path Skew:        -0.096ns (DCD - SCD + CPR)
    Destination Clock Delay (DCD):    1.281ns = ( 11.281 - 10.000 ) 
    Source Clock Delay      (SCD):    1.686ns
    Clock Pessimism Removal (CPR):    0.309ns
  Clock Uncertainty:      0.035ns  ((TSJ^2 + TIJ^2)^1/2 + DJ) / 2 + PE
    Total System Jitter     (TSJ):    0.071ns
    Total Input Jitter      (TIJ):    0.000ns
    Discrete Jitter          (DJ):    0.000ns
    Phase Error              (PE):    0.000ns
  Clock Net Delay (Source):      0.808ns (routing 0.001ns, distribution 0.807ns)
  Clock Net Delay (Destination): 0.696ns (routing 0.001ns, distribution 0.695ns)

    Location             Delay type                Incr(ns)  Path(ns)    Netlist Resource(s)
  -------------------------------------------------------------------    -------------------
                         (clock clock_system rise edge)
                                                      0.000     0.000 r  
    V23                                               0.000     0.000 r  clock_system (IN)
                         net (fo=0)                   0.000     0.000    clock_system_IBUF_inst/I
    V23                  INBUF (Prop_INBUF_HPIOB_M_PAD_O)
                                                      0.502     0.502 r  clock_system_IBUF_inst/INBUF_INST/O
                         net (fo=1, routed)           0.000     0.502    clock_system_IBUF_inst/OUT
    V23                  IBUFCTRL (Prop_IBUFCTRL_HPIOB_M_I_O)
                                                      0.000     0.502 r  clock_system_IBUF_inst/IBUFCTRL_INST/O
                         net (fo=1, routed)           0.348     0.850    clock_system_IBUF
    BUFGCE_X0Y32         BUFGCE (Prop_BUFCE_BUFGCE_I_O)
                                                      0.028     0.878 r  clock_system_IBUF_BUFG_inst/O
    X0Y1 (CLOCK_ROOT)    net (fo=29, routed)          0.808     1.686    clock_system_IBUF_BUFG
    SLICE_X27Y94         FDCE                                         r  reg_1_ms_count_reg[2]/C
  -------------------------------------------------------------------    -------------------
    SLICE_X27Y94         FDCE (Prop_HFF_SLICEL_C_Q)
                                                      0.079     1.765 r  reg_1_ms_count_reg[2]/Q
                         net (fo=9, routed)           0.418     2.183    reg_1_ms_count_reg[2]
    SLICE_X27Y93         LUT3 (Prop_C6LUT_SLICEL_I2_O)
                                                      0.088     2.271 f  reg_1_ms_count[6]_i_2/O
                         net (fo=3, routed)           0.097     2.368    reg_1_ms_count[6]_i_2_n_0
    SLICE_X27Y93         LUT6 (Prop_H6LUT_SLICEL_I0_O)
                                                      0.099     2.467 r  reg_1_s_count[9]_i_1/O
                         net (fo=22, routed)          0.460     2.927    reg_1_ms_count1
    SLICE_X28Y91         FDCE                                         r  reg_1_s_count_reg[4]/CE
  -------------------------------------------------------------------    -------------------

                         (clock clock_system rise edge)
                                                     10.000    10.000 r  
    V23                                               0.000    10.000 r  clock_system (IN)
                         net (fo=0)                   0.000    10.000    clock_system_IBUF_inst/I
    V23                  INBUF (Prop_INBUF_HPIOB_M_PAD_O)
                                                      0.252    10.252 r  clock_system_IBUF_inst/INBUF_INST/O
                         net (fo=1, routed)           0.000    10.252    clock_system_IBUF_inst/OUT
    V23                  IBUFCTRL (Prop_IBUFCTRL_HPIOB_M_I_O)
                                                      0.000    10.252 r  clock_system_IBUF_inst/IBUFCTRL_INST/O
                         net (fo=1, routed)           0.309    10.561    clock_system_IBUF
    BUFGCE_X0Y32         BUFGCE (Prop_BUFCE_BUFGCE_I_O)
                                                      0.024    10.585 r  clock_system_IBUF_BUFG_inst/O
    X0Y1 (CLOCK_ROOT)    net (fo=29, routed)          0.696    11.281    clock_system_IBUF_BUFG
    SLICE_X28Y91         FDCE                                         r  reg_1_s_count_reg[4]/C
                         clock pessimism              0.309    11.589    
                         clock uncertainty           -0.035    11.554    
    SLICE_X28Y91         FDCE (Setup_BFF2_SLICEM_C_CE)
                                                     -0.060    11.494    reg_1_s_count_reg[4]
  -------------------------------------------------------------------
                         required time                         11.494    
                         arrival time                          -2.927    
  -------------------------------------------------------------------
                         slack                                  8.567    

Slack (MET) :             8.567ns  (required time - arrival time)
  Source:                 reg_1_ms_count_reg[2]/C
                            (rising edge-triggered cell FDCE clocked by clock_system  {rise@0.000ns fall@5.000ns period=10.000ns})
  Destination:            reg_1_s_count_reg[8]/CE
                            (rising edge-triggered cell FDCE clocked by clock_system  {rise@0.000ns fall@5.000ns period=10.000ns})
  Path Group:             clock_system
  Path Type:              Setup (Max at Slow Process Corner)
  Requirement:            10.000ns  (clock_system rise@10.000ns - clock_system rise@0.000ns)
  Data Path Delay:        1.241ns  (logic 0.266ns (21.434%)  route 0.975ns (78.566%))
  Logic Levels:           2  (LUT3=1 LUT6=1)
  Clock Path Skew:        -0.096ns (DCD - SCD + CPR)
    Destination Clock Delay (DCD):    1.281ns = ( 11.281 - 10.000 ) 
    Source Clock Delay      (SCD):    1.686ns
    Clock Pessimism Removal (CPR):    0.309ns
  Clock Uncertainty:      0.035ns  ((TSJ^2 + TIJ^2)^1/2 + DJ) / 2 + PE
    Total System Jitter     (TSJ):    0.071ns
    Total Input Jitter      (TIJ):    0.000ns
    Discrete Jitter          (DJ):    0.000ns
    Phase Error              (PE):    0.000ns
  Clock Net Delay (Source):      0.808ns (routing 0.001ns, distribution 0.807ns)
  Clock Net Delay (Destination): 0.696ns (routing 0.001ns, distribution 0.695ns)

    Location             Delay type                Incr(ns)  Path(ns)    Netlist Resource(s)
  -------------------------------------------------------------------    -------------------
                         (clock clock_system rise edge)
                                                      0.000     0.000 r  
    V23                                               0.000     0.000 r  clock_system (IN)
                         net (fo=0)                   0.000     0.000    clock_system_IBUF_inst/I
    V23                  INBUF (Prop_INBUF_HPIOB_M_PAD_O)
                                                      0.502     0.502 r  clock_system_IBUF_inst/INBUF_INST/O
                         net (fo=1, routed)           0.000     0.502    clock_system_IBUF_inst/OUT
    V23                  IBUFCTRL (Prop_IBUFCTRL_HPIOB_M_I_O)
                                                      0.000     0.502 r  clock_system_IBUF_inst/IBUFCTRL_INST/O
                         net (fo=1, routed)           0.348     0.850    clock_system_IBUF
    BUFGCE_X0Y32         BUFGCE (Prop_BUFCE_BUFGCE_I_O)
                                                      0.028     0.878 r  clock_system_IBUF_BUFG_inst/O
    X0Y1 (CLOCK_ROOT)    net (fo=29, routed)          0.808     1.686    clock_system_IBUF_BUFG
    SLICE_X27Y94         FDCE                                         r  reg_1_ms_count_reg[2]/C
  -------------------------------------------------------------------    -------------------
    SLICE_X27Y94         FDCE (Prop_HFF_SLICEL_C_Q)
                                                      0.079     1.765 r  reg_1_ms_count_reg[2]/Q
                         net (fo=9, routed)           0.418     2.183    reg_1_ms_count_reg[2]
    SLICE_X27Y93         LUT3 (Prop_C6LUT_SLICEL_I2_O)
                                                      0.088     2.271 f  reg_1_ms_count[6]_i_2/O
                         net (fo=3, routed)           0.097     2.368    reg_1_ms_count[6]_i_2_n_0
    SLICE_X27Y93         LUT6 (Prop_H6LUT_SLICEL_I0_O)
                                                      0.099     2.467 r  reg_1_s_count[9]_i_1/O
                         net (fo=22, routed)          0.460     2.927    reg_1_ms_count1
    SLICE_X28Y91         FDCE                                         r  reg_1_s_count_reg[8]/CE
  -------------------------------------------------------------------    -------------------

                         (clock clock_system rise edge)
                                                     10.000    10.000 r  
    V23                                               0.000    10.000 r  clock_system (IN)
                         net (fo=0)                   0.000    10.000    clock_system_IBUF_inst/I
    V23                  INBUF (Prop_INBUF_HPIOB_M_PAD_O)
                                                      0.252    10.252 r  clock_system_IBUF_inst/INBUF_INST/O
                         net (fo=1, routed)           0.000    10.252    clock_system_IBUF_inst/OUT
    V23                  IBUFCTRL (Prop_IBUFCTRL_HPIOB_M_I_O)
                                                      0.000    10.252 r  clock_system_IBUF_inst/IBUFCTRL_INST/O
                         net (fo=1, routed)           0.309    10.561    clock_system_IBUF
    BUFGCE_X0Y32         BUFGCE (Prop_BUFCE_BUFGCE_I_O)
                                                      0.024    10.585 r  clock_system_IBUF_BUFG_inst/O
    X0Y1 (CLOCK_ROOT)    net (fo=29, routed)          0.696    11.281    clock_system_IBUF_BUFG
    SLICE_X28Y91         FDCE                                         r  reg_1_s_count_reg[8]/C
                         clock pessimism              0.309    11.589    
                         clock uncertainty           -0.035    11.554    
    SLICE_X28Y91         FDCE (Setup_CFF2_SLICEM_C_CE)
                                                     -0.060    11.494    reg_1_s_count_reg[8]
  -------------------------------------------------------------------
                         required time                         11.494    
                         arrival time                          -2.927    
  -------------------------------------------------------------------
                         slack                                  8.567    

Slack (MET) :             8.567ns  (required time - arrival time)
  Source:                 reg_1_ms_count_reg[2]/C
                            (rising edge-triggered cell FDCE clocked by clock_system  {rise@0.000ns fall@5.000ns period=10.000ns})
  Destination:            reg_1_s_count_reg[9]/CE
                            (rising edge-triggered cell FDCE clocked by clock_system  {rise@0.000ns fall@5.000ns period=10.000ns})
  Path Group:             clock_system
  Path Type:              Setup (Max at Slow Process Corner)
  Requirement:            10.000ns  (clock_system rise@10.000ns - clock_system rise@0.000ns)
  Data Path Delay:        1.241ns  (logic 0.266ns (21.434%)  route 0.975ns (78.566%))
  Logic Levels:           2  (LUT3=1 LUT6=1)
  Clock Path Skew:        -0.096ns (DCD - SCD + CPR)
    Destination Clock Delay (DCD):    1.281ns = ( 11.281 - 10.000 ) 
    Source Clock Delay      (SCD):    1.686ns
    Clock Pessimism Removal (CPR):    0.309ns
  Clock Uncertainty:      0.035ns  ((TSJ^2 + TIJ^2)^1/2 + DJ) / 2 + PE
    Total System Jitter     (TSJ):    0.071ns
    Total Input Jitter      (TIJ):    0.000ns
    Discrete Jitter          (DJ):    0.000ns
    Phase Error              (PE):    0.000ns
  Clock Net Delay (Source):      0.808ns (routing 0.001ns, distribution 0.807ns)
  Clock Net Delay (Destination): 0.696ns (routing 0.001ns, distribution 0.695ns)

    Location             Delay type                Incr(ns)  Path(ns)    Netlist Resource(s)
  -------------------------------------------------------------------    -------------------
                         (clock clock_system rise edge)
                                                      0.000     0.000 r  
    V23                                               0.000     0.000 r  clock_system (IN)
                         net (fo=0)                   0.000     0.000    clock_system_IBUF_inst/I
    V23                  INBUF (Prop_INBUF_HPIOB_M_PAD_O)
                                                      0.502     0.502 r  clock_system_IBUF_inst/INBUF_INST/O
                         net (fo=1, routed)           0.000     0.502    clock_system_IBUF_inst/OUT
    V23                  IBUFCTRL (Prop_IBUFCTRL_HPIOB_M_I_O)
                                                      0.000     0.502 r  clock_system_IBUF_inst/IBUFCTRL_INST/O
                         net (fo=1, routed)           0.348     0.850    clock_system_IBUF
    BUFGCE_X0Y32         BUFGCE (Prop_BUFCE_BUFGCE_I_O)
                                                      0.028     0.878 r  clock_system_IBUF_BUFG_inst/O
    X0Y1 (CLOCK_ROOT)    net (fo=29, routed)          0.808     1.686    clock_system_IBUF_BUFG
    SLICE_X27Y94         FDCE                                         r  reg_1_ms_count_reg[2]/C
  -------------------------------------------------------------------    -------------------
    SLICE_X27Y94         FDCE (Prop_HFF_SLICEL_C_Q)
                                                      0.079     1.765 r  reg_1_ms_count_reg[2]/Q
                         net (fo=9, routed)           0.418     2.183    reg_1_ms_count_reg[2]
    SLICE_X27Y93         LUT3 (Prop_C6LUT_SLICEL_I2_O)
                                                      0.088     2.271 f  reg_1_ms_count[6]_i_2/O
                         net (fo=3, routed)           0.097     2.368    reg_1_ms_count[6]_i_2_n_0
    SLICE_X27Y93         LUT6 (Prop_H6LUT_SLICEL_I0_O)
                                                      0.099     2.467 r  reg_1_s_count[9]_i_1/O
                         net (fo=22, routed)          0.460     2.927    reg_1_ms_count1
    SLICE_X28Y91         FDCE                                         r  reg_1_s_count_reg[9]/CE
  -------------------------------------------------------------------    -------------------

                         (clock clock_system rise edge)
                                                     10.000    10.000 r  
    V23                                               0.000    10.000 r  clock_system (IN)
                         net (fo=0)                   0.000    10.000    clock_system_IBUF_inst/I
    V23                  INBUF (Prop_INBUF_HPIOB_M_PAD_O)
                                                      0.252    10.252 r  clock_system_IBUF_inst/INBUF_INST/O
                         net (fo=1, routed)           0.000    10.252    clock_system_IBUF_inst/OUT
    V23                  IBUFCTRL (Prop_IBUFCTRL_HPIOB_M_I_O)
                                                      0.000    10.252 r  clock_system_IBUF_inst/IBUFCTRL_INST/O
                         net (fo=1, routed)           0.309    10.561    clock_system_IBUF
    BUFGCE_X0Y32         BUFGCE (Prop_BUFCE_BUFGCE_I_O)
                                                      0.024    10.585 r  clock_system_IBUF_BUFG_inst/O
    X0Y1 (CLOCK_ROOT)    net (fo=29, routed)          0.696    11.281    clock_system_IBUF_BUFG
    SLICE_X28Y91         FDCE                                         r  reg_1_s_count_reg[9]/C
                         clock pessimism              0.309    11.589    
                         clock uncertainty           -0.035    11.554    
    SLICE_X28Y91         FDCE (Setup_AFF2_SLICEM_C_CE)
                                                     -0.060    11.494    reg_1_s_count_reg[9]
  -------------------------------------------------------------------
                         required time                         11.494    
                         arrival time                          -2.927    
  -------------------------------------------------------------------
                         slack                                  8.567    

Slack (MET) :             8.575ns  (required time - arrival time)
  Source:                 reg_1_ms_count_reg[2]/C
                            (rising edge-triggered cell FDCE clocked by clock_system  {rise@0.000ns fall@5.000ns period=10.000ns})
  Destination:            reg_1_ms_count_reg[3]/CE
                            (rising edge-triggered cell FDCE clocked by clock_system  {rise@0.000ns fall@5.000ns period=10.000ns})
  Path Group:             clock_system
  Path Type:              Setup (Max at Slow Process Corner)
  Requirement:            10.000ns  (clock_system rise@10.000ns - clock_system rise@0.000ns)
  Data Path Delay:        1.321ns  (logic 0.365ns (27.631%)  route 0.956ns (72.369%))
  Logic Levels:           3  (LUT2=1 LUT3=1 LUT6=1)
  Clock Path Skew:        -0.009ns (DCD - SCD + CPR)
    Destination Clock Delay (DCD):    1.287ns = ( 11.287 - 10.000 ) 
    Source Clock Delay      (SCD):    1.686ns
    Clock Pessimism Removal (CPR):    0.390ns
  Clock Uncertainty:      0.035ns  ((TSJ^2 + TIJ^2)^1/2 + DJ) / 2 + PE
    Total System Jitter     (TSJ):    0.071ns
    Total Input Jitter      (TIJ):    0.000ns
    Discrete Jitter          (DJ):    0.000ns
    Phase Error              (PE):    0.000ns
  Clock Net Delay (Source):      0.808ns (routing 0.001ns, distribution 0.807ns)
  Clock Net Delay (Destination): 0.702ns (routing 0.001ns, distribution 0.701ns)

    Location             Delay type                Incr(ns)  Path(ns)    Netlist Resource(s)
  -------------------------------------------------------------------    -------------------
                         (clock clock_system rise edge)
                                                      0.000     0.000 r  
    V23                                               0.000     0.000 r  clock_system (IN)
                         net (fo=0)                   0.000     0.000    clock_system_IBUF_inst/I
    V23                  INBUF (Prop_INBUF_HPIOB_M_PAD_O)
                                                      0.502     0.502 r  clock_system_IBUF_inst/INBUF_INST/O
                         net (fo=1, routed)           0.000     0.502    clock_system_IBUF_inst/OUT
    V23                  IBUFCTRL (Prop_IBUFCTRL_HPIOB_M_I_O)
                                                      0.000     0.502 r  clock_system_IBUF_inst/IBUFCTRL_INST/O
                         net (fo=1, routed)           0.348     0.850    clock_system_IBUF
    BUFGCE_X0Y32         BUFGCE (Prop_BUFCE_BUFGCE_I_O)
                                                      0.028     0.878 r  clock_system_IBUF_BUFG_inst/O
    X0Y1 (CLOCK_ROOT)    net (fo=29, routed)          0.808     1.686    clock_system_IBUF_BUFG
    SLICE_X27Y94         FDCE                                         r  reg_1_ms_count_reg[2]/C
  -------------------------------------------------------------------    -------------------
    SLICE_X27Y94         FDCE (Prop_HFF_SLICEL_C_Q)
                                                      0.079     1.765 r  reg_1_ms_count_reg[2]/Q
                         net (fo=9, routed)           0.418     2.183    reg_1_ms_count_reg[2]
    SLICE_X27Y93         LUT3 (Prop_C6LUT_SLICEL_I2_O)
                                                      0.088     2.271 f  reg_1_ms_count[6]_i_2/O
                         net (fo=3, routed)           0.097     2.368    reg_1_ms_count[6]_i_2_n_0
    SLICE_X27Y93         LUT6 (Prop_H6LUT_SLICEL_I0_O)
                                                      0.099     2.467 r  reg_1_s_count[9]_i_1/O
                         net (fo=22, routed)          0.118     2.585    reg_1_ms_count1
    SLICE_X27Y93         LUT2 (Prop_E6LUT_SLICEL_I0_O)
                                                      0.099     2.684 r  reg_1_ms_count[9]_i_1/O
                         net (fo=10, routed)          0.323     3.007    reg_1_ms_count0
    SLICE_X27Y94         FDCE                                         r  reg_1_ms_count_reg[3]/CE
  -------------------------------------------------------------------    -------------------

                         (clock clock_system rise edge)
                                                     10.000    10.000 r  
    V23                                               0.000    10.000 r  clock_system (IN)
                         net (fo=0)                   0.000    10.000    clock_system_IBUF_inst/I
    V23                  INBUF (Prop_INBUF_HPIOB_M_PAD_O)
                                                      0.252    10.252 r  clock_system_IBUF_inst/INBUF_INST/O
                         net (fo=1, routed)           0.000    10.252    clock_system_IBUF_inst/OUT
    V23                  IBUFCTRL (Prop_IBUFCTRL_HPIOB_M_I_O)
                                                      0.000    10.252 r  clock_system_IBUF_inst/IBUFCTRL_INST/O
                         net (fo=1, routed)           0.309    10.561    clock_system_IBUF
    BUFGCE_X0Y32         BUFGCE (Prop_BUFCE_BUFGCE_I_O)
                                                      0.024    10.585 r  clock_system_IBUF_BUFG_inst/O
    X0Y1 (CLOCK_ROOT)    net (fo=29, routed)          0.702    11.287    clock_system_IBUF_BUFG
    SLICE_X27Y94         FDCE                                         r  reg_1_ms_count_reg[3]/C
                         clock pessimism              0.390    11.677    
                         clock uncertainty           -0.035    11.641    
    SLICE_X27Y94         FDCE (Setup_HFF2_SLICEL_C_CE)
                                                     -0.060    11.581    reg_1_ms_count_reg[3]
  -------------------------------------------------------------------
                         required time                         11.581    
                         arrival time                          -3.007    
  -------------------------------------------------------------------
                         slack                                  8.575    

Slack (MET) :             8.577ns  (required time - arrival time)
  Source:                 reg_1_ms_count_reg[2]/C
                            (rising edge-triggered cell FDCE clocked by clock_system  {rise@0.000ns fall@5.000ns period=10.000ns})
  Destination:            reg_1_ms_count_reg[2]/CE
                            (rising edge-triggered cell FDCE clocked by clock_system  {rise@0.000ns fall@5.000ns period=10.000ns})
  Path Group:             clock_system
  Path Type:              Setup (Max at Slow Process Corner)
  Requirement:            10.000ns  (clock_system rise@10.000ns - clock_system rise@0.000ns)
  Data Path Delay:        1.319ns  (logic 0.365ns (27.672%)  route 0.954ns (72.328%))
  Logic Levels:           3  (LUT2=1 LUT3=1 LUT6=1)
  Clock Path Skew:        -0.009ns (DCD - SCD + CPR)
    Destination Clock Delay (DCD):    1.287ns = ( 11.287 - 10.000 ) 
    Source Clock Delay      (SCD):    1.686ns
    Clock Pessimism Removal (CPR):    0.390ns
  Clock Uncertainty:      0.035ns  ((TSJ^2 + TIJ^2)^1/2 + DJ) / 2 + PE
    Total System Jitter     (TSJ):    0.071ns
    Total Input Jitter      (TIJ):    0.000ns
    Discrete Jitter          (DJ):    0.000ns
    Phase Error              (PE):    0.000ns
  Clock Net Delay (Source):      0.808ns (routing 0.001ns, distribution 0.807ns)
  Clock Net Delay (Destination): 0.702ns (routing 0.001ns, distribution 0.701ns)

    Location             Delay type                Incr(ns)  Path(ns)    Netlist Resource(s)
  -------------------------------------------------------------------    -------------------
                         (clock clock_system rise edge)
                                                      0.000     0.000 r  
    V23                                               0.000     0.000 r  clock_system (IN)
                         net (fo=0)                   0.000     0.000    clock_system_IBUF_inst/I
    V23                  INBUF (Prop_INBUF_HPIOB_M_PAD_O)
                                                      0.502     0.502 r  clock_system_IBUF_inst/INBUF_INST/O
                         net (fo=1, routed)           0.000     0.502    clock_system_IBUF_inst/OUT
    V23                  IBUFCTRL (Prop_IBUFCTRL_HPIOB_M_I_O)
                                                      0.000     0.502 r  clock_system_IBUF_inst/IBUFCTRL_INST/O
                         net (fo=1, routed)           0.348     0.850    clock_system_IBUF
    BUFGCE_X0Y32         BUFGCE (Prop_BUFCE_BUFGCE_I_O)
                                                      0.028     0.878 r  clock_system_IBUF_BUFG_inst/O
    X0Y1 (CLOCK_ROOT)    net (fo=29, routed)          0.808     1.686    clock_system_IBUF_BUFG
    SLICE_X27Y94         FDCE                                         r  reg_1_ms_count_reg[2]/C
  -------------------------------------------------------------------    -------------------
    SLICE_X27Y94         FDCE (Prop_HFF_SLICEL_C_Q)
                                                      0.079     1.765 r  reg_1_ms_count_reg[2]/Q
                         net (fo=9, routed)           0.418     2.183    reg_1_ms_count_reg[2]
    SLICE_X27Y93         LUT3 (Prop_C6LUT_SLICEL_I2_O)
                                                      0.088     2.271 f  reg_1_ms_count[6]_i_2/O
                         net (fo=3, routed)           0.097     2.368    reg_1_ms_count[6]_i_2_n_0
    SLICE_X27Y93         LUT6 (Prop_H6LUT_SLICEL_I0_O)
                                                      0.099     2.467 r  reg_1_s_count[9]_i_1/O
                         net (fo=22, routed)          0.118     2.585    reg_1_ms_count1
    SLICE_X27Y93         LUT2 (Prop_E6LUT_SLICEL_I0_O)
                                                      0.099     2.684 r  reg_1_ms_count[9]_i_1/O
                         net (fo=10, routed)          0.321     3.005    reg_1_ms_count0
    SLICE_X27Y94         FDCE                                         r  reg_1_ms_count_reg[2]/CE
  -------------------------------------------------------------------    -------------------

                         (clock clock_system rise edge)
                                                     10.000    10.000 r  
    V23                                               0.000    10.000 r  clock_system (IN)
                         net (fo=0)                   0.000    10.000    clock_system_IBUF_inst/I
    V23                  INBUF (Prop_INBUF_HPIOB_M_PAD_O)
                                                      0.252    10.252 r  clock_system_IBUF_inst/INBUF_INST/O
                         net (fo=1, routed)           0.000    10.252    clock_system_IBUF_inst/OUT
    V23                  IBUFCTRL (Prop_IBUFCTRL_HPIOB_M_I_O)
                                                      0.000    10.252 r  clock_system_IBUF_inst/IBUFCTRL_INST/O
                         net (fo=1, routed)           0.309    10.561    clock_system_IBUF
    BUFGCE_X0Y32         BUFGCE (Prop_BUFCE_BUFGCE_I_O)
                                                      0.024    10.585 r  clock_system_IBUF_BUFG_inst/O
    X0Y1 (CLOCK_ROOT)    net (fo=29, routed)          0.702    11.287    clock_system_IBUF_BUFG
    SLICE_X27Y94         FDCE                                         r  reg_1_ms_count_reg[2]/C
                         clock pessimism              0.390    11.677    
                         clock uncertainty           -0.035    11.641    
    SLICE_X27Y94         FDCE (Setup_HFF_SLICEL_C_CE)
                                                     -0.060    11.581    reg_1_ms_count_reg[2]
  -------------------------------------------------------------------
                         required time                         11.581    
                         arrival time                          -3.005    
  -------------------------------------------------------------------
                         slack                                  8.577    

Slack (MET) :             8.597ns  (required time - arrival time)
  Source:                 reg_1_ms_count_reg[2]/C
                            (rising edge-triggered cell FDCE clocked by clock_system  {rise@0.000ns fall@5.000ns period=10.000ns})
  Destination:            reg_1_ms_count_reg[4]/CE
                            (rising edge-triggered cell FDCE clocked by clock_system  {rise@0.000ns fall@5.000ns period=10.000ns})
  Path Group:             clock_system
  Path Type:              Setup (Max at Slow Process Corner)
  Requirement:            10.000ns  (clock_system rise@10.000ns - clock_system rise@0.000ns)
  Data Path Delay:        1.281ns  (logic 0.365ns (28.493%)  route 0.916ns (71.507%))
  Logic Levels:           3  (LUT2=1 LUT3=1 LUT6=1)
  Clock Path Skew:        -0.026ns (DCD - SCD + CPR)
    Destination Clock Delay (DCD):    1.285ns = ( 11.285 - 10.000 ) 
    Source Clock Delay      (SCD):    1.686ns
    Clock Pessimism Removal (CPR):    0.375ns
  Clock Uncertainty:      0.035ns  ((TSJ^2 + TIJ^2)^1/2 + DJ) / 2 + PE
    Total System Jitter     (TSJ):    0.071ns
    Total Input Jitter      (TIJ):    0.000ns
    Discrete Jitter          (DJ):    0.000ns
    Phase Error              (PE):    0.000ns
  Clock Net Delay (Source):      0.808ns (routing 0.001ns, distribution 0.807ns)
  Clock Net Delay (Destination): 0.700ns (routing 0.001ns, distribution 0.699ns)

    Location             Delay type                Incr(ns)  Path(ns)    Netlist Resource(s)
  -------------------------------------------------------------------    -------------------
                         (clock clock_system rise edge)
                                                      0.000     0.000 r  
    V23                                               0.000     0.000 r  clock_system (IN)
                         net (fo=0)                   0.000     0.000    clock_system_IBUF_inst/I
    V23                  INBUF (Prop_INBUF_HPIOB_M_PAD_O)
                                                      0.502     0.502 r  clock_system_IBUF_inst/INBUF_INST/O
                         net (fo=1, routed)           0.000     0.502    clock_system_IBUF_inst/OUT
    V23                  IBUFCTRL (Prop_IBUFCTRL_HPIOB_M_I_O)
                                                      0.000     0.502 r  clock_system_IBUF_inst/IBUFCTRL_INST/O
                         net (fo=1, routed)           0.348     0.850    clock_system_IBUF
    BUFGCE_X0Y32         BUFGCE (Prop_BUFCE_BUFGCE_I_O)
                                                      0.028     0.878 r  clock_system_IBUF_BUFG_inst/O
    X0Y1 (CLOCK_ROOT)    net (fo=29, routed)          0.808     1.686    clock_system_IBUF_BUFG
    SLICE_X27Y94         FDCE                                         r  reg_1_ms_count_reg[2]/C
  -------------------------------------------------------------------    -------------------
    SLICE_X27Y94         FDCE (Prop_HFF_SLICEL_C_Q)
                                                      0.079     1.765 r  reg_1_ms_count_reg[2]/Q
                         net (fo=9, routed)           0.418     2.183    reg_1_ms_count_reg[2]
    SLICE_X27Y93         LUT3 (Prop_C6LUT_SLICEL_I2_O)
                                                      0.088     2.271 f  reg_1_ms_count[6]_i_2/O
                         net (fo=3, routed)           0.097     2.368    reg_1_ms_count[6]_i_2_n_0
    SLICE_X27Y93         LUT6 (Prop_H6LUT_SLICEL_I0_O)
                                                      0.099     2.467 r  reg_1_s_count[9]_i_1/O
                         net (fo=22, routed)          0.118     2.585    reg_1_ms_count1
    SLICE_X27Y93         LUT2 (Prop_E6LUT_SLICEL_I0_O)
                                                      0.099     2.684 r  reg_1_ms_count[9]_i_1/O
                         net (fo=10, routed)          0.283     2.967    reg_1_ms_count0
    SLICE_X27Y94         FDCE                                         r  reg_1_ms_count_reg[4]/CE
  -------------------------------------------------------------------    -------------------

                         (clock clock_system rise edge)
                                                     10.000    10.000 r  
    V23                                               0.000    10.000 r  clock_system (IN)
                         net (fo=0)                   0.000    10.000    clock_system_IBUF_inst/I
    V23                  INBUF (Prop_INBUF_HPIOB_M_PAD_O)
                                                      0.252    10.252 r  clock_system_IBUF_inst/INBUF_INST/O
                         net (fo=1, routed)           0.000    10.252    clock_system_IBUF_inst/OUT
    V23                  IBUFCTRL (Prop_IBUFCTRL_HPIOB_M_I_O)
                                                      0.000    10.252 r  clock_system_IBUF_inst/IBUFCTRL_INST/O
                         net (fo=1, routed)           0.309    10.561    clock_system_IBUF
    BUFGCE_X0Y32         BUFGCE (Prop_BUFCE_BUFGCE_I_O)
                                                      0.024    10.585 r  clock_system_IBUF_BUFG_inst/O
    X0Y1 (CLOCK_ROOT)    net (fo=29, routed)          0.700    11.285    clock_system_IBUF_BUFG
    SLICE_X27Y94         FDCE                                         r  reg_1_ms_count_reg[4]/C
                         clock pessimism              0.375    11.659    
                         clock uncertainty           -0.035    11.624    
    SLICE_X27Y94         FDCE (Setup_BFF_SLICEL_C_CE)
                                                     -0.060    11.564    reg_1_ms_count_reg[4]
  -------------------------------------------------------------------
                         required time                         11.564    
                         arrival time                          -2.967    
  -------------------------------------------------------------------
                         slack                                  8.597    

Slack (MET) :             8.597ns  (required time - arrival time)
  Source:                 reg_1_ms_count_reg[2]/C
                            (rising edge-triggered cell FDCE clocked by clock_system  {rise@0.000ns fall@5.000ns period=10.000ns})
  Destination:            reg_1_ms_count_reg[7]/CE
                            (rising edge-triggered cell FDCE clocked by clock_system  {rise@0.000ns fall@5.000ns period=10.000ns})
  Path Group:             clock_system
  Path Type:              Setup (Max at Slow Process Corner)
  Requirement:            10.000ns  (clock_system rise@10.000ns - clock_system rise@0.000ns)
  Data Path Delay:        1.281ns  (logic 0.365ns (28.493%)  route 0.916ns (71.507%))
  Logic Levels:           3  (LUT2=1 LUT3=1 LUT6=1)
  Clock Path Skew:        -0.026ns (DCD - SCD + CPR)
    Destination Clock Delay (DCD):    1.285ns = ( 11.285 - 10.000 ) 
    Source Clock Delay      (SCD):    1.686ns
    Clock Pessimism Removal (CPR):    0.375ns
  Clock Uncertainty:      0.035ns  ((TSJ^2 + TIJ^2)^1/2 + DJ) / 2 + PE
    Total System Jitter     (TSJ):    0.071ns
    Total Input Jitter      (TIJ):    0.000ns
    Discrete Jitter          (DJ):    0.000ns
    Phase Error              (PE):    0.000ns
  Clock Net Delay (Source):      0.808ns (routing 0.001ns, distribution 0.807ns)
  Clock Net Delay (Destination): 0.700ns (routing 0.001ns, distribution 0.699ns)

    Location             Delay type                Incr(ns)  Path(ns)    Netlist Resource(s)
  -------------------------------------------------------------------    -------------------
                         (clock clock_system rise edge)
                                                      0.000     0.000 r  
    V23                                               0.000     0.000 r  clock_system (IN)
                         net (fo=0)                   0.000     0.000    clock_system_IBUF_inst/I
    V23                  INBUF (Prop_INBUF_HPIOB_M_PAD_O)
                                                      0.502     0.502 r  clock_system_IBUF_inst/INBUF_INST/O
                         net (fo=1, routed)           0.000     0.502    clock_system_IBUF_inst/OUT
    V23                  IBUFCTRL (Prop_IBUFCTRL_HPIOB_M_I_O)
                                                      0.000     0.502 r  clock_system_IBUF_inst/IBUFCTRL_INST/O
                         net (fo=1, routed)           0.348     0.850    clock_system_IBUF
    BUFGCE_X0Y32         BUFGCE (Prop_BUFCE_BUFGCE_I_O)
                                                      0.028     0.878 r  clock_system_IBUF_BUFG_inst/O
    X0Y1 (CLOCK_ROOT)    net (fo=29, routed)          0.808     1.686    clock_system_IBUF_BUFG
    SLICE_X27Y94         FDCE                                         r  reg_1_ms_count_reg[2]/C
  -------------------------------------------------------------------    -------------------
    SLICE_X27Y94         FDCE (Prop_HFF_SLICEL_C_Q)
                                                      0.079     1.765 r  reg_1_ms_count_reg[2]/Q
                         net (fo=9, routed)           0.418     2.183    reg_1_ms_count_reg[2]
    SLICE_X27Y93         LUT3 (Prop_C6LUT_SLICEL_I2_O)
                                                      0.088     2.271 f  reg_1_ms_count[6]_i_2/O
                         net (fo=3, routed)           0.097     2.368    reg_1_ms_count[6]_i_2_n_0
    SLICE_X27Y93         LUT6 (Prop_H6LUT_SLICEL_I0_O)
                                                      0.099     2.467 r  reg_1_s_count[9]_i_1/O
                         net (fo=22, routed)          0.118     2.585    reg_1_ms_count1
    SLICE_X27Y93         LUT2 (Prop_E6LUT_SLICEL_I0_O)
                                                      0.099     2.684 r  reg_1_ms_count[9]_i_1/O
                         net (fo=10, routed)          0.283     2.967    reg_1_ms_count0
    SLICE_X27Y94         FDCE                                         r  reg_1_ms_count_reg[7]/CE
  -------------------------------------------------------------------    -------------------

                         (clock clock_system rise edge)
                                                     10.000    10.000 r  
    V23                                               0.000    10.000 r  clock_system (IN)
                         net (fo=0)                   0.000    10.000    clock_system_IBUF_inst/I
    V23                  INBUF (Prop_INBUF_HPIOB_M_PAD_O)
                                                      0.252    10.252 r  clock_system_IBUF_inst/INBUF_INST/O
                         net (fo=1, routed)           0.000    10.252    clock_system_IBUF_inst/OUT
    V23                  IBUFCTRL (Prop_IBUFCTRL_HPIOB_M_I_O)
                                                      0.000    10.252 r  clock_system_IBUF_inst/IBUFCTRL_INST/O
                         net (fo=1, routed)           0.309    10.561    clock_system_IBUF
    BUFGCE_X0Y32         BUFGCE (Prop_BUFCE_BUFGCE_I_O)
                                                      0.024    10.585 r  clock_system_IBUF_BUFG_inst/O
    X0Y1 (CLOCK_ROOT)    net (fo=29, routed)          0.700    11.285    clock_system_IBUF_BUFG
    SLICE_X27Y94         FDCE                                         r  reg_1_ms_count_reg[7]/C
                         clock pessimism              0.375    11.659    
                         clock uncertainty           -0.035    11.624    
    SLICE_X27Y94         FDCE (Setup_DFF_SLICEL_C_CE)
                                                     -0.060    11.564    reg_1_ms_count_reg[7]
  -------------------------------------------------------------------
                         required time                         11.564    
                         arrival time                          -2.967    
  -------------------------------------------------------------------
                         slack                                  8.597    

Slack (MET) :             8.597ns  (required time - arrival time)
  Source:                 reg_1_ms_count_reg[2]/C
                            (rising edge-triggered cell FDCE clocked by clock_system  {rise@0.000ns fall@5.000ns period=10.000ns})
  Destination:            reg_1_ms_count_reg[0]/CE
                            (rising edge-triggered cell FDCE clocked by clock_system  {rise@0.000ns fall@5.000ns period=10.000ns})
  Path Group:             clock_system
  Path Type:              Setup (Max at Slow Process Corner)
  Requirement:            10.000ns  (clock_system rise@10.000ns - clock_system rise@0.000ns)
  Data Path Delay:        1.282ns  (logic 0.365ns (28.471%)  route 0.917ns (71.529%))
  Logic Levels:           3  (LUT2=1 LUT3=1 LUT6=1)
  Clock Path Skew:        -0.026ns (DCD - SCD + CPR)
    Destination Clock Delay (DCD):    1.285ns = ( 11.285 - 10.000 ) 
    Source Clock Delay      (SCD):    1.686ns
    Clock Pessimism Removal (CPR):    0.375ns
  Clock Uncertainty:      0.035ns  ((TSJ^2 + TIJ^2)^1/2 + DJ) / 2 + PE
    Total System Jitter     (TSJ):    0.071ns
    Total Input Jitter      (TIJ):    0.000ns
    Discrete Jitter          (DJ):    0.000ns
    Phase Error              (PE):    0.000ns
  Clock Net Delay (Source):      0.808ns (routing 0.001ns, distribution 0.807ns)
  Clock Net Delay (Destination): 0.700ns (routing 0.001ns, distribution 0.699ns)

    Location             Delay type                Incr(ns)  Path(ns)    Netlist Resource(s)
  -------------------------------------------------------------------    -------------------
                         (clock clock_system rise edge)
                                                      0.000     0.000 r  
    V23                                               0.000     0.000 r  clock_system (IN)
                         net (fo=0)                   0.000     0.000    clock_system_IBUF_inst/I
    V23                  INBUF (Prop_INBUF_HPIOB_M_PAD_O)
                                                      0.502     0.502 r  clock_system_IBUF_inst/INBUF_INST/O
                         net (fo=1, routed)           0.000     0.502    clock_system_IBUF_inst/OUT
    V23                  IBUFCTRL (Prop_IBUFCTRL_HPIOB_M_I_O)
                                                      0.000     0.502 r  clock_system_IBUF_inst/IBUFCTRL_INST/O
                         net (fo=1, routed)           0.348     0.850    clock_system_IBUF
    BUFGCE_X0Y32         BUFGCE (Prop_BUFCE_BUFGCE_I_O)
                                                      0.028     0.878 r  clock_system_IBUF_BUFG_inst/O
    X0Y1 (CLOCK_ROOT)    net (fo=29, routed)          0.808     1.686    clock_system_IBUF_BUFG
    SLICE_X27Y94         FDCE                                         r  reg_1_ms_count_reg[2]/C
  -------------------------------------------------------------------    -------------------
    SLICE_X27Y94         FDCE (Prop_HFF_SLICEL_C_Q)
                                                      0.079     1.765 r  reg_1_ms_count_reg[2]/Q
                         net (fo=9, routed)           0.418     2.183    reg_1_ms_count_reg[2]
    SLICE_X27Y93         LUT3 (Prop_C6LUT_SLICEL_I2_O)
                                                      0.088     2.271 f  reg_1_ms_count[6]_i_2/O
                         net (fo=3, routed)           0.097     2.368    reg_1_ms_count[6]_i_2_n_0
    SLICE_X27Y93         LUT6 (Prop_H6LUT_SLICEL_I0_O)
                                                      0.099     2.467 r  reg_1_s_count[9]_i_1/O
                         net (fo=22, routed)          0.118     2.585    reg_1_ms_count1
    SLICE_X27Y93         LUT2 (Prop_E6LUT_SLICEL_I0_O)
                                                      0.099     2.684 r  reg_1_ms_count[9]_i_1/O
                         net (fo=10, routed)          0.284     2.968    reg_1_ms_count0
    SLICE_X27Y94         FDCE                                         r  reg_1_ms_count_reg[0]/CE
  -------------------------------------------------------------------    -------------------

                         (clock clock_system rise edge)
                                                     10.000    10.000 r  
    V23                                               0.000    10.000 r  clock_system (IN)
                         net (fo=0)                   0.000    10.000    clock_system_IBUF_inst/I
    V23                  INBUF (Prop_INBUF_HPIOB_M_PAD_O)
                                                      0.252    10.252 r  clock_system_IBUF_inst/INBUF_INST/O
                         net (fo=1, routed)           0.000    10.252    clock_system_IBUF_inst/OUT
    V23                  IBUFCTRL (Prop_IBUFCTRL_HPIOB_M_I_O)
                                                      0.000    10.252 r  clock_system_IBUF_inst/IBUFCTRL_INST/O
                         net (fo=1, routed)           0.309    10.561    clock_system_IBUF
    BUFGCE_X0Y32         BUFGCE (Prop_BUFCE_BUFGCE_I_O)
                                                      0.024    10.585 r  clock_system_IBUF_BUFG_inst/O
    X0Y1 (CLOCK_ROOT)    net (fo=29, routed)          0.700    11.285    clock_system_IBUF_BUFG
    SLICE_X27Y94         FDCE                                         r  reg_1_ms_count_reg[0]/C
                         clock pessimism              0.375    11.659    
                         clock uncertainty           -0.035    11.624    
    SLICE_X27Y94         FDCE (Setup_CFF2_SLICEL_C_CE)
                                                     -0.059    11.565    reg_1_ms_count_reg[0]
  -------------------------------------------------------------------
                         required time                         11.565    
                         arrival time                          -2.968    
  -------------------------------------------------------------------
                         slack                                  8.597    





Min Delay Paths
--------------------------------------------------------------------------------------
Slack (MET) :             0.041ns  (arrival time - required time)
  Source:                 reg_1_ms_count_reg[1]/C
                            (rising edge-triggered cell FDCE clocked by clock_system  {rise@0.000ns fall@5.000ns period=10.000ns})
  Destination:            reg_1_ms_count_reg[4]/D
                            (rising edge-triggered cell FDCE clocked by clock_system  {rise@0.000ns fall@5.000ns period=10.000ns})
  Path Group:             clock_system
  Path Type:              Hold (Min at Fast Process Corner)
  Requirement:            0.000ns  (clock_system rise@0.000ns - clock_system rise@0.000ns)
  Data Path Delay:        0.101ns  (logic 0.054ns (53.465%)  route 0.047ns (46.535%))
  Logic Levels:           1  (LUT6=1)
  Clock Path Skew:        0.014ns (DCD - SCD - CPR)
    Destination Clock Delay (DCD):    1.045ns
    Source Clock Delay      (SCD):    0.763ns
    Clock Pessimism Removal (CPR):    0.268ns
  Clock Net Delay (Source):      0.453ns (routing 0.000ns, distribution 0.453ns)
  Clock Net Delay (Destination): 0.513ns (routing 0.001ns, distribution 0.512ns)

    Location             Delay type                Incr(ns)  Path(ns)    Netlist Resource(s)
  -------------------------------------------------------------------    -------------------
                         (clock clock_system rise edge)
                                                      0.000     0.000 r  
    V23                                               0.000     0.000 r  clock_system (IN)
                         net (fo=0)                   0.000     0.000    clock_system_IBUF_inst/I
    V23                  INBUF (Prop_INBUF_HPIOB_M_PAD_O)
                                                      0.137     0.137 r  clock_system_IBUF_inst/INBUF_INST/O
                         net (fo=1, routed)           0.000     0.137    clock_system_IBUF_inst/OUT
    V23                  IBUFCTRL (Prop_IBUFCTRL_HPIOB_M_I_O)
                                                      0.000     0.137 r  clock_system_IBUF_inst/IBUFCTRL_INST/O
                         net (fo=1, routed)           0.156     0.293    clock_system_IBUF
    BUFGCE_X0Y32         BUFGCE (Prop_BUFCE_BUFGCE_I_O)
                                                      0.017     0.310 r  clock_system_IBUF_BUFG_inst/O
    X0Y1 (CLOCK_ROOT)    net (fo=29, routed)          0.453     0.763    clock_system_IBUF_BUFG
    SLICE_X27Y93         FDCE                                         r  reg_1_ms_count_reg[1]/C
  -------------------------------------------------------------------    -------------------
    SLICE_X27Y93         FDCE (Prop_EFF_SLICEL_C_Q)
                                                      0.039     0.802 r  reg_1_ms_count_reg[1]/Q
                         net (fo=10, routed)          0.032     0.834    reg_1_ms_count_reg[1]
    SLICE_X27Y94         LUT6 (Prop_B6LUT_SLICEL_I2_O)
                                                      0.015     0.849 r  reg_1_ms_count[4]_i_1/O
                         net (fo=1, routed)           0.015     0.864    p_0_in[4]
    SLICE_X27Y94         FDCE                                         r  reg_1_ms_count_reg[4]/D
  -------------------------------------------------------------------    -------------------

                         (clock clock_system rise edge)
                                                      0.000     0.000 r  
    V23                                               0.000     0.000 r  clock_system (IN)
                         net (fo=0)                   0.000     0.000    clock_system_IBUF_inst/I
    V23                  INBUF (Prop_INBUF_HPIOB_M_PAD_O)
                                                      0.322     0.322 r  clock_system_IBUF_inst/INBUF_INST/O
                         net (fo=1, routed)           0.000     0.322    clock_system_IBUF_inst/OUT
    V23                  IBUFCTRL (Prop_IBUFCTRL_HPIOB_M_I_O)
                                                      0.000     0.322 r  clock_system_IBUF_inst/IBUFCTRL_INST/O
                         net (fo=1, routed)           0.191     0.513    clock_system_IBUF
    BUFGCE_X0Y32         BUFGCE (Prop_BUFCE_BUFGCE_I_O)
                                                      0.019     0.532 r  clock_system_IBUF_BUFG_inst/O
    X0Y1 (CLOCK_ROOT)    net (fo=29, routed)          0.513     1.045    clock_system_IBUF_BUFG
    SLICE_X27Y94         FDCE                                         r  reg_1_ms_count_reg[4]/C
                         clock pessimism             -0.268     0.777    
    SLICE_X27Y94         FDCE (Hold_BFF_SLICEL_C_D)
                                                      0.046     0.823    reg_1_ms_count_reg[4]
  -------------------------------------------------------------------
                         required time                         -0.823    
                         arrival time                           0.864    
  -------------------------------------------------------------------
                         slack                                  0.041    

Slack (MET) :             0.042ns  (arrival time - required time)
  Source:                 reg_pwm_en_reg/C
                            (rising edge-triggered cell FDCE clocked by clock_system  {rise@0.000ns fall@5.000ns period=10.000ns})
  Destination:            reg_pwm_en_reg/D
                            (rising edge-triggered cell FDCE clocked by clock_system  {rise@0.000ns fall@5.000ns period=10.000ns})
  Path Group:             clock_system
  Path Type:              Hold (Min at Fast Process Corner)
  Requirement:            0.000ns  (clock_system rise@0.000ns - clock_system rise@0.000ns)
  Data Path Delay:        0.094ns  (logic 0.054ns (57.447%)  route 0.040ns (42.553%))
  Logic Levels:           1  (LUT6=1)
  Clock Path Skew:        0.006ns (DCD - SCD - CPR)
    Destination Clock Delay (DCD):    1.042ns
    Source Clock Delay      (SCD):    0.758ns
    Clock Pessimism Removal (CPR):    0.278ns
  Clock Net Delay (Source):      0.448ns (routing 0.000ns, distribution 0.448ns)
  Clock Net Delay (Destination): 0.510ns (routing 0.001ns, distribution 0.509ns)

    Location             Delay type                Incr(ns)  Path(ns)    Netlist Resource(s)
  -------------------------------------------------------------------    -------------------
                         (clock clock_system rise edge)
                                                      0.000     0.000 r  
    V23                                               0.000     0.000 r  clock_system (IN)
                         net (fo=0)                   0.000     0.000    clock_system_IBUF_inst/I
    V23                  INBUF (Prop_INBUF_HPIOB_M_PAD_O)
                                                      0.137     0.137 r  clock_system_IBUF_inst/INBUF_INST/O
                         net (fo=1, routed)           0.000     0.137    clock_system_IBUF_inst/OUT
    V23                  IBUFCTRL (Prop_IBUFCTRL_HPIOB_M_I_O)
                                                      0.000     0.137 r  clock_system_IBUF_inst/IBUFCTRL_INST/O
                         net (fo=1, routed)           0.156     0.293    clock_system_IBUF
    BUFGCE_X0Y32         BUFGCE (Prop_BUFCE_BUFGCE_I_O)
                                                      0.017     0.310 r  clock_system_IBUF_BUFG_inst/O
    X0Y1 (CLOCK_ROOT)    net (fo=29, routed)          0.448     0.758    clock_system_IBUF_BUFG
    SLICE_X27Y90         FDCE                                         r  reg_pwm_en_reg/C
  -------------------------------------------------------------------    -------------------
    SLICE_X27Y90         FDCE (Prop_BFF_SLICEL_C_Q)
                                                      0.039     0.797 r  reg_pwm_en_reg/Q
                         net (fo=2, routed)           0.025     0.822    reg_pwm_en
    SLICE_X27Y90         LUT6 (Prop_B6LUT_SLICEL_I5_O)
                                                      0.015     0.837 r  reg_pwm_en_i_1/O
                         net (fo=1, routed)           0.015     0.852    reg_pwm_en_i_1_n_0
    SLICE_X27Y90         FDCE                                         r  reg_pwm_en_reg/D
  -------------------------------------------------------------------    -------------------

                         (clock clock_system rise edge)
                                                      0.000     0.000 r  
    V23                                               0.000     0.000 r  clock_system (IN)
                         net (fo=0)                   0.000     0.000    clock_system_IBUF_inst/I
    V23                  INBUF (Prop_INBUF_HPIOB_M_PAD_O)
                                                      0.322     0.322 r  clock_system_IBUF_inst/INBUF_INST/O
                         net (fo=1, routed)           0.000     0.322    clock_system_IBUF_inst/OUT
    V23                  IBUFCTRL (Prop_IBUFCTRL_HPIOB_M_I_O)
                                                      0.000     0.322 r  clock_system_IBUF_inst/IBUFCTRL_INST/O
                         net (fo=1, routed)           0.191     0.513    clock_system_IBUF
    BUFGCE_X0Y32         BUFGCE (Prop_BUFCE_BUFGCE_I_O)
                                                      0.019     0.532 r  clock_system_IBUF_BUFG_inst/O
    X0Y1 (CLOCK_ROOT)    net (fo=29, routed)          0.510     1.042    clock_system_IBUF_BUFG
    SLICE_X27Y90         FDCE                                         r  reg_pwm_en_reg/C
                         clock pessimism             -0.278     0.764    
    SLICE_X27Y90         FDCE (Hold_BFF_SLICEL_C_D)
                                                      0.046     0.810    reg_pwm_en_reg
  -------------------------------------------------------------------
                         required time                         -0.810    
                         arrival time                           0.852    
  -------------------------------------------------------------------
                         slack                                  0.042    

Slack (MET) :             0.046ns  (arrival time - required time)
  Source:                 reg_1_ms_count_reg[9]/C
                            (rising edge-triggered cell FDCE clocked by clock_system  {rise@0.000ns fall@5.000ns period=10.000ns})
  Destination:            reg_1_ms_count_reg[9]/D
                            (rising edge-triggered cell FDCE clocked by clock_system  {rise@0.000ns fall@5.000ns period=10.000ns})
  Path Group:             clock_system
  Path Type:              Hold (Min at Fast Process Corner)
  Requirement:            0.000ns  (clock_system rise@0.000ns - clock_system rise@0.000ns)
  Data Path Delay:        0.098ns  (logic 0.054ns (55.102%)  route 0.044ns (44.898%))
  Logic Levels:           1  (LUT6=1)
  Clock Path Skew:        0.006ns (DCD - SCD - CPR)
    Destination Clock Delay (DCD):    1.045ns
    Source Clock Delay      (SCD):    0.760ns
    Clock Pessimism Removal (CPR):    0.279ns
  Clock Net Delay (Source):      0.450ns (routing 0.000ns, distribution 0.450ns)
  Clock Net Delay (Destination): 0.513ns (routing 0.001ns, distribution 0.512ns)

    Location             Delay type                Incr(ns)  Path(ns)    Netlist Resource(s)
  -------------------------------------------------------------------    -------------------
                         (clock clock_system rise edge)
                                                      0.000     0.000 r  
    V23                                               0.000     0.000 r  clock_system (IN)
                         net (fo=0)                   0.000     0.000    clock_system_IBUF_inst/I
    V23                  INBUF (Prop_INBUF_HPIOB_M_PAD_O)
                                                      0.137     0.137 r  clock_system_IBUF_inst/INBUF_INST/O
                         net (fo=1, routed)           0.000     0.137    clock_system_IBUF_inst/OUT
    V23                  IBUFCTRL (Prop_IBUFCTRL_HPIOB_M_I_O)
                                                      0.000     0.137 r  clock_system_IBUF_inst/IBUFCTRL_INST/O
                         net (fo=1, routed)           0.156     0.293    clock_system_IBUF
    BUFGCE_X0Y32         BUFGCE (Prop_BUFCE_BUFGCE_I_O)
                                                      0.017     0.310 r  clock_system_IBUF_BUFG_inst/O
    X0Y1 (CLOCK_ROOT)    net (fo=29, routed)          0.450     0.760    clock_system_IBUF_BUFG
    SLICE_X27Y93         FDCE                                         r  reg_1_ms_count_reg[9]/C
  -------------------------------------------------------------------    -------------------
    SLICE_X27Y93         FDCE (Prop_BFF_SLICEL_C_Q)
                                                      0.039     0.799 r  reg_1_ms_count_reg[9]/Q
                         net (fo=6, routed)           0.029     0.828    reg_1_ms_count_reg[9]
    SLICE_X27Y93         LUT6 (Prop_B6LUT_SLICEL_I5_O)
                                                      0.015     0.843 r  reg_1_ms_count[9]_i_2/O
                         net (fo=1, routed)           0.015     0.858    p_0_in[9]
    SLICE_X27Y93         FDCE                                         r  reg_1_ms_count_reg[9]/D
  -------------------------------------------------------------------    -------------------

                         (clock clock_system rise edge)
                                                      0.000     0.000 r  
    V23                                               0.000     0.000 r  clock_system (IN)
                         net (fo=0)                   0.000     0.000    clock_system_IBUF_inst/I
    V23                  INBUF (Prop_INBUF_HPIOB_M_PAD_O)
                                                      0.322     0.322 r  clock_system_IBUF_inst/INBUF_INST/O
                         net (fo=1, routed)           0.000     0.322    clock_system_IBUF_inst/OUT
    V23                  IBUFCTRL (Prop_IBUFCTRL_HPIOB_M_I_O)
                                                      0.000     0.322 r  clock_system_IBUF_inst/IBUFCTRL_INST/O
                         net (fo=1, routed)           0.191     0.513    clock_system_IBUF
    BUFGCE_X0Y32         BUFGCE (Prop_BUFCE_BUFGCE_I_O)
                                                      0.019     0.532 r  clock_system_IBUF_BUFG_inst/O
    X0Y1 (CLOCK_ROOT)    net (fo=29, routed)          0.513     1.045    clock_system_IBUF_BUFG
    SLICE_X27Y93         FDCE                                         r  reg_1_ms_count_reg[9]/C
                         clock pessimism             -0.279     0.766    
    SLICE_X27Y93         FDCE (Hold_BFF_SLICEL_C_D)
                                                      0.046     0.812    reg_1_ms_count_reg[9]
  -------------------------------------------------------------------
                         required time                         -0.812    
                         arrival time                           0.858    
  -------------------------------------------------------------------
                         slack                                  0.046    

Slack (MET) :             0.055ns  (arrival time - required time)
  Source:                 reg_1_ms_count_reg[7]/C
                            (rising edge-triggered cell FDCE clocked by clock_system  {rise@0.000ns fall@5.000ns period=10.000ns})
  Destination:            reg_1_ms_count_reg[8]/D
                            (rising edge-triggered cell FDCE clocked by clock_system  {rise@0.000ns fall@5.000ns period=10.000ns})
  Path Group:             clock_system
  Path Type:              Hold (Min at Fast Process Corner)
  Requirement:            0.000ns  (clock_system rise@0.000ns - clock_system rise@0.000ns)
  Data Path Delay:        0.108ns  (logic 0.072ns (66.667%)  route 0.036ns (33.333%))
  Logic Levels:           1  (LUT5=1)
  Clock Path Skew:        0.006ns (DCD - SCD - CPR)
    Destination Clock Delay (DCD):    1.045ns
    Source Clock Delay      (SCD):    0.761ns
    Clock Pessimism Removal (CPR):    0.278ns
  Clock Net Delay (Source):      0.451ns (routing 0.000ns, distribution 0.451ns)
  Clock Net Delay (Destination): 0.513ns (routing 0.001ns, distribution 0.512ns)

    Location             Delay type                Incr(ns)  Path(ns)    Netlist Resource(s)
  -------------------------------------------------------------------    -------------------
                         (clock clock_system rise edge)
                                                      0.000     0.000 r  
    V23                                               0.000     0.000 r  clock_system (IN)
                         net (fo=0)                   0.000     0.000    clock_system_IBUF_inst/I
    V23                  INBUF (Prop_INBUF_HPIOB_M_PAD_O)
                                                      0.137     0.137 r  clock_system_IBUF_inst/INBUF_INST/O
                         net (fo=1, routed)           0.000     0.137    clock_system_IBUF_inst/OUT
    V23                  IBUFCTRL (Prop_IBUFCTRL_HPIOB_M_I_O)
                                                      0.000     0.137 r  clock_system_IBUF_inst/IBUFCTRL_INST/O
                         net (fo=1, routed)           0.156     0.293    clock_system_IBUF
    BUFGCE_X0Y32         BUFGCE (Prop_BUFCE_BUFGCE_I_O)
                                                      0.017     0.310 r  clock_system_IBUF_BUFG_inst/O
    X0Y1 (CLOCK_ROOT)    net (fo=29, routed)          0.451     0.761    clock_system_IBUF_BUFG
    SLICE_X27Y94         FDCE                                         r  reg_1_ms_count_reg[7]/C
  -------------------------------------------------------------------    -------------------
    SLICE_X27Y94         FDCE (Prop_DFF_SLICEL_C_Q)
                                                      0.039     0.800 r  reg_1_ms_count_reg[7]/Q
                         net (fo=8, routed)           0.030     0.830    reg_1_ms_count_reg[7]
    SLICE_X27Y94         LUT5 (Prop_D5LUT_SLICEL_I2_O)
                                                      0.033     0.863 r  reg_1_ms_count[8]_i_1/O
                         net (fo=1, routed)           0.006     0.869    p_0_in[8]
    SLICE_X27Y94         FDCE                                         r  reg_1_ms_count_reg[8]/D
  -------------------------------------------------------------------    -------------------

                         (clock clock_system rise edge)
                                                      0.000     0.000 r  
    V23                                               0.000     0.000 r  clock_system (IN)
                         net (fo=0)                   0.000     0.000    clock_system_IBUF_inst/I
    V23                  INBUF (Prop_INBUF_HPIOB_M_PAD_O)
                                                      0.322     0.322 r  clock_system_IBUF_inst/INBUF_INST/O
                         net (fo=1, routed)           0.000     0.322    clock_system_IBUF_inst/OUT
    V23                  IBUFCTRL (Prop_IBUFCTRL_HPIOB_M_I_O)
                                                      0.000     0.322 r  clock_system_IBUF_inst/IBUFCTRL_INST/O
                         net (fo=1, routed)           0.191     0.513    clock_system_IBUF
    BUFGCE_X0Y32         BUFGCE (Prop_BUFCE_BUFGCE_I_O)
                                                      0.019     0.532 r  clock_system_IBUF_BUFG_inst/O
    X0Y1 (CLOCK_ROOT)    net (fo=29, routed)          0.513     1.045    clock_system_IBUF_BUFG
    SLICE_X27Y94         FDCE                                         r  reg_1_ms_count_reg[8]/C
                         clock pessimism             -0.278     0.767    
    SLICE_X27Y94         FDCE (Hold_DFF2_SLICEL_C_D)
                                                      0.047     0.814    reg_1_ms_count_reg[8]
  -------------------------------------------------------------------
                         required time                         -0.814    
                         arrival time                           0.869    
  -------------------------------------------------------------------
                         slack                                  0.055    

Slack (MET) :             0.058ns  (arrival time - required time)
  Source:                 reg_1_us_count_reg[5]/C
                            (rising edge-triggered cell FDCE clocked by clock_system  {rise@0.000ns fall@5.000ns period=10.000ns})
  Destination:            reg_1_us_count_reg[5]/D
                            (rising edge-triggered cell FDCE clocked by clock_system  {rise@0.000ns fall@5.000ns period=10.000ns})
  Path Group:             clock_system
  Path Type:              Hold (Min at Fast Process Corner)
  Requirement:            0.000ns  (clock_system rise@0.000ns - clock_system rise@0.000ns)
  Data Path Delay:        0.110ns  (logic 0.052ns (47.273%)  route 0.058ns (52.727%))
  Logic Levels:           1  (LUT6=1)
  Clock Path Skew:        0.006ns (DCD - SCD - CPR)
    Destination Clock Delay (DCD):    1.046ns
    Source Clock Delay      (SCD):    0.759ns
    Clock Pessimism Removal (CPR):    0.281ns
  Clock Net Delay (Source):      0.449ns (routing 0.000ns, distribution 0.449ns)
  Clock Net Delay (Destination): 0.514ns (routing 0.001ns, distribution 0.513ns)

    Location             Delay type                Incr(ns)  Path(ns)    Netlist Resource(s)
  -------------------------------------------------------------------    -------------------
                         (clock clock_system rise edge)
                                                      0.000     0.000 r  
    V23                                               0.000     0.000 r  clock_system (IN)
                         net (fo=0)                   0.000     0.000    clock_system_IBUF_inst/I
    V23                  INBUF (Prop_INBUF_HPIOB_M_PAD_O)
                                                      0.137     0.137 r  clock_system_IBUF_inst/INBUF_INST/O
                         net (fo=1, routed)           0.000     0.137    clock_system_IBUF_inst/OUT
    V23                  IBUFCTRL (Prop_IBUFCTRL_HPIOB_M_I_O)
                                                      0.000     0.137 r  clock_system_IBUF_inst/IBUFCTRL_INST/O
                         net (fo=1, routed)           0.156     0.293    clock_system_IBUF
    BUFGCE_X0Y32         BUFGCE (Prop_BUFCE_BUFGCE_I_O)
                                                      0.017     0.310 r  clock_system_IBUF_BUFG_inst/O
    X0Y1 (CLOCK_ROOT)    net (fo=29, routed)          0.449     0.759    clock_system_IBUF_BUFG
    SLICE_X28Y93         FDCE                                         r  reg_1_us_count_reg[5]/C
  -------------------------------------------------------------------    -------------------
    SLICE_X28Y93         FDCE (Prop_CFF_SLICEM_C_Q)
                                                      0.038     0.797 r  reg_1_us_count_reg[5]/Q
                         net (fo=4, routed)           0.034     0.831    reg_1_us_count_reg_n_0_[5]
    SLICE_X28Y93         LUT6 (Prop_C6LUT_SLICEM_I5_O)
                                                      0.014     0.845 r  reg_1_us_count[5]_i_1/O
                         net (fo=1, routed)           0.024     0.869    reg_1_us_count[5]
    SLICE_X28Y93         FDCE                                         r  reg_1_us_count_reg[5]/D
  -------------------------------------------------------------------    -------------------

                         (clock clock_system rise edge)
                                                      0.000     0.000 r  
    V23                                               0.000     0.000 r  clock_system (IN)
                         net (fo=0)                   0.000     0.000    clock_system_IBUF_inst/I
    V23                  INBUF (Prop_INBUF_HPIOB_M_PAD_O)
                                                      0.322     0.322 r  clock_system_IBUF_inst/INBUF_INST/O
                         net (fo=1, routed)           0.000     0.322    clock_system_IBUF_inst/OUT
    V23                  IBUFCTRL (Prop_IBUFCTRL_HPIOB_M_I_O)
                                                      0.000     0.322 r  clock_system_IBUF_inst/IBUFCTRL_INST/O
                         net (fo=1, routed)           0.191     0.513    clock_system_IBUF
    BUFGCE_X0Y32         BUFGCE (Prop_BUFCE_BUFGCE_I_O)
                                                      0.019     0.532 r  clock_system_IBUF_BUFG_inst/O
    X0Y1 (CLOCK_ROOT)    net (fo=29, routed)          0.514     1.046    clock_system_IBUF_BUFG
    SLICE_X28Y93         FDCE                                         r  reg_1_us_count_reg[5]/C
                         clock pessimism             -0.281     0.765    
    SLICE_X28Y93         FDCE (Hold_CFF_SLICEM_C_D)
                                                      0.046     0.811    reg_1_us_count_reg[5]
  -------------------------------------------------------------------
                         required time                         -0.811    
                         arrival time                           0.869    
  -------------------------------------------------------------------
                         slack                                  0.058    

Slack (MET) :             0.062ns  (arrival time - required time)
  Source:                 reg_1_us_count_reg[4]/C
                            (rising edge-triggered cell FDCE clocked by clock_system  {rise@0.000ns fall@5.000ns period=10.000ns})
  Destination:            reg_1_us_count_reg[4]/D
                            (rising edge-triggered cell FDCE clocked by clock_system  {rise@0.000ns fall@5.000ns period=10.000ns})
  Path Group:             clock_system
  Path Type:              Hold (Min at Fast Process Corner)
  Requirement:            0.000ns  (clock_system rise@0.000ns - clock_system rise@0.000ns)
  Data Path Delay:        0.114ns  (logic 0.061ns (53.509%)  route 0.053ns (46.491%))
  Logic Levels:           1  (LUT6=1)
  Clock Path Skew:        0.006ns (DCD - SCD - CPR)
    Destination Clock Delay (DCD):    1.046ns
    Source Clock Delay      (SCD):    0.759ns
    Clock Pessimism Removal (CPR):    0.281ns
  Clock Net Delay (Source):      0.449ns (routing 0.000ns, distribution 0.449ns)
  Clock Net Delay (Destination): 0.514ns (routing 0.001ns, distribution 0.513ns)

    Location             Delay type                Incr(ns)  Path(ns)    Netlist Resource(s)
  -------------------------------------------------------------------    -------------------
                         (clock clock_system rise edge)
                                                      0.000     0.000 r  
    V23                                               0.000     0.000 r  clock_system (IN)
                         net (fo=0)                   0.000     0.000    clock_system_IBUF_inst/I
    V23                  INBUF (Prop_INBUF_HPIOB_M_PAD_O)
                                                      0.137     0.137 r  clock_system_IBUF_inst/INBUF_INST/O
                         net (fo=1, routed)           0.000     0.137    clock_system_IBUF_inst/OUT
    V23                  IBUFCTRL (Prop_IBUFCTRL_HPIOB_M_I_O)
                                                      0.000     0.137 r  clock_system_IBUF_inst/IBUFCTRL_INST/O
                         net (fo=1, routed)           0.156     0.293    clock_system_IBUF
    BUFGCE_X0Y32         BUFGCE (Prop_BUFCE_BUFGCE_I_O)
                                                      0.017     0.310 r  clock_system_IBUF_BUFG_inst/O
    X0Y1 (CLOCK_ROOT)    net (fo=29, routed)          0.449     0.759    clock_system_IBUF_BUFG
    SLICE_X28Y93         FDCE                                         r  reg_1_us_count_reg[4]/C
  -------------------------------------------------------------------    -------------------
    SLICE_X28Y93         FDCE (Prop_AFF_SLICEM_C_Q)
                                                      0.038     0.797 r  reg_1_us_count_reg[4]/Q
                         net (fo=5, routed)           0.035     0.832    reg_1_us_count_reg_n_0_[4]
    SLICE_X28Y93         LUT6 (Prop_A6LUT_SLICEM_I5_O)
                                                      0.023     0.855 r  reg_1_us_count[4]_i_1/O
                         net (fo=1, routed)           0.018     0.873    reg_1_us_count[4]
    SLICE_X28Y93         FDCE                                         r  reg_1_us_count_reg[4]/D
  -------------------------------------------------------------------    -------------------

                         (clock clock_system rise edge)
                                                      0.000     0.000 r  
    V23                                               0.000     0.000 r  clock_system (IN)
                         net (fo=0)                   0.000     0.000    clock_system_IBUF_inst/I
    V23                  INBUF (Prop_INBUF_HPIOB_M_PAD_O)
                                                      0.322     0.322 r  clock_system_IBUF_inst/INBUF_INST/O
                         net (fo=1, routed)           0.000     0.322    clock_system_IBUF_inst/OUT
    V23                  IBUFCTRL (Prop_IBUFCTRL_HPIOB_M_I_O)
                                                      0.000     0.322 r  clock_system_IBUF_inst/IBUFCTRL_INST/O
                         net (fo=1, routed)           0.191     0.513    clock_system_IBUF
    BUFGCE_X0Y32         BUFGCE (Prop_BUFCE_BUFGCE_I_O)
                                                      0.019     0.532 r  clock_system_IBUF_BUFG_inst/O
    X0Y1 (CLOCK_ROOT)    net (fo=29, routed)          0.514     1.046    clock_system_IBUF_BUFG
    SLICE_X28Y93         FDCE                                         r  reg_1_us_count_reg[4]/C
                         clock pessimism             -0.281     0.765    
    SLICE_X28Y93         FDCE (Hold_AFF_SLICEM_C_D)
                                                      0.046     0.811    reg_1_us_count_reg[4]
  -------------------------------------------------------------------
                         required time                         -0.811    
                         arrival time                           0.873    
  -------------------------------------------------------------------
                         slack                                  0.062    

Slack (MET) :             0.063ns  (arrival time - required time)
  Source:                 reg_1_us_count_reg[6]/C
                            (rising edge-triggered cell FDCE clocked by clock_system  {rise@0.000ns fall@5.000ns period=10.000ns})
  Destination:            reg_1_us_count_reg[6]/D
                            (rising edge-triggered cell FDCE clocked by clock_system  {rise@0.000ns fall@5.000ns period=10.000ns})
  Path Group:             clock_system
  Path Type:              Hold (Min at Fast Process Corner)
  Requirement:            0.000ns  (clock_system rise@0.000ns - clock_system rise@0.000ns)
  Data Path Delay:        0.115ns  (logic 0.060ns (52.174%)  route 0.055ns (47.826%))
  Logic Levels:           1  (LUT6=1)
  Clock Path Skew:        0.006ns (DCD - SCD - CPR)
    Destination Clock Delay (DCD):    1.046ns
    Source Clock Delay      (SCD):    0.759ns
    Clock Pessimism Removal (CPR):    0.281ns
  Clock Net Delay (Source):      0.449ns (routing 0.000ns, distribution 0.449ns)
  Clock Net Delay (Destination): 0.514ns (routing 0.001ns, distribution 0.513ns)

    Location             Delay type                Incr(ns)  Path(ns)    Netlist Resource(s)
  -------------------------------------------------------------------    -------------------
                         (clock clock_system rise edge)
                                                      0.000     0.000 r  
    V23                                               0.000     0.000 r  clock_system (IN)
                         net (fo=0)                   0.000     0.000    clock_system_IBUF_inst/I
    V23                  INBUF (Prop_INBUF_HPIOB_M_PAD_O)
                                                      0.137     0.137 r  clock_system_IBUF_inst/INBUF_INST/O
                         net (fo=1, routed)           0.000     0.137    clock_system_IBUF_inst/OUT
    V23                  IBUFCTRL (Prop_IBUFCTRL_HPIOB_M_I_O)
                                                      0.000     0.137 r  clock_system_IBUF_inst/IBUFCTRL_INST/O
                         net (fo=1, routed)           0.156     0.293    clock_system_IBUF
    BUFGCE_X0Y32         BUFGCE (Prop_BUFCE_BUFGCE_I_O)
                                                      0.017     0.310 r  clock_system_IBUF_BUFG_inst/O
    X0Y1 (CLOCK_ROOT)    net (fo=29, routed)          0.449     0.759    clock_system_IBUF_BUFG
    SLICE_X28Y93         FDCE                                         r  reg_1_us_count_reg[6]/C
  -------------------------------------------------------------------    -------------------
    SLICE_X28Y93         FDCE (Prop_BFF_SLICEM_C_Q)
                                                      0.038     0.797 r  reg_1_us_count_reg[6]/Q
                         net (fo=4, routed)           0.034     0.831    reg_1_us_count_reg_n_0_[6]
    SLICE_X28Y93         LUT6 (Prop_B6LUT_SLICEM_I5_O)
                                                      0.022     0.853 r  reg_1_us_count[6]_i_1/O
                         net (fo=1, routed)           0.021     0.874    reg_1_us_count[6]
    SLICE_X28Y93         FDCE                                         r  reg_1_us_count_reg[6]/D
  -------------------------------------------------------------------    -------------------

                         (clock clock_system rise edge)
                                                      0.000     0.000 r  
    V23                                               0.000     0.000 r  clock_system (IN)
                         net (fo=0)                   0.000     0.000    clock_system_IBUF_inst/I
    V23                  INBUF (Prop_INBUF_HPIOB_M_PAD_O)
                                                      0.322     0.322 r  clock_system_IBUF_inst/INBUF_INST/O
                         net (fo=1, routed)           0.000     0.322    clock_system_IBUF_inst/OUT
    V23                  IBUFCTRL (Prop_IBUFCTRL_HPIOB_M_I_O)
                                                      0.000     0.322 r  clock_system_IBUF_inst/IBUFCTRL_INST/O
                         net (fo=1, routed)           0.191     0.513    clock_system_IBUF
    BUFGCE_X0Y32         BUFGCE (Prop_BUFCE_BUFGCE_I_O)
                                                      0.019     0.532 r  clock_system_IBUF_BUFG_inst/O
    X0Y1 (CLOCK_ROOT)    net (fo=29, routed)          0.514     1.046    clock_system_IBUF_BUFG
    SLICE_X28Y93         FDCE                                         r  reg_1_us_count_reg[6]/C
                         clock pessimism             -0.281     0.765    
    SLICE_X28Y93         FDCE (Hold_BFF_SLICEM_C_D)
                                                      0.046     0.811    reg_1_us_count_reg[6]
  -------------------------------------------------------------------
                         required time                         -0.811    
                         arrival time                           0.874    
  -------------------------------------------------------------------
                         slack                                  0.063    

Slack (MET) :             0.063ns  (arrival time - required time)
  Source:                 reg_1_us_count_reg[0]/C
                            (rising edge-triggered cell FDCE clocked by clock_system  {rise@0.000ns fall@5.000ns period=10.000ns})
  Destination:            reg_1_us_count_reg[1]/D
                            (rising edge-triggered cell FDCE clocked by clock_system  {rise@0.000ns fall@5.000ns period=10.000ns})
  Path Group:             clock_system
  Path Type:              Hold (Min at Fast Process Corner)
  Requirement:            0.000ns  (clock_system rise@0.000ns - clock_system rise@0.000ns)
  Data Path Delay:        0.116ns  (logic 0.076ns (65.517%)  route 0.040ns (34.483%))
  Logic Levels:           1  (LUT3=1)
  Clock Path Skew:        0.006ns (DCD - SCD - CPR)
    Destination Clock Delay (DCD):    1.045ns
    Source Clock Delay      (SCD):    0.759ns
    Clock Pessimism Removal (CPR):    0.280ns
  Clock Net Delay (Source):      0.449ns (routing 0.000ns, distribution 0.449ns)
  Clock Net Delay (Destination): 0.513ns (routing 0.001ns, distribution 0.512ns)

    Location             Delay type                Incr(ns)  Path(ns)    Netlist Resource(s)
  -------------------------------------------------------------------    -------------------
                         (clock clock_system rise edge)
                                                      0.000     0.000 r  
    V23                                               0.000     0.000 r  clock_system (IN)
                         net (fo=0)                   0.000     0.000    clock_system_IBUF_inst/I
    V23                  INBUF (Prop_INBUF_HPIOB_M_PAD_O)
                                                      0.137     0.137 r  clock_system_IBUF_inst/INBUF_INST/O
                         net (fo=1, routed)           0.000     0.137    clock_system_IBUF_inst/OUT
    V23                  IBUFCTRL (Prop_IBUFCTRL_HPIOB_M_I_O)
                                                      0.000     0.137 r  clock_system_IBUF_inst/IBUFCTRL_INST/O
                         net (fo=1, routed)           0.156     0.293    clock_system_IBUF
    BUFGCE_X0Y32         BUFGCE (Prop_BUFCE_BUFGCE_I_O)
                                                      0.017     0.310 r  clock_system_IBUF_BUFG_inst/O
    X0Y1 (CLOCK_ROOT)    net (fo=29, routed)          0.449     0.759    clock_system_IBUF_BUFG
    SLICE_X28Y92         FDCE                                         r  reg_1_us_count_reg[0]/C
  -------------------------------------------------------------------    -------------------
    SLICE_X28Y92         FDCE (Prop_DFF_SLICEM_C_Q)
                                                      0.039     0.798 r  reg_1_us_count_reg[0]/Q
                         net (fo=6, routed)           0.031     0.829    reg_1_us_count_reg_n_0_[0]
    SLICE_X28Y92         LUT3 (Prop_D5LUT_SLICEM_I1_O)
                                                      0.037     0.866 r  reg_1_us_count[1]_i_1/O
                         net (fo=1, routed)           0.009     0.875    reg_1_us_count[1]
    SLICE_X28Y92         FDCE                                         r  reg_1_us_count_reg[1]/D
  -------------------------------------------------------------------    -------------------

                         (clock clock_system rise edge)
                                                      0.000     0.000 r  
    V23                                               0.000     0.000 r  clock_system (IN)
                         net (fo=0)                   0.000     0.000    clock_system_IBUF_inst/I
    V23                  INBUF (Prop_INBUF_HPIOB_M_PAD_O)
                                                      0.322     0.322 r  clock_system_IBUF_inst/INBUF_INST/O
                         net (fo=1, routed)           0.000     0.322    clock_system_IBUF_inst/OUT
    V23                  IBUFCTRL (Prop_IBUFCTRL_HPIOB_M_I_O)
                                                      0.000     0.322 r  clock_system_IBUF_inst/IBUFCTRL_INST/O
                         net (fo=1, routed)           0.191     0.513    clock_system_IBUF
    BUFGCE_X0Y32         BUFGCE (Prop_BUFCE_BUFGCE_I_O)
                                                      0.019     0.532 r  clock_system_IBUF_BUFG_inst/O
    X0Y1 (CLOCK_ROOT)    net (fo=29, routed)          0.513     1.045    clock_system_IBUF_BUFG
    SLICE_X28Y92         FDCE                                         r  reg_1_us_count_reg[1]/C
                         clock pessimism             -0.280     0.765    
    SLICE_X28Y92         FDCE (Hold_DFF2_SLICEM_C_D)
                                                      0.047     0.812    reg_1_us_count_reg[1]
  -------------------------------------------------------------------
                         required time                         -0.812    
                         arrival time                           0.875    
  -------------------------------------------------------------------
                         slack                                  0.063    

Slack (MET) :             0.065ns  (arrival time - required time)
  Source:                 reg_1_s_count_reg[6]/C
                            (rising edge-triggered cell FDCE clocked by clock_system  {rise@0.000ns fall@5.000ns period=10.000ns})
  Destination:            reg_1_s_count_reg[8]/D
                            (rising edge-triggered cell FDCE clocked by clock_system  {rise@0.000ns fall@5.000ns period=10.000ns})
  Path Group:             clock_system
  Path Type:              Hold (Min at Fast Process Corner)
  Requirement:            0.000ns  (clock_system rise@0.000ns - clock_system rise@0.000ns)
  Data Path Delay:        0.118ns  (logic 0.075ns (63.559%)  route 0.043ns (36.441%))
  Logic Levels:           1  (LUT5=1)
  Clock Path Skew:        0.006ns (DCD - SCD - CPR)
    Destination Clock Delay (DCD):    1.044ns
    Source Clock Delay      (SCD):    0.758ns
    Clock Pessimism Removal (CPR):    0.280ns
  Clock Net Delay (Source):      0.448ns (routing 0.000ns, distribution 0.448ns)
  Clock Net Delay (Destination): 0.512ns (routing 0.001ns, distribution 0.511ns)

    Location             Delay type                Incr(ns)  Path(ns)    Netlist Resource(s)
  -------------------------------------------------------------------    -------------------
                         (clock clock_system rise edge)
                                                      0.000     0.000 r  
    V23                                               0.000     0.000 r  clock_system (IN)
                         net (fo=0)                   0.000     0.000    clock_system_IBUF_inst/I
    V23                  INBUF (Prop_INBUF_HPIOB_M_PAD_O)
                                                      0.137     0.137 r  clock_system_IBUF_inst/INBUF_INST/O
                         net (fo=1, routed)           0.000     0.137    clock_system_IBUF_inst/OUT
    V23                  IBUFCTRL (Prop_IBUFCTRL_HPIOB_M_I_O)
                                                      0.000     0.137 r  clock_system_IBUF_inst/IBUFCTRL_INST/O
                         net (fo=1, routed)           0.156     0.293    clock_system_IBUF
    BUFGCE_X0Y32         BUFGCE (Prop_BUFCE_BUFGCE_I_O)
                                                      0.017     0.310 r  clock_system_IBUF_BUFG_inst/O
    X0Y1 (CLOCK_ROOT)    net (fo=29, routed)          0.448     0.758    clock_system_IBUF_BUFG
    SLICE_X28Y91         FDCE                                         r  reg_1_s_count_reg[6]/C
  -------------------------------------------------------------------    -------------------
    SLICE_X28Y91         FDCE (Prop_DFF_SLICEM_C_Q)
                                                      0.039     0.797 r  reg_1_s_count_reg[6]/Q
                         net (fo=9, routed)           0.035     0.832    reg_1_s_count_reg[6]
    SLICE_X28Y91         LUT5 (Prop_C5LUT_SLICEM_I0_O)
                                                      0.036     0.868 r  reg_1_s_count[8]_i_1/O
                         net (fo=1, routed)           0.008     0.876    p_0_in__0[8]
    SLICE_X28Y91         FDCE                                         r  reg_1_s_count_reg[8]/D
  -------------------------------------------------------------------    -------------------

                         (clock clock_system rise edge)
                                                      0.000     0.000 r  
    V23                                               0.000     0.000 r  clock_system (IN)
                         net (fo=0)                   0.000     0.000    clock_system_IBUF_inst/I
    V23                  INBUF (Prop_INBUF_HPIOB_M_PAD_O)
                                                      0.322     0.322 r  clock_system_IBUF_inst/INBUF_INST/O
                         net (fo=1, routed)           0.000     0.322    clock_system_IBUF_inst/OUT
    V23                  IBUFCTRL (Prop_IBUFCTRL_HPIOB_M_I_O)
                                                      0.000     0.322 r  clock_system_IBUF_inst/IBUFCTRL_INST/O
                         net (fo=1, routed)           0.191     0.513    clock_system_IBUF
    BUFGCE_X0Y32         BUFGCE (Prop_BUFCE_BUFGCE_I_O)
                                                      0.019     0.532 r  clock_system_IBUF_BUFG_inst/O
    X0Y1 (CLOCK_ROOT)    net (fo=29, routed)          0.512     1.044    clock_system_IBUF_BUFG
    SLICE_X28Y91         FDCE                                         r  reg_1_s_count_reg[8]/C
                         clock pessimism             -0.280     0.764    
    SLICE_X28Y91         FDCE (Hold_CFF2_SLICEM_C_D)
                                                      0.047     0.811    reg_1_s_count_reg[8]
  -------------------------------------------------------------------
                         required time                         -0.811    
                         arrival time                           0.876    
  -------------------------------------------------------------------
                         slack                                  0.065    

Slack (MET) :             0.066ns  (arrival time - required time)
  Source:                 reg_1_s_count_reg[0]/C
                            (rising edge-triggered cell FDCE clocked by clock_system  {rise@0.000ns fall@5.000ns period=10.000ns})
  Destination:            reg_1_s_count_reg[1]/D
                            (rising edge-triggered cell FDCE clocked by clock_system  {rise@0.000ns fall@5.000ns period=10.000ns})
  Path Group:             clock_system
  Path Type:              Hold (Min at Fast Process Corner)
  Requirement:            0.000ns  (clock_system rise@0.000ns - clock_system rise@0.000ns)
  Data Path Delay:        0.119ns  (logic 0.076ns (63.865%)  route 0.043ns (36.134%))
  Logic Levels:           1  (LUT2=1)
  Clock Path Skew:        0.006ns (DCD - SCD - CPR)
    Destination Clock Delay (DCD):    1.043ns
    Source Clock Delay      (SCD):    0.757ns
    Clock Pessimism Removal (CPR):    0.280ns
  Clock Net Delay (Source):      0.447ns (routing 0.000ns, distribution 0.447ns)
  Clock Net Delay (Destination): 0.511ns (routing 0.001ns, distribution 0.510ns)

    Location             Delay type                Incr(ns)  Path(ns)    Netlist Resource(s)
  -------------------------------------------------------------------    -------------------
                         (clock clock_system rise edge)
                                                      0.000     0.000 r  
    V23                                               0.000     0.000 r  clock_system (IN)
                         net (fo=0)                   0.000     0.000    clock_system_IBUF_inst/I
    V23                  INBUF (Prop_INBUF_HPIOB_M_PAD_O)
                                                      0.137     0.137 r  clock_system_IBUF_inst/INBUF_INST/O
                         net (fo=1, routed)           0.000     0.137    clock_system_IBUF_inst/OUT
    V23                  IBUFCTRL (Prop_IBUFCTRL_HPIOB_M_I_O)
                                                      0.000     0.137 r  clock_system_IBUF_inst/IBUFCTRL_INST/O
                         net (fo=1, routed)           0.156     0.293    clock_system_IBUF
    BUFGCE_X0Y32         BUFGCE (Prop_BUFCE_BUFGCE_I_O)
                                                      0.017     0.310 r  clock_system_IBUF_BUFG_inst/O
    X0Y1 (CLOCK_ROOT)    net (fo=29, routed)          0.447     0.757    clock_system_IBUF_BUFG
    SLICE_X28Y90         FDCE                                         r  reg_1_s_count_reg[0]/C
  -------------------------------------------------------------------    -------------------
    SLICE_X28Y90         FDCE (Prop_DFF_SLICEM_C_Q)
                                                      0.039     0.796 r  reg_1_s_count_reg[0]/Q
                         net (fo=10, routed)          0.034     0.830    reg_1_s_count_reg[0]
    SLICE_X28Y90         LUT2 (Prop_D5LUT_SLICEM_I0_O)
                                                      0.037     0.867 r  reg_1_s_count[1]_i_1/O
                         net (fo=1, routed)           0.009     0.876    p_0_in__0[1]
    SLICE_X28Y90         FDCE                                         r  reg_1_s_count_reg[1]/D
  -------------------------------------------------------------------    -------------------

                         (clock clock_system rise edge)
                                                      0.000     0.000 r  
    V23                                               0.000     0.000 r  clock_system (IN)
                         net (fo=0)                   0.000     0.000    clock_system_IBUF_inst/I
    V23                  INBUF (Prop_INBUF_HPIOB_M_PAD_O)
                                                      0.322     0.322 r  clock_system_IBUF_inst/INBUF_INST/O
                         net (fo=1, routed)           0.000     0.322    clock_system_IBUF_inst/OUT
    V23                  IBUFCTRL (Prop_IBUFCTRL_HPIOB_M_I_O)
                                                      0.000     0.322 r  clock_system_IBUF_inst/IBUFCTRL_INST/O
                         net (fo=1, routed)           0.191     0.513    clock_system_IBUF
    BUFGCE_X0Y32         BUFGCE (Prop_BUFCE_BUFGCE_I_O)
                                                      0.019     0.532 r  clock_system_IBUF_BUFG_inst/O
    X0Y1 (CLOCK_ROOT)    net (fo=29, routed)          0.511     1.043    clock_system_IBUF_BUFG
    SLICE_X28Y90         FDCE                                         r  reg_1_s_count_reg[1]/C
                         clock pessimism             -0.280     0.763    
    SLICE_X28Y90         FDCE (Hold_DFF2_SLICEM_C_D)
                                                      0.047     0.810    reg_1_s_count_reg[1]
  -------------------------------------------------------------------
                         required time                         -0.810    
                         arrival time                           0.876    
  -------------------------------------------------------------------
                         slack                                  0.066    





Pulse Width Checks
--------------------------------------------------------------------------------------
Clock Name:         clock_system
Waveform(ns):       { 0.000 5.000 }
Period(ns):         10.000
Sources:            { clock_system }

Check Type        Corner  Lib Pin   Reference Pin  Required(ns)  Actual(ns)  Slack(ns)  Location      Pin
Min Period        n/a     BUFGCE/I  n/a            1.290         10.000      8.710      BUFGCE_X0Y32  clock_system_IBUF_BUFG_inst/I
Min Period        n/a     FDCE/C    n/a            0.550         10.000      9.450      SLICE_X27Y94  reg_1_ms_count_reg[0]/C
Min Period        n/a     FDCE/C    n/a            0.550         10.000      9.450      SLICE_X27Y93  reg_1_ms_count_reg[1]/C
Min Period        n/a     FDCE/C    n/a            0.550         10.000      9.450      SLICE_X27Y94  reg_1_ms_count_reg[2]/C
Min Period        n/a     FDCE/C    n/a            0.550         10.000      9.450      SLICE_X27Y94  reg_1_ms_count_reg[3]/C
Min Period        n/a     FDCE/C    n/a            0.550         10.000      9.450      SLICE_X27Y94  reg_1_ms_count_reg[4]/C
Min Period        n/a     FDCE/C    n/a            0.550         10.000      9.450      SLICE_X27Y93  reg_1_ms_count_reg[5]/C
Min Period        n/a     FDCE/C    n/a            0.550         10.000      9.450      SLICE_X27Y93  reg_1_ms_count_reg[6]/C
Min Period        n/a     FDCE/C    n/a            0.550         10.000      9.450      SLICE_X27Y94  reg_1_ms_count_reg[7]/C
Min Period        n/a     FDCE/C    n/a            0.550         10.000      9.450      SLICE_X27Y94  reg_1_ms_count_reg[8]/C
Low Pulse Width   Fast    FDCE/C    n/a            0.275         5.000       4.725      SLICE_X28Y90  reg_1_s_count_reg[0]/C
Low Pulse Width   Fast    FDCE/C    n/a            0.275         5.000       4.725      SLICE_X28Y90  reg_1_s_count_reg[1]/C
Low Pulse Width   Fast    FDCE/C    n/a            0.275         5.000       4.725      SLICE_X28Y91  reg_1_s_count_reg[4]/C
Low Pulse Width   Fast    FDCE/C    n/a            0.275         5.000       4.725      SLICE_X28Y91  reg_1_s_count_reg[6]/C
Low Pulse Width   Fast    FDCE/C    n/a            0.275         5.000       4.725      SLICE_X28Y91  reg_1_s_count_reg[7]/C
Low Pulse Width   Fast    FDCE/C    n/a            0.275         5.000       4.725      SLICE_X28Y91  reg_1_s_count_reg[8]/C
Low Pulse Width   Fast    FDCE/C    n/a            0.275         5.000       4.725      SLICE_X28Y91  reg_1_s_count_reg[9]/C
Low Pulse Width   Fast    FDCE/C    n/a            0.275         5.000       4.725      SLICE_X27Y90  reg_pwm_en_reg/C
Low Pulse Width   Slow    FDCE/C    n/a            0.275         5.000       4.725      SLICE_X27Y94  reg_1_ms_count_reg[2]/C
Low Pulse Width   Slow    FDCE/C    n/a            0.275         5.000       4.725      SLICE_X27Y94  reg_1_ms_count_reg[3]/C
High Pulse Width  Slow    FDCE/C    n/a            0.275         5.000       4.725      SLICE_X27Y94  reg_1_ms_count_reg[0]/C
High Pulse Width  Slow    FDCE/C    n/a            0.275         5.000       4.725      SLICE_X27Y93  reg_1_ms_count_reg[1]/C
High Pulse Width  Fast    FDCE/C    n/a            0.275         5.000       4.725      SLICE_X27Y93  reg_1_ms_count_reg[1]/C
High Pulse Width  Slow    FDCE/C    n/a            0.275         5.000       4.725      SLICE_X27Y94  reg_1_ms_count_reg[2]/C
High Pulse Width  Fast    FDCE/C    n/a            0.275         5.000       4.725      SLICE_X27Y94  reg_1_ms_count_reg[2]/C
High Pulse Width  Slow    FDCE/C    n/a            0.275         5.000       4.725      SLICE_X27Y94  reg_1_ms_count_reg[3]/C
High Pulse Width  Fast    FDCE/C    n/a            0.275         5.000       4.725      SLICE_X27Y94  reg_1_ms_count_reg[3]/C
High Pulse Width  Slow    FDCE/C    n/a            0.275         5.000       4.725      SLICE_X27Y94  reg_1_ms_count_reg[4]/C
High Pulse Width  Slow    FDCE/C    n/a            0.275         5.000       4.725      SLICE_X27Y93  reg_1_ms_count_reg[5]/C
High Pulse Width  Fast    FDCE/C    n/a            0.275         5.000       4.725      SLICE_X27Y93  reg_1_ms_count_reg[5]/C



