$date
   Wed Apr  1 00:24:32 2026
$end
$version
  2023.1
$end
$timescale
  1ps
$end
$scope module tb_dds_core $end
$var reg 1 ! clk $end
$var reg 1 " rst_n $end
$var reg 1 # en $end
$var reg 32 $ freq_word [31:0] $end
$var reg 16 % sample_out [15:0] $end
$var reg 1 & valid $end
$var integer 32 ' file_handle [31:0] $end
$var integer 32 ( sample_count [31:0] $end
$var real 32 ) phase_inc $end
$var real 32 * max_value $end
$var real 32 + min_value $end
$var real 32 , current_value $end
$scope module u_dds_core $end
$var wire 1 - clk $end
$var wire 1 . rst_n $end
$var wire 1 / en $end
$var wire 32 0 freq_word $end
$var wire 16 1 sample_out $end
$var wire 1 2 valid $end
$var wire 32 3 phase_accumulator $end
$var wire 10 4 current_table_addr $end
$var wire 9 5 quarter_addr $end
$var wire 1 6 if_negate $end
$var wire 1 7 if_negate_reg $end
$var wire 16 8 current_table_value $end
$var wire 1 9 valid_reg_1 $end
$upscope $end
$upscope $end
$enddefinitions $end
#0
$dumpvars
0!
0"
0#
b0 $
bx %
x&
bx '
b0 (
r0 )
r-32768 *
r32767 +
r0 ,
0-
0.
0/
b0 0
bx 1
x2
b0 3
b0 4
b0 5
06
07
b0 8
09
$end
#2500
1!
b0 %
0&
1-
b0 1
#5000
0!
0-
#7500
1!
1-
#10000
0!
0-
#12500
1!
1-
#15000
0!
0-
#17500
1!
1-
#20000
0!
0-
#22500
1!
1-
#25000
0!
0-
#27500
1!
1-
#30000
0!
0-
#32500
1!
1-
#35000
0!
0-
#37500
1!
1-
#40000
0!
0-
#42500
1!
1-
#45000
0!
0-
#47500
1!
1-
#50000
0!
0-
#52500
1!
1-
#55000
0!
0-
#57500
1!
1-
#60000
0!
0-
#62500
1!
1-
#65000
0!
0-
#67500
1!
1-
#70000
0!
0-
#72500
1!
1-
#75000
0!
0-
#77500
1!
1-
#80000
0!
0-
#82500
1!
1-
#85000
0!
0-
#87500
1!
1-
#90000
0!
0-
#92500
1!
1-
#95000
0!
0-
#97500
1!
1-
#100000
0!
1"
0-
1.
#102500
1!
1-
#105000
0!
0-
#107500
1!
1-
#110000
0!
0-
#112500
1!
1-
#115000
0!
0-
#117500
1!
1-
#120000
0!
0-
#122500
1!
1-
#125000
0!
0-
#127500
1!
1-
#130000
0!
0-
#132500
1!
1-
#135000
0!
0-
#137500
1!
1-
#140000
0!
0-
#142500
1!
1-
#145000
0!
0-
#147500
1!
1-
#150000
0!
0-
#152500
1!
1-
#155000
0!
0-
#157500
1!
1-
#160000
0!
0-
#162500
1!
1-
#165000
0!
0-
#167500
1!
1-
#170000
0!
0-
#172500
1!
1-
#175000
0!
0-
#177500
1!
1-
#180000
0!
0-
#182500
1!
1-
#185000
0!
0-
#187500
1!
1-
#190000
0!
0-
#192500
1!
1-
#195000
0!
0-
#197500
1!
1-
#200000
0!
1#
b1010001111010111000010100 $
r0.9999999776482582 )
0-
1/
b1010001111010111000010100 0
#202500
1!
1-
b1010001111010111000010100 3
19
#205000
0!
0-
#207500
1!
1&
1-
12
b10100011110101110000101000 3
b1010 5
#210000
0!
0-
#212500
1!
b1111101101 %
b1 (
r0 *
r0 +
1-
b11110101110000101000111100 3
b11111011001 8
#215000
0!
0-
#217500
1!
b11111011001 %
b10 (
r1005 *
r1005 ,
1-
b11111011001 1
b101000111101011100001010000 3
b10100 4
b10100 5
b101111000100 8
#220000
0!
0-
#222500
1!
b101111000100 %
b11 (
r2009 *
r2009 ,
1-
b101111000100 1
b110011001100110011001100100 3
b11001 5
b111110101011 8
#225000
0!
0-
#227500
1!
b111110101011 %
b100 (
r3012 *
r3012 ,
1-
b111110101011 1
b111101011100001010001111000 3
b1001110001111 8
#230000
0!
0-
#232500
1!
b1001110001111 %
b101 (
r4011 *
r4011 ,
1-
b1001110001111 1
b1000111101011100001010001100 3
b100011 4
b100011 5
b1011101101110 8
#235000
0!
0-
#237500
1!
b1011101101110 %
b110 (
r5007 *
r5007 ,
1-
b1011101101110 1
b1010001111010111000010100000 3
b101000 5
b1101101000111 8
#240000
0!
0-
#242500
1!
b1101101000111 %
b111 (
r5998 *
r5998 ,
1-
b1101101000111 1
b1011100001010001111010110100 3
b1111100011010 8
#245000
0!
0-
#247500
1!
b1111100011010 %
b1000 (
r6983 *
r6983 ,
1-
b1111100011010 1
b1100110011001100110011001000 3
b110011 4
b110011 5
b10001110100110 8
#250000
0!
0-
#252500
1!
b10001110100110 %
b1001 (
r7962 *
r7962 ,
1-
b10001110100110 1
b1110000101000111101011011100 3
b111000 5
b10011101100111 8
#255000
0!
0-
#257500
1!
b10011101100111 %
b1010 (
r9126 *
r9126 ,
1-
b10011101100111 1
b1111010111000010100011110000 3
b10101100011111 8
#260000
0!
0-
#262500
1!
b10101100011111 %
b1011 (
r10087 *
r10087 ,
1-
b10101100011111 1
b10000101000111101011100000100 3
b1000010 4
b1000010 5
b10111011001100 8
#265000
0!
0-
#267500
1!
b10111011001100 %
b1100 (
r11039 *
r11039 ,
1-
b10111011001100 1
b10001111010111000010100011000 3
b11001001101110 8
#270000
0!
0-
#272500
1!
b11001001101110 %
b1101 (
r11980 *
r11980 ,
1-
b11001001101110 1
b10011001100110011001100101100 3
b1001100 5
b11011000000100 8
#275000
0!
0-
#277500
1!
b11011000000100 %
b1110 (
r12910 *
r12910 ,
1-
b11011000000100 1
b10100011110101110000101000000 3
b1010001 4
b1010001 5
b11100110001100 8
#280000
0!
0-
#282500
1!
b11100110001100 %
b1111 (
r13828 *
r13828 ,
1-
b11100110001100 1
b10101110000101000111101010100 3
b11110100000111 8
#285000
0!
0-
#287500
1!
b11110100000111 %
b10000 (
r14732 *
r14732 ,
1-
b11110100000111 1
b10111000010100011110101101000 3
b1011100 5
b100000100100001 8
#290000
0!
0-
#292500
1!
b100000100100001 %
b10001 (
r15623 *
r15623 ,
1-
b100000100100001 1
b11000010100011110101101111100 3
b1100001 4
b1100001 5
b100010001111010 8
#295000
0!
0-
#297500
1!
b100010001111010 %
b10010 (
r16673 *
r16673 ,
1-
b100010001111010 1
b11001100110011001100110010000 3
#300000
0!
0-
#302500
1!
b100011111000011 %
b10011 (
r17530 *
r17530 ,
1-
b11010111000010100011110100100 3
b1101011 5
b100101011111011 8
#305000
0!
0-
#307500
1!
b100101011111011 %
b10100 (
r18371 *
r18371 ,
1-
b100101011111011 1
b11100001010001111010110111000 3
b1110000 4
b1110000 5
b100111000100000 8
#310000
0!
0-
#312500
1!
b100111000100000 %
b10101 (
r19195 *
r19195 ,
1-
b100111000100000 1
b11101011100001010001111001100 3
b101000100110011 8
#315000
0!
0-
#317500
1!
b101000100110011 %
b10110 (
r20000 *
r20000 ,
1-
b101000100110011 1
b11110101110000101000111100000 3
b1111010 5
b101010000110010 8
#320000
0!
0-
#322500
1!
b101010000110010 %
b10111 (
r20787 *
r20787 ,
1-
b101010000110010 1
b11111111111111111111111110100 3
#325000
0!
0-
#327500
1!
b101011100011101 %
b11000 (
r21554 *
r21554 ,
1-
b100001010001111010111000001000 3
b10000101 4
b10000101 5
b101100111110011 8
#330000
0!
0-
#332500
1!
b101100111110011 %
b11001 (
r22301 *
r22301 ,
1-
b101100111110011 1
b100010100011110101110000011100 3
b10001010 5
b101110100111110 8
#335000
0!
0-
#337500
1!
b101110100111110 %
b11010 (
r23027 *
r23027 ,
1-
b101110100111110 1
b100011110101110000101000110000 3
#340000
0!
0-
#342500
1!
b101111111100011 %
b11011 (
r23870 *
r23870 ,
1-
b100101000111101011100001000100 3
b10010100 4
b10010100 5
b110001001110001 8
#345000
0!
0-
#347500
1!
b110001001110001 %
b11100 (
r24547 *
r24547 ,
1-
b110001001110001 1
b100110011001100110011001011000 3
b10011001 5
b110010011101000 8
#350000
0!
0-
#352500
1!
b110010011101000 %
b11101 (
r25201 *
r25201 ,
1-
b110010011101000 1
b100111101011100001010001101100 3
#355000
0!
0-
#357500
1!
b110011101000110 %
b11110 (
r25832 *
r25832 ,
1-
b101000111101011100001010000000 3
b10100011 4
b10100011 5
b110100110001011 8
#360000
0!
0-
#362500
1!
b110100110001011 %
b11111 (
r26438 *
r26438 ,
1-
b110100110001011 1
b101010001111010111000010010100 3
b10101000 5
#365000
0!
0-
#367500
1!
b110101110110111 %
b100000 (
r27019 *
r27019 ,
1-
b101011100001010001111010101000 3
b110110111001001 8
#370000
0!
0-
#372500
1!
b110110111001001 %
b100001 (
r27575 *
r27575 ,
1-
b110110111001001 1
b101100110011001100110010111100 3
b10110011 4
b10110011 5
b111000000100010 8
#375000
0!
0-
#377500
1!
b111000000100010 %
b100010 (
r28105 *
r28105 ,
1-
b111000000100010 1
b101110000101000111101011010000 3
b10111000 5
#380000
0!
0-
#382500
1!
b111000111111001 %
b100011 (
r28706 *
r28706 ,
1-
b101111010111000010100011100100 3
#385000
0!
0-
#387500
1!
b111001110110101 %
b100100 (
r29177 *
r29177 ,
1-
b110000101000111101011011111000 3
b11000010 4
b11000010 5
b111010101010101 8
#390000
0!
0-
#392500
1!
b111010101010101 %
b100101 (
r29621 *
r29621 ,
1-
b111010101010101 1
b110001111010111000010100001100 3
#395000
0!
0-
#397500
1!
b111011011011000 %
b100110 (
r30037 *
r30037 ,
1-
b110011001100110011001100100000 3
b11001100 5
b111100000111111 8
#400000
0!
0-
#402500
1!
b111100000111111 %
b100111 (
r30424 *
r30424 ,
1-
b111100000111111 1
b110100011110101110000100110100 3
b11010001 4
b11010001 5
#405000
0!
0-
#407500
1!
b111100110001001 %
b101000 (
r30783 *
r30783 ,
1-
b110101110000101000111101001000 3
#410000
0!
0-
#412500
1!
b111101010110110 %
b101001 (
r31113 *
r31113 ,
1-
b110111000010100011110101011100 3
b11011100 5
#415000
0!
0-
#417500
1!
b111101111111000 %
b101010 (
r31414 *
r31414 ,
1-
b111000010100011110101101110000 3
b11100001 4
b11100001 5
b111110011100011 8
#420000
0!
0-
#422500
1!
b111110011100011 %
b101011 (
r31736 *
r31736 ,
1-
b111110011100011 1
b111001100110011001100110000100 3
#425000
0!
0-
#427500
1!
b111110110110000 %
b101100 (
r31971 *
r31971 ,
1-
b111010111000010100011110011000 3
b11101011 5
#430000
0!
0-
#432500
1!
b111111001011111 %
b101101 (
r32176 *
r32176 ,
1-
b111100001010001111010110101100 3
b11110000 4
b11110000 5
#435000
0!
0-
#437500
1!
b111111011101111 %
b101110 (
r32351 *
r32351 ,
1-
b111101011100001010001111000000 3
#440000
0!
0-
#442500
1!
b111111101100001 %
b101111 (
r32495 *
r32495 ,
1-
b111110101110000101000111010100 3
b11111010 5
#445000
0!
0-
#447500
1!
b111111110110100 %
b110000 (
r32609 *
r32609 ,
1-
b111111111111111111111111101000 3
#450000
0!
0-
#452500
1!
b111111111101001 %
b110001 (
r32692 *
r32692 ,
1-
b1000001010001111010110111111100 3
b100000101 4
#455000
0!
0-
#457500
1!
b111111111111110 %
b110010 (
r32745 *
r32745 ,
1-
b1000010100011110101110000010000 3
b11110110 5
#460000
0!
0-
#462500
1!
b111111111110000 %
b110011 (
r32766 *
r32766 ,
1-
b1000011110101110000101000100100 3
#465000
0!
0-
#467500
1!
b111111111000001 %
b110100 (
r32752 ,
1-
b1000101000111101011100000111000 3
b100010100 4
b11101100 5
#470000
0!
0-
#472500
1!
b111111101110100 %
b110101 (
r32705 ,
1-
b1000110011001100110011001001100 3
b11100111 5
#475000
0!
0-
#477500
1!
b111111100001001 %
b110110 (
r32628 ,
1-
b1000111101011100001010001100000 3
#480000
0!
0-
#482500
1!
b111111001111110 %
b110111 (
r32521 ,
1-
b1001000111101011100001001110100 3
b100100011 4
b11011101 5
#485000
0!
0-
#487500
1!
b111110111010101 %
b111000 (
r32382 ,
1-
b1001010001111010111000010001000 3
#490000
0!
0-
#492500
1!
b111110100001110 %
b111001 (
r32213 ,
1-
b1001011100001010001111010011100 3
b11010010 5
#495000
0!
0-
#497500
1!
b111110000101001 %
b111010 (
r32014 ,
1-
b1001100110011001100110010110000 3
b100110011 4
b11001101 5
b111101011101110 8
#500000
0!
0-
#502500
1!
b111101011101110 %
b111011 (
r31785 ,
1-
b111101011101110 1
b1001110000101000111101011000100 3
#505000
0!
0-
#507500
1!
b111100111001000 %
b111100 (
r31470 ,
1-
b1001111010111000010100011011000 3
b11000011 5
#510000
0!
0-
#512500
1!
b111100010000100 %
b111101 (
r31176 ,
1-
b1010000101000111101011011101100 3
b101000010 4
b10111110 5
b111011100100010 8
#515000
0!
0-
#517500
1!
b111011100100010 %
b111110 (
r30852 ,
1-
b111011100100010 1
b1010001111010111000010100000000 3
#520000
0!
0-
#522500
1!
b111010110100101 %
b111111 (
r30498 ,
1-
b1010011001100110011001100010100 3
b10110100 5
#525000
0!
0-
#527500
1!
b111010000001010 %
b1000000 (
r30117 ,
1-
b1010100011110101110000100101000 3
b101010001 4
b10101111 5
b111001001010100 8
#530000
0!
0-
#532500
1!
b111001001010100 %
b1000001 (
r29706 ,
1-
b111001001010100 1
b1010101110000101000111100111100 3
#535000
0!
0-
#537500
1!
b111000010000011 %
b1000010 (
r29268 ,
1-
b1010111000010100011110101010000 3
b10100100 5
b110111000110000 8
#540000
0!
0-
#542500
1!
b110111000110000 %
b1000011 (
r28803 ,
1-
b110111000110000 1
b1011000010100011110101101100100 3
b101100001 4
b10011111 5
#545000
0!
0-
#547500
1!
b110110000100011 %
b1000100 (
r28208 ,
1-
b1011001100110011001100101111000 3
b110100111111101 8
#550000
0!
0-
#552500
1!
b110100111111101 %
b1000101 (
r27683 ,
1-
b110100111111101 1
b1011010111000010100011110001100 3
b10010101 5
b110011110111100 8
#555000
0!
0-
#557500
1!
b110011110111100 %
b1000110 (
r27133 ,
1-
b110011110111100 1
b1011100001010001111010110100000 3
b101110000 4
#560000
0!
0-
#562500
1!
b110010101100011 %
b1000111 (
r26556 ,
1-
b1011101011100001010001110110100 3
b10001011 5
b110001011110001 8
#565000
0!
0-
#567500
1!
b110001011110001 %
b1001000 (
r25955 ,
1-
b110001011110001 1
b1011110101110000101000111001000 3
b10000110 5
#570000
0!
0-
#572500
1!
b110000001101000 %
b1001001 (
r25329 ,
1-
b1011111111111111111111111011100 3
b101110111000111 8
#575000
0!
0-
#577500
1!
b101110111000111 %
b1001010 (
r24680 ,
1-
b101110111000111 1
b1100001010001111010110111110000 3
b110000101 4
b1111011 5
b101101100001111 8
#580000
0!
0-
#582500
1!
b101101100001111 %
b1001011 (
r24007 ,
1-
b101101100001111 1
b1100010100011110101110000000100 3
b1110110 5
b101011110110000 8
#585000
0!
0-
#587500
1!
b101011110110000 %
b1001100 (
r23311 ,
1-
b101011110110000 1
b1100011110101110000101000011000 3
#590000
0!
0-
#592500
1!
b101010011001001 %
b1001101 (
r22448 ,
1-
b1100101000111101011100000101100 3
b110010100 4
b1101100 5
b101000111001110 8
#595000
0!
0-
#597500
1!
b101000111001110 %
b1001110 (
r21705 ,
1-
b101000111001110 1
b1100110011001100110011001000000 3
b1100111 5
b100111010111111 8
#600000
0!
0-
#602500
1!
b100111010111111 %
b1001111 (
r20942 ,
1-
b100111010111111 1
b1100111101011100001010001010100 3
b100101110011101 8
#605000
0!
0-
#607500
1!
b100101110011101 %
b1010000 (
r20159 ,
1-
b100101110011101 1
b1101000111101011100001001101000 3
b110100011 4
b1011101 5
#610000
0!
0-
#612500
1!
b100100001101001 %
b1010001 (
r19357 ,
1-
b1101010001111010111000001111100 3
b100010100100100 8
#615000
0!
0-
#617500
1!
b100010100100100 %
b1010010 (
r18537 ,
1-
b100010100100100 1
b1101011100001010001111010010000 3
b1010010 5
b100000111001110 8
#620000
0!
0-
#622500
1!
b100000111001110 %
b1010011 (
r17700 ,
1-
b100000111001110 1
b1101100110011001100110010100100 3
b110110011 4
b1001101 5
b11110110111000 8
#625000
0!
0-
#627500
1!
b11110110111000 %
b1010100 (
r16846 ,
1-
b11110110111000 1
b1101110000101000111101010111000 3
b11101001000000 8
#630000
0!
0-
#632500
1!
b11101001000000 %
b1010101 (
r15800 ,
1-
b11101001000000 1
b1101111010111000010100011001100 3
b1000011 5
b11011010111010 8
#635000
0!
0-
#637500
1!
b11011010111010 %
b1010110 (
r14912 ,
1-
b11011010111010 1
b1110000101000111101011011100000 3
b111000010 4
b111110 5
b11001100100110 8
#640000
0!
0-
#642500
1!
b11001100100110 %
b1010111 (
r14010 ,
1-
b11001100100110 1
b1110001111010111000010011110100 3
b10111110000111 8
#645000
0!
0-
#647500
1!
b10111110000111 %
b1011000 (
r13094 ,
1-
b10111110000111 1
b1110011001100110011001100001000 3
b110100 5
b10101111011100 8
#650000
0!
0-
#652500
1!
b10101111011100 %
b1011001 (
r12167 ,
1-
b10101111011100 1
b1110100011110101110000100011100 3
b111010001 4
b101111 5
#655000
0!
0-
#657500
1!
b10100000100110 %
b1011010 (
r11228 ,
1-
b1110101110000101000111100110000 3
b10010001100111 8
#660000
0!
0-
#662500
1!
b10010001100111 %
b1011011 (
r10278 ,
1-
b10010001100111 1
b1110111000010100011110101000100 3
b100100 5
b1111111011101 8
#665000
0!
0-
#667500
1!
b1111111011101 %
b1011100 (
r9319 ,
1-
b1111111011101 1
b1111000010100011110101101011000 3
b111100001 4
b11111 5
#670000
0!
0-
#672500
1!
b1110000001011 %
b1011101 (
r8157 ,
1-
b1111001100110011001100101101100 3
b1100000110011 8
#675000
0!
0-
#677500
1!
b1100000110011 %
b1011110 (
r7179 ,
1-
b1100000110011 1
b1111010111000010100011110000000 3
b10101 5
b1010001010101 8
#680000
0!
0-
#682500
1!
b1010001010101 %
b1011111 (
r6195 ,
1-
b1010001010101 1
b1111100001010001111010110010100 3
b111110000 4
b1000001110010 8
#685000
0!
0-
#687500
1!
b1000001110010 %
b1100000 (
r5205 ,
1-
b1000001110010 1
b1111101011100001010001110101000 3
b1011 5
b110010001100 8
#690000
0!
0-
#692500
1!
b110010001100 %
b1100001 (
r4210 ,
1-
b110010001100 1
b1111110101110000101000110111100 3
b110 5
b100010100010 8
#695000
0!
0-
#697500
1!
b100010100010 %
b1100010 (
r3212 ,
1-
b100010100010 1
b1111111111111111111111111010000 3
b10010110110 8
#700000
0!
0-
#702500
1!
b10010110110 %
b1100011 (
r2210 ,
1-
b10010110110 1
b10000001010001111010110111100100 3
b1000000101 4
16
b11001001 8
#705000
0!
0-
#707500
1!
b11001001 %
b1100100 (
r1206 ,
1-
b11001001 1
b10000010100011110101101111111000 3
b1010 5
17
#710000
0!
0-
#712500
1!
b1111110000010011 %
b1100101 (
r201 ,
1-
b1111110000010011 1
b10000011110101110000101000001100 3
b11111011001 8
#715000
0!
0-
#717500
1!
b1111100000100111 %
b1100110 (
r-1005 +
r-1005 ,
1-
b1111100000100111 1
b10000101000111101011100000100000 3
b1000010100 4
b10100 5
b101111000100 8
#720000
0!
0-
#722500
1!
b1111010000111100 %
b1100111 (
r-2009 +
r-2009 ,
1-
b1111010000111100 1
b10000110011001100110011000110100 3
b11001 5
b111110101011 8
#725000
0!
0-
#727500
1!
b1111000001010101 %
b1101000 (
r-3012 +
r-3012 ,
1-
b1111000001010101 1
b10000111101011100001010001001000 3
b1001110001111 8
#730000
0!
0-
#732500
1!
b1110110001110001 %
b1101001 (
r-4011 +
r-4011 ,
1-
b1110110001110001 1
b10001000111101011100001001011100 3
b1000100011 4
b100011 5
b1011101101110 8
#735000
0!
0-
#737500
1!
b1110100010010010 %
b1101010 (
r-5007 +
r-5007 ,
1-
b1110100010010010 1
b10001010001111010111000001110000 3
b101000 5
b1101101000111 8
#740000
0!
0-
#742500
1!
b1110010010111001 %
b1101011 (
r-5998 +
r-5998 ,
1-
b1110010010111001 1
b10001011100001010001111010000100 3
b1111100011010 8
#745000
0!
0-
#747500
1!
b1110000011100110 %
b1101100 (
r-6983 +
r-6983 ,
1-
b1110000011100110 1
b10001100110011001100110010011000 3
b1000110011 4
b110011 5
b10001110100110 8
#750000
0!
0-
#752500
1!
b1101110001011010 %
b1101101 (
r-7962 +
r-7962 ,
1-
b1101110001011010 1
b10001110000101000111101010101100 3
b111000 5
b10011101100111 8
#755000
0!
0-
#757500
1!
b1101100010011001 %
b1101110 (
r-9126 +
r-9126 ,
1-
b1101100010011001 1
b10001111010111000010100011000000 3
b10101100011111 8
#760000
0!
0-
#762500
1!
b1101010011100001 %
b1101111 (
r-10087 +
r-10087 ,
1-
b1101010011100001 1
b10010000101000111101011011010100 3
b1001000010 4
b1000010 5
b10111011001100 8
#765000
0!
0-
#767500
1!
b1101000100110100 %
b1110000 (
r-11039 +
r-11039 ,
1-
b1101000100110100 1
b10010001111010111000010011101000 3
b11001001101110 8
#770000
0!
0-
#772500
1!
b1100110110010010 %
b1110001 (
r-11980 +
r-11980 ,
1-
b1100110110010010 1
b10010011001100110011001011111100 3
b1001100 5
b11011000000100 8
#775000
0!
0-
#777500
1!
b1100100111111100 %
b1110010 (
r-12910 +
r-12910 ,
1-
b1100100111111100 1
b10010100011110101110000100010000 3
b1001010001 4
b1010001 5
b11100110001100 8
#780000
0!
0-
#782500
1!
b1100011001110100 %
b1110011 (
r-13828 +
r-13828 ,
1-
b1100011001110100 1
b10010101110000101000111100100100 3
b11110100000111 8
#785000
0!
0-
#787500
1!
b1100001011111001 %
b1110100 (
r-14732 +
r-14732 ,
1-
b1100001011111001 1
b10010111000010100011110100111000 3
b1011100 5
b100000100100001 8
#790000
0!
0-
#792500
1!
b1011111011011111 %
b1110101 (
r-15623 +
r-15623 ,
1-
b1011111011011111 1
b10011000010100011110101101001100 3
b1001100001 4
b1100001 5
b100010001111010 8
#795000
0!
0-
#797500
1!
b1011101110000110 %
b1110110 (
r-16673 +
r-16673 ,
1-
b1011101110000110 1
b10011001100110011001100101100000 3
#800000
0!
0-
#802500
1!
b1011100000111101 %
b1110111 (
r-17530 +
r-17530 ,
1-
b10011010111000010100011101110100 3
b1101011 5
b100101011111011 8
#805000
0!
0-
#807500
1!
b1011010100000101 %
b1111000 (
r-18371 +
r-18371 ,
1-
b1011010100000101 1
b10011100001010001111010110001000 3
b1001110000 4
b1110000 5
b100111000100000 8
#810000
0!
0-
#812500
1!
b1011000111100000 %
b1111001 (
r-19195 +
r-19195 ,
1-
b1011000111100000 1
b10011101011100001010001110011100 3
b101000100110011 8
#815000
0!
0-
#817500
1!
b1010111011001101 %
b1111010 (
r-20000 +
r-20000 ,
1-
b1010111011001101 1
b10011110101110000101000110110000 3
b1111010 5
b101010000110010 8
#820000
0!
0-
#822500
1!
b1010101111001110 %
b1111011 (
r-20787 +
r-20787 ,
1-
b1010101111001110 1
b10011111111111111111111111000100 3
#825000
0!
0-
#827500
1!
b1010100011100011 %
b1111100 (
r-21554 +
r-21554 ,
1-
b10100001010001111010110111011000 3
b1010000101 4
b10000101 5
b101100111110011 8
#830000
0!
0-
#832500
1!
b1010011000001101 %
b1111101 (
r-22301 +
r-22301 ,
1-
b1010011000001101 1
b10100010100011110101101111101100 3
b10001010 5
b101110100111110 8
#835000
0!
0-
#837500
1!
b1010001011000010 %
b1111110 (
r-23027 +
r-23027 ,
1-
b1010001011000010 1
b10100011110101110000101000000000 3
#840000
0!
0-
#842500
1!
b1010000000011101 %
b1111111 (
r-23870 +
r-23870 ,
1-
b10100101000111101011100000010100 3
b1010010100 4
b10010100 5
b110001001110001 8
#845000
0!
0-
#847500
1!
b1001110110001111 %
b10000000 (
r-24547 +
r-24547 ,
1-
b1001110110001111 1
b10100110011001100110011000101000 3
b10011001 5
b110010011101000 8
#850000
0!
0-
#852500
1!
b1001101100011000 %
b10000001 (
r-25201 +
r-25201 ,
1-
b1001101100011000 1
b10100111101011100001010000111100 3
#855000
0!
0-
#857500
1!
b1001100010111010 %
b10000010 (
r-25832 +
r-25832 ,
1-
b10101000111101011100001001010000 3
b1010100011 4
b10100011 5
b110100110001011 8
#860000
0!
0-
#862500
1!
b1001011001110101 %
b10000011 (
r-26438 +
r-26438 ,
1-
b1001011001110101 1
b10101010001111010111000001100100 3
b10101000 5
#865000
0!
0-
#867500
1!
b1001010001001001 %
b10000100 (
r-27019 +
r-27019 ,
1-
b10101011100001010001111001111000 3
b110110111001001 8
#870000
0!
0-
#872500
1!
b1001001000110111 %
b10000101 (
r-27575 +
r-27575 ,
1-
b1001001000110111 1
b10101100110011001100110010001100 3
b1010110011 4
b10110011 5
b111000000100010 8
#875000
0!
0-
#877500
1!
b1000111111011110 %
b10000110 (
r-28105 +
r-28105 ,
1-
b1000111111011110 1
b10101110000101000111101010100000 3
b10111000 5
#880000
0!
0-
#882500
1!
b1000111000000111 %
b10000111 (
r-28706 +
r-28706 ,
1-
b10101111010111000010100010110100 3
#885000
0!
0-
#887500
1!
b1000110001001011 %
b10001000 (
r-29177 +
r-29177 ,
1-
b10110000101000111101011011001000 3
b1011000010 4
b11000010 5
b111010101010101 8
#890000
0!
0-
#892500
1!
b1000101010101011 %
b10001001 (
r-29621 +
r-29621 ,
1-
b1000101010101011 1
b10110001111010111000010011011100 3
#895000
0!
0-
#897500
1!
b1000100100101000 %
b10001010 (
r-30037 +
r-30037 ,
1-
b10110011001100110011001011110000 3
b11001100 5
b111100000111111 8
#900000
0!
0-
#902500
1!
b1000011111000001 %
b10001011 (
r-30424 +
r-30424 ,
1-
b1000011111000001 1
b10110100011110101110000100000100 3
b1011010001 4
b11010001 5
#905000
0!
0-
#907500
1!
b1000011001110111 %
b10001100 (
r-30783 +
r-30783 ,
1-
b10110101110000101000111100011000 3
#910000
0!
0-
#912500
1!
b1000010101001010 %
b10001101 (
r-31113 +
r-31113 ,
1-
b10110111000010100011110100101100 3
b11011100 5
#915000
0!
0-
#917500
1!
b1000010000001000 %
b10001110 (
r-31414 +
r-31414 ,
1-
b10111000010100011110101101000000 3
b1011100001 4
b11100001 5
b111110011100011 8
#920000
0!
0-
#922500
1!
b1000001100011101 %
b10001111 (
r-31736 +
r-31736 ,
1-
b1000001100011101 1
b10111001100110011001100101010100 3
#925000
0!
0-
#927500
1!
b1000001001010000 %
b10010000 (
r-31971 +
r-31971 ,
1-
b10111010111000010100011101101000 3
b11101011 5
#930000
0!
0-
#932500
1!
b1000000110100001 %
b10010001 (
r-32176 +
r-32176 ,
1-
b10111100001010001111010101111100 3
b1011110000 4
b11110000 5
#935000
0!
0-
#937500
1!
b1000000100010001 %
b10010010 (
r-32351 +
r-32351 ,
1-
b10111101011100001010001110010000 3
#940000
0!
0-
#942500
1!
b1000000010011111 %
b10010011 (
r-32495 +
r-32495 ,
1-
b10111110101110000101000110100100 3
b11111010 5
#945000
0!
0-
#947500
1!
b1000000001001100 %
b10010100 (
r-32609 +
r-32609 ,
1-
b10111111111111111111111110111000 3
#950000
0!
0-
#952500
1!
b1000000000010111 %
b10010101 (
r-32692 +
r-32692 ,
1-
b11000001010001111010110111001100 3
b1100000101 4
#955000
0!
0-
#957500
1!
b1000000000000010 %
b10010110 (
r-32745 +
r-32745 ,
1-
b11000010100011110101101111100000 3
b11110110 5
#960000
0!
0-
#962500
1!
b1000000000010000 %
b10010111 (
r-32766 +
r-32766 ,
1-
b11000011110101110000100111110100 3
#965000
0!
0-
#967500
1!
b1000000000111111 %
b10011000 (
r-32752 ,
1-
b11000101000111101011100000001000 3
b1100010100 4
b11101100 5
#970000
0!
0-
#972500
1!
b1000000010001100 %
b10011001 (
r-32705 ,
1-
b11000110011001100110011000011100 3
b11100111 5
#975000
0!
0-
#977500
1!
b1000000011110111 %
b10011010 (
r-32628 ,
1-
b11000111101011100001010000110000 3
#980000
0!
0-
#982500
1!
b1000000110000010 %
b10011011 (
r-32521 ,
1-
b11001000111101011100001001000100 3
b1100100011 4
b11011101 5
#985000
0!
0-
#987500
1!
b1000001000101011 %
b10011100 (
r-32382 ,
1-
b11001010001111010111000001011000 3
#990000
0!
0-
#992500
1!
b1000001011110010 %
b10011101 (
r-32213 ,
1-
b11001011100001010001111001101100 3
b11010010 5
#995000
0!
0-
#997500
1!
b1000001111010111 %
b10011110 (
r-32014 ,
1-
b11001100110011001100110010000000 3
b1100110011 4
b11001101 5
b111101011101110 8
#1000000
0!
0-
#1002500
1!
b1000010100010010 %
b10011111 (
r-31785 ,
1-
b1000010100010010 1
b11001110000101000111101010010100 3
#1005000
0!
0-
#1007500
1!
b1000011000111000 %
b10100000 (
r-31470 ,
1-
b11001111010111000010100010101000 3
b11000011 5
#1010000
0!
0-
#1012500
1!
b1000011101111100 %
b10100001 (
r-31176 ,
1-
b11010000101000111101011010111100 3
b1101000010 4
b10111110 5
b111011100100010 8
#1015000
0!
0-
#1017500
1!
b1000100011011110 %
b10100010 (
r-30852 ,
1-
b1000100011011110 1
b11010001111010111000010011010000 3
#1020000
0!
0-
#1022500
1!
b1000101001011011 %
b10100011 (
r-30498 ,
1-
b11010011001100110011001011100100 3
b10110100 5
#1025000
0!
0-
#1027500
1!
b1000101111110110 %
b10100100 (
r-30117 ,
1-
b11010100011110101110000011111000 3
b1101010001 4
b10101111 5
b111001001010100 8
#1030000
0!
0-
#1032500
1!
b1000110110101100 %
b10100101 (
r-29706 ,
1-
b1000110110101100 1
b11010101110000101000111100001100 3
#1035000
0!
0-
#1037500
1!
b1000111101111101 %
b10100110 (
r-29268 ,
1-
b11010111000010100011110100100000 3
b10100100 5
b110111000110000 8
#1040000
0!
0-
#1042500
1!
b1001000111010000 %
b10100111 (
r-28803 ,
1-
b1001000111010000 1
b11011000010100011110101100110100 3
b1101100001 4
b10011111 5
#1045000
0!
0-
#1047500
1!
b1001001111011101 %
b10101000 (
r-28208 ,
1-
b11011001100110011001100101001000 3
b110100111111101 8
#1050000
0!
0-
#1052500
1!
b1001011000000011 %
b10101001 (
r-27683 ,
1-
b1001011000000011 1
b11011010111000010100011101011100 3
b10010101 5
b110011110111100 8
#1055000
0!
0-
#1057500
1!
b1001100001000100 %
b10101010 (
r-27133 ,
1-
b1001100001000100 1
b11011100001010001111010101110000 3
b1101110000 4
#1060000
0!
0-
#1062500
1!
b1001101010011101 %
b10101011 (
r-26556 ,
1-
b11011101011100001010001110000100 3
b10001011 5
b110001011110001 8
#1065000
0!
0-
#1067500
1!
b1001110100001111 %
b10101100 (
r-25955 ,
1-
b1001110100001111 1
b11011110101110000101000110011000 3
b10000110 5
#1070000
0!
0-
#1072500
1!
b1001111110011000 %
b10101101 (
r-25329 ,
1-
b11011111111111111111111110101100 3
b101110111000111 8
#1075000
0!
0-
#1077500
1!
b1010001000111001 %
b10101110 (
r-24680 ,
1-
b1010001000111001 1
b11100001010001111010110111000000 3
b1110000101 4
b1111011 5
b101101100001111 8
#1080000
0!
0-
#1082500
1!
b1010010011110001 %
b10101111 (
r-24007 ,
1-
b1010010011110001 1
b11100010100011110101101111010100 3
b1110110 5
b101011110110000 8
#1085000
0!
0-
#1087500
1!
b1010100001010000 %
b10110000 (
r-23311 ,
1-
b1010100001010000 1
b11100011110101110000100111101000 3
#1090000
0!
0-
#1092500
1!
b1010101100110111 %
b10110001 (
r-22448 ,
1-
b11100101000111101011011111111100 3
b1110010100 4
b1101100 5
b101000111001110 8
#1095000
0!
0-
#1097500
1!
b1010111000110010 %
b10110010 (
r-21705 ,
1-
b1010111000110010 1
b11100110011001100110011000010000 3
b1100111 5
b100111010111111 8
#1100000
0!
0-
#1102500
1!
b1011000101000001 %
b10110011 (
r-20942 ,
1-
b1011000101000001 1
b11100111101011100001010000100100 3
b100101110011101 8
#1105000
0!
0-
#1107500
1!
b1011010001100011 %
b10110100 (
r-20159 ,
1-
b1011010001100011 1
b11101000111101011100001000111000 3
b1110100011 4
b1011101 5
#1110000
0!
0-
#1112500
1!
b1011011110010111 %
b10110101 (
r-19357 ,
1-
b11101010001111010111000001001100 3
b100010100100100 8
#1115000
0!
0-
#1117500
1!
b1011101011011100 %
b10110110 (
r-18537 ,
1-
b1011101011011100 1
b11101011100001010001111001100000 3
b1010010 5
b100000111001110 8
#1120000
0!
0-
#1122500
1!
b1011111000110010 %
b10110111 (
r-17700 ,
1-
b1011111000110010 1
b11101100110011001100110001110100 3
b1110110011 4
b1001101 5
b11110110111000 8
#1125000
0!
0-
#1127500
1!
b1100001001001000 %
b10111000 (
r-16846 ,
1-
b1100001001001000 1
b11101110000101000111101010001000 3
b11101001000000 8
#1130000
0!
0-
#1132500
1!
b1100010111000000 %
b10111001 (
r-15800 ,
1-
b1100010111000000 1
b11101111010111000010100010011100 3
b1000011 5
b11011010111010 8
#1135000
0!
0-
#1137500
1!
b1100100101000110 %
b10111010 (
r-14912 ,
1-
b1100100101000110 1
b11110000101000111101011010110000 3
b1111000010 4
b111110 5
b11001100100110 8
#1140000
0!
0-
#1142500
1!
b1100110011011010 %
b10111011 (
r-14010 ,
1-
b1100110011011010 1
b11110001111010111000010011000100 3
b10111110000111 8
#1145000
0!
0-
#1147500
1!
b1101000001111001 %
b10111100 (
r-13094 ,
1-
b1101000001111001 1
b11110011001100110011001011011000 3
b110100 5
b10101111011100 8
#1150000
0!
0-
#1152500
1!
b1101010000100100 %
b10111101 (
r-12167 ,
1-
b1101010000100100 1
b11110100011110101110000011101100 3
b1111010001 4
b101111 5
#1155000
0!
0-
#1157500
1!
b1101011111011010 %
b10111110 (
r-11228 ,
1-
b11110101110000101000111100000000 3
b10010001100111 8
#1160000
0!
0-
#1162500
1!
b1101101110011001 %
b10111111 (
r-10278 ,
1-
b1101101110011001 1
b11110111000010100011110100010100 3
b100100 5
b1111111011101 8
#1165000
0!
0-
#1167500
1!
b1110000000100011 %
b11000000 (
r-9319 ,
1-
b1110000000100011 1
b11111000010100011110101100101000 3
b1111100001 4
b11111 5
#1170000
0!
0-
#1172500
1!
b1110001111110101 %
b11000001 (
r-8157 ,
1-
b11111001100110011001100100111100 3
b1100000110011 8
#1175000
0!
0-
#1177500
1!
b1110011111001101 %
b11000010 (
r-7179 ,
1-
b1110011111001101 1
b11111010111000010100011101010000 3
b10101 5
b1010001010101 8
#1180000
0!
0-
#1182500
1!
b1110101110101011 %
b11000011 (
r-6195 ,
1-
b1110101110101011 1
b11111100001010001111010101100100 3
b1111110000 4
b1000001110010 8
#1185000
0!
0-
#1187500
1!
b1110111110001110 %
b11000100 (
r-5205 ,
1-
b1110111110001110 1
b11111101011100001010001101111000 3
b1011 5
b110010001100 8
#1190000
0!
0-
#1192500
1!
b1111001101110100 %
b11000101 (
r-4210 ,
1-
b1111001101110100 1
b11111110101110000101000110001100 3
b110 5
b100010100010 8
#1195000
0!
0-
#1197500
1!
b1111011101011110 %
b11000110 (
r-3212 ,
1-
b1111011101011110 1
b11111111111111111111111110100000 3
b10010110110 8
#1200000
0!
0-
#1202500
1!
b1111101101001010 %
b11000111 (
r-2210 ,
1-
b1111101101001010 1
b1010001111010110110110100 3
b101 4
06
b11001001 8
#1205000
0!
0-
#1207500
1!
b1111111100110111 %
b11001000 (
r-1206 ,
1-
b1111111100110111 1
b10100011110101101111001000 3
b1010 5
07
#1210000
0!
0-
#1212500
1!
b1111101101 %
b11001001 (
r-201 ,
1-
b1111101101 1
b11110101110000100111011100 3
b11111011001 8
#1215000
0!
0-
#1217500
1!
b11111011001 %
b11001010 (
r1005 ,
1-
b11111011001 1
b101000111101011011111110000 3
b10100 4
b10100 5
b101111000100 8
#1220000
0!
0-
#1222500
1!
b101111000100 %
b11001011 (
r2009 ,
1-
b101111000100 1
b110011001100110011000000100 3
b11001 5
b111110101011 8
#1225000
0!
0-
#1227500
1!
b111110101011 %
b11001100 (
r3012 ,
1-
b111110101011 1
b111101011100001010000011000 3
b1001110001111 8
#1230000
0!
0-
#1232500
1!
b1001110001111 %
b11001101 (
r4011 ,
1-
b1001110001111 1
b1000111101011100001000101100 3
b100011 4
b100011 5
b1011101101110 8
#1235000
0!
0-
#1237500
1!
b1011101101110 %
b11001110 (
r5007 ,
1-
b1011101101110 1
b1010001111010111000001000000 3
b101000 5
b1101101000111 8
#1240000
0!
0-
#1242500
1!
b1101101000111 %
b11001111 (
r5998 ,
1-
b1101101000111 1
b1011100001010001111001010100 3
b1111100011010 8
#1245000
0!
0-
#1247500
1!
b1111100011010 %
b11010000 (
r6983 ,
1-
b1111100011010 1
b1100110011001100110001101000 3
b110011 4
b110011 5
b10001110100110 8
#1250000
0!
0-
#1252500
1!
b10001110100110 %
b11010001 (
r7962 ,
1-
b10001110100110 1
b1110000101000111101001111100 3
b111000 5
b10011101100111 8
#1255000
0!
0-
#1257500
1!
b10011101100111 %
b11010010 (
r9126 ,
1-
b10011101100111 1
b1111010111000010100010010000 3
b10101100011111 8
#1260000
0!
0-
#1262500
1!
b10101100011111 %
b11010011 (
r10087 ,
1-
b10101100011111 1
b10000101000111101011010100100 3
b1000010 4
b1000010 5
b10111011001100 8
#1265000
0!
0-
#1267500
1!
b10111011001100 %
b11010100 (
r11039 ,
1-
b10111011001100 1
b10001111010111000010010111000 3
b11001001101110 8
#1270000
0!
0-
#1272500
1!
b11001001101110 %
b11010101 (
r11980 ,
1-
b11001001101110 1
b10011001100110011001011001100 3
b1001100 5
b11011000000100 8
#1275000
0!
0-
#1277500
1!
b11011000000100 %
b11010110 (
r12910 ,
1-
b11011000000100 1
b10100011110101110000011100000 3
b1010001 4
b1010001 5
b11100110001100 8
#1280000
0!
0-
#1282500
1!
b11100110001100 %
b11010111 (
r13828 ,
1-
b11100110001100 1
b10101110000101000111011110100 3
b11110100000111 8
#1285000
0!
0-
#1287500
1!
b11110100000111 %
b11011000 (
r14732 ,
1-
b11110100000111 1
b10111000010100011110100001000 3
b1011100 5
b100000100100001 8
#1290000
0!
0-
#1292500
1!
b100000100100001 %
b11011001 (
r15623 ,
1-
b100000100100001 1
b11000010100011110101100011100 3
b1100001 4
b1100001 5
b100010001111010 8
#1295000
0!
0-
#1297500
1!
b100010001111010 %
b11011010 (
r16673 ,
1-
b100010001111010 1
b11001100110011001100100110000 3
#1300000
0!
0-
#1302500
1!
b100011111000011 %
b11011011 (
r17530 ,
1-
b11010111000010100011101000100 3
b1101011 5
b100101011111011 8
#1305000
0!
0-
#1307500
1!
b100101011111011 %
b11011100 (
r18371 ,
1-
b100101011111011 1
b11100001010001111010101011000 3
b1110000 4
b1110000 5
b100111000100000 8
#1310000
0!
0-
#1312500
1!
b100111000100000 %
b11011101 (
r19195 ,
1-
b100111000100000 1
b11101011100001010001101101100 3
b101000100110011 8
#1315000
0!
0-
#1317500
1!
b101000100110011 %
b11011110 (
r20000 ,
1-
b101000100110011 1
b11110101110000101000110000000 3
b1111010 5
b101010000110010 8
#1320000
0!
0-
#1322500
1!
b101010000110010 %
b11011111 (
r20787 ,
1-
b101010000110010 1
b11111111111111111111110010100 3
#1325000
0!
0-
#1327500
1!
b101011100011101 %
b11100000 (
r21554 ,
1-
b100001010001111010110110101000 3
b10000101 4
b10000101 5
b101100111110011 8
#1330000
0!
0-
#1332500
1!
b101100111110011 %
b11100001 (
r22301 ,
1-
b101100111110011 1
b100010100011110101101110111100 3
b10001010 5
b101110100111110 8
#1335000
0!
0-
#1337500
1!
b101110100111110 %
b11100010 (
r23027 ,
1-
b101110100111110 1
b100011110101110000100111010000 3
#1340000
0!
0-
#1342500
1!
b101111111100011 %
b11100011 (
r23870 ,
1-
b100101000111101011011111100100 3
b10010100 4
b10010100 5
b110001001110001 8
#1345000
0!
0-
#1347500
1!
b110001001110001 %
b11100100 (
r24547 ,
1-
b110001001110001 1
b100110011001100110010111111000 3
b10011001 5
b110010011101000 8
#1350000
0!
0-
#1352500
1!
b110010011101000 %
b11100101 (
r25201 ,
1-
b110010011101000 1
b100111101011100001010000001100 3
#1355000
0!
0-
#1357500
1!
b110011101000110 %
b11100110 (
r25832 ,
1-
b101000111101011100001000100000 3
b10100011 4
b10100011 5
b110100110001011 8
#1360000
0!
0-
#1362500
1!
b110100110001011 %
b11100111 (
r26438 ,
1-
b110100110001011 1
b101010001111010111000000110100 3
b10101000 5
#1365000
0!
0-
#1367500
1!
b110101110110111 %
b11101000 (
r27019 ,
1-
b101011100001010001111001001000 3
b110110111001001 8
#1370000
0!
0-
#1372500
1!
b110110111001001 %
b11101001 (
r27575 ,
1-
b110110111001001 1
b101100110011001100110001011100 3
b10110011 4
b10110011 5
b111000000100010 8
#1375000
0!
0-
#1377500
1!
b111000000100010 %
b11101010 (
r28105 ,
1-
b111000000100010 1
b101110000101000111101001110000 3
b10111000 5
#1380000
0!
0-
#1382500
1!
b111000111111001 %
b11101011 (
r28706 ,
1-
b101111010111000010100010000100 3
#1385000
0!
0-
#1387500
1!
b111001110110101 %
b11101100 (
r29177 ,
1-
b110000101000111101011010011000 3
b11000010 4
b11000010 5
b111010101010101 8
#1390000
0!
0-
#1392500
1!
b111010101010101 %
b11101101 (
r29621 ,
1-
b111010101010101 1
b110001111010111000010010101100 3
#1395000
0!
0-
#1397500
1!
b111011011011000 %
b11101110 (
r30037 ,
1-
b110011001100110011001011000000 3
b11001100 5
b111100000111111 8
#1400000
0!
0-
#1402500
1!
b111100000111111 %
b11101111 (
r30424 ,
1-
b111100000111111 1
b110100011110101110000011010100 3
b11010001 4
b11010001 5
#1405000
0!
0-
#1407500
1!
b111100110001001 %
b11110000 (
r30783 ,
1-
b110101110000101000111011101000 3
#1410000
0!
0-
#1412500
1!
b111101010110110 %
b11110001 (
r31113 ,
1-
b110111000010100011110011111100 3
b11011100 5
#1415000
0!
0-
#1417500
1!
b111101111111000 %
b11110010 (
r31414 ,
1-
b111000010100011110101100010000 3
b11100001 4
b11100001 5
b111110011100011 8
#1420000
0!
0-
#1422500
1!
b111110011100011 %
b11110011 (
r31736 ,
1-
b111110011100011 1
b111001100110011001100100100100 3
#1425000
0!
0-
#1427500
1!
b111110110110000 %
b11110100 (
r31971 ,
1-
b111010111000010100011100111000 3
b11101011 5
#1430000
0!
0-
#1432500
1!
b111111001011111 %
b11110101 (
r32176 ,
1-
b111100001010001111010101001100 3
b11110000 4
b11110000 5
#1435000
0!
0-
#1437500
1!
b111111011101111 %
b11110110 (
r32351 ,
1-
b111101011100001010001101100000 3
#1440000
0!
0-
#1442500
1!
b111111101100001 %
b11110111 (
r32495 ,
1-
b111110101110000101000101110100 3
b11111010 5
#1445000
0!
0-
#1447500
1!
b111111110110100 %
b11111000 (
r32609 ,
1-
b111111111111111111111110001000 3
#1450000
0!
0-
#1452500
1!
b111111111101001 %
b11111001 (
r32692 ,
1-
b1000001010001111010110110011100 3
b100000101 4
#1455000
0!
0-
#1457500
1!
b111111111111110 %
b11111010 (
r32745 ,
1-
b1000010100011110101101110110000 3
b11110110 5
#1460000
0!
0-
#1462500
1!
b111111111110000 %
b11111011 (
r32766 ,
1-
b1000011110101110000100111000100 3
#1465000
0!
0-
#1467500
1!
b111111111000001 %
b11111100 (
r32752 ,
1-
b1000101000111101011011111011000 3
b100010100 4
b11101100 5
#1470000
0!
0-
#1472500
1!
b111111101110100 %
b11111101 (
r32705 ,
1-
b1000110011001100110010111101100 3
b11100111 5
#1475000
0!
0-
#1477500
1!
b111111100001001 %
b11111110 (
r32628 ,
1-
b1000111101011100001010000000000 3
#1480000
0!
0-
#1482500
1!
b111111001111110 %
b11111111 (
r32521 ,
1-
b1001000111101011100001000010100 3
b100100011 4
b11011101 5
#1485000
0!
0-
#1487500
1!
b111110111010101 %
b100000000 (
r32382 ,
1-
b1001010001111010111000000101000 3
#1490000
0!
0-
#1492500
1!
b111110100001110 %
b100000001 (
r32213 ,
1-
b1001011100001010001111000111100 3
b11010010 5
#1495000
0!
0-
#1497500
1!
b111110000101001 %
b100000010 (
r32014 ,
1-
b1001100110011001100110001010000 3
b100110011 4
b11001101 5
b111101011101110 8
#1500000
0!
0-
#1502500
1!
b111101011101110 %
b100000011 (
r31785 ,
1-
b111101011101110 1
b1001110000101000111101001100100 3
#1505000
0!
0-
#1507500
1!
b111100111001000 %
b100000100 (
r31470 ,
1-
b1001111010111000010100001111000 3
b11000011 5
#1510000
0!
0-
#1512500
1!
b111100010000100 %
b100000101 (
r31176 ,
1-
b1010000101000111101011010001100 3
b101000010 4
b10111110 5
b111011100100010 8
#1515000
0!
0-
#1517500
1!
b111011100100010 %
b100000110 (
r30852 ,
1-
b111011100100010 1
b1010001111010111000010010100000 3
#1520000
0!
0-
#1522500
1!
b111010110100101 %
b100000111 (
r30498 ,
1-
b1010011001100110011001010110100 3
b10110100 5
#1525000
0!
0-
#1527500
1!
b111010000001010 %
b100001000 (
r30117 ,
1-
b1010100011110101110000011001000 3
b101010001 4
b10101111 5
b111001001010100 8
#1530000
0!
0-
#1532500
1!
b111001001010100 %
b100001001 (
r29706 ,
1-
b111001001010100 1
b1010101110000101000111011011100 3
#1535000
0!
0-
#1537500
1!
b111000010000011 %
b100001010 (
r29268 ,
1-
b1010111000010100011110011110000 3
b10100100 5
b110111000110000 8
#1540000
0!
0-
#1542500
1!
b110111000110000 %
b100001011 (
r28803 ,
1-
b110111000110000 1
b1011000010100011110101100000100 3
b101100001 4
b10011111 5
#1545000
0!
0-
#1547500
1!
b110110000100011 %
b100001100 (
r28208 ,
1-
b1011001100110011001100100011000 3
b110100111111101 8
#1550000
0!
0-
#1552500
1!
b110100111111101 %
b100001101 (
r27683 ,
1-
b110100111111101 1
b1011010111000010100011100101100 3
b10010101 5
b110011110111100 8
#1555000
0!
0-
#1557500
1!
b110011110111100 %
b100001110 (
r27133 ,
1-
b110011110111100 1
b1011100001010001111010101000000 3
b101110000 4
#1560000
0!
0-
#1562500
1!
b110010101100011 %
b100001111 (
r26556 ,
1-
b1011101011100001010001101010100 3
b10001011 5
b110001011110001 8
#1565000
0!
0-
#1567500
1!
b110001011110001 %
b100010000 (
r25955 ,
1-
b110001011110001 1
b1011110101110000101000101101000 3
b10000110 5
#1570000
0!
0-
#1572500
1!
b110000001101000 %
b100010001 (
r25329 ,
1-
b1011111111111111111111101111100 3
b101110111000111 8
#1575000
0!
0-
#1577500
1!
b101110111000111 %
b100010010 (
r24680 ,
1-
b101110111000111 1
b1100001010001111010110110010000 3
b110000101 4
b1111011 5
b101101100001111 8
#1580000
0!
0-
#1582500
1!
b101101100001111 %
b100010011 (
r24007 ,
1-
b101101100001111 1
b1100010100011110101101110100100 3
b1110110 5
b101011110110000 8
#1585000
0!
0-
#1587500
1!
b101011110110000 %
b100010100 (
r23311 ,
1-
b101011110110000 1
b1100011110101110000100110111000 3
#1590000
0!
0-
#1592500
1!
b101010011001001 %
b100010101 (
r22448 ,
1-
b1100101000111101011011111001100 3
b110010100 4
b1101100 5
b101000111001110 8
#1595000
0!
0-
#1597500
1!
b101000111001110 %
b100010110 (
r21705 ,
1-
b101000111001110 1
b1100110011001100110010111100000 3
b1100111 5
b100111010111111 8
#1600000
0!
0-
#1602500
1!
b100111010111111 %
b100010111 (
r20942 ,
1-
b100111010111111 1
b1100111101011100001001111110100 3
b100101110011101 8
#1605000
0!
0-
#1607500
1!
b100101110011101 %
b100011000 (
r20159 ,
1-
b100101110011101 1
b1101000111101011100001000001000 3
b110100011 4
b1011101 5
#1610000
0!
0-
#1612500
1!
b100100001101001 %
b100011001 (
r19357 ,
1-
b1101010001111010111000000011100 3
b100010100100100 8
#1615000
0!
0-
#1617500
1!
b100010100100100 %
b100011010 (
r18537 ,
1-
b100010100100100 1
b1101011100001010001111000110000 3
b1010010 5
b100000111001110 8
#1620000
0!
0-
#1622500
1!
b100000111001110 %
b100011011 (
r17700 ,
1-
b100000111001110 1
b1101100110011001100110001000100 3
b110110011 4
b1001101 5
b11110110111000 8
#1625000
0!
0-
#1627500
1!
b11110110111000 %
b100011100 (
r16846 ,
1-
b11110110111000 1
b1101110000101000111101001011000 3
b11101001000000 8
#1630000
0!
0-
#1632500
1!
b11101001000000 %
b100011101 (
r15800 ,
1-
b11101001000000 1
b1101111010111000010100001101100 3
b1000011 5
b11011010111010 8
#1635000
0!
0-
#1637500
1!
b11011010111010 %
b100011110 (
r14912 ,
1-
b11011010111010 1
b1110000101000111101011010000000 3
b111000010 4
b111110 5
b11001100100110 8
#1640000
0!
0-
#1642500
1!
b11001100100110 %
b100011111 (
r14010 ,
1-
b11001100100110 1
b1110001111010111000010010010100 3
b10111110000111 8
#1645000
0!
0-
#1647500
1!
b10111110000111 %
b100100000 (
r13094 ,
1-
b10111110000111 1
b1110011001100110011001010101000 3
b110100 5
b10101111011100 8
#1650000
0!
0-
#1652500
1!
b10101111011100 %
b100100001 (
r12167 ,
1-
b10101111011100 1
b1110100011110101110000010111100 3
b111010001 4
b101111 5
#1655000
0!
0-
#1657500
1!
b10100000100110 %
b100100010 (
r11228 ,
1-
b1110101110000101000111011010000 3
b10010001100111 8
#1660000
0!
0-
#1662500
1!
b10010001100111 %
b100100011 (
r10278 ,
1-
b10010001100111 1
b1110111000010100011110011100100 3
b100100 5
b1111111011101 8
#1665000
0!
0-
#1667500
1!
b1111111011101 %
b100100100 (
r9319 ,
1-
b1111111011101 1
b1111000010100011110101011111000 3
b111100001 4
b11111 5
#1670000
0!
0-
#1672500
1!
b1110000001011 %
b100100101 (
r8157 ,
1-
b1111001100110011001100100001100 3
b1100000110011 8
#1675000
0!
0-
#1677500
1!
b1100000110011 %
b100100110 (
r7179 ,
1-
b1100000110011 1
b1111010111000010100011100100000 3
b10101 5
b1010001010101 8
#1680000
0!
0-
#1682500
1!
b1010001010101 %
b100100111 (
r6195 ,
1-
b1010001010101 1
b1111100001010001111010100110100 3
b111110000 4
b1000001110010 8
#1685000
0!
0-
#1687500
1!
b1000001110010 %
b100101000 (
r5205 ,
1-
b1000001110010 1
b1111101011100001010001101001000 3
b1011 5
b110010001100 8
#1690000
0!
0-
#1692500
1!
b110010001100 %
b100101001 (
r4210 ,
1-
b110010001100 1
b1111110101110000101000101011100 3
b110 5
b100010100010 8
#1695000
0!
0-
#1697500
1!
b100010100010 %
b100101010 (
r3212 ,
1-
b100010100010 1
b1111111111111111111111101110000 3
b10010110110 8
#1700000
0!
0-
#1702500
1!
b10010110110 %
b100101011 (
r2210 ,
1-
b10010110110 1
b10000001010001111010110110000100 3
b1000000101 4
16
b11001001 8
#1705000
0!
0-
#1707500
1!
b11001001 %
b100101100 (
r1206 ,
1-
b11001001 1
b10000010100011110101101110011000 3
b1010 5
17
#1710000
0!
0-
#1712500
1!
b1111110000010011 %
b100101101 (
r201 ,
1-
b1111110000010011 1
b10000011110101110000100110101100 3
b11111011001 8
#1715000
0!
0-
#1717500
1!
b1111100000100111 %
b100101110 (
r-1005 ,
1-
b1111100000100111 1
b10000101000111101011011111000000 3
b1000010100 4
b10100 5
b101111000100 8
#1720000
0!
0-
#1722500
1!
b1111010000111100 %
b100101111 (
r-2009 ,
1-
b1111010000111100 1
b10000110011001100110010111010100 3
b11001 5
b111110101011 8
#1725000
0!
0-
#1727500
1!
b1111000001010101 %
b100110000 (
r-3012 ,
1-
b1111000001010101 1
b10000111101011100001001111101000 3
b1001110001111 8
#1730000
0!
0-
#1732500
1!
b1110110001110001 %
b100110001 (
r-4011 ,
1-
b1110110001110001 1
b10001000111101011100000111111100 3
b1000100011 4
b100011 5
b1011101101110 8
#1735000
0!
0-
#1737500
1!
b1110100010010010 %
b100110010 (
r-5007 ,
1-
b1110100010010010 1
b10001010001111010111000000010000 3
b101000 5
b1101101000111 8
#1740000
0!
0-
#1742500
1!
b1110010010111001 %
b100110011 (
r-5998 ,
1-
b1110010010111001 1
b10001011100001010001111000100100 3
b1111100011010 8
#1745000
0!
0-
#1747500
1!
b1110000011100110 %
b100110100 (
r-6983 ,
1-
b1110000011100110 1
b10001100110011001100110000111000 3
b1000110011 4
b110011 5
b10001110100110 8
#1750000
0!
0-
#1752500
1!
b1101110001011010 %
b100110101 (
r-7962 ,
1-
b1101110001011010 1
b10001110000101000111101001001100 3
b111000 5
b10011101100111 8
#1755000
0!
0-
#1757500
1!
b1101100010011001 %
b100110110 (
r-9126 ,
1-
b1101100010011001 1
b10001111010111000010100001100000 3
b10101100011111 8
#1760000
0!
0-
#1762500
1!
b1101010011100001 %
b100110111 (
r-10087 ,
1-
b1101010011100001 1
b10010000101000111101011001110100 3
b1001000010 4
b1000010 5
b10111011001100 8
#1765000
0!
0-
#1767500
1!
b1101000100110100 %
b100111000 (
r-11039 ,
1-
b1101000100110100 1
b10010001111010111000010010001000 3
b11001001101110 8
#1770000
0!
0-
#1772500
1!
b1100110110010010 %
b100111001 (
r-11980 ,
1-
b1100110110010010 1
b10010011001100110011001010011100 3
b1001100 5
b11011000000100 8
#1775000
0!
0-
#1777500
1!
b1100100111111100 %
b100111010 (
r-12910 ,
1-
b1100100111111100 1
b10010100011110101110000010110000 3
b1001010001 4
b1010001 5
b11100110001100 8
#1780000
0!
0-
#1782500
1!
b1100011001110100 %
b100111011 (
r-13828 ,
1-
b1100011001110100 1
b10010101110000101000111011000100 3
b11110100000111 8
#1785000
0!
0-
#1787500
1!
b1100001011111001 %
b100111100 (
r-14732 ,
1-
b1100001011111001 1
b10010111000010100011110011011000 3
b1011100 5
b100000100100001 8
#1790000
0!
0-
#1792500
1!
b1011111011011111 %
b100111101 (
r-15623 ,
1-
b1011111011011111 1
b10011000010100011110101011101100 3
b1001100001 4
b1100001 5
b100010001111010 8
#1795000
0!
0-
#1797500
1!
b1011101110000110 %
b100111110 (
r-16673 ,
1-
b1011101110000110 1
b10011001100110011001100100000000 3
#1800000
0!
0-
#1802500
1!
b1011100000111101 %
b100111111 (
r-17530 ,
1-
b10011010111000010100011100010100 3
b1101011 5
b100101011111011 8
#1805000
0!
0-
#1807500
1!
b1011010100000101 %
b101000000 (
r-18371 ,
1-
b1011010100000101 1
b10011100001010001111010100101000 3
b1001110000 4
b1110000 5
b100111000100000 8
#1810000
0!
0-
#1812500
1!
b1011000111100000 %
b101000001 (
r-19195 ,
1-
b1011000111100000 1
b10011101011100001010001100111100 3
b101000100110011 8
#1815000
0!
0-
#1817500
1!
b1010111011001101 %
b101000010 (
r-20000 ,
1-
b1010111011001101 1
b10011110101110000101000101010000 3
b1111010 5
b101010000110010 8
#1820000
0!
0-
#1822500
1!
b1010101111001110 %
b101000011 (
r-20787 ,
1-
b1010101111001110 1
b10011111111111111111111101100100 3
#1825000
0!
0-
#1827500
1!
b1010100011100011 %
b101000100 (
r-21554 ,
1-
b10100001010001111010110101111000 3
b1010000101 4
b10000101 5
b101100111110011 8
#1830000
0!
0-
#1832500
1!
b1010011000001101 %
b101000101 (
r-22301 ,
1-
b1010011000001101 1
b10100010100011110101101110001100 3
b10001010 5
b101110100111110 8
#1835000
0!
0-
#1837500
1!
b1010001011000010 %
b101000110 (
r-23027 ,
1-
b1010001011000010 1
b10100011110101110000100110100000 3
#1840000
0!
0-
#1842500
1!
b1010000000011101 %
b101000111 (
r-23870 ,
1-
b10100101000111101011011110110100 3
b1010010100 4
b10010100 5
b110001001110001 8
#1845000
0!
0-
#1847500
1!
b1001110110001111 %
b101001000 (
r-24547 ,
1-
b1001110110001111 1
b10100110011001100110010111001000 3
b10011001 5
b110010011101000 8
#1850000
0!
0-
#1852500
1!
b1001101100011000 %
b101001001 (
r-25201 ,
1-
b1001101100011000 1
b10100111101011100001001111011100 3
#1855000
0!
0-
#1857500
1!
b1001100010111010 %
b101001010 (
r-25832 ,
1-
b10101000111101011100000111110000 3
b1010100011 4
b10100011 5
b110100110001011 8
#1860000
0!
0-
#1862500
1!
b1001011001110101 %
b101001011 (
r-26438 ,
1-
b1001011001110101 1
b10101010001111010111000000000100 3
b10101000 5
#1865000
0!
0-
#1867500
1!
b1001010001001001 %
b101001100 (
r-27019 ,
1-
b10101011100001010001111000011000 3
b110110111001001 8
#1870000
0!
0-
#1872500
1!
b1001001000110111 %
b101001101 (
r-27575 ,
1-
b1001001000110111 1
b10101100110011001100110000101100 3
b1010110011 4
b10110011 5
b111000000100010 8
#1875000
0!
0-
#1877500
1!
b1000111111011110 %
b101001110 (
r-28105 ,
1-
b1000111111011110 1
b10101110000101000111101001000000 3
b10111000 5
#1880000
0!
0-
#1882500
1!
b1000111000000111 %
b101001111 (
r-28706 ,
1-
b10101111010111000010100001010100 3
#1885000
0!
0-
#1887500
1!
b1000110001001011 %
b101010000 (
r-29177 ,
1-
b10110000101000111101011001101000 3
b1011000010 4
b11000010 5
b111010101010101 8
#1890000
0!
0-
#1892500
1!
b1000101010101011 %
b101010001 (
r-29621 ,
1-
b1000101010101011 1
b10110001111010111000010001111100 3
#1895000
0!
0-
#1897500
1!
b1000100100101000 %
b101010010 (
r-30037 ,
1-
b10110011001100110011001010010000 3
b11001100 5
b111100000111111 8
#1900000
0!
0-
#1902500
1!
b1000011111000001 %
b101010011 (
r-30424 ,
1-
b1000011111000001 1
b10110100011110101110000010100100 3
b1011010001 4
b11010001 5
#1905000
0!
0-
#1907500
1!
b1000011001110111 %
b101010100 (
r-30783 ,
1-
b10110101110000101000111010111000 3
#1910000
0!
0-
#1912500
1!
b1000010101001010 %
b101010101 (
r-31113 ,
1-
b10110111000010100011110011001100 3
b11011100 5
#1915000
0!
0-
#1917500
1!
b1000010000001000 %
b101010110 (
r-31414 ,
1-
b10111000010100011110101011100000 3
b1011100001 4
b11100001 5
b111110011100011 8
#1920000
0!
0-
#1922500
1!
b1000001100011101 %
b101010111 (
r-31736 ,
1-
b1000001100011101 1
b10111001100110011001100011110100 3
#1925000
0!
0-
#1927500
1!
b1000001001010000 %
b101011000 (
r-31971 ,
1-
b10111010111000010100011100001000 3
b11101011 5
#1930000
0!
0-
#1932500
1!
b1000000110100001 %
b101011001 (
r-32176 ,
1-
b10111100001010001111010100011100 3
b1011110000 4
b11110000 5
#1935000
0!
0-
#1937500
1!
b1000000100010001 %
b101011010 (
r-32351 ,
1-
b10111101011100001010001100110000 3
#1940000
0!
0-
#1942500
1!
b1000000010011111 %
b101011011 (
r-32495 ,
1-
b10111110101110000101000101000100 3
b11111010 5
#1945000
0!
0-
#1947500
1!
b1000000001001100 %
b101011100 (
r-32609 ,
1-
b10111111111111111111111101011000 3
#1950000
0!
0-
#1952500
1!
b1000000000010111 %
b101011101 (
r-32692 ,
1-
b11000001010001111010110101101100 3
b1100000101 4
#1955000
0!
0-
#1957500
1!
b1000000000000010 %
b101011110 (
r-32745 ,
1-
b11000010100011110101101110000000 3
b11110110 5
#1960000
0!
0-
#1962500
1!
b1000000000010000 %
b101011111 (
r-32766 ,
1-
b11000011110101110000100110010100 3
#1965000
0!
0-
#1967500
1!
b1000000000111111 %
b101100000 (
r-32752 ,
1-
b11000101000111101011011110101000 3
b1100010100 4
b11101100 5
#1970000
0!
0-
#1972500
1!
b1000000010001100 %
b101100001 (
r-32705 ,
1-
b11000110011001100110010110111100 3
b11100111 5
#1975000
0!
0-
#1977500
1!
b1000000011110111 %
b101100010 (
r-32628 ,
1-
b11000111101011100001001111010000 3
#1980000
0!
0-
#1982500
1!
b1000000110000010 %
b101100011 (
r-32521 ,
1-
b11001000111101011100000111100100 3
b1100100011 4
b11011101 5
#1985000
0!
0-
#1987500
1!
b1000001000101011 %
b101100100 (
r-32382 ,
1-
b11001010001111010110111111111000 3
#1990000
0!
0-
#1992500
1!
b1000001011110010 %
b101100101 (
r-32213 ,
1-
b11001011100001010001111000001100 3
b11010010 5
#1995000
0!
0-
#1997500
1!
b1000001111010111 %
b101100110 (
r-32014 ,
1-
b11001100110011001100110000100000 3
b1100110011 4
b11001101 5
b111101011101110 8
#2000000
0!
0-
#2002500
1!
b1000010100010010 %
b101100111 (
r-31785 ,
1-
b1000010100010010 1
b11001110000101000111101000110100 3
#2005000
0!
0-
#2007500
1!
b1000011000111000 %
b101101000 (
r-31470 ,
1-
b11001111010111000010100001001000 3
b11000011 5
#2010000
0!
0-
#2012500
1!
b1000011101111100 %
b101101001 (
r-31176 ,
1-
b11010000101000111101011001011100 3
b1101000010 4
b10111110 5
b111011100100010 8
#2015000
0!
0-
#2017500
1!
b1000100011011110 %
b101101010 (
r-30852 ,
1-
b1000100011011110 1
b11010001111010111000010001110000 3
#2020000
0!
0-
#2022500
1!
b1000101001011011 %
b101101011 (
r-30498 ,
1-
b11010011001100110011001010000100 3
b10110100 5
#2025000
0!
0-
#2027500
1!
b1000101111110110 %
b101101100 (
r-30117 ,
1-
b11010100011110101110000010011000 3
b1101010001 4
b10101111 5
b111001001010100 8
#2030000
0!
0-
#2032500
1!
b1000110110101100 %
b101101101 (
r-29706 ,
1-
b1000110110101100 1
b11010101110000101000111010101100 3
#2035000
0!
0-
#2037500
1!
b1000111101111101 %
b101101110 (
r-29268 ,
1-
b11010111000010100011110011000000 3
b10100100 5
b110111000110000 8
#2040000
0!
0-
#2042500
1!
b1001000111010000 %
b101101111 (
r-28803 ,
1-
b1001000111010000 1
b11011000010100011110101011010100 3
b1101100001 4
b10011111 5
#2045000
0!
0-
#2047500
1!
b1001001111011101 %
b101110000 (
r-28208 ,
1-
b11011001100110011001100011101000 3
b110100111111101 8
#2050000
0!
0-
#2052500
1!
b1001011000000011 %
b101110001 (
r-27683 ,
1-
b1001011000000011 1
b11011010111000010100011011111100 3
b10010101 5
b110011110111100 8
#2055000
0!
0-
#2057500
1!
b1001100001000100 %
b101110010 (
r-27133 ,
1-
b1001100001000100 1
b11011100001010001111010100010000 3
b1101110000 4
#2060000
0!
0-
#2062500
1!
b1001101010011101 %
b101110011 (
r-26556 ,
1-
b11011101011100001010001100100100 3
b10001011 5
b110001011110001 8
#2065000
0!
0-
#2067500
1!
b1001110100001111 %
b101110100 (
r-25955 ,
1-
b1001110100001111 1
b11011110101110000101000100111000 3
b10000110 5
#2070000
0!
0-
#2072500
1!
b1001111110011000 %
b101110101 (
r-25329 ,
1-
b11011111111111111111111101001100 3
b101110111000111 8
#2075000
0!
0-
#2077500
1!
b1010001000111001 %
b101110110 (
r-24680 ,
1-
b1010001000111001 1
b11100001010001111010110101100000 3
b1110000101 4
b1111011 5
b101101100001111 8
#2080000
0!
0-
#2082500
1!
b1010010011110001 %
b101110111 (
r-24007 ,
1-
b1010010011110001 1
b11100010100011110101101101110100 3
b1110110 5
b101011110110000 8
#2085000
0!
0-
#2087500
1!
b1010100001010000 %
b101111000 (
r-23311 ,
1-
b1010100001010000 1
b11100011110101110000100110001000 3
#2090000
0!
0-
#2092500
1!
b1010101100110111 %
b101111001 (
r-22448 ,
1-
b11100101000111101011011110011100 3
b1110010100 4
b1101100 5
b101000111001110 8
#2095000
0!
0-
#2097500
1!
b1010111000110010 %
b101111010 (
r-21705 ,
1-
b1010111000110010 1
b11100110011001100110010110110000 3
b1100111 5
b100111010111111 8
#2100000
0!
0-
#2102500
1!
b1011000101000001 %
b101111011 (
r-20942 ,
1-
b1011000101000001 1
b11100111101011100001001111000100 3
b100101110011101 8
#2105000
0!
0-
#2107500
1!
b1011010001100011 %
b101111100 (
r-20159 ,
1-
b1011010001100011 1
b11101000111101011100000111011000 3
b1110100011 4
b1011101 5
#2110000
0!
0-
#2112500
1!
b1011011110010111 %
b101111101 (
r-19357 ,
1-
b11101010001111010110111111101100 3
b100010100100100 8
#2115000
0!
0-
#2117500
1!
b1011101011011100 %
b101111110 (
r-18537 ,
1-
b1011101011011100 1
b11101011100001010001111000000000 3
b1010010 5
b100000111001110 8
#2120000
0!
0-
#2122500
1!
b1011111000110010 %
b101111111 (
r-17700 ,
1-
b1011111000110010 1
b11101100110011001100110000010100 3
b1110110011 4
b1001101 5
b11110110111000 8
#2125000
0!
0-
#2127500
1!
b1100001001001000 %
b110000000 (
r-16846 ,
1-
b1100001001001000 1
b11101110000101000111101000101000 3
b11101001000000 8
#2130000
0!
0-
#2132500
1!
b1100010111000000 %
b110000001 (
r-15800 ,
1-
b1100010111000000 1
b11101111010111000010100000111100 3
b1000011 5
b11011010111010 8
#2135000
0!
0-
#2137500
1!
b1100100101000110 %
b110000010 (
r-14912 ,
1-
b1100100101000110 1
b11110000101000111101011001010000 3
b1111000010 4
b111110 5
b11001100100110 8
#2140000
0!
0-
#2142500
1!
b1100110011011010 %
b110000011 (
r-14010 ,
1-
b1100110011011010 1
b11110001111010111000010001100100 3
b10111110000111 8
#2145000
0!
0-
#2147500
1!
b1101000001111001 %
b110000100 (
r-13094 ,
1-
b1101000001111001 1
b11110011001100110011001001111000 3
b110100 5
b10101111011100 8
#2150000
0!
0-
#2152500
1!
b1101010000100100 %
b110000101 (
r-12167 ,
1-
b1101010000100100 1
b11110100011110101110000010001100 3
b1111010001 4
b101111 5
#2155000
0!
0-
#2157500
1!
b1101011111011010 %
b110000110 (
r-11228 ,
1-
b11110101110000101000111010100000 3
b10010001100111 8
#2160000
0!
0-
#2162500
1!
b1101101110011001 %
b110000111 (
r-10278 ,
1-
b1101101110011001 1
b11110111000010100011110010110100 3
b100100 5
b1111111011101 8
#2165000
0!
0-
#2167500
1!
b1110000000100011 %
b110001000 (
r-9319 ,
1-
b1110000000100011 1
b11111000010100011110101011001000 3
b1111100001 4
b11111 5
#2170000
0!
0-
#2172500
1!
b1110001111110101 %
b110001001 (
r-8157 ,
1-
b11111001100110011001100011011100 3
b1100000110011 8
#2175000
0!
0-
#2177500
1!
b1110011111001101 %
b110001010 (
r-7179 ,
1-
b1110011111001101 1
b11111010111000010100011011110000 3
b10101 5
b1010001010101 8
#2180000
0!
0-
#2182500
1!
b1110101110101011 %
b110001011 (
r-6195 ,
1-
b1110101110101011 1
b11111100001010001111010100000100 3
b1111110000 4
b1000001110010 8
#2185000
0!
0-
#2187500
1!
b1110111110001110 %
b110001100 (
r-5205 ,
1-
b1110111110001110 1
b11111101011100001010001100011000 3
b1011 5
b110010001100 8
#2190000
0!
0-
#2192500
1!
b1111001101110100 %
b110001101 (
r-4210 ,
1-
b1111001101110100 1
b11111110101110000101000100101100 3
b110 5
b100010100010 8
#2195000
0!
0-
#2197500
1!
b1111011101011110 %
b110001110 (
r-3212 ,
1-
b1111011101011110 1
b11111111111111111111111101000000 3
b10010110110 8
#2200000
0!
0-
#2202500
1!
b1111101101001010 %
b110001111 (
r-2210 ,
1-
b1111101101001010 1
b1010001111010110101010100 3
b101 4
06
b11001001 8
#2205000
0!
0-
#2207500
1!
b1111111100110111 %
b110010000 (
r-1206 ,
1-
b1111111100110111 1
b10100011110101101101101000 3
b1010 5
07
#2210000
0!
0-
#2212500
1!
b1111101101 %
b110010001 (
r-201 ,
1-
b1111101101 1
b11110101110000100101111100 3
b11111011001 8
#2215000
0!
0-
#2217500
1!
b11111011001 %
b110010010 (
r1005 ,
1-
b11111011001 1
b101000111101011011110010000 3
b10100 4
b10100 5
b101111000100 8
#2220000
0!
0-
#2222500
1!
b101111000100 %
b110010011 (
r2009 ,
1-
b101111000100 1
b110011001100110010110100100 3
b11001 5
b111110101011 8
#2225000
0!
0-
#2227500
1!
b111110101011 %
b110010100 (
r3012 ,
1-
b111110101011 1
b111101011100001001110111000 3
b1001110001111 8
#2230000
0!
0-
#2232500
1!
b1001110001111 %
b110010101 (
r4011 ,
1-
b1001110001111 1
b1000111101011100000111001100 3
b100011 4
b100011 5
b1011101101110 8
#2235000
0!
0-
#2237500
1!
b1011101101110 %
b110010110 (
r5007 ,
1-
b1011101101110 1
b1010001111010110111111100000 3
b101000 5
b1101101000111 8
#2240000
0!
0-
#2242500
1!
b1101101000111 %
b110010111 (
r5998 ,
1-
b1101101000111 1
b1011100001010001110111110100 3
b1111100011010 8
#2245000
0!
0-
#2247500
1!
b1111100011010 %
b110011000 (
r6983 ,
1-
b1111100011010 1
b1100110011001100110000001000 3
b110011 4
b110011 5
b10001110100110 8
#2250000
0!
0-
#2252500
1!
b10001110100110 %
b110011001 (
r7962 ,
1-
b10001110100110 1
b1110000101000111101000011100 3
b111000 5
b10011101100111 8
#2255000
0!
0-
#2257500
1!
b10011101100111 %
b110011010 (
r9126 ,
1-
b10011101100111 1
b1111010111000010100000110000 3
b10101100011111 8
#2260000
0!
0-
#2262500
1!
b10101100011111 %
b110011011 (
r10087 ,
1-
b10101100011111 1
b10000101000111101011001000100 3
b1000010 4
b1000010 5
b10111011001100 8
#2265000
0!
0-
#2267500
1!
b10111011001100 %
b110011100 (
r11039 ,
1-
b10111011001100 1
b10001111010111000010001011000 3
b11001001101110 8
#2270000
0!
0-
#2272500
1!
b11001001101110 %
b110011101 (
r11980 ,
1-
b11001001101110 1
b10011001100110011001001101100 3
b1001100 5
b11011000000100 8
#2275000
0!
0-
#2277500
1!
b11011000000100 %
b110011110 (
r12910 ,
1-
b11011000000100 1
b10100011110101110000010000000 3
b1010001 4
b1010001 5
b11100110001100 8
#2280000
0!
0-
#2282500
1!
b11100110001100 %
b110011111 (
r13828 ,
1-
b11100110001100 1
b10101110000101000111010010100 3
b11110100000111 8
#2285000
0!
0-
#2287500
1!
b11110100000111 %
b110100000 (
r14732 ,
1-
b11110100000111 1
b10111000010100011110010101000 3
b1011100 5
b100000100100001 8
#2290000
0!
0-
#2292500
1!
b100000100100001 %
b110100001 (
r15623 ,
1-
b100000100100001 1
b11000010100011110101010111100 3
b1100001 4
b1100001 5
b100010001111010 8
#2295000
0!
0-
#2297500
1!
b100010001111010 %
b110100010 (
r16673 ,
1-
b100010001111010 1
b11001100110011001100011010000 3
#2300000
0!
0-
#2302500
1!
b100011111000011 %
b110100011 (
r17530 ,
1-
b11010111000010100011011100100 3
b1101011 5
b100101011111011 8
#2305000
0!
0-
#2307500
1!
b100101011111011 %
b110100100 (
r18371 ,
1-
b100101011111011 1
b11100001010001111010011111000 3
b1110000 4
b1110000 5
b100111000100000 8
#2310000
0!
0-
#2312500
1!
b100111000100000 %
b110100101 (
r19195 ,
1-
b100111000100000 1
b11101011100001010001100001100 3
b101000100110011 8
#2315000
0!
0-
#2317500
1!
b101000100110011 %
b110100110 (
r20000 ,
1-
b101000100110011 1
b11110101110000101000100100000 3
b1111010 5
b101010000110010 8
#2320000
0!
0-
#2322500
1!
b101010000110010 %
b110100111 (
r20787 ,
1-
b101010000110010 1
b11111111111111111111100110100 3
#2325000
0!
0-
#2327500
1!
b101011100011101 %
b110101000 (
r21554 ,
1-
b100001010001111010110101001000 3
b10000101 4
b10000101 5
b101100111110011 8
#2330000
0!
0-
#2332500
1!
b101100111110011 %
b110101001 (
r22301 ,
1-
b101100111110011 1
b100010100011110101101101011100 3
b10001010 5
b101110100111110 8
#2335000
0!
0-
#2337500
1!
b101110100111110 %
b110101010 (
r23027 ,
1-
b101110100111110 1
b100011110101110000100101110000 3
#2340000
0!
0-
#2342500
1!
b101111111100011 %
b110101011 (
r23870 ,
1-
b100101000111101011011110000100 3
b10010100 4
b10010100 5
b110001001110001 8
#2345000
0!
0-
#2347500
1!
b110001001110001 %
b110101100 (
r24547 ,
1-
b110001001110001 1
b100110011001100110010110011000 3
b10011001 5
b110010011101000 8
#2350000
0!
0-
#2352500
1!
b110010011101000 %
b110101101 (
r25201 ,
1-
b110010011101000 1
b100111101011100001001110101100 3
#2355000
0!
0-
#2357500
1!
b110011101000110 %
b110101110 (
r25832 ,
1-
b101000111101011100000111000000 3
b10100011 4
b10100011 5
b110100110001011 8
#2360000
0!
0-
#2362500
1!
b110100110001011 %
b110101111 (
r26438 ,
1-
b110100110001011 1
b101010001111010110111111010100 3
b10101000 5
#2365000
0!
0-
#2367500
1!
b110101110110111 %
b110110000 (
r27019 ,
1-
b101011100001010001110111101000 3
b110110111001001 8
#2370000
0!
0-
#2372500
1!
b110110111001001 %
b110110001 (
r27575 ,
1-
b110110111001001 1
b101100110011001100101111111100 3
b10110011 4
b10110011 5
b111000000100010 8
#2375000
0!
0-
#2377500
1!
b111000000100010 %
b110110010 (
r28105 ,
1-
b111000000100010 1
b101110000101000111101000010000 3
b10111000 5
#2380000
0!
0-
#2382500
1!
b111000111111001 %
b110110011 (
r28706 ,
1-
b101111010111000010100000100100 3
#2385000
0!
0-
#2387500
1!
b111001110110101 %
b110110100 (
r29177 ,
1-
b110000101000111101011000111000 3
b11000010 4
b11000010 5
b111010101010101 8
#2390000
0!
0-
#2392500
1!
b111010101010101 %
b110110101 (
r29621 ,
1-
b111010101010101 1
b110001111010111000010001001100 3
#2395000
0!
0-
#2397500
1!
b111011011011000 %
b110110110 (
r30037 ,
1-
b110011001100110011001001100000 3
b11001100 5
b111100000111111 8
#2400000
0!
0-
#2402500
1!
b111100000111111 %
b110110111 (
r30424 ,
1-
b111100000111111 1
b110100011110101110000001110100 3
b11010001 4
b11010001 5
#2405000
0!
0-
#2407500
1!
b111100110001001 %
b110111000 (
r30783 ,
1-
b110101110000101000111010001000 3
#2410000
0!
0-
#2412500
1!
b111101010110110 %
b110111001 (
r31113 ,
1-
b110111000010100011110010011100 3
b11011100 5
#2415000
0!
0-
#2417500
1!
b111101111111000 %
b110111010 (
r31414 ,
1-
b111000010100011110101010110000 3
b11100001 4
b11100001 5
b111110011100011 8
#2420000
0!
0-
#2422500
1!
b111110011100011 %
b110111011 (
r31736 ,
1-
b111110011100011 1
b111001100110011001100011000100 3
#2425000
0!
0-
#2427500
1!
b111110110110000 %
b110111100 (
r31971 ,
1-
b111010111000010100011011011000 3
b11101011 5
#2430000
0!
0-
#2432500
1!
b111111001011111 %
b110111101 (
r32176 ,
1-
b111100001010001111010011101100 3
b11110000 4
b11110000 5
#2435000
0!
0-
#2437500
1!
b111111011101111 %
b110111110 (
r32351 ,
1-
b111101011100001010001100000000 3
#2440000
0!
0-
#2442500
1!
b111111101100001 %
b110111111 (
r32495 ,
1-
b111110101110000101000100010100 3
b11111010 5
#2445000
0!
0-
#2447500
1!
b111111110110100 %
b111000000 (
r32609 ,
1-
b111111111111111111111100101000 3
#2450000
0!
0-
#2452500
1!
b111111111101001 %
b111000001 (
r32692 ,
1-
b1000001010001111010110100111100 3
b100000101 4
#2455000
0!
0-
#2457500
1!
b111111111111110 %
b111000010 (
r32745 ,
1-
b1000010100011110101101101010000 3
b11110110 5
#2460000
0!
0-
#2462500
1!
b111111111110000 %
b111000011 (
r32766 ,
1-
b1000011110101110000100101100100 3
#2465000
0!
0-
#2467500
1!
b111111111000001 %
b111000100 (
r32752 ,
1-
b1000101000111101011011101111000 3
b100010100 4
b11101100 5
#2470000
0!
0-
#2472500
1!
b111111101110100 %
b111000101 (
r32705 ,
1-
b1000110011001100110010110001100 3
b11100111 5
#2475000
0!
0-
#2477500
1!
b111111100001001 %
b111000110 (
r32628 ,
1-
b1000111101011100001001110100000 3
#2480000
0!
0-
#2482500
1!
b111111001111110 %
b111000111 (
r32521 ,
1-
b1001000111101011100000110110100 3
b100100011 4
b11011101 5
#2485000
0!
0-
#2487500
1!
b111110111010101 %
b111001000 (
r32382 ,
1-
b1001010001111010110111111001000 3
#2490000
0!
0-
#2492500
1!
b111110100001110 %
b111001001 (
r32213 ,
1-
b1001011100001010001110111011100 3
b11010010 5
#2495000
0!
0-
#2497500
1!
b111110000101001 %
b111001010 (
r32014 ,
1-
b1001100110011001100101111110000 3
b100110011 4
b11001101 5
b111101011101110 8
#2500000
0!
0-
#2502500
1!
b111101011101110 %
b111001011 (
r31785 ,
1-
b111101011101110 1
b1001110000101000111101000000100 3
#2505000
0!
0-
#2507500
1!
b111100111001000 %
b111001100 (
r31470 ,
1-
b1001111010111000010100000011000 3
b11000011 5
#2510000
0!
0-
#2512500
1!
b111100010000100 %
b111001101 (
r31176 ,
1-
b1010000101000111101011000101100 3
b101000010 4
b10111110 5
b111011100100010 8
#2515000
0!
0-
#2517500
1!
b111011100100010 %
b111001110 (
r30852 ,
1-
b111011100100010 1
b1010001111010111000010001000000 3
#2520000
0!
0-
#2522500
1!
b111010110100101 %
b111001111 (
r30498 ,
1-
b1010011001100110011001001010100 3
b10110100 5
#2525000
0!
0-
#2527500
1!
b111010000001010 %
b111010000 (
r30117 ,
1-
b1010100011110101110000001101000 3
b101010001 4
b10101111 5
b111001001010100 8
#2530000
0!
0-
#2532500
1!
b111001001010100 %
b111010001 (
r29706 ,
1-
b111001001010100 1
b1010101110000101000111001111100 3
#2535000
0!
0-
#2537500
1!
b111000010000011 %
b111010010 (
r29268 ,
1-
b1010111000010100011110010010000 3
b10100100 5
b110111000110000 8
#2540000
0!
0-
#2542500
1!
b110111000110000 %
b111010011 (
r28803 ,
1-
b110111000110000 1
b1011000010100011110101010100100 3
b101100001 4
b10011111 5
#2545000
0!
0-
#2547500
1!
b110110000100011 %
b111010100 (
r28208 ,
1-
b1011001100110011001100010111000 3
b110100111111101 8
#2550000
0!
0-
#2552500
1!
b110100111111101 %
b111010101 (
r27683 ,
1-
b110100111111101 1
b1011010111000010100011011001100 3
b10010101 5
b110011110111100 8
#2555000
0!
0-
#2557500
1!
b110011110111100 %
b111010110 (
r27133 ,
1-
b110011110111100 1
b1011100001010001111010011100000 3
b101110000 4
#2560000
0!
0-
#2562500
1!
b110010101100011 %
b111010111 (
r26556 ,
1-
b1011101011100001010001011110100 3
b10001011 5
b110001011110001 8
#2565000
0!
0-
#2567500
1!
b110001011110001 %
b111011000 (
r25955 ,
1-
b110001011110001 1
b1011110101110000101000100001000 3
b10000110 5
#2570000
0!
0-
#2572500
1!
b110000001101000 %
b111011001 (
r25329 ,
1-
b1011111111111111111111100011100 3
b101110111000111 8
#2575000
0!
0-
#2577500
1!
b101110111000111 %
b111011010 (
r24680 ,
1-
b101110111000111 1
b1100001010001111010110100110000 3
b110000101 4
b1111011 5
b101101100001111 8
#2580000
0!
0-
#2582500
1!
b101101100001111 %
b111011011 (
r24007 ,
1-
b101101100001111 1
b1100010100011110101101101000100 3
b1110110 5
b101011110110000 8
#2585000
0!
0-
#2587500
1!
b101011110110000 %
b111011100 (
r23311 ,
1-
b101011110110000 1
b1100011110101110000100101011000 3
#2590000
0!
0-
#2592500
1!
b101010011001001 %
b111011101 (
r22448 ,
1-
b1100101000111101011011101101100 3
b110010100 4
b1101100 5
b101000111001110 8
#2595000
0!
0-
#2597500
1!
b101000111001110 %
b111011110 (
r21705 ,
1-
b101000111001110 1
b1100110011001100110010110000000 3
b1100111 5
b100111010111111 8
#2600000
0!
0-
#2602500
1!
b100111010111111 %
b111011111 (
r20942 ,
1-
b100111010111111 1
b1100111101011100001001110010100 3
b100101110011101 8
#2605000
0!
0-
#2607500
1!
b100101110011101 %
b111100000 (
r20159 ,
1-
b100101110011101 1
b1101000111101011100000110101000 3
b110100011 4
b1011101 5
#2610000
0!
0-
#2612500
1!
b100100001101001 %
b111100001 (
r19357 ,
1-
b1101010001111010110111110111100 3
b100010100100100 8
#2615000
0!
0-
#2617500
1!
b100010100100100 %
b111100010 (
r18537 ,
1-
b100010100100100 1
b1101011100001010001110111010000 3
b1010010 5
b100000111001110 8
#2620000
0!
0-
#2622500
1!
b100000111001110 %
b111100011 (
r17700 ,
1-
b100000111001110 1
b1101100110011001100101111100100 3
b110110011 4
b1001101 5
b11110110111000 8
#2625000
0!
0-
#2627500
1!
b11110110111000 %
b111100100 (
r16846 ,
1-
b11110110111000 1
b1101110000101000111100111111000 3
b11101001000000 8
#2630000
0!
0-
#2632500
1!
b11101001000000 %
b111100101 (
r15800 ,
1-
b11101001000000 1
b1101111010111000010100000001100 3
b1000011 5
b11011010111010 8
#2635000
0!
0-
#2637500
1!
b11011010111010 %
b111100110 (
r14912 ,
1-
b11011010111010 1
b1110000101000111101011000100000 3
b111000010 4
b111110 5
b11001100100110 8
#2640000
0!
0-
#2642500
1!
b11001100100110 %
b111100111 (
r14010 ,
1-
b11001100100110 1
b1110001111010111000010000110100 3
b10111110000111 8
#2645000
0!
0-
#2647500
1!
b10111110000111 %
b111101000 (
r13094 ,
1-
b10111110000111 1
b1110011001100110011001001001000 3
b110100 5
b10101111011100 8
#2650000
0!
0-
#2652500
1!
b10101111011100 %
b111101001 (
r12167 ,
1-
b10101111011100 1
b1110100011110101110000001011100 3
b111010001 4
b101111 5
#2655000
0!
0-
#2657500
1!
b10100000100110 %
b111101010 (
r11228 ,
1-
b1110101110000101000111001110000 3
b10010001100111 8
#2660000
0!
0-
#2662500
1!
b10010001100111 %
b111101011 (
r10278 ,
1-
b10010001100111 1
b1110111000010100011110010000100 3
b100100 5
b1111111011101 8
#2665000
0!
0-
#2667500
1!
b1111111011101 %
b111101100 (
r9319 ,
1-
b1111111011101 1
b1111000010100011110101010011000 3
b111100001 4
b11111 5
#2670000
0!
0-
#2672500
1!
b1110000001011 %
b111101101 (
r8157 ,
1-
b1111001100110011001100010101100 3
b1100000110011 8
#2675000
0!
0-
#2677500
1!
b1100000110011 %
b111101110 (
r7179 ,
1-
b1100000110011 1
b1111010111000010100011011000000 3
b10101 5
b1010001010101 8
#2680000
0!
0-
#2682500
1!
b1010001010101 %
b111101111 (
r6195 ,
1-
b1010001010101 1
b1111100001010001111010011010100 3
b111110000 4
b1000001110010 8
#2685000
0!
0-
#2687500
1!
b1000001110010 %
b111110000 (
r5205 ,
1-
b1000001110010 1
b1111101011100001010001011101000 3
b1011 5
b110010001100 8
#2690000
0!
0-
#2692500
1!
b110010001100 %
b111110001 (
r4210 ,
1-
b110010001100 1
b1111110101110000101000011111100 3
b110 5
b100010100010 8
#2695000
0!
0-
#2697500
1!
b100010100010 %
b111110010 (
r3212 ,
1-
b100010100010 1
b1111111111111111111111100010000 3
b10010110110 8
#2700000
0!
0-
#2702500
1!
b10010110110 %
b111110011 (
r2210 ,
1-
b10010110110 1
b10000001010001111010110100100100 3
b1000000101 4
16
b11001001 8
#2705000
0!
0-
#2707500
1!
b11001001 %
b111110100 (
r1206 ,
1-
b11001001 1
b10000010100011110101101100111000 3
b1010 5
17
#2710000
0!
0-
#2712500
1!
b1111110000010011 %
b111110101 (
r201 ,
1-
b1111110000010011 1
b10000011110101110000100101001100 3
b11111011001 8
#2715000
0!
0-
#2717500
1!
b1111100000100111 %
b111110110 (
r-1005 ,
1-
b1111100000100111 1
b10000101000111101011011101100000 3
b1000010100 4
b10100 5
b101111000100 8
#2720000
0!
0-
#2722500
1!
b1111010000111100 %
b111110111 (
r-2009 ,
1-
b1111010000111100 1
b10000110011001100110010101110100 3
b11001 5
b111110101011 8
#2725000
0!
0-
#2727500
1!
b1111000001010101 %
b111111000 (
r-3012 ,
1-
b1111000001010101 1
b10000111101011100001001110001000 3
b1001110001111 8
#2730000
0!
0-
#2732500
1!
b1110110001110001 %
b111111001 (
r-4011 ,
1-
b1110110001110001 1
b10001000111101011100000110011100 3
b1000100011 4
b100011 5
b1011101101110 8
#2735000
0!
0-
#2737500
1!
b1110100010010010 %
b111111010 (
r-5007 ,
1-
b1110100010010010 1
b10001010001111010110111110110000 3
b101000 5
b1101101000111 8
#2740000
0!
0-
#2742500
1!
b1110010010111001 %
b111111011 (
r-5998 ,
1-
b1110010010111001 1
b10001011100001010001110111000100 3
b1111100011010 8
#2745000
0!
0-
#2747500
1!
b1110000011100110 %
b111111100 (
r-6983 ,
1-
b1110000011100110 1
b10001100110011001100101111011000 3
b1000110011 4
b110011 5
b10001110100110 8
#2750000
0!
0-
#2752500
1!
b1101110001011010 %
b111111101 (
r-7962 ,
1-
b1101110001011010 1
b10001110000101000111100111101100 3
b111000 5
b10011101100111 8
#2755000
0!
0-
#2757500
1!
b1101100010011001 %
b111111110 (
r-9126 ,
1-
b1101100010011001 1
b10001111010111000010100000000000 3
b10101100011111 8
#2760000
0!
0-
#2762500
1!
b1101010011100001 %
b111111111 (
r-10087 ,
1-
b1101010011100001 1
b10010000101000111101011000010100 3
b1001000010 4
b1000010 5
b10111011001100 8
#2765000
0!
0-
#2767500
1!
b1101000100110100 %
b1000000000 (
r-11039 ,
1-
b1101000100110100 1
b10010001111010111000010000101000 3
b11001001101110 8
#2770000
0!
0-
#2772500
1!
b1100110110010010 %
b1000000001 (
r-11980 ,
1-
b1100110110010010 1
b10010011001100110011001000111100 3
b1001100 5
b11011000000100 8
#2775000
0!
0-
#2777500
1!
b1100100111111100 %
b1000000010 (
r-12910 ,
1-
b1100100111111100 1
b10010100011110101110000001010000 3
b1001010001 4
b1010001 5
b11100110001100 8
#2780000
0!
0-
#2782500
1!
b1100011001110100 %
b1000000011 (
r-13828 ,
1-
b1100011001110100 1
b10010101110000101000111001100100 3
b11110100000111 8
#2785000
0!
0-
#2787500
1!
b1100001011111001 %
b1000000100 (
r-14732 ,
1-
b1100001011111001 1
b10010111000010100011110001111000 3
b1011100 5
b100000100100001 8
#2790000
0!
0-
#2792500
1!
b1011111011011111 %
b1000000101 (
r-15623 ,
1-
b1011111011011111 1
b10011000010100011110101010001100 3
b1001100001 4
b1100001 5
b100010001111010 8
#2795000
0!
0-
#2797500
1!
b1011101110000110 %
b1000000110 (
r-16673 ,
1-
b1011101110000110 1
b10011001100110011001100010100000 3
#2800000
0!
0-
#2802500
1!
b1011100000111101 %
b1000000111 (
r-17530 ,
1-
b10011010111000010100011010110100 3
b1101011 5
b100101011111011 8
#2805000
0!
0-
#2807500
1!
b1011010100000101 %
b1000001000 (
r-18371 ,
1-
b1011010100000101 1
b10011100001010001111010011001000 3
b1001110000 4
b1110000 5
b100111000100000 8
#2810000
0!
0-
#2812500
1!
b1011000111100000 %
b1000001001 (
r-19195 ,
1-
b1011000111100000 1
b10011101011100001010001011011100 3
b101000100110011 8
#2815000
0!
0-
#2817500
1!
b1010111011001101 %
b1000001010 (
r-20000 ,
1-
b1010111011001101 1
b10011110101110000101000011110000 3
b1111010 5
b101010000110010 8
#2820000
0!
0-
#2822500
1!
b1010101111001110 %
b1000001011 (
r-20787 ,
1-
b1010101111001110 1
b10011111111111111111111100000100 3
#2825000
0!
0-
#2827500
1!
b1010100011100011 %
b1000001100 (
r-21554 ,
1-
b10100001010001111010110100011000 3
b1010000101 4
b10000101 5
b101100111110011 8
#2830000
0!
0-
#2832500
1!
b1010011000001101 %
b1000001101 (
r-22301 ,
1-
b1010011000001101 1
b10100010100011110101101100101100 3
b10001010 5
b101110100111110 8
#2835000
0!
0-
#2837500
1!
b1010001011000010 %
b1000001110 (
r-23027 ,
1-
b1010001011000010 1
b10100011110101110000100101000000 3
#2840000
0!
0-
#2842500
1!
b1010000000011101 %
b1000001111 (
r-23870 ,
1-
b10100101000111101011011101010100 3
b1010010100 4
b10010100 5
b110001001110001 8
#2845000
0!
0-
#2847500
1!
b1001110110001111 %
b1000010000 (
r-24547 ,
1-
b1001110110001111 1
b10100110011001100110010101101000 3
b10011001 5
b110010011101000 8
#2850000
0!
0-
#2852500
1!
b1001101100011000 %
b1000010001 (
r-25201 ,
1-
b1001101100011000 1
b10100111101011100001001101111100 3
#2855000
0!
0-
#2857500
1!
b1001100010111010 %
b1000010010 (
r-25832 ,
1-
b10101000111101011100000110010000 3
b1010100011 4
b10100011 5
b110100110001011 8
#2860000
0!
0-
#2862500
1!
b1001011001110101 %
b1000010011 (
r-26438 ,
1-
b1001011001110101 1
b10101010001111010110111110100100 3
b10101000 5
#2865000
0!
0-
#2867500
1!
b1001010001001001 %
b1000010100 (
r-27019 ,
1-
b10101011100001010001110110111000 3
b110110111001001 8
#2870000
0!
0-
#2872500
1!
b1001001000110111 %
b1000010101 (
r-27575 ,
1-
b1001001000110111 1
b10101100110011001100101111001100 3
b1010110011 4
b10110011 5
b111000000100010 8
#2875000
0!
0-
#2877500
1!
b1000111111011110 %
b1000010110 (
r-28105 ,
1-
b1000111111011110 1
b10101110000101000111100111100000 3
b10111000 5
#2880000
0!
0-
#2882500
1!
b1000111000000111 %
b1000010111 (
r-28706 ,
1-
b10101111010111000010011111110100 3
#2885000
0!
0-
#2887500
1!
b1000110001001011 %
b1000011000 (
r-29177 ,
1-
b10110000101000111101011000001000 3
b1011000010 4
b11000010 5
b111010101010101 8
#2890000
0!
0-
#2892500
1!
b1000101010101011 %
b1000011001 (
r-29621 ,
1-
b1000101010101011 1
b10110001111010111000010000011100 3
#2895000
0!
0-
#2897500
1!
b1000100100101000 %
b1000011010 (
r-30037 ,
1-
b10110011001100110011001000110000 3
b11001100 5
b111100000111111 8
#2900000
0!
0-
#2902500
1!
b1000011111000001 %
b1000011011 (
r-30424 ,
1-
b1000011111000001 1
b10110100011110101110000001000100 3
b1011010001 4
b11010001 5
#2905000
0!
0-
#2907500
1!
b1000011001110111 %
b1000011100 (
r-30783 ,
1-
b10110101110000101000111001011000 3
#2910000
0!
0-
#2912500
1!
b1000010101001010 %
b1000011101 (
r-31113 ,
1-
b10110111000010100011110001101100 3
b11011100 5
#2915000
0!
0-
#2917500
1!
b1000010000001000 %
b1000011110 (
r-31414 ,
1-
b10111000010100011110101010000000 3
b1011100001 4
b11100001 5
b111110011100011 8
#2920000
0!
0-
#2922500
1!
b1000001100011101 %
b1000011111 (
r-31736 ,
1-
b1000001100011101 1
b10111001100110011001100010010100 3
#2925000
0!
0-
#2927500
1!
b1000001001010000 %
b1000100000 (
r-31971 ,
1-
b10111010111000010100011010101000 3
b11101011 5
#2930000
0!
0-
#2932500
1!
b1000000110100001 %
b1000100001 (
r-32176 ,
1-
b10111100001010001111010010111100 3
b1011110000 4
b11110000 5
#2935000
0!
0-
#2937500
1!
b1000000100010001 %
b1000100010 (
r-32351 ,
1-
b10111101011100001010001011010000 3
#2940000
0!
0-
#2942500
1!
b1000000010011111 %
b1000100011 (
r-32495 ,
1-
b10111110101110000101000011100100 3
b11111010 5
#2945000
0!
0-
#2947500
1!
b1000000001001100 %
b1000100100 (
r-32609 ,
1-
b10111111111111111111111011111000 3
#2950000
0!
0-
#2952500
1!
b1000000000010111 %
b1000100101 (
r-32692 ,
1-
b11000001010001111010110100001100 3
b1100000101 4
#2955000
0!
0-
#2957500
1!
b1000000000000010 %
b1000100110 (
r-32745 ,
1-
b11000010100011110101101100100000 3
b11110110 5
#2960000
0!
0-
#2962500
1!
b1000000000010000 %
b1000100111 (
r-32766 ,
1-
b11000011110101110000100100110100 3
#2965000
0!
0-
#2967500
1!
b1000000000111111 %
b1000101000 (
r-32752 ,
1-
b11000101000111101011011101001000 3
b1100010100 4
b11101100 5
#2970000
0!
0-
#2972500
1!
b1000000010001100 %
b1000101001 (
r-32705 ,
1-
b11000110011001100110010101011100 3
b11100111 5
#2975000
0!
0-
#2977500
1!
b1000000011110111 %
b1000101010 (
r-32628 ,
1-
b11000111101011100001001101110000 3
#2980000
0!
0-
#2982500
1!
b1000000110000010 %
b1000101011 (
r-32521 ,
1-
b11001000111101011100000110000100 3
b1100100011 4
b11011101 5
#2985000
0!
0-
#2987500
1!
b1000001000101011 %
b1000101100 (
r-32382 ,
1-
b11001010001111010110111110011000 3
#2990000
0!
0-
#2992500
1!
b1000001011110010 %
b1000101101 (
r-32213 ,
1-
b11001011100001010001110110101100 3
b11010010 5
#2995000
0!
0-
#2997500
1!
b1000001111010111 %
b1000101110 (
r-32014 ,
1-
b11001100110011001100101111000000 3
b1100110011 4
b11001101 5
b111101011101110 8
#3000000
0!
0-
#3002500
1!
b1000010100010010 %
b1000101111 (
r-31785 ,
1-
b1000010100010010 1
b11001110000101000111100111010100 3
#3005000
0!
0-
#3007500
1!
b1000011000111000 %
b1000110000 (
r-31470 ,
1-
b11001111010111000010011111101000 3
b11000011 5
#3010000
0!
0-
#3012500
1!
b1000011101111100 %
b1000110001 (
r-31176 ,
1-
b11010000101000111101010111111100 3
b1101000010 4
b10111110 5
b111011100100010 8
#3015000
0!
0-
#3017500
1!
b1000100011011110 %
b1000110010 (
r-30852 ,
1-
b1000100011011110 1
b11010001111010111000010000010000 3
#3020000
0!
0-
#3022500
1!
b1000101001011011 %
b1000110011 (
r-30498 ,
1-
b11010011001100110011001000100100 3
b10110100 5
#3025000
0!
0-
#3027500
1!
b1000101111110110 %
b1000110100 (
r-30117 ,
1-
b11010100011110101110000000111000 3
b1101010001 4
b10101111 5
b111001001010100 8
#3030000
0!
0-
#3032500
1!
b1000110110101100 %
b1000110101 (
r-29706 ,
1-
b1000110110101100 1
b11010101110000101000111001001100 3
#3035000
0!
0-
#3037500
1!
b1000111101111101 %
b1000110110 (
r-29268 ,
1-
b11010111000010100011110001100000 3
b10100100 5
b110111000110000 8
#3040000
0!
0-
#3042500
1!
b1001000111010000 %
b1000110111 (
r-28803 ,
1-
b1001000111010000 1
b11011000010100011110101001110100 3
b1101100001 4
b10011111 5
#3045000
0!
0-
#3047500
1!
b1001001111011101 %
b1000111000 (
r-28208 ,
1-
b11011001100110011001100010001000 3
b110100111111101 8
#3050000
0!
0-
#3052500
1!
b1001011000000011 %
b1000111001 (
r-27683 ,
1-
b1001011000000011 1
b11011010111000010100011010011100 3
b10010101 5
b110011110111100 8
#3055000
0!
0-
#3057500
1!
b1001100001000100 %
b1000111010 (
r-27133 ,
1-
b1001100001000100 1
b11011100001010001111010010110000 3
b1101110000 4
#3060000
0!
0-
#3062500
1!
b1001101010011101 %
b1000111011 (
r-26556 ,
1-
b11011101011100001010001011000100 3
b10001011 5
b110001011110001 8
#3065000
0!
0-
#3067500
1!
b1001110100001111 %
b1000111100 (
r-25955 ,
1-
b1001110100001111 1
b11011110101110000101000011011000 3
b10000110 5
#3070000
0!
0-
#3072500
1!
b1001111110011000 %
b1000111101 (
r-25329 ,
1-
b11011111111111111111111011101100 3
b101110111000111 8
#3075000
0!
0-
#3077500
1!
b1010001000111001 %
b1000111110 (
r-24680 ,
1-
b1010001000111001 1
b11100001010001111010110100000000 3
b1110000101 4
b1111011 5
b101101100001111 8
#3080000
0!
0-
#3082500
1!
b1010010011110001 %
b1000111111 (
r-24007 ,
1-
b1010010011110001 1
b11100010100011110101101100010100 3
b1110110 5
b101011110110000 8
#3085000
0!
0-
#3087500
1!
b1010100001010000 %
b1001000000 (
r-23311 ,
1-
b1010100001010000 1
b11100011110101110000100100101000 3
#3090000
0!
0-
#3092500
1!
b1010101100110111 %
b1001000001 (
r-22448 ,
1-
b11100101000111101011011100111100 3
b1110010100 4
b1101100 5
b101000111001110 8
#3095000
0!
0-
#3097500
1!
b1010111000110010 %
b1001000010 (
r-21705 ,
1-
b1010111000110010 1
b11100110011001100110010101010000 3
b1100111 5
b100111010111111 8
#3100000
0!
0-
#3102500
1!
b1011000101000001 %
b1001000011 (
r-20942 ,
1-
b1011000101000001 1
b11100111101011100001001101100100 3
b100101110011101 8
#3105000
0!
0-
#3107500
1!
b1011010001100011 %
b1001000100 (
r-20159 ,
1-
b1011010001100011 1
b11101000111101011100000101111000 3
b1110100011 4
b1011101 5
#3110000
0!
0-
#3112500
1!
b1011011110010111 %
b1001000101 (
r-19357 ,
1-
b11101010001111010110111110001100 3
b100010100100100 8
#3115000
0!
0-
#3117500
1!
b1011101011011100 %
b1001000110 (
r-18537 ,
1-
b1011101011011100 1
b11101011100001010001110110100000 3
b1010010 5
b100000111001110 8
#3120000
0!
0-
#3122500
1!
b1011111000110010 %
b1001000111 (
r-17700 ,
1-
b1011111000110010 1
b11101100110011001100101110110100 3
b1110110011 4
b1001101 5
b11110110111000 8
#3125000
0!
0-
#3127500
1!
b1100001001001000 %
b1001001000 (
r-16846 ,
1-
b1100001001001000 1
b11101110000101000111100111001000 3
b11101001000000 8
#3130000
0!
0-
#3132500
1!
b1100010111000000 %
b1001001001 (
r-15800 ,
1-
b1100010111000000 1
b11101111010111000010011111011100 3
b1000011 5
b11011010111010 8
#3135000
0!
0-
#3137500
1!
b1100100101000110 %
b1001001010 (
r-14912 ,
1-
b1100100101000110 1
b11110000101000111101010111110000 3
b1111000010 4
b111110 5
b11001100100110 8
#3140000
0!
0-
#3142500
1!
b1100110011011010 %
b1001001011 (
r-14010 ,
1-
b1100110011011010 1
b11110001111010111000010000000100 3
b10111110000111 8
#3145000
0!
0-
#3147500
1!
b1101000001111001 %
b1001001100 (
r-13094 ,
1-
b1101000001111001 1
b11110011001100110011001000011000 3
b110100 5
b10101111011100 8
#3150000
0!
0-
#3152500
1!
b1101010000100100 %
b1001001101 (
r-12167 ,
1-
b1101010000100100 1
b11110100011110101110000000101100 3
b1111010001 4
b101111 5
#3155000
0!
0-
#3157500
1!
b1101011111011010 %
b1001001110 (
r-11228 ,
1-
b11110101110000101000111001000000 3
b10010001100111 8
#3160000
0!
0-
#3162500
1!
b1101101110011001 %
b1001001111 (
r-10278 ,
1-
b1101101110011001 1
b11110111000010100011110001010100 3
b100100 5
b1111111011101 8
#3165000
0!
0-
#3167500
1!
b1110000000100011 %
b1001010000 (
r-9319 ,
1-
b1110000000100011 1
b11111000010100011110101001101000 3
b1111100001 4
b11111 5
#3170000
0!
0-
#3172500
1!
b1110001111110101 %
b1001010001 (
r-8157 ,
1-
b11111001100110011001100001111100 3
b1100000110011 8
#3175000
0!
0-
#3177500
1!
b1110011111001101 %
b1001010010 (
r-7179 ,
1-
b1110011111001101 1
b11111010111000010100011010010000 3
b10101 5
b1010001010101 8
#3180000
0!
0-
#3182500
1!
b1110101110101011 %
b1001010011 (
r-6195 ,
1-
b1110101110101011 1
b11111100001010001111010010100100 3
b1111110000 4
b1000001110010 8
#3185000
0!
0-
#3187500
1!
b1110111110001110 %
b1001010100 (
r-5205 ,
1-
b1110111110001110 1
b11111101011100001010001010111000 3
b1011 5
b110010001100 8
#3190000
0!
0-
#3192500
1!
b1111001101110100 %
b1001010101 (
r-4210 ,
1-
b1111001101110100 1
b11111110101110000101000011001100 3
b110 5
b100010100010 8
#3195000
0!
0-
#3197500
1!
b1111011101011110 %
b1001010110 (
r-3212 ,
1-
b1111011101011110 1
b11111111111111111111111011100000 3
b10010110110 8
#3200000
0!
0-
#3202500
1!
b1111101101001010 %
b1001010111 (
r-2210 ,
1-
b1111101101001010 1
b1010001111010110011110100 3
b101 4
06
b11001001 8
#3205000
0!
0-
#3207500
1!
b1111111100110111 %
b1001011000 (
r-1206 ,
1-
b1111111100110111 1
b10100011110101101100001000 3
b1010 5
07
#3210000
0!
0-
#3212500
1!
b1111101101 %
b1001011001 (
r-201 ,
1-
b1111101101 1
b11110101110000100100011100 3
b11111011001 8
#3215000
0!
0-
#3217500
1!
b11111011001 %
b1001011010 (
r1005 ,
1-
b11111011001 1
b101000111101011011100110000 3
b10100 4
b10100 5
b101111000100 8
#3220000
0!
0-
#3222500
1!
b101111000100 %
b1001011011 (
r2009 ,
1-
b101111000100 1
b110011001100110010101000100 3
b11001 5
b111110101011 8
#3225000
0!
0-
#3227500
1!
b111110101011 %
b1001011100 (
r3012 ,
1-
b111110101011 1
b111101011100001001101011000 3
b1001110001111 8
#3230000
0!
0-
#3232500
1!
b1001110001111 %
b1001011101 (
r4011 ,
1-
b1001110001111 1
b1000111101011100000101101100 3
b100011 4
b100011 5
b1011101101110 8
#3235000
0!
0-
#3237500
1!
b1011101101110 %
b1001011110 (
r5007 ,
1-
b1011101101110 1
b1010001111010110111110000000 3
b101000 5
b1101101000111 8
#3240000
0!
0-
#3242500
1!
b1101101000111 %
b1001011111 (
r5998 ,
1-
b1101101000111 1
b1011100001010001110110010100 3
b1111100011010 8
#3245000
0!
0-
#3247500
1!
b1111100011010 %
b1001100000 (
r6983 ,
1-
b1111100011010 1
b1100110011001100101110101000 3
b110011 4
b110011 5
b10001110100110 8
#3250000
0!
0-
#3252500
1!
b10001110100110 %
b1001100001 (
r7962 ,
1-
b10001110100110 1
b1110000101000111100110111100 3
b111000 5
b10011101100111 8
#3255000
0!
0-
#3257500
1!
b10011101100111 %
b1001100010 (
r9126 ,
1-
b10011101100111 1
b1111010111000010011111010000 3
b10101100011111 8
#3260000
0!
0-
#3262500
1!
b10101100011111 %
b1001100011 (
r10087 ,
1-
b10101100011111 1
b10000101000111101010111100100 3
b1000010 4
b1000010 5
b10111011001100 8
#3265000
0!
0-
#3267500
1!
b10111011001100 %
b1001100100 (
r11039 ,
1-
b10111011001100 1
b10001111010111000001111111000 3
b11001001101110 8
#3270000
0!
0-
#3272500
1!
b11001001101110 %
b1001100101 (
r11980 ,
1-
b11001001101110 1
b10011001100110011001000001100 3
b1001100 5
b11011000000100 8
#3275000
0!
0-
#3277500
1!
b11011000000100 %
b1001100110 (
r12910 ,
1-
b11011000000100 1
b10100011110101110000000100000 3
b1010001 4
b1010001 5
b11100110001100 8
#3280000
0!
0-
#3282500
1!
b11100110001100 %
b1001100111 (
r13828 ,
1-
b11100110001100 1
b10101110000101000111000110100 3
b11110100000111 8
#3285000
0!
0-
#3287500
1!
b11110100000111 %
b1001101000 (
r14732 ,
1-
b11110100000111 1
b10111000010100011110001001000 3
b1011100 5
b100000100100001 8
#3290000
0!
0-
#3292500
1!
b100000100100001 %
b1001101001 (
r15623 ,
1-
b100000100100001 1
b11000010100011110101001011100 3
b1100001 4
b1100001 5
b100010001111010 8
#3295000
0!
0-
#3297500
1!
b100010001111010 %
b1001101010 (
r16673 ,
1-
b100010001111010 1
b11001100110011001100001110000 3
#3300000
0!
0-
#3302500
1!
b100011111000011 %
b1001101011 (
r17530 ,
1-
b11010111000010100011010000100 3
b1101011 5
b100101011111011 8
#3305000
0!
0-
#3307500
1!
b100101011111011 %
b1001101100 (
r18371 ,
1-
b100101011111011 1
b11100001010001111010010011000 3
b1110000 4
b1110000 5
b100111000100000 8
#3310000
0!
0-
#3312500
1!
b100111000100000 %
b1001101101 (
r19195 ,
1-
b100111000100000 1
b11101011100001010001010101100 3
b101000100110011 8
#3315000
0!
0-
#3317500
1!
b101000100110011 %
b1001101110 (
r20000 ,
1-
b101000100110011 1
b11110101110000101000011000000 3
b1111010 5
b101010000110010 8
#3320000
0!
0-
#3322500
1!
b101010000110010 %
b1001101111 (
r20787 ,
1-
b101010000110010 1
b11111111111111111111011010100 3
#3325000
0!
0-
#3327500
1!
b101011100011101 %
b1001110000 (
r21554 ,
1-
b100001010001111010110011101000 3
b10000101 4
b10000101 5
b101100111110011 8
#3330000
0!
0-
#3332500
1!
b101100111110011 %
b1001110001 (
r22301 ,
1-
b101100111110011 1
b100010100011110101101011111100 3
b10001010 5
b101110100111110 8
#3335000
0!
0-
#3337500
1!
b101110100111110 %
b1001110010 (
r23027 ,
1-
b101110100111110 1
b100011110101110000100100010000 3
#3340000
0!
0-
#3342500
1!
b101111111100011 %
b1001110011 (
r23870 ,
1-
b100101000111101011011100100100 3
b10010100 4
b10010100 5
b110001001110001 8
#3345000
0!
0-
#3347500
1!
b110001001110001 %
b1001110100 (
r24547 ,
1-
b110001001110001 1
b100110011001100110010100111000 3
b10011001 5
b110010011101000 8
#3350000
0!
0-
#3352500
1!
b110010011101000 %
b1001110101 (
r25201 ,
1-
b110010011101000 1
b100111101011100001001101001100 3
#3355000
0!
0-
#3357500
1!
b110011101000110 %
b1001110110 (
r25832 ,
1-
b101000111101011100000101100000 3
b10100011 4
b10100011 5
b110100110001011 8
#3360000
0!
0-
#3362500
1!
b110100110001011 %
b1001110111 (
r26438 ,
1-
b110100110001011 1
b101010001111010110111101110100 3
b10101000 5
#3365000
0!
0-
#3367500
1!
b110101110110111 %
b1001111000 (
r27019 ,
1-
b101011100001010001110110001000 3
b110110111001001 8
#3370000
0!
0-
#3372500
1!
b110110111001001 %
b1001111001 (
r27575 ,
1-
b110110111001001 1
b101100110011001100101110011100 3
b10110011 4
b10110011 5
b111000000100010 8
#3375000
0!
0-
#3377500
1!
b111000000100010 %
b1001111010 (
r28105 ,
1-
b111000000100010 1
b101110000101000111100110110000 3
b10111000 5
#3380000
0!
0-
#3382500
1!
b111000111111001 %
b1001111011 (
r28706 ,
1-
b101111010111000010011111000100 3
#3385000
0!
0-
#3387500
1!
b111001110110101 %
b1001111100 (
r29177 ,
1-
b110000101000111101010111011000 3
b11000010 4
b11000010 5
b111010101010101 8
#3390000
0!
0-
#3392500
1!
b111010101010101 %
b1001111101 (
r29621 ,
1-
b111010101010101 1
b110001111010111000001111101100 3
#3395000
0!
0-
#3397500
1!
b111011011011000 %
b1001111110 (
r30037 ,
1-
b110011001100110011001000000000 3
b11001100 5
b111100000111111 8
#3400000
0!
0-
#3402500
1!
b111100000111111 %
b1001111111 (
r30424 ,
1-
b111100000111111 1
b110100011110101110000000010100 3
b11010001 4
b11010001 5
#3405000
0!
0-
#3407500
1!
b111100110001001 %
b1010000000 (
r30783 ,
1-
b110101110000101000111000101000 3
#3410000
0!
0-
#3412500
1!
b111101010110110 %
b1010000001 (
r31113 ,
1-
b110111000010100011110000111100 3
b11011100 5
#3415000
0!
0-
#3417500
1!
b111101111111000 %
b1010000010 (
r31414 ,
1-
b111000010100011110101001010000 3
b11100001 4
b11100001 5
b111110011100011 8
#3420000
0!
0-
#3422500
1!
b111110011100011 %
b1010000011 (
r31736 ,
1-
b111110011100011 1
b111001100110011001100001100100 3
#3425000
0!
0-
#3427500
1!
b111110110110000 %
b1010000100 (
r31971 ,
1-
b111010111000010100011001111000 3
b11101011 5
#3430000
0!
0-
#3432500
1!
b111111001011111 %
b1010000101 (
r32176 ,
1-
b111100001010001111010010001100 3
b11110000 4
b11110000 5
#3435000
0!
0-
#3437500
1!
b111111011101111 %
b1010000110 (
r32351 ,
1-
b111101011100001010001010100000 3
#3440000
0!
0-
#3442500
1!
b111111101100001 %
b1010000111 (
r32495 ,
1-
b111110101110000101000010110100 3
b11111010 5
#3445000
0!
0-
#3447500
1!
b111111110110100 %
b1010001000 (
r32609 ,
1-
b111111111111111111111011001000 3
#3450000
0!
0-
#3452500
1!
b111111111101001 %
b1010001001 (
r32692 ,
1-
b1000001010001111010110011011100 3
b100000101 4
#3455000
0!
0-
#3457500
1!
b111111111111110 %
b1010001010 (
r32745 ,
1-
b1000010100011110101101011110000 3
b11110110 5
#3460000
0!
0-
#3462500
1!
b111111111110000 %
b1010001011 (
r32766 ,
1-
b1000011110101110000100100000100 3
#3465000
0!
0-
#3467500
1!
b111111111000001 %
b1010001100 (
r32752 ,
1-
b1000101000111101011011100011000 3
b100010100 4
b11101100 5
#3470000
0!
0-
#3472500
1!
b111111101110100 %
b1010001101 (
r32705 ,
1-
b1000110011001100110010100101100 3
b11100111 5
#3475000
0!
0-
#3477500
1!
b111111100001001 %
b1010001110 (
r32628 ,
1-
b1000111101011100001001101000000 3
#3480000
0!
0-
#3482500
1!
b111111001111110 %
b1010001111 (
r32521 ,
1-
b1001000111101011100000101010100 3
b100100011 4
b11011101 5
#3485000
0!
0-
#3487500
1!
b111110111010101 %
b1010010000 (
r32382 ,
1-
b1001010001111010110111101101000 3
#3490000
0!
0-
#3492500
1!
b111110100001110 %
b1010010001 (
r32213 ,
1-
b1001011100001010001110101111100 3
b11010010 5
#3495000
0!
0-
#3497500
1!
b111110000101001 %
b1010010010 (
r32014 ,
1-
b1001100110011001100101110010000 3
b100110011 4
b11001101 5
b111101011101110 8
#3500000
0!
0-
#3502500
1!
b111101011101110 %
b1010010011 (
r31785 ,
1-
b111101011101110 1
b1001110000101000111100110100100 3
#3505000
0!
0-
#3507500
1!
b111100111001000 %
b1010010100 (
r31470 ,
1-
b1001111010111000010011110111000 3
b11000011 5
#3510000
0!
0-
#3512500
1!
b111100010000100 %
b1010010101 (
r31176 ,
1-
b1010000101000111101010111001100 3
b101000010 4
b10111110 5
b111011100100010 8
#3515000
0!
0-
#3517500
1!
b111011100100010 %
b1010010110 (
r30852 ,
1-
b111011100100010 1
b1010001111010111000001111100000 3
#3520000
0!
0-
#3522500
1!
b111010110100101 %
b1010010111 (
r30498 ,
1-
b1010011001100110011000111110100 3
b10110100 5
#3525000
0!
0-
#3527500
1!
b111010000001010 %
b1010011000 (
r30117 ,
1-
b1010100011110101110000000001000 3
b101010001 4
b10101111 5
b111001001010100 8
#3530000
0!
0-
#3532500
1!
b111001001010100 %
b1010011001 (
r29706 ,
1-
b111001001010100 1
b1010101110000101000111000011100 3
#3535000
0!
0-
#3537500
1!
b111000010000011 %
b1010011010 (
r29268 ,
1-
b1010111000010100011110000110000 3
b10100100 5
b110111000110000 8
#3540000
0!
0-
#3542500
1!
b110111000110000 %
b1010011011 (
r28803 ,
1-
b110111000110000 1
b1011000010100011110101001000100 3
b101100001 4
b10011111 5
#3545000
0!
0-
#3547500
1!
b110110000100011 %
b1010011100 (
r28208 ,
1-
b1011001100110011001100001011000 3
b110100111111101 8
#3550000
0!
0-
#3552500
1!
b110100111111101 %
b1010011101 (
r27683 ,
1-
b110100111111101 1
b1011010111000010100011001101100 3
b10010101 5
b110011110111100 8
#3555000
0!
0-
#3557500
1!
b110011110111100 %
b1010011110 (
r27133 ,
1-
b110011110111100 1
b1011100001010001111010010000000 3
b101110000 4
#3560000
0!
0-
#3562500
1!
b110010101100011 %
b1010011111 (
r26556 ,
1-
b1011101011100001010001010010100 3
b10001011 5
b110001011110001 8
#3565000
0!
0-
#3567500
1!
b110001011110001 %
b1010100000 (
r25955 ,
1-
b110001011110001 1
b1011110101110000101000010101000 3
b10000110 5
#3570000
0!
0-
#3572500
1!
b110000001101000 %
b1010100001 (
r25329 ,
1-
b1011111111111111111111010111100 3
b101110111000111 8
#3575000
0!
0-
#3577500
1!
b101110111000111 %
b1010100010 (
r24680 ,
1-
b101110111000111 1
b1100001010001111010110011010000 3
b110000101 4
b1111011 5
b101101100001111 8
#3580000
0!
0-
#3582500
1!
b101101100001111 %
b1010100011 (
r24007 ,
1-
b101101100001111 1
b1100010100011110101101011100100 3
b1110110 5
b101011110110000 8
#3585000
0!
0-
#3587500
1!
b101011110110000 %
b1010100100 (
r23311 ,
1-
b101011110110000 1
b1100011110101110000100011111000 3
#3590000
0!
0-
#3592500
1!
b101010011001001 %
b1010100101 (
r22448 ,
1-
b1100101000111101011011100001100 3
b110010100 4
b1101100 5
b101000111001110 8
#3595000
0!
0-
#3597500
1!
b101000111001110 %
b1010100110 (
r21705 ,
1-
b101000111001110 1
b1100110011001100110010100100000 3
b1100111 5
b100111010111111 8
#3600000
0!
0-
#3602500
1!
b100111010111111 %
b1010100111 (
r20942 ,
1-
b100111010111111 1
b1100111101011100001001100110100 3
b100101110011101 8
#3605000
0!
0-
#3607500
1!
b100101110011101 %
b1010101000 (
r20159 ,
1-
b100101110011101 1
b1101000111101011100000101001000 3
b110100011 4
b1011101 5
#3610000
0!
0-
#3612500
1!
b100100001101001 %
b1010101001 (
r19357 ,
1-
b1101010001111010110111101011100 3
b100010100100100 8
#3615000
0!
0-
#3617500
1!
b100010100100100 %
b1010101010 (
r18537 ,
1-
b100010100100100 1
b1101011100001010001110101110000 3
b1010010 5
b100000111001110 8
#3620000
0!
0-
#3622500
1!
b100000111001110 %
b1010101011 (
r17700 ,
1-
b100000111001110 1
b1101100110011001100101110000100 3
b110110011 4
b1001101 5
b11110110111000 8
#3625000
0!
0-
#3627500
1!
b11110110111000 %
b1010101100 (
r16846 ,
1-
b11110110111000 1
b1101110000101000111100110011000 3
b11101001000000 8
#3630000
0!
0-
#3632500
1!
b11101001000000 %
b1010101101 (
r15800 ,
1-
b11101001000000 1
b1101111010111000010011110101100 3
b1000011 5
b11011010111010 8
#3635000
0!
0-
#3637500
1!
b11011010111010 %
b1010101110 (
r14912 ,
1-
b11011010111010 1
b1110000101000111101010111000000 3
b111000010 4
b111110 5
b11001100100110 8
#3640000
0!
0-
#3642500
1!
b11001100100110 %
b1010101111 (
r14010 ,
1-
b11001100100110 1
b1110001111010111000001111010100 3
b10111110000111 8
#3645000
0!
0-
#3647500
1!
b10111110000111 %
b1010110000 (
r13094 ,
1-
b10111110000111 1
b1110011001100110011000111101000 3
b110100 5
b10101111011100 8
#3650000
0!
0-
#3652500
1!
b10101111011100 %
b1010110001 (
r12167 ,
1-
b10101111011100 1
b1110100011110101101111111111100 3
b111010001 4
b101111 5
#3655000
0!
0-
#3657500
1!
b10100000100110 %
b1010110010 (
r11228 ,
1-
b1110101110000101000111000010000 3
b10010001100111 8
#3660000
0!
0-
#3662500
1!
b10010001100111 %
b1010110011 (
r10278 ,
1-
b10010001100111 1
b1110111000010100011110000100100 3
b100100 5
b1111111011101 8
#3665000
0!
0-
#3667500
1!
b1111111011101 %
b1010110100 (
r9319 ,
1-
b1111111011101 1
b1111000010100011110101000111000 3
b111100001 4
b11111 5
#3670000
0!
0-
#3672500
1!
b1110000001011 %
b1010110101 (
r8157 ,
1-
b1111001100110011001100001001100 3
b1100000110011 8
#3675000
0!
0-
#3677500
1!
b1100000110011 %
b1010110110 (
r7179 ,
1-
b1100000110011 1
b1111010111000010100011001100000 3
b10101 5
b1010001010101 8
#3680000
0!
0-
#3682500
1!
b1010001010101 %
b1010110111 (
r6195 ,
1-
b1010001010101 1
b1111100001010001111010001110100 3
b111110000 4
b1000001110010 8
#3685000
0!
0-
#3687500
1!
b1000001110010 %
b1010111000 (
r5205 ,
1-
b1000001110010 1
b1111101011100001010001010001000 3
b1011 5
b110010001100 8
#3690000
0!
0-
#3692500
1!
b110010001100 %
b1010111001 (
r4210 ,
1-
b110010001100 1
b1111110101110000101000010011100 3
b110 5
b100010100010 8
#3695000
0!
0-
#3697500
1!
b100010100010 %
b1010111010 (
r3212 ,
1-
b100010100010 1
b1111111111111111111111010110000 3
b10010110110 8
#3700000
0!
0-
#3702500
1!
b10010110110 %
b1010111011 (
r2210 ,
1-
b10010110110 1
b10000001010001111010110011000100 3
b1000000101 4
16
b11001001 8
#3705000
0!
0-
#3707500
1!
b11001001 %
b1010111100 (
r1206 ,
1-
b11001001 1
b10000010100011110101101011011000 3
b1010 5
17
#3710000
0!
0-
#3712500
1!
b1111110000010011 %
b1010111101 (
r201 ,
1-
b1111110000010011 1
b10000011110101110000100011101100 3
b11111011001 8
#3715000
0!
0-
#3717500
1!
b1111100000100111 %
b1010111110 (
r-1005 ,
1-
b1111100000100111 1
b10000101000111101011011100000000 3
b1000010100 4
b10100 5
b101111000100 8
#3720000
0!
0-
#3722500
1!
b1111010000111100 %
b1010111111 (
r-2009 ,
1-
b1111010000111100 1
b10000110011001100110010100010100 3
b11001 5
b111110101011 8
#3725000
0!
0-
#3727500
1!
b1111000001010101 %
b1011000000 (
r-3012 ,
1-
b1111000001010101 1
b10000111101011100001001100101000 3
b1001110001111 8
#3730000
0!
0-
#3732500
1!
b1110110001110001 %
b1011000001 (
r-4011 ,
1-
b1110110001110001 1
b10001000111101011100000100111100 3
b1000100011 4
b100011 5
b1011101101110 8
#3735000
0!
0-
#3737500
1!
b1110100010010010 %
b1011000010 (
r-5007 ,
1-
b1110100010010010 1
b10001010001111010110111101010000 3
b101000 5
b1101101000111 8
#3740000
0!
0-
#3742500
1!
b1110010010111001 %
b1011000011 (
r-5998 ,
1-
b1110010010111001 1
b10001011100001010001110101100100 3
b1111100011010 8
#3745000
0!
0-
#3747500
1!
b1110000011100110 %
b1011000100 (
r-6983 ,
1-
b1110000011100110 1
b10001100110011001100101101111000 3
b1000110011 4
b110011 5
b10001110100110 8
#3750000
0!
0-
#3752500
1!
b1101110001011010 %
b1011000101 (
r-7962 ,
1-
b1101110001011010 1
b10001110000101000111100110001100 3
b111000 5
b10011101100111 8
#3755000
0!
0-
#3757500
1!
b1101100010011001 %
b1011000110 (
r-9126 ,
1-
b1101100010011001 1
b10001111010111000010011110100000 3
b10101100011111 8
#3760000
0!
0-
#3762500
1!
b1101010011100001 %
b1011000111 (
r-10087 ,
1-
b1101010011100001 1
b10010000101000111101010110110100 3
b1001000010 4
b1000010 5
b10111011001100 8
#3765000
0!
0-
#3767500
1!
b1101000100110100 %
b1011001000 (
r-11039 ,
1-
b1101000100110100 1
b10010001111010111000001111001000 3
b11001001101110 8
#3770000
0!
0-
#3772500
1!
b1100110110010010 %
b1011001001 (
r-11980 ,
1-
b1100110110010010 1
b10010011001100110011000111011100 3
b1001100 5
b11011000000100 8
#3775000
0!
0-
#3777500
1!
b1100100111111100 %
b1011001010 (
r-12910 ,
1-
b1100100111111100 1
b10010100011110101101111111110000 3
b1001010001 4
b1010001 5
b11100110001100 8
#3780000
0!
0-
#3782500
1!
b1100011001110100 %
b1011001011 (
r-13828 ,
1-
b1100011001110100 1
b10010101110000101000111000000100 3
b11110100000111 8
#3785000
0!
0-
#3787500
1!
b1100001011111001 %
b1011001100 (
r-14732 ,
1-
b1100001011111001 1
b10010111000010100011110000011000 3
b1011100 5
b100000100100001 8
#3790000
0!
0-
#3792500
1!
b1011111011011111 %
b1011001101 (
r-15623 ,
1-
b1011111011011111 1
b10011000010100011110101000101100 3
b1001100001 4
b1100001 5
b100010001111010 8
#3795000
0!
0-
#3797500
1!
b1011101110000110 %
b1011001110 (
r-16673 ,
1-
b1011101110000110 1
b10011001100110011001100001000000 3
#3800000
0!
0-
#3802500
1!
b1011100000111101 %
b1011001111 (
r-17530 ,
1-
b10011010111000010100011001010100 3
b1101011 5
b100101011111011 8
#3805000
0!
0-
#3807500
1!
b1011010100000101 %
b1011010000 (
r-18371 ,
1-
b1011010100000101 1
b10011100001010001111010001101000 3
b1001110000 4
b1110000 5
b100111000100000 8
#3810000
0!
0-
#3812500
1!
b1011000111100000 %
b1011010001 (
r-19195 ,
1-
b1011000111100000 1
b10011101011100001010001001111100 3
b101000100110011 8
#3815000
0!
0-
#3817500
1!
b1010111011001101 %
b1011010010 (
r-20000 ,
1-
b1010111011001101 1
b10011110101110000101000010010000 3
b1111010 5
b101010000110010 8
#3820000
0!
0-
#3822500
1!
b1010101111001110 %
b1011010011 (
r-20787 ,
1-
b1010101111001110 1
b10011111111111111111111010100100 3
#3825000
0!
0-
#3827500
1!
b1010100011100011 %
b1011010100 (
r-21554 ,
1-
b10100001010001111010110010111000 3
b1010000101 4
b10000101 5
b101100111110011 8
#3830000
0!
0-
#3832500
1!
b1010011000001101 %
b1011010101 (
r-22301 ,
1-
b1010011000001101 1
b10100010100011110101101011001100 3
b10001010 5
b101110100111110 8
#3835000
0!
0-
#3837500
1!
b1010001011000010 %
b1011010110 (
r-23027 ,
1-
b1010001011000010 1
b10100011110101110000100011100000 3
#3840000
0!
0-
#3842500
1!
b1010000000011101 %
b1011010111 (
r-23870 ,
1-
b10100101000111101011011011110100 3
b1010010100 4
b10010100 5
b110001001110001 8
#3845000
0!
0-
#3847500
1!
b1001110110001111 %
b1011011000 (
r-24547 ,
1-
b1001110110001111 1
b10100110011001100110010100001000 3
b10011001 5
b110010011101000 8
#3850000
0!
0-
#3852500
1!
b1001101100011000 %
b1011011001 (
r-25201 ,
1-
b1001101100011000 1
b10100111101011100001001100011100 3
#3855000
0!
0-
#3857500
1!
b1001100010111010 %
b1011011010 (
r-25832 ,
1-
b10101000111101011100000100110000 3
b1010100011 4
b10100011 5
b110100110001011 8
#3860000
0!
0-
#3862500
1!
b1001011001110101 %
b1011011011 (
r-26438 ,
1-
b1001011001110101 1
b10101010001111010110111101000100 3
b10101000 5
#3865000
0!
0-
#3867500
1!
b1001010001001001 %
b1011011100 (
r-27019 ,
1-
b10101011100001010001110101011000 3
b110110111001001 8
#3870000
0!
0-
#3872500
1!
b1001001000110111 %
b1011011101 (
r-27575 ,
1-
b1001001000110111 1
b10101100110011001100101101101100 3
b1010110011 4
b10110011 5
b111000000100010 8
#3875000
0!
0-
#3877500
1!
b1000111111011110 %
b1011011110 (
r-28105 ,
1-
b1000111111011110 1
b10101110000101000111100110000000 3
b10111000 5
#3880000
0!
0-
#3882500
1!
b1000111000000111 %
b1011011111 (
r-28706 ,
1-
b10101111010111000010011110010100 3
#3885000
0!
0-
#3887500
1!
b1000110001001011 %
b1011100000 (
r-29177 ,
1-
b10110000101000111101010110101000 3
b1011000010 4
b11000010 5
b111010101010101 8
#3890000
0!
0-
#3892500
1!
b1000101010101011 %
b1011100001 (
r-29621 ,
1-
b1000101010101011 1
b10110001111010111000001110111100 3
#3895000
0!
0-
#3897500
1!
b1000100100101000 %
b1011100010 (
r-30037 ,
1-
b10110011001100110011000111010000 3
b11001100 5
b111100000111111 8
#3900000
0!
0-
#3902500
1!
b1000011111000001 %
b1011100011 (
r-30424 ,
1-
b1000011111000001 1
b10110100011110101101111111100100 3
b1011010001 4
b11010001 5
#3905000
0!
0-
#3907500
1!
b1000011001110111 %
b1011100100 (
r-30783 ,
1-
b10110101110000101000110111111000 3
#3910000
0!
0-
#3912500
1!
b1000010101001010 %
b1011100101 (
r-31113 ,
1-
b10110111000010100011110000001100 3
b11011100 5
#3915000
0!
0-
#3917500
1!
b1000010000001000 %
b1011100110 (
r-31414 ,
1-
b10111000010100011110101000100000 3
b1011100001 4
b11100001 5
b111110011100011 8
#3920000
0!
0-
#3922500
1!
b1000001100011101 %
b1011100111 (
r-31736 ,
1-
b1000001100011101 1
b10111001100110011001100000110100 3
#3925000
0!
0-
#3927500
1!
b1000001001010000 %
b1011101000 (
r-31971 ,
1-
b10111010111000010100011001001000 3
b11101011 5
#3930000
0!
0-
#3932500
1!
b1000000110100001 %
b1011101001 (
r-32176 ,
1-
b10111100001010001111010001011100 3
b1011110000 4
b11110000 5
#3935000
0!
0-
#3937500
1!
b1000000100010001 %
b1011101010 (
r-32351 ,
1-
b10111101011100001010001001110000 3
#3940000
0!
0-
#3942500
1!
b1000000010011111 %
b1011101011 (
r-32495 ,
1-
b10111110101110000101000010000100 3
b11111010 5
#3945000
0!
0-
#3947500
1!
b1000000001001100 %
b1011101100 (
r-32609 ,
1-
b10111111111111111111111010011000 3
#3950000
0!
0-
#3952500
1!
b1000000000010111 %
b1011101101 (
r-32692 ,
1-
b11000001010001111010110010101100 3
b1100000101 4
#3955000
0!
0-
#3957500
1!
b1000000000000010 %
b1011101110 (
r-32745 ,
1-
b11000010100011110101101011000000 3
b11110110 5
#3960000
0!
0-
#3962500
1!
b1000000000010000 %
b1011101111 (
r-32766 ,
1-
b11000011110101110000100011010100 3
#3965000
0!
0-
#3967500
1!
b1000000000111111 %
b1011110000 (
r-32752 ,
1-
b11000101000111101011011011101000 3
b1100010100 4
b11101100 5
#3970000
0!
0-
#3972500
1!
b1000000010001100 %
b1011110001 (
r-32705 ,
1-
b11000110011001100110010011111100 3
b11100111 5
#3975000
0!
0-
#3977500
1!
b1000000011110111 %
b1011110010 (
r-32628 ,
1-
b11000111101011100001001100010000 3
#3980000
0!
0-
#3982500
1!
b1000000110000010 %
b1011110011 (
r-32521 ,
1-
b11001000111101011100000100100100 3
b1100100011 4
b11011101 5
#3985000
0!
0-
#3987500
1!
b1000001000101011 %
b1011110100 (
r-32382 ,
1-
b11001010001111010110111100111000 3
#3990000
0!
0-
#3992500
1!
b1000001011110010 %
b1011110101 (
r-32213 ,
1-
b11001011100001010001110101001100 3
b11010010 5
#3995000
0!
0-
#3997500
1!
b1000001111010111 %
b1011110110 (
r-32014 ,
1-
b11001100110011001100101101100000 3
b1100110011 4
b11001101 5
b111101011101110 8
#4000000
0!
0-
#4002500
1!
b1000010100010010 %
b1011110111 (
r-31785 ,
1-
b1000010100010010 1
b11001110000101000111100101110100 3
#4005000
0!
0-
#4007500
1!
b1000011000111000 %
b1011111000 (
r-31470 ,
1-
b11001111010111000010011110001000 3
b11000011 5
#4010000
0!
0-
#4012500
1!
b1000011101111100 %
b1011111001 (
r-31176 ,
1-
b11010000101000111101010110011100 3
b1101000010 4
b10111110 5
b111011100100010 8
#4015000
0!
0-
#4017500
1!
b1000100011011110 %
b1011111010 (
r-30852 ,
1-
b1000100011011110 1
b11010001111010111000001110110000 3
#4020000
0!
0-
#4022500
1!
b1000101001011011 %
b1011111011 (
r-30498 ,
1-
b11010011001100110011000111000100 3
b10110100 5
#4025000
0!
0-
#4027500
1!
b1000101111110110 %
b1011111100 (
r-30117 ,
1-
b11010100011110101101111111011000 3
b1101010001 4
b10101111 5
b111001001010100 8
#4030000
0!
0-
#4032500
1!
b1000110110101100 %
b1011111101 (
r-29706 ,
1-
b1000110110101100 1
b11010101110000101000110111101100 3
#4035000
0!
0-
#4037500
1!
b1000111101111101 %
b1011111110 (
r-29268 ,
1-
b11010111000010100011110000000000 3
b10100100 5
b110111000110000 8
#4040000
0!
0-
#4042500
1!
b1001000111010000 %
b1011111111 (
r-28803 ,
1-
b1001000111010000 1
b11011000010100011110101000010100 3
b1101100001 4
b10011111 5
#4045000
0!
0-
#4047500
1!
b1001001111011101 %
b1100000000 (
r-28208 ,
1-
b11011001100110011001100000101000 3
b110100111111101 8
#4050000
0!
0-
#4052500
1!
b1001011000000011 %
b1100000001 (
r-27683 ,
1-
b1001011000000011 1
b11011010111000010100011000111100 3
b10010101 5
b110011110111100 8
#4055000
0!
0-
#4057500
1!
b1001100001000100 %
b1100000010 (
r-27133 ,
1-
b1001100001000100 1
b11011100001010001111010001010000 3
b1101110000 4
#4060000
0!
0-
#4062500
1!
b1001101010011101 %
b1100000011 (
r-26556 ,
1-
b11011101011100001010001001100100 3
b10001011 5
b110001011110001 8
#4065000
0!
0-
#4067500
1!
b1001110100001111 %
b1100000100 (
r-25955 ,
1-
b1001110100001111 1
b11011110101110000101000001111000 3
b10000110 5
#4070000
0!
0-
#4072500
1!
b1001111110011000 %
b1100000101 (
r-25329 ,
1-
b11011111111111111111111010001100 3
b101110111000111 8
#4075000
0!
0-
#4077500
1!
b1010001000111001 %
b1100000110 (
r-24680 ,
1-
b1010001000111001 1
b11100001010001111010110010100000 3
b1110000101 4
b1111011 5
b101101100001111 8
#4080000
0!
0-
#4082500
1!
b1010010011110001 %
b1100000111 (
r-24007 ,
1-
b1010010011110001 1
b11100010100011110101101010110100 3
b1110110 5
b101011110110000 8
#4085000
0!
0-
#4087500
1!
b1010100001010000 %
b1100001000 (
r-23311 ,
1-
b1010100001010000 1
b11100011110101110000100011001000 3
#4090000
0!
0-
#4092500
1!
b1010101100110111 %
b1100001001 (
r-22448 ,
1-
b11100101000111101011011011011100 3
b1110010100 4
b1101100 5
b101000111001110 8
#4095000
0!
0-
#4097500
1!
b1010111000110010 %
b1100001010 (
r-21705 ,
1-
b1010111000110010 1
b11100110011001100110010011110000 3
b1100111 5
b100111010111111 8
#4100000
0!
0-
#4102500
1!
b1011000101000001 %
b1100001011 (
r-20942 ,
1-
b1011000101000001 1
b11100111101011100001001100000100 3
b100101110011101 8
#4105000
0!
0-
#4107500
1!
b1011010001100011 %
b1100001100 (
r-20159 ,
1-
b1011010001100011 1
b11101000111101011100000100011000 3
b1110100011 4
b1011101 5
#4110000
0!
0-
#4112500
1!
b1011011110010111 %
b1100001101 (
r-19357 ,
1-
b11101010001111010110111100101100 3
b100010100100100 8
#4115000
0!
0-
#4117500
1!
b1011101011011100 %
b1100001110 (
r-18537 ,
1-
b1011101011011100 1
b11101011100001010001110101000000 3
b1010010 5
b100000111001110 8
#4120000
0!
0-
#4122500
1!
b1011111000110010 %
b1100001111 (
r-17700 ,
1-
b1011111000110010 1
b11101100110011001100101101010100 3
b1110110011 4
b1001101 5
b11110110111000 8
#4125000
0!
0-
#4127500
1!
b1100001001001000 %
b1100010000 (
r-16846 ,
1-
b1100001001001000 1
b11101110000101000111100101101000 3
b11101001000000 8
#4130000
0!
0-
#4132500
1!
b1100010111000000 %
b1100010001 (
r-15800 ,
1-
b1100010111000000 1
b11101111010111000010011101111100 3
b1000011 5
b11011010111010 8
#4135000
0!
0-
#4137500
1!
b1100100101000110 %
b1100010010 (
r-14912 ,
1-
b1100100101000110 1
b11110000101000111101010110010000 3
b1111000010 4
b111110 5
b11001100100110 8
#4140000
0!
0-
#4142500
1!
b1100110011011010 %
b1100010011 (
r-14010 ,
1-
b1100110011011010 1
b11110001111010111000001110100100 3
b10111110000111 8
#4145000
0!
0-
#4147500
1!
b1101000001111001 %
b1100010100 (
r-13094 ,
1-
b1101000001111001 1
b11110011001100110011000110111000 3
b110100 5
b10101111011100 8
#4150000
0!
0-
#4152500
1!
b1101010000100100 %
b1100010101 (
r-12167 ,
1-
b1101010000100100 1
b11110100011110101101111111001100 3
b1111010001 4
b101111 5
#4155000
0!
0-
#4157500
1!
b1101011111011010 %
b1100010110 (
r-11228 ,
1-
b11110101110000101000110111100000 3
b10010001100111 8
#4160000
0!
0-
#4162500
1!
b1101101110011001 %
b1100010111 (
r-10278 ,
1-
b1101101110011001 1
b11110111000010100011101111110100 3
b100100 5
b1111111011101 8
#4165000
0!
0-
#4167500
1!
b1110000000100011 %
b1100011000 (
r-9319 ,
1-
b1110000000100011 1
b11111000010100011110101000001000 3
b1111100001 4
b11111 5
#4170000
0!
0-
#4172500
1!
b1110001111110101 %
b1100011001 (
r-8157 ,
1-
b11111001100110011001100000011100 3
b1100000110011 8
#4175000
0!
0-
#4177500
1!
b1110011111001101 %
b1100011010 (
r-7179 ,
1-
b1110011111001101 1
b11111010111000010100011000110000 3
b10101 5
b1010001010101 8
#4180000
0!
0-
#4182500
1!
b1110101110101011 %
b1100011011 (
r-6195 ,
1-
b1110101110101011 1
b11111100001010001111010001000100 3
b1111110000 4
b1000001110010 8
#4185000
0!
0-
#4187500
1!
b1110111110001110 %
b1100011100 (
r-5205 ,
1-
b1110111110001110 1
b11111101011100001010001001011000 3
b1011 5
b110010001100 8
#4190000
0!
0-
#4192500
1!
b1111001101110100 %
b1100011101 (
r-4210 ,
1-
b1111001101110100 1
b11111110101110000101000001101100 3
b110 5
b100010100010 8
#4195000
0!
0-
#4197500
1!
b1111011101011110 %
b1100011110 (
r-3212 ,
1-
b1111011101011110 1
b11111111111111111111111010000000 3
b10010110110 8
#4200000
0!
0-
#4202500
1!
b1111101101001010 %
b1100011111 (
r-2210 ,
1-
b1111101101001010 1
b1010001111010110010010100 3
b101 4
06
b11001001 8
#4205000
0!
0-
#4207500
1!
b1111111100110111 %
b1100100000 (
r-1206 ,
1-
b1111111100110111 1
b10100011110101101010101000 3
b1010 5
07
#4210000
0!
0-
#4212500
1!
b1111101101 %
b1100100001 (
r-201 ,
1-
b1111101101 1
b11110101110000100010111100 3
b11111011001 8
#4215000
0!
0-
#4217500
1!
b11111011001 %
b1100100010 (
r1005 ,
1-
b11111011001 1
b101000111101011011011010000 3
b10100 4
b10100 5
b101111000100 8
#4220000
0!
0-
#4222500
1!
b101111000100 %
b1100100011 (
r2009 ,
1-
b101111000100 1
b110011001100110010011100100 3
b11001 5
b111110101011 8
#4225000
0!
0-
#4227500
1!
b111110101011 %
b1100100100 (
r3012 ,
1-
b111110101011 1
b111101011100001001011111000 3
b1001110001111 8
#4230000
0!
0-
#4232500
1!
b1001110001111 %
b1100100101 (
r4011 ,
1-
b1001110001111 1
b1000111101011100000100001100 3
b100011 4
b100011 5
b1011101101110 8
#4235000
0!
0-
#4237500
1!
b1011101101110 %
b1100100110 (
r5007 ,
1-
b1011101101110 1
b1010001111010110111100100000 3
b101000 5
b1101101000111 8
#4240000
0!
0-
#4242500
1!
b1101101000111 %
b1100100111 (
r5998 ,
1-
b1101101000111 1
b1011100001010001110100110100 3
b1111100011010 8
#4245000
0!
0-
#4247500
1!
b1111100011010 %
b1100101000 (
r6983 ,
1-
b1111100011010 1
b1100110011001100101101001000 3
b110011 4
b110011 5
b10001110100110 8
#4250000
0!
0-
#4252500
1!
b10001110100110 %
b1100101001 (
r7962 ,
1-
b10001110100110 1
b1110000101000111100101011100 3
b111000 5
b10011101100111 8
#4255000
0!
0-
#4257500
1!
b10011101100111 %
b1100101010 (
r9126 ,
1-
b10011101100111 1
b1111010111000010011101110000 3
b10101100011111 8
#4260000
0!
0-
#4262500
1!
b10101100011111 %
b1100101011 (
r10087 ,
1-
b10101100011111 1
b10000101000111101010110000100 3
b1000010 4
b1000010 5
b10111011001100 8
#4265000
0!
0-
#4267500
1!
b10111011001100 %
b1100101100 (
r11039 ,
1-
b10111011001100 1
b10001111010111000001110011000 3
b11001001101110 8
#4270000
0!
0-
#4272500
1!
b11001001101110 %
b1100101101 (
r11980 ,
1-
b11001001101110 1
b10011001100110011000110101100 3
b1001100 5
b11011000000100 8
#4275000
0!
0-
#4277500
1!
b11011000000100 %
b1100101110 (
r12910 ,
1-
b11011000000100 1
b10100011110101101111111000000 3
b1010001 4
b1010001 5
b11100110001100 8
#4280000
0!
0-
#4282500
1!
b11100110001100 %
b1100101111 (
r13828 ,
1-
b11100110001100 1
b10101110000101000110111010100 3
b11110100000111 8
#4285000
0!
0-
#4287500
1!
b11110100000111 %
b1100110000 (
r14732 ,
1-
b11110100000111 1
b10111000010100011101111101000 3
b1011100 5
b100000100100001 8
#4290000
0!
0-
#4292500
1!
b100000100100001 %
b1100110001 (
r15623 ,
1-
b100000100100001 1
b11000010100011110100111111100 3
b1100001 4
b1100001 5
b100010001111010 8
#4295000
0!
0-
#4297500
1!
b100010001111010 %
b1100110010 (
r16673 ,
1-
b100010001111010 1
b11001100110011001100000010000 3
#4300000
0!
0-
#4302500
1!
b100011111000011 %
b1100110011 (
r17530 ,
1-
b11010111000010100011000100100 3
b1101011 5
b100101011111011 8
#4305000
0!
0-
#4307500
1!
b100101011111011 %
b1100110100 (
r18371 ,
1-
b100101011111011 1
b11100001010001111010000111000 3
b1110000 4
b1110000 5
b100111000100000 8
#4310000
0!
0-
#4312500
1!
b100111000100000 %
b1100110101 (
r19195 ,
1-
b100111000100000 1
b11101011100001010001001001100 3
b101000100110011 8
#4315000
0!
0-
#4317500
1!
b101000100110011 %
b1100110110 (
r20000 ,
1-
b101000100110011 1
b11110101110000101000001100000 3
b1111010 5
b101010000110010 8
#4320000
0!
0-
#4322500
1!
b101010000110010 %
b1100110111 (
r20787 ,
1-
b101010000110010 1
b11111111111111111111001110100 3
#4325000
0!
0-
#4327500
1!
b101011100011101 %
b1100111000 (
r21554 ,
1-
b100001010001111010110010001000 3
b10000101 4
b10000101 5
b101100111110011 8
#4330000
0!
0-
#4332500
1!
b101100111110011 %
b1100111001 (
r22301 ,
1-
b101100111110011 1
b100010100011110101101010011100 3
b10001010 5
b101110100111110 8
#4335000
0!
0-
#4337500
1!
b101110100111110 %
b1100111010 (
r23027 ,
1-
b101110100111110 1
b100011110101110000100010110000 3
#4340000
0!
0-
#4342500
1!
b101111111100011 %
b1100111011 (
r23870 ,
1-
b100101000111101011011011000100 3
b10010100 4
b10010100 5
b110001001110001 8
#4345000
0!
0-
#4347500
1!
b110001001110001 %
b1100111100 (
r24547 ,
1-
b110001001110001 1
b100110011001100110010011011000 3
b10011001 5
b110010011101000 8
#4350000
0!
0-
#4352500
1!
b110010011101000 %
b1100111101 (
r25201 ,
1-
b110010011101000 1
b100111101011100001001011101100 3
#4355000
0!
0-
#4357500
1!
b110011101000110 %
b1100111110 (
r25832 ,
1-
b101000111101011100000100000000 3
b10100011 4
b10100011 5
b110100110001011 8
#4360000
0!
0-
#4362500
1!
b110100110001011 %
b1100111111 (
r26438 ,
1-
b110100110001011 1
b101010001111010110111100010100 3
b10101000 5
#4365000
0!
0-
#4367500
1!
b110101110110111 %
b1101000000 (
r27019 ,
1-
b101011100001010001110100101000 3
b110110111001001 8
#4370000
0!
0-
#4372500
1!
b110110111001001 %
b1101000001 (
r27575 ,
1-
b110110111001001 1
b101100110011001100101100111100 3
b10110011 4
b10110011 5
b111000000100010 8
#4375000
0!
0-
#4377500
1!
b111000000100010 %
b1101000010 (
r28105 ,
1-
b111000000100010 1
b101110000101000111100101010000 3
b10111000 5
#4380000
0!
0-
#4382500
1!
b111000111111001 %
b1101000011 (
r28706 ,
1-
b101111010111000010011101100100 3
#4385000
0!
0-
#4387500
1!
b111001110110101 %
b1101000100 (
r29177 ,
1-
b110000101000111101010101111000 3
b11000010 4
b11000010 5
b111010101010101 8
#4390000
0!
0-
#4392500
1!
b111010101010101 %
b1101000101 (
r29621 ,
1-
b111010101010101 1
b110001111010111000001110001100 3
#4395000
0!
0-
#4397500
1!
b111011011011000 %
b1101000110 (
r30037 ,
1-
b110011001100110011000110100000 3
b11001100 5
b111100000111111 8
#4400000
0!
0-
#4402500
1!
b111100000111111 %
b1101000111 (
r30424 ,
1-
b111100000111111 1
b110100011110101101111110110100 3
b11010001 4
b11010001 5
#4405000
0!
0-
#4407500
1!
b111100110001001 %
b1101001000 (
r30783 ,
1-
b110101110000101000110111001000 3
#4410000
0!
0-
#4412500
1!
b111101010110110 %
b1101001001 (
r31113 ,
1-
b110111000010100011101111011100 3
b11011100 5
#4415000
0!
0-
#4417500
1!
b111101111111000 %
b1101001010 (
r31414 ,
1-
b111000010100011110100111110000 3
b11100001 4
b11100001 5
b111110011100011 8
#4420000
0!
0-
#4422500
1!
b111110011100011 %
b1101001011 (
r31736 ,
1-
b111110011100011 1
b111001100110011001100000000100 3
#4425000
0!
0-
#4427500
1!
b111110110110000 %
b1101001100 (
r31971 ,
1-
b111010111000010100011000011000 3
b11101011 5
#4430000
0!
0-
#4432500
1!
b111111001011111 %
b1101001101 (
r32176 ,
1-
b111100001010001111010000101100 3
b11110000 4
b11110000 5
#4435000
0!
0-
#4437500
1!
b111111011101111 %
b1101001110 (
r32351 ,
1-
b111101011100001010001001000000 3
#4440000
0!
0-
#4442500
1!
b111111101100001 %
b1101001111 (
r32495 ,
1-
b111110101110000101000001010100 3
b11111010 5
#4445000
0!
0-
#4447500
1!
b111111110110100 %
b1101010000 (
r32609 ,
1-
b111111111111111111111001101000 3
#4450000
0!
0-
#4452500
1!
b111111111101001 %
b1101010001 (
r32692 ,
1-
b1000001010001111010110001111100 3
b100000101 4
#4455000
0!
0-
#4457500
1!
b111111111111110 %
b1101010010 (
r32745 ,
1-
b1000010100011110101101010010000 3
b11110110 5
#4460000
0!
0-
#4462500
1!
b111111111110000 %
b1101010011 (
r32766 ,
1-
b1000011110101110000100010100100 3
#4465000
0!
0-
#4467500
1!
b111111111000001 %
b1101010100 (
r32752 ,
1-
b1000101000111101011011010111000 3
b100010100 4
b11101100 5
#4470000
0!
0-
#4472500
1!
b111111101110100 %
b1101010101 (
r32705 ,
1-
b1000110011001100110010011001100 3
b11100111 5
#4475000
0!
0-
#4477500
1!
b111111100001001 %
b1101010110 (
r32628 ,
1-
b1000111101011100001001011100000 3
#4480000
0!
0-
#4482500
1!
b111111001111110 %
b1101010111 (
r32521 ,
1-
b1001000111101011100000011110100 3
b100100011 4
b11011101 5
#4485000
0!
0-
#4487500
1!
b111110111010101 %
b1101011000 (
r32382 ,
1-
b1001010001111010110111100001000 3
#4490000
0!
0-
#4492500
1!
b111110100001110 %
b1101011001 (
r32213 ,
1-
b1001011100001010001110100011100 3
b11010010 5
#4495000
0!
0-
#4497500
1!
b111110000101001 %
b1101011010 (
r32014 ,
1-
b1001100110011001100101100110000 3
b100110011 4
b11001101 5
b111101011101110 8
#4500000
0!
0-
#4502500
1!
b111101011101110 %
b1101011011 (
r31785 ,
1-
b111101011101110 1
b1001110000101000111100101000100 3
#4505000
0!
0-
#4507500
1!
b111100111001000 %
b1101011100 (
r31470 ,
1-
b1001111010111000010011101011000 3
b11000011 5
#4510000
0!
0-
#4512500
1!
b111100010000100 %
b1101011101 (
r31176 ,
1-
b1010000101000111101010101101100 3
b101000010 4
b10111110 5
b111011100100010 8
#4515000
0!
0-
#4517500
1!
b111011100100010 %
b1101011110 (
r30852 ,
1-
b111011100100010 1
b1010001111010111000001110000000 3
#4520000
0!
0-
#4522500
1!
b111010110100101 %
b1101011111 (
r30498 ,
1-
b1010011001100110011000110010100 3
b10110100 5
#4525000
0!
0-
#4527500
1!
b111010000001010 %
b1101100000 (
r30117 ,
1-
b1010100011110101101111110101000 3
b101010001 4
b10101111 5
b111001001010100 8
#4530000
0!
0-
#4532500
1!
b111001001010100 %
b1101100001 (
r29706 ,
1-
b111001001010100 1
b1010101110000101000110110111100 3
#4535000
0!
0-
#4537500
1!
b111000010000011 %
b1101100010 (
r29268 ,
1-
b1010111000010100011101111010000 3
b10100100 5
b110111000110000 8
#4540000
0!
0-
#4542500
1!
b110111000110000 %
b1101100011 (
r28803 ,
1-
b110111000110000 1
b1011000010100011110100111100100 3
b101100001 4
b10011111 5
#4545000
0!
0-
#4547500
1!
b110110000100011 %
b1101100100 (
r28208 ,
1-
b1011001100110011001011111111000 3
b110100111111101 8
#4550000
0!
0-
#4552500
1!
b110100111111101 %
b1101100101 (
r27683 ,
1-
b110100111111101 1
b1011010111000010100011000001100 3
b10010101 5
b110011110111100 8
#4555000
0!
0-
#4557500
1!
b110011110111100 %
b1101100110 (
r27133 ,
1-
b110011110111100 1
b1011100001010001111010000100000 3
b101110000 4
#4560000
0!
0-
#4562500
1!
b110010101100011 %
b1101100111 (
r26556 ,
1-
b1011101011100001010001000110100 3
b10001011 5
b110001011110001 8
#4565000
0!
0-
#4567500
1!
b110001011110001 %
b1101101000 (
r25955 ,
1-
b110001011110001 1
b1011110101110000101000001001000 3
b10000110 5
#4570000
0!
0-
#4572500
1!
b110000001101000 %
b1101101001 (
r25329 ,
1-
b1011111111111111111111001011100 3
b101110111000111 8
#4575000
0!
0-
#4577500
1!
b101110111000111 %
b1101101010 (
r24680 ,
1-
b101110111000111 1
b1100001010001111010110001110000 3
b110000101 4
b1111011 5
b101101100001111 8
#4580000
0!
0-
#4582500
1!
b101101100001111 %
b1101101011 (
r24007 ,
1-
b101101100001111 1
b1100010100011110101101010000100 3
b1110110 5
b101011110110000 8
#4585000
0!
0-
#4587500
1!
b101011110110000 %
b1101101100 (
r23311 ,
1-
b101011110110000 1
b1100011110101110000100010011000 3
#4590000
0!
0-
#4592500
1!
b101010011001001 %
b1101101101 (
r22448 ,
1-
b1100101000111101011011010101100 3
b110010100 4
b1101100 5
b101000111001110 8
#4595000
0!
0-
#4597500
1!
b101000111001110 %
b1101101110 (
r21705 ,
1-
b101000111001110 1
b1100110011001100110010011000000 3
b1100111 5
b100111010111111 8
#4600000
0!
0-
#4602500
1!
b100111010111111 %
b1101101111 (
r20942 ,
1-
b100111010111111 1
b1100111101011100001001011010100 3
b100101110011101 8
#4605000
0!
0-
#4607500
1!
b100101110011101 %
b1101110000 (
r20159 ,
1-
b100101110011101 1
b1101000111101011100000011101000 3
b110100011 4
b1011101 5
#4610000
0!
0-
#4612500
1!
b100100001101001 %
b1101110001 (
r19357 ,
1-
b1101010001111010110111011111100 3
b100010100100100 8
#4615000
0!
0-
#4617500
1!
b100010100100100 %
b1101110010 (
r18537 ,
1-
b100010100100100 1
b1101011100001010001110100010000 3
b1010010 5
b100000111001110 8
#4620000
0!
0-
#4622500
1!
b100000111001110 %
b1101110011 (
r17700 ,
1-
b100000111001110 1
b1101100110011001100101100100100 3
b110110011 4
b1001101 5
b11110110111000 8
#4625000
0!
0-
#4627500
1!
b11110110111000 %
b1101110100 (
r16846 ,
1-
b11110110111000 1
b1101110000101000111100100111000 3
b11101001000000 8
#4630000
0!
0-
#4632500
1!
b11101001000000 %
b1101110101 (
r15800 ,
1-
b11101001000000 1
b1101111010111000010011101001100 3
b1000011 5
b11011010111010 8
#4635000
0!
0-
#4637500
1!
b11011010111010 %
b1101110110 (
r14912 ,
1-
b11011010111010 1
b1110000101000111101010101100000 3
b111000010 4
b111110 5
b11001100100110 8
#4640000
0!
0-
#4642500
1!
b11001100100110 %
b1101110111 (
r14010 ,
1-
b11001100100110 1
b1110001111010111000001101110100 3
b10111110000111 8
#4645000
0!
0-
#4647500
1!
b10111110000111 %
b1101111000 (
r13094 ,
1-
b10111110000111 1
b1110011001100110011000110001000 3
b110100 5
b10101111011100 8
#4650000
0!
0-
#4652500
1!
b10101111011100 %
b1101111001 (
r12167 ,
1-
b10101111011100 1
b1110100011110101101111110011100 3
b111010001 4
b101111 5
#4655000
0!
0-
#4657500
1!
b10100000100110 %
b1101111010 (
r11228 ,
1-
b1110101110000101000110110110000 3
b10010001100111 8
#4660000
0!
0-
#4662500
1!
b10010001100111 %
b1101111011 (
r10278 ,
1-
b10010001100111 1
b1110111000010100011101111000100 3
b100100 5
b1111111011101 8
#4665000
0!
0-
#4667500
1!
b1111111011101 %
b1101111100 (
r9319 ,
1-
b1111111011101 1
b1111000010100011110100111011000 3
b111100001 4
b11111 5
#4670000
0!
0-
#4672500
1!
b1110000001011 %
b1101111101 (
r8157 ,
1-
b1111001100110011001011111101100 3
b1100000110011 8
#4675000
0!
0-
#4677500
1!
b1100000110011 %
b1101111110 (
r7179 ,
1-
b1100000110011 1
b1111010111000010100011000000000 3
b10101 5
b1010001010101 8
#4680000
0!
0-
#4682500
1!
b1010001010101 %
b1101111111 (
r6195 ,
1-
b1010001010101 1
b1111100001010001111010000010100 3
b111110000 4
b1000001110010 8
#4685000
0!
0-
#4687500
1!
b1000001110010 %
b1110000000 (
r5205 ,
1-
b1000001110010 1
b1111101011100001010001000101000 3
b1011 5
b110010001100 8
#4690000
0!
0-
#4692500
1!
b110010001100 %
b1110000001 (
r4210 ,
1-
b110010001100 1
b1111110101110000101000000111100 3
b110 5
b100010100010 8
#4695000
0!
0-
#4697500
1!
b100010100010 %
b1110000010 (
r3212 ,
1-
b100010100010 1
b1111111111111111111111001010000 3
b10010110110 8
#4700000
0!
0-
#4702500
1!
b10010110110 %
b1110000011 (
r2210 ,
1-
b10010110110 1
b10000001010001111010110001100100 3
b1000000101 4
16
b11001001 8
#4705000
0!
0-
#4707500
1!
b11001001 %
b1110000100 (
r1206 ,
1-
b11001001 1
b10000010100011110101101001111000 3
b1010 5
17
#4710000
0!
0-
#4712500
1!
b1111110000010011 %
b1110000101 (
r201 ,
1-
b1111110000010011 1
b10000011110101110000100010001100 3
b11111011001 8
#4715000
0!
0-
#4717500
1!
b1111100000100111 %
b1110000110 (
r-1005 ,
1-
b1111100000100111 1
b10000101000111101011011010100000 3
b1000010100 4
b10100 5
b101111000100 8
#4720000
0!
0-
#4722500
1!
b1111010000111100 %
b1110000111 (
r-2009 ,
1-
b1111010000111100 1
b10000110011001100110010010110100 3
b11001 5
b111110101011 8
#4725000
0!
0-
#4727500
1!
b1111000001010101 %
b1110001000 (
r-3012 ,
1-
b1111000001010101 1
b10000111101011100001001011001000 3
b1001110001111 8
#4730000
0!
0-
#4732500
1!
b1110110001110001 %
b1110001001 (
r-4011 ,
1-
b1110110001110001 1
b10001000111101011100000011011100 3
b1000100011 4
b100011 5
b1011101101110 8
#4735000
0!
0-
#4737500
1!
b1110100010010010 %
b1110001010 (
r-5007 ,
1-
b1110100010010010 1
b10001010001111010110111011110000 3
b101000 5
b1101101000111 8
#4740000
0!
0-
#4742500
1!
b1110010010111001 %
b1110001011 (
r-5998 ,
1-
b1110010010111001 1
b10001011100001010001110100000100 3
b1111100011010 8
#4745000
0!
0-
#4747500
1!
b1110000011100110 %
b1110001100 (
r-6983 ,
1-
b1110000011100110 1
b10001100110011001100101100011000 3
b1000110011 4
b110011 5
b10001110100110 8
#4750000
0!
0-
#4752500
1!
b1101110001011010 %
b1110001101 (
r-7962 ,
1-
b1101110001011010 1
b10001110000101000111100100101100 3
b111000 5
b10011101100111 8
#4755000
0!
0-
#4757500
1!
b1101100010011001 %
b1110001110 (
r-9126 ,
1-
b1101100010011001 1
b10001111010111000010011101000000 3
b10101100011111 8
#4760000
0!
0-
#4762500
1!
b1101010011100001 %
b1110001111 (
r-10087 ,
1-
b1101010011100001 1
b10010000101000111101010101010100 3
b1001000010 4
b1000010 5
b10111011001100 8
#4765000
0!
0-
#4767500
1!
b1101000100110100 %
b1110010000 (
r-11039 ,
1-
b1101000100110100 1
b10010001111010111000001101101000 3
b11001001101110 8
#4770000
0!
0-
#4772500
1!
b1100110110010010 %
b1110010001 (
r-11980 ,
1-
b1100110110010010 1
b10010011001100110011000101111100 3
b1001100 5
b11011000000100 8
#4775000
0!
0-
#4777500
1!
b1100100111111100 %
b1110010010 (
r-12910 ,
1-
b1100100111111100 1
b10010100011110101101111110010000 3
b1001010001 4
b1010001 5
b11100110001100 8
#4780000
0!
0-
#4782500
1!
b1100011001110100 %
b1110010011 (
r-13828 ,
1-
b1100011001110100 1
b10010101110000101000110110100100 3
b11110100000111 8
#4785000
0!
0-
#4787500
1!
b1100001011111001 %
b1110010100 (
r-14732 ,
1-
b1100001011111001 1
b10010111000010100011101110111000 3
b1011100 5
b100000100100001 8
#4790000
0!
0-
#4792500
1!
b1011111011011111 %
b1110010101 (
r-15623 ,
1-
b1011111011011111 1
b10011000010100011110100111001100 3
b1001100001 4
b1100001 5
b100010001111010 8
#4795000
0!
0-
#4797500
1!
b1011101110000110 %
b1110010110 (
r-16673 ,
1-
b1011101110000110 1
b10011001100110011001011111100000 3
#4800000
0!
0-
#4802500
1!
b1011100000111101 %
b1110010111 (
r-17530 ,
1-
b10011010111000010100010111110100 3
b1101011 5
b100101011111011 8
#4805000
0!
0-
#4807500
1!
b1011010100000101 %
b1110011000 (
r-18371 ,
1-
b1011010100000101 1
b10011100001010001111010000001000 3
b1001110000 4
b1110000 5
b100111000100000 8
#4810000
0!
0-
#4812500
1!
b1011000111100000 %
b1110011001 (
r-19195 ,
1-
b1011000111100000 1
b10011101011100001010001000011100 3
b101000100110011 8
#4815000
0!
0-
#4817500
1!
b1010111011001101 %
b1110011010 (
r-20000 ,
1-
b1010111011001101 1
b10011110101110000101000000110000 3
b1111010 5
b101010000110010 8
#4820000
0!
0-
#4822500
1!
b1010101111001110 %
b1110011011 (
r-20787 ,
1-
b1010101111001110 1
b10011111111111111111111001000100 3
#4825000
0!
0-
#4827500
1!
b1010100011100011 %
b1110011100 (
r-21554 ,
1-
b10100001010001111010110001011000 3
b1010000101 4
b10000101 5
b101100111110011 8
#4830000
0!
0-
#4832500
1!
b1010011000001101 %
b1110011101 (
r-22301 ,
1-
b1010011000001101 1
b10100010100011110101101001101100 3
b10001010 5
b101110100111110 8
#4835000
0!
0-
#4837500
1!
b1010001011000010 %
b1110011110 (
r-23027 ,
1-
b1010001011000010 1
b10100011110101110000100010000000 3
#4840000
0!
0-
#4842500
1!
b1010000000011101 %
b1110011111 (
r-23870 ,
1-
b10100101000111101011011010010100 3
b1010010100 4
b10010100 5
b110001001110001 8
#4845000
0!
0-
#4847500
1!
b1001110110001111 %
b1110100000 (
r-24547 ,
1-
b1001110110001111 1
b10100110011001100110010010101000 3
b10011001 5
b110010011101000 8
#4850000
0!
0-
#4852500
1!
b1001101100011000 %
b1110100001 (
r-25201 ,
1-
b1001101100011000 1
b10100111101011100001001010111100 3
#4855000
0!
0-
#4857500
1!
b1001100010111010 %
b1110100010 (
r-25832 ,
1-
b10101000111101011100000011010000 3
b1010100011 4
b10100011 5
b110100110001011 8
#4860000
0!
0-
#4862500
1!
b1001011001110101 %
b1110100011 (
r-26438 ,
1-
b1001011001110101 1
b10101010001111010110111011100100 3
b10101000 5
#4865000
0!
0-
#4867500
1!
b1001010001001001 %
b1110100100 (
r-27019 ,
1-
b10101011100001010001110011111000 3
b110110111001001 8
#4870000
0!
0-
#4872500
1!
b1001001000110111 %
b1110100101 (
r-27575 ,
1-
b1001001000110111 1
b10101100110011001100101100001100 3
b1010110011 4
b10110011 5
b111000000100010 8
#4875000
0!
0-
#4877500
1!
b1000111111011110 %
b1110100110 (
r-28105 ,
1-
b1000111111011110 1
b10101110000101000111100100100000 3
b10111000 5
#4880000
0!
0-
#4882500
1!
b1000111000000111 %
b1110100111 (
r-28706 ,
1-
b10101111010111000010011100110100 3
#4885000
0!
0-
#4887500
1!
b1000110001001011 %
b1110101000 (
r-29177 ,
1-
b10110000101000111101010101001000 3
b1011000010 4
b11000010 5
b111010101010101 8
#4890000
0!
0-
#4892500
1!
b1000101010101011 %
b1110101001 (
r-29621 ,
1-
b1000101010101011 1
b10110001111010111000001101011100 3
#4895000
0!
0-
#4897500
1!
b1000100100101000 %
b1110101010 (
r-30037 ,
1-
b10110011001100110011000101110000 3
b11001100 5
b111100000111111 8
#4900000
0!
0-
#4902500
1!
b1000011111000001 %
b1110101011 (
r-30424 ,
1-
b1000011111000001 1
b10110100011110101101111110000100 3
b1011010001 4
b11010001 5
#4905000
0!
0-
#4907500
1!
b1000011001110111 %
b1110101100 (
r-30783 ,
1-
b10110101110000101000110110011000 3
#4910000
0!
0-
#4912500
1!
b1000010101001010 %
b1110101101 (
r-31113 ,
1-
b10110111000010100011101110101100 3
b11011100 5
#4915000
0!
0-
#4917500
1!
b1000010000001000 %
b1110101110 (
r-31414 ,
1-
b10111000010100011110100111000000 3
b1011100001 4
b11100001 5
b111110011100011 8
#4920000
0!
0-
#4922500
1!
b1000001100011101 %
b1110101111 (
r-31736 ,
1-
b1000001100011101 1
b10111001100110011001011111010100 3
#4925000
0!
0-
#4927500
1!
b1000001001010000 %
b1110110000 (
r-31971 ,
1-
b10111010111000010100010111101000 3
b11101011 5
#4930000
0!
0-
#4932500
1!
b1000000110100001 %
b1110110001 (
r-32176 ,
1-
b10111100001010001111001111111100 3
b1011110000 4
b11110000 5
#4935000
0!
0-
#4937500
1!
b1000000100010001 %
b1110110010 (
r-32351 ,
1-
b10111101011100001010001000010000 3
#4940000
0!
0-
#4942500
1!
b1000000010011111 %
b1110110011 (
r-32495 ,
1-
b10111110101110000101000000100100 3
b11111010 5
#4945000
0!
0-
#4947500
1!
b1000000001001100 %
b1110110100 (
r-32609 ,
1-
b10111111111111111111111000111000 3
#4950000
0!
0-
#4952500
1!
b1000000000010111 %
b1110110101 (
r-32692 ,
1-
b11000001010001111010110001001100 3
b1100000101 4
#4955000
0!
0-
#4957500
1!
b1000000000000010 %
b1110110110 (
r-32745 ,
1-
b11000010100011110101101001100000 3
b11110110 5
#4960000
0!
0-
#4962500
1!
b1000000000010000 %
b1110110111 (
r-32766 ,
1-
b11000011110101110000100001110100 3
#4965000
0!
0-
#4967500
1!
b1000000000111111 %
b1110111000 (
r-32752 ,
1-
b11000101000111101011011010001000 3
b1100010100 4
b11101100 5
#4970000
0!
0-
#4972500
1!
b1000000010001100 %
b1110111001 (
r-32705 ,
1-
b11000110011001100110010010011100 3
b11100111 5
#4975000
0!
0-
#4977500
1!
b1000000011110111 %
b1110111010 (
r-32628 ,
1-
b11000111101011100001001010110000 3
#4980000
0!
0-
#4982500
1!
b1000000110000010 %
b1110111011 (
r-32521 ,
1-
b11001000111101011100000011000100 3
b1100100011 4
b11011101 5
#4985000
0!
0-
#4987500
1!
b1000001000101011 %
b1110111100 (
r-32382 ,
1-
b11001010001111010110111011011000 3
#4990000
0!
0-
#4992500
1!
b1000001011110010 %
b1110111101 (
r-32213 ,
1-
b11001011100001010001110011101100 3
b11010010 5
#4995000
0!
0-
#4997500
1!
b1000001111010111 %
b1110111110 (
r-32014 ,
1-
b11001100110011001100101100000000 3
b1100110011 4
b11001101 5
b111101011101110 8
#5000000
0!
0-
#5002500
1!
b1000010100010010 %
b1110111111 (
r-31785 ,
1-
b1000010100010010 1
b11001110000101000111100100010100 3
#5005000
0!
0-
#5007500
1!
b1000011000111000 %
b1111000000 (
r-31470 ,
1-
b11001111010111000010011100101000 3
b11000011 5
#5010000
0!
0-
#5012500
1!
b1000011101111100 %
b1111000001 (
r-31176 ,
1-
b11010000101000111101010100111100 3
b1101000010 4
b10111110 5
b111011100100010 8
#5015000
0!
0-
#5017500
1!
b1000100011011110 %
b1111000010 (
r-30852 ,
1-
b1000100011011110 1
b11010001111010111000001101010000 3
#5020000
0!
0-
#5022500
1!
b1000101001011011 %
b1111000011 (
r-30498 ,
1-
b11010011001100110011000101100100 3
b10110100 5
#5025000
0!
0-
#5027500
1!
b1000101111110110 %
b1111000100 (
r-30117 ,
1-
b11010100011110101101111101111000 3
b1101010001 4
b10101111 5
b111001001010100 8
#5030000
0!
0-
#5032500
1!
b1000110110101100 %
b1111000101 (
r-29706 ,
1-
b1000110110101100 1
b11010101110000101000110110001100 3
#5035000
0!
0-
#5037500
1!
b1000111101111101 %
b1111000110 (
r-29268 ,
1-
b11010111000010100011101110100000 3
b10100100 5
b110111000110000 8
#5040000
0!
0-
#5042500
1!
b1001000111010000 %
b1111000111 (
r-28803 ,
1-
b1001000111010000 1
b11011000010100011110100110110100 3
b1101100001 4
b10011111 5
#5045000
0!
0-
#5047500
1!
b1001001111011101 %
b1111001000 (
r-28208 ,
1-
b11011001100110011001011111001000 3
b110100111111101 8
#5050000
0!
0-
#5052500
1!
b1001011000000011 %
b1111001001 (
r-27683 ,
1-
b1001011000000011 1
b11011010111000010100010111011100 3
b10010101 5
b110011110111100 8
#5055000
0!
0-
#5057500
1!
b1001100001000100 %
b1111001010 (
r-27133 ,
1-
b1001100001000100 1
b11011100001010001111001111110000 3
b1101110000 4
#5060000
0!
0-
#5062500
1!
b1001101010011101 %
b1111001011 (
r-26556 ,
1-
b11011101011100001010001000000100 3
b10001011 5
b110001011110001 8
#5065000
0!
0-
#5067500
1!
b1001110100001111 %
b1111001100 (
r-25955 ,
1-
b1001110100001111 1
b11011110101110000101000000011000 3
b10000110 5
#5070000
0!
0-
#5072500
1!
b1001111110011000 %
b1111001101 (
r-25329 ,
1-
b11011111111111111111111000101100 3
b101110111000111 8
#5075000
0!
0-
#5077500
1!
b1010001000111001 %
b1111001110 (
r-24680 ,
1-
b1010001000111001 1
b11100001010001111010110001000000 3
b1110000101 4
b1111011 5
b101101100001111 8
#5080000
0!
0-
#5082500
1!
b1010010011110001 %
b1111001111 (
r-24007 ,
1-
b1010010011110001 1
b11100010100011110101101001010100 3
b1110110 5
b101011110110000 8
#5085000
0!
0-
#5087500
1!
b1010100001010000 %
b1111010000 (
r-23311 ,
1-
b1010100001010000 1
b11100011110101110000100001101000 3
#5090000
0!
0-
#5092500
1!
b1010101100110111 %
b1111010001 (
r-22448 ,
1-
b11100101000111101011011001111100 3
b1110010100 4
b1101100 5
b101000111001110 8
#5095000
0!
0-
#5097500
1!
b1010111000110010 %
b1111010010 (
r-21705 ,
1-
b1010111000110010 1
b11100110011001100110010010010000 3
b1100111 5
b100111010111111 8
#5100000
0!
0-
#5102500
1!
b1011000101000001 %
b1111010011 (
r-20942 ,
1-
b1011000101000001 1
b11100111101011100001001010100100 3
b100101110011101 8
#5105000
0!
0-
#5107500
1!
b1011010001100011 %
b1111010100 (
r-20159 ,
1-
b1011010001100011 1
b11101000111101011100000010111000 3
b1110100011 4
b1011101 5
#5110000
0!
0-
#5112500
1!
b1011011110010111 %
b1111010101 (
r-19357 ,
1-
b11101010001111010110111011001100 3
b100010100100100 8
#5115000
0!
0-
#5117500
1!
b1011101011011100 %
b1111010110 (
r-18537 ,
1-
b1011101011011100 1
b11101011100001010001110011100000 3
b1010010 5
b100000111001110 8
#5120000
0!
0-
#5122500
1!
b1011111000110010 %
b1111010111 (
r-17700 ,
1-
b1011111000110010 1
b11101100110011001100101011110100 3
b1110110011 4
b1001101 5
b11110110111000 8
#5125000
0!
0-
#5127500
1!
b1100001001001000 %
b1111011000 (
r-16846 ,
1-
b1100001001001000 1
b11101110000101000111100100001000 3
b11101001000000 8
#5130000
0!
0-
#5132500
1!
b1100010111000000 %
b1111011001 (
r-15800 ,
1-
b1100010111000000 1
b11101111010111000010011100011100 3
b1000011 5
b11011010111010 8
#5135000
0!
0-
#5137500
1!
b1100100101000110 %
b1111011010 (
r-14912 ,
1-
b1100100101000110 1
b11110000101000111101010100110000 3
b1111000010 4
b111110 5
b11001100100110 8
#5140000
0!
0-
#5142500
1!
b1100110011011010 %
b1111011011 (
r-14010 ,
1-
b1100110011011010 1
b11110001111010111000001101000100 3
b10111110000111 8
#5145000
0!
0-
#5147500
1!
b1101000001111001 %
b1111011100 (
r-13094 ,
1-
b1101000001111001 1
b11110011001100110011000101011000 3
b110100 5
b10101111011100 8
#5150000
0!
0-
#5152500
1!
b1101010000100100 %
b1111011101 (
r-12167 ,
1-
b1101010000100100 1
b11110100011110101101111101101100 3
b1111010001 4
b101111 5
#5155000
0!
0-
#5157500
1!
b1101011111011010 %
b1111011110 (
r-11228 ,
1-
b11110101110000101000110110000000 3
b10010001100111 8
#5160000
0!
0-
#5162500
1!
b1101101110011001 %
b1111011111 (
r-10278 ,
1-
b1101101110011001 1
b11110111000010100011101110010100 3
b100100 5
b1111111011101 8
#5165000
0!
0-
#5167500
1!
b1110000000100011 %
b1111100000 (
r-9319 ,
1-
b1110000000100011 1
b11111000010100011110100110101000 3
b1111100001 4
b11111 5
#5170000
0!
0-
#5172500
1!
b1110001111110101 %
b1111100001 (
r-8157 ,
1-
b11111001100110011001011110111100 3
b1100000110011 8
#5175000
0!
0-
#5177500
1!
b1110011111001101 %
b1111100010 (
r-7179 ,
1-
b1110011111001101 1
b11111010111000010100010111010000 3
b10101 5
b1010001010101 8
#5180000
0!
0-
#5182500
1!
b1110101110101011 %
b1111100011 (
r-6195 ,
1-
b1110101110101011 1
b11111100001010001111001111100100 3
b1111110000 4
b1000001110010 8
#5185000
0!
0-
#5187500
1!
b1110111110001110 %
b1111100100 (
r-5205 ,
1-
b1110111110001110 1
b11111101011100001010000111111000 3
b1011 5
b110010001100 8
#5190000
0!
0-
#5192500
1!
b1111001101110100 %
b1111100101 (
r-4210 ,
1-
b1111001101110100 1
b11111110101110000101000000001100 3
b110 5
b100010100010 8
#5195000
0!
0-
#5197500
1!
b1111011101011110 %
b1111100110 (
r-3212 ,
1-
b1111011101011110 1
b11111111111111111111111000100000 3
b10010110110 8
#5200000
0!
0#
0-
0/
#5202500
1!
b1111101101001010 %
b1111100111 (
r-2210 ,
1-
b1111101101001010 1
09
#5205000
0!
0-
#5207500
1!
0&
b1111101000 (
r-1206 ,
1-
02
#5210000
0!
0-
#5212500
1!
1-
#5215000
0!
0-
#5217500
1!
1-
#5220000
0!
0-
#5222500
1!
1-
#5225000
0!
0-
#5227500
1!
1-
#5230000
0!
0-
#5232500
1!
1-
#5235000
0!
0-
#5237500
1!
1-
#5240000
0!
0-
#5242500
1!
1-
#5245000
0!
0-
#5247500
1!
1-
#5250000
0!
0-
#5252500
1!
1-
#5255000
0!
0-
#5257500
1!
1-
#5260000
0!
0-
#5262500
1!
1-
#5265000
0!
0-
#5267500
1!
1-
#5270000
0!
0-
#5272500
1!
1-
#5275000
0!
0-
#5277500
1!
1-
#5280000
0!
0-
#5282500
1!
1-
#5285000
0!
0-
#5287500
1!
1-
#5290000
0!
0-
#5292500
1!
1-
#5295000
0!
0-
#5297500
1!
1-
#5300000
0!
0-
#5302500
1!
1-
#5305000
0!
0-
#5307500
1!
1-
#5310000
0!
0-
#5312500
1!
1-
#5315000
0!
0-
#5317500
1!
1-
#5320000
0!
0-
#5322500
1!
1-
#5325000
0!
0-
#5327500
1!
1-
#5330000
0!
0-
#5332500
1!
1-
#5335000
0!
0-
#5337500
1!
1-
#5340000
0!
0-
#5342500
1!
1-
#5345000
0!
0-
#5347500
1!
1-
#5350000
0!
0-
#5352500
1!
1-
#5355000
0!
0-
#5357500
1!
1-
#5360000
0!
0-
#5362500
1!
1-
#5365000
0!
0-
#5367500
1!
1-
#5370000
0!
0-
#5372500
1!
1-
#5375000
0!
0-
#5377500
1!
1-
#5380000
0!
0-
#5382500
1!
1-
#5385000
0!
0-
#5387500
1!
1-
#5390000
0!
0-
#5392500
1!
1-
#5395000
0!
0-
#5397500
1!
1-
#5400000
0!
0-
#5402500
1!
1-
#5405000
0!
0-
#5407500
1!
1-
#5410000
0!
0-
#5412500
1!
1-
#5415000
0!
0-
#5417500
1!
1-
#5420000
0!
0-
#5422500
1!
1-
#5425000
0!
0-
#5427500
1!
1-
#5430000
0!
0-
#5432500
1!
1-
#5435000
0!
0-
#5437500
1!
1-
#5440000
0!
0-
#5442500
1!
1-
#5445000
0!
0-
#5447500
1!
1-
#5450000
0!
0-
#5452500
1!
1-
#5455000
0!
0-
#5457500
1!
1-
#5460000
0!
0-
#5462500
1!
1-
#5465000
0!
0-
#5467500
1!
1-
#5470000
0!
0-
#5472500
1!
1-
#5475000
0!
0-
#5477500
1!
1-
#5480000
0!
0-
#5482500
1!
1-
#5485000
0!
0-
#5487500
1!
1-
#5490000
0!
0-
#5492500
1!
1-
#5495000
0!
0-
#5497500
1!
1-
#5500000
0!
0-
#5502500
1!
1-
#5505000
0!
0-
#5507500
1!
1-
#5510000
0!
0-
#5512500
1!
1-
#5515000
0!
0-
#5517500
1!
1-
#5520000
0!
0-
#5522500
1!
1-
#5525000
0!
0-
#5527500
1!
1-
#5530000
0!
0-
#5532500
1!
1-
#5535000
0!
0-
#5537500
1!
1-
#5540000
0!
0-
#5542500
1!
1-
#5545000
0!
0-
#5547500
1!
1-
#5550000
0!
0-
#5552500
1!
1-
#5555000
0!
0-
#5557500
1!
1-
#5560000
0!
0-
#5562500
1!
1-
#5565000
0!
0-
#5567500
1!
1-
#5570000
0!
0-
#5572500
1!
1-
#5575000
0!
0-
#5577500
1!
1-
#5580000
0!
0-
#5582500
1!
1-
#5585000
0!
0-
#5587500
1!
1-
#5590000
0!
0-
#5592500
1!
1-
#5595000
0!
0-
#5597500
1!
1-
#5600000
0!
0-
#5602500
1!
1-
#5605000
0!
0-
#5607500
1!
1-
#5610000
0!
0-
#5612500
1!
1-
#5615000
0!
0-
#5617500
1!
1-
#5620000
0!
0-
#5622500
1!
1-
#5625000
0!
0-
#5627500
1!
1-
#5630000
0!
0-
#5632500
1!
1-
#5635000
0!
0-
#5637500
1!
1-
#5640000
0!
0-
#5642500
1!
1-
#5645000
0!
0-
#5647500
1!
1-
#5650000
0!
0-
#5652500
1!
1-
#5655000
0!
0-
#5657500
1!
1-
#5660000
0!
0-
#5662500
1!
1-
#5665000
0!
0-
#5667500
1!
1-
#5670000
0!
0-
#5672500
1!
1-
#5675000
0!
0-
#5677500
1!
1-
#5680000
0!
0-
#5682500
1!
1-
#5685000
0!
0-
#5687500
1!
1-
#5690000
0!
0-
#5692500
1!
1-
#5695000
0!
0-
#5697500
1!
1-
#5700000
0!
1#
b1100110011001100110011001101 $
r10.00000000931323 )
0-
1/
b1100110011001100110011001101 0
#5702500
1!
1-
b1100110011001100101011101101 3
b110011 4
b110011 5
06
b11001001 8
19
#5705000
0!
0-
#5707500
1!
b1111111100110111 %
1&
1-
b1111111100110111 1
12
b11001100110011001011110111010 3
b1100110 4
b1100110 5
07
b10011101100111 8
#5710000
0!
0-
#5712500
1!
b10011101100111 %
b1111101001 (
r-201 ,
1-
b10011101100111 1
b100110011001100110010010000111 3
b10011001 4
b10011001 5
b100101011111011 8
#5715000
0!
0-
#5717500
1!
b100101011111011 %
b1111101010 (
r10087 ,
1-
b100101011111011 1
b110011001100110011000101010100 3
b11001100 4
b11001100 5
b110011101000110 8
#5720000
0!
0-
#5722500
1!
b110011101000110 %
b1111101011 (
r19195 ,
1-
b110011101000110 1
b111111111111111111111000100001 3
b11111111 4
b11111111 5
b111100110001001 8
#5725000
0!
0-
#5727500
1!
b111100110001001 %
b1111101100 (
r26438 ,
1-
b111100110001001 1
b1001100110011001100101011101110 3
b100110011 4
b11001101 5
b111111111111110 8
#5730000
0!
0-
#5732500
1!
b111111111111110 %
b1111101101 (
r31113 ,
1-
b111111111111110 1
b1011001100110011001011110111011 3
b101100110 4
b10011010 5
b111100111001000 8
#5735000
0!
0-
#5737500
1!
b111100111001000 %
b1111101110 (
r32766 ,
1-
b111100111001000 1
b1100110011001100110010010001000 3
b110011001 4
b1100111 5
b110011110111100 8
#5740000
0!
0-
#5742500
1!
b110011110111100 %
b1111101111 (
r31176 ,
1-
b110011110111100 1
b1110011001100110011000101010101 3
b111001100 4
b110100 5
b100101110011101 8
#5745000
0!
0-
#5747500
1!
b100101110011101 %
b1111110000 (
r26556 ,
1-
b100101110011101 1
b1111111111111111111111000100010 3
b111111111 4
b1 5
b10100000100110 8
#5750000
0!
0-
#5752500
1!
b10100000100110 %
b1111110001 (
r19357 ,
1-
b10100000100110 1
b10001100110011001100101011101111 3
b1000110011 4
b110011 5
16
b11001001 8
#5755000
0!
0-
#5757500
1!
b11001001 %
b1111110010 (
r10278 ,
1-
b11001001 1
b10011001100110011001011110111100 3
b1001100110 4
b1100110 5
17
b10011101100111 8
#5760000
0!
0-
#5762500
1!
b1101100010011001 %
b1111110011 (
r201 ,
1-
b1101100010011001 1
b10100110011001100110010010001001 3
b1010011001 4
b10011001 5
b100101011111011 8
#5765000
0!
0-
#5767500
1!
b1011010100000101 %
b1111110100 (
r-10087 ,
1-
b1011010100000101 1
b10110011001100110011000101010110 3
b1011001100 4
b11001100 5
b110011101000110 8
#5770000
0!
0-
#5772500
1!
b1001100010111010 %
b1111110101 (
r-19195 ,
1-
b1001100010111010 1
b10111111111111111111111000100011 3
b1011111111 4
b11111111 5
b111100110001001 8
#5775000
0!
0-
#5777500
1!
b1000011001110111 %
b1111110110 (
r-26438 ,
1-
b1000011001110111 1
b11001100110011001100101011110000 3
b1100110011 4
b11001101 5
b111111111111110 8
#5780000
0!
0-
#5782500
1!
b1000000000000010 %
b1111110111 (
r-31113 ,
1-
b1000000000000010 1
b11011001100110011001011110111101 3
b1101100110 4
b10011010 5
b111100111001000 8
#5785000
0!
0-
#5787500
1!
b1000011000111000 %
b1111111000 (
r-32766 ,
1-
b1000011000111000 1
b11100110011001100110010010001010 3
b1110011001 4
b1100111 5
b110011110111100 8
#5790000
0!
0-
#5792500
1!
b1001100001000100 %
b1111111001 (
r-31176 ,
1-
b1001100001000100 1
b11110011001100110011000101010111 3
b1111001100 4
b110100 5
b100101110011101 8
#5795000
0!
0-
#5797500
1!
b1011010001100011 %
b1111111010 (
r-26556 ,
1-
b1011010001100011 1
b11111111111111111111111000100100 3
b1111111111 4
b1 5
b10100000100110 8
#5800000
0!
0-
#5802500
1!
b1101011111011010 %
b1111111011 (
r-19357 ,
1-
b1101011111011010 1
b1100110011001100101011110001 3
b110011 4
b110011 5
06
b11001001 8
#5805000
0!
0-
#5807500
1!
b1111111100110111 %
b1111111100 (
r-10278 ,
1-
b1111111100110111 1
b11001100110011001011110111110 3
b1100110 4
b1100110 5
07
b10011101100111 8
#5810000
0!
0-
#5812500
1!
b10011101100111 %
b1111111101 (
r-201 ,
1-
b10011101100111 1
b100110011001100110010010001011 3
b10011001 4
b10011001 5
b100101011111011 8
#5815000
0!
0-
#5817500
1!
b100101011111011 %
b1111111110 (
r10087 ,
1-
b100101011111011 1
b110011001100110011000101011000 3
b11001100 4
b11001100 5
b110011101000110 8
#5820000
0!
0-
#5822500
1!
b110011101000110 %
b1111111111 (
r19195 ,
1-
b110011101000110 1
b111111111111111111111000100101 3
b11111111 4
b11111111 5
b111100110001001 8
#5825000
0!
0-
#5827500
1!
b111100110001001 %
b10000000000 (
r26438 ,
1-
b111100110001001 1
b1001100110011001100101011110010 3
b100110011 4
b11001101 5
b111111111111110 8
#5830000
0!
0-
#5832500
1!
b111111111111110 %
b10000000001 (
r31113 ,
1-
b111111111111110 1
b1011001100110011001011110111111 3
b101100110 4
b10011010 5
b111100111001000 8
#5835000
0!
0-
#5837500
1!
b111100111001000 %
b10000000010 (
r32766 ,
1-
b111100111001000 1
b1100110011001100110010010001100 3
b110011001 4
b1100111 5
b110011110111100 8
#5840000
0!
0-
#5842500
1!
b110011110111100 %
b10000000011 (
r31176 ,
1-
b110011110111100 1
b1110011001100110011000101011001 3
b111001100 4
b110100 5
b100101110011101 8
#5845000
0!
0-
#5847500
1!
b100101110011101 %
b10000000100 (
r26556 ,
1-
b100101110011101 1
b1111111111111111111111000100110 3
b111111111 4
b1 5
b10100000100110 8
#5850000
0!
0-
#5852500
1!
b10100000100110 %
b10000000101 (
r19357 ,
1-
b10100000100110 1
b10001100110011001100101011110011 3
b1000110011 4
b110011 5
16
b11001001 8
#5855000
0!
0-
#5857500
1!
b11001001 %
b10000000110 (
r10278 ,
1-
b11001001 1
b10011001100110011001011111000000 3
b1001100110 4
b1100110 5
17
b10011101100111 8
#5860000
0!
0-
#5862500
1!
b1101100010011001 %
b10000000111 (
r201 ,
1-
b1101100010011001 1
b10100110011001100110010010001101 3
b1010011001 4
b10011001 5
b100101011111011 8
#5865000
0!
0-
#5867500
1!
b1011010100000101 %
b10000001000 (
r-10087 ,
1-
b1011010100000101 1
b10110011001100110011000101011010 3
b1011001100 4
b11001100 5
b110011101000110 8
#5870000
0!
0-
#5872500
1!
b1001100010111010 %
b10000001001 (
r-19195 ,
1-
b1001100010111010 1
b10111111111111111111111000100111 3
b1011111111 4
b11111111 5
b111100110001001 8
#5875000
0!
0-
#5877500
1!
b1000011001110111 %
b10000001010 (
r-26438 ,
1-
b1000011001110111 1
b11001100110011001100101011110100 3
b1100110011 4
b11001101 5
b111111111111110 8
#5880000
0!
0-
#5882500
1!
b1000000000000010 %
b10000001011 (
r-31113 ,
1-
b1000000000000010 1
b11011001100110011001011111000001 3
b1101100110 4
b10011010 5
b111100111001000 8
#5885000
0!
0-
#5887500
1!
b1000011000111000 %
b10000001100 (
r-32766 ,
1-
b1000011000111000 1
b11100110011001100110010010001110 3
b1110011001 4
b1100111 5
b110011110111100 8
#5890000
0!
0-
#5892500
1!
b1001100001000100 %
b10000001101 (
r-31176 ,
1-
b1001100001000100 1
b11110011001100110011000101011011 3
b1111001100 4
b110100 5
b100101110011101 8
#5895000
0!
0-
#5897500
1!
b1011010001100011 %
b10000001110 (
r-26556 ,
1-
b1011010001100011 1
b11111111111111111111111000101000 3
b1111111111 4
b1 5
b10100000100110 8
#5900000
0!
0-
#5902500
1!
b1101011111011010 %
b10000001111 (
r-19357 ,
1-
b1101011111011010 1
b1100110011001100101011110101 3
b110011 4
b110011 5
06
b11001001 8
#5905000
0!
0-
#5907500
1!
b1111111100110111 %
b10000010000 (
r-10278 ,
1-
b1111111100110111 1
b11001100110011001011111000010 3
b1100110 4
b1100110 5
07
b10011101100111 8
#5910000
0!
0-
#5912500
1!
b10011101100111 %
b10000010001 (
r-201 ,
1-
b10011101100111 1
b100110011001100110010010001111 3
b10011001 4
b10011001 5
b100101011111011 8
#5915000
0!
0-
#5917500
1!
b100101011111011 %
b10000010010 (
r10087 ,
1-
b100101011111011 1
b110011001100110011000101011100 3
b11001100 4
b11001100 5
b110011101000110 8
#5920000
0!
0-
#5922500
1!
b110011101000110 %
b10000010011 (
r19195 ,
1-
b110011101000110 1
b111111111111111111111000101001 3
b11111111 4
b11111111 5
b111100110001001 8
#5925000
0!
0-
#5927500
1!
b111100110001001 %
b10000010100 (
r26438 ,
1-
b111100110001001 1
b1001100110011001100101011110110 3
b100110011 4
b11001101 5
b111111111111110 8
#5930000
0!
0-
#5932500
1!
b111111111111110 %
b10000010101 (
r31113 ,
1-
b111111111111110 1
b1011001100110011001011111000011 3
b101100110 4
b10011010 5
b111100111001000 8
#5935000
0!
0-
#5937500
1!
b111100111001000 %
b10000010110 (
r32766 ,
1-
b111100111001000 1
b1100110011001100110010010010000 3
b110011001 4
b1100111 5
b110011110111100 8
#5940000
0!
0-
#5942500
1!
b110011110111100 %
b10000010111 (
r31176 ,
1-
b110011110111100 1
b1110011001100110011000101011101 3
b111001100 4
b110100 5
b100101110011101 8
#5945000
0!
0-
#5947500
1!
b100101110011101 %
b10000011000 (
r26556 ,
1-
b100101110011101 1
b1111111111111111111111000101010 3
b111111111 4
b1 5
b10100000100110 8
#5950000
0!
0-
#5952500
1!
b10100000100110 %
b10000011001 (
r19357 ,
1-
b10100000100110 1
b10001100110011001100101011110111 3
b1000110011 4
b110011 5
16
b11001001 8
#5955000
0!
0-
#5957500
1!
b11001001 %
b10000011010 (
r10278 ,
1-
b11001001 1
b10011001100110011001011111000100 3
b1001100110 4
b1100110 5
17
b10011101100111 8
#5960000
0!
0-
#5962500
1!
b1101100010011001 %
b10000011011 (
r201 ,
1-
b1101100010011001 1
b10100110011001100110010010010001 3
b1010011001 4
b10011001 5
b100101011111011 8
#5965000
0!
0-
#5967500
1!
b1011010100000101 %
b10000011100 (
r-10087 ,
1-
b1011010100000101 1
b10110011001100110011000101011110 3
b1011001100 4
b11001100 5
b110011101000110 8
#5970000
0!
0-
#5972500
1!
b1001100010111010 %
b10000011101 (
r-19195 ,
1-
b1001100010111010 1
b10111111111111111111111000101011 3
b1011111111 4
b11111111 5
b111100110001001 8
#5975000
0!
0-
#5977500
1!
b1000011001110111 %
b10000011110 (
r-26438 ,
1-
b1000011001110111 1
b11001100110011001100101011111000 3
b1100110011 4
b11001101 5
b111111111111110 8
#5980000
0!
0-
#5982500
1!
b1000000000000010 %
b10000011111 (
r-31113 ,
1-
b1000000000000010 1
b11011001100110011001011111000101 3
b1101100110 4
b10011010 5
b111100111001000 8
#5985000
0!
0-
#5987500
1!
b1000011000111000 %
b10000100000 (
r-32766 ,
1-
b1000011000111000 1
b11100110011001100110010010010010 3
b1110011001 4
b1100111 5
b110011110111100 8
#5990000
0!
0-
#5992500
1!
b1001100001000100 %
b10000100001 (
r-31176 ,
1-
b1001100001000100 1
b11110011001100110011000101011111 3
b1111001100 4
b110100 5
b100101110011101 8
#5995000
0!
0-
#5997500
1!
b1011010001100011 %
b10000100010 (
r-26556 ,
1-
b1011010001100011 1
b11111111111111111111111000101100 3
b1111111111 4
b1 5
b10100000100110 8
#6000000
0!
0-
#6002500
1!
b1101011111011010 %
b10000100011 (
r-19357 ,
1-
b1101011111011010 1
b1100110011001100101011111001 3
b110011 4
b110011 5
06
b11001001 8
#6005000
0!
0-
#6007500
1!
b1111111100110111 %
b10000100100 (
r-10278 ,
1-
b1111111100110111 1
b11001100110011001011111000110 3
b1100110 4
b1100110 5
07
b10011101100111 8
#6010000
0!
0-
#6012500
1!
b10011101100111 %
b10000100101 (
r-201 ,
1-
b10011101100111 1
b100110011001100110010010010011 3
b10011001 4
b10011001 5
b100101011111011 8
#6015000
0!
0-
#6017500
1!
b100101011111011 %
b10000100110 (
r10087 ,
1-
b100101011111011 1
b110011001100110011000101100000 3
b11001100 4
b11001100 5
b110011101000110 8
#6020000
0!
0-
#6022500
1!
b110011101000110 %
b10000100111 (
r19195 ,
1-
b110011101000110 1
b111111111111111111111000101101 3
b11111111 4
b11111111 5
b111100110001001 8
#6025000
0!
0-
#6027500
1!
b111100110001001 %
b10000101000 (
r26438 ,
1-
b111100110001001 1
b1001100110011001100101011111010 3
b100110011 4
b11001101 5
b111111111111110 8
#6030000
0!
0-
#6032500
1!
b111111111111110 %
b10000101001 (
r31113 ,
1-
b111111111111110 1
b1011001100110011001011111000111 3
b101100110 4
b10011010 5
b111100111001000 8
#6035000
0!
0-
#6037500
1!
b111100111001000 %
b10000101010 (
r32766 ,
1-
b111100111001000 1
b1100110011001100110010010010100 3
b110011001 4
b1100111 5
b110011110111100 8
#6040000
0!
0-
#6042500
1!
b110011110111100 %
b10000101011 (
r31176 ,
1-
b110011110111100 1
b1110011001100110011000101100001 3
b111001100 4
b110100 5
b100101110011101 8
#6045000
0!
0-
#6047500
1!
b100101110011101 %
b10000101100 (
r26556 ,
1-
b100101110011101 1
b1111111111111111111111000101110 3
b111111111 4
b1 5
b10100000100110 8
#6050000
0!
0-
#6052500
1!
b10100000100110 %
b10000101101 (
r19357 ,
1-
b10100000100110 1
b10001100110011001100101011111011 3
b1000110011 4
b110011 5
16
b11001001 8
#6055000
0!
0-
#6057500
1!
b11001001 %
b10000101110 (
r10278 ,
1-
b11001001 1
b10011001100110011001011111001000 3
b1001100110 4
b1100110 5
17
b10011101100111 8
#6060000
0!
0-
#6062500
1!
b1101100010011001 %
b10000101111 (
r201 ,
1-
b1101100010011001 1
b10100110011001100110010010010101 3
b1010011001 4
b10011001 5
b100101011111011 8
#6065000
0!
0-
#6067500
1!
b1011010100000101 %
b10000110000 (
r-10087 ,
1-
b1011010100000101 1
b10110011001100110011000101100010 3
b1011001100 4
b11001100 5
b110011101000110 8
#6070000
0!
0-
#6072500
1!
b1001100010111010 %
b10000110001 (
r-19195 ,
1-
b1001100010111010 1
b10111111111111111111111000101111 3
b1011111111 4
b11111111 5
b111100110001001 8
#6075000
0!
0-
#6077500
1!
b1000011001110111 %
b10000110010 (
r-26438 ,
1-
b1000011001110111 1
b11001100110011001100101011111100 3
b1100110011 4
b11001101 5
b111111111111110 8
#6080000
0!
0-
#6082500
1!
b1000000000000010 %
b10000110011 (
r-31113 ,
1-
b1000000000000010 1
b11011001100110011001011111001001 3
b1101100110 4
b10011010 5
b111100111001000 8
#6085000
0!
0-
#6087500
1!
b1000011000111000 %
b10000110100 (
r-32766 ,
1-
b1000011000111000 1
b11100110011001100110010010010110 3
b1110011001 4
b1100111 5
b110011110111100 8
#6090000
0!
0-
#6092500
1!
b1001100001000100 %
b10000110101 (
r-31176 ,
1-
b1001100001000100 1
b11110011001100110011000101100011 3
b1111001100 4
b110100 5
b100101110011101 8
#6095000
0!
0-
#6097500
1!
b1011010001100011 %
b10000110110 (
r-26556 ,
1-
b1011010001100011 1
b11111111111111111111111000110000 3
b1111111111 4
b1 5
b10100000100110 8
#6100000
0!
0-
#6102500
1!
b1101011111011010 %
b10000110111 (
r-19357 ,
1-
b1101011111011010 1
b1100110011001100101011111101 3
b110011 4
b110011 5
06
b11001001 8
#6105000
0!
0-
#6107500
1!
b1111111100110111 %
b10000111000 (
r-10278 ,
1-
b1111111100110111 1
b11001100110011001011111001010 3
b1100110 4
b1100110 5
07
b10011101100111 8
#6110000
0!
0-
#6112500
1!
b10011101100111 %
b10000111001 (
r-201 ,
1-
b10011101100111 1
b100110011001100110010010010111 3
b10011001 4
b10011001 5
b100101011111011 8
#6115000
0!
0-
#6117500
1!
b100101011111011 %
b10000111010 (
r10087 ,
1-
b100101011111011 1
b110011001100110011000101100100 3
b11001100 4
b11001100 5
b110011101000110 8
#6120000
0!
0-
#6122500
1!
b110011101000110 %
b10000111011 (
r19195 ,
1-
b110011101000110 1
b111111111111111111111000110001 3
b11111111 4
b11111111 5
b111100110001001 8
#6125000
0!
0-
#6127500
1!
b111100110001001 %
b10000111100 (
r26438 ,
1-
b111100110001001 1
b1001100110011001100101011111110 3
b100110011 4
b11001101 5
b111111111111110 8
#6130000
0!
0-
#6132500
1!
b111111111111110 %
b10000111101 (
r31113 ,
1-
b111111111111110 1
b1011001100110011001011111001011 3
b101100110 4
b10011010 5
b111100111001000 8
#6135000
0!
0-
#6137500
1!
b111100111001000 %
b10000111110 (
r32766 ,
1-
b111100111001000 1
b1100110011001100110010010011000 3
b110011001 4
b1100111 5
b110011110111100 8
#6140000
0!
0-
#6142500
1!
b110011110111100 %
b10000111111 (
r31176 ,
1-
b110011110111100 1
b1110011001100110011000101100101 3
b111001100 4
b110100 5
b100101110011101 8
#6145000
0!
0-
#6147500
1!
b100101110011101 %
b10001000000 (
r26556 ,
1-
b100101110011101 1
b1111111111111111111111000110010 3
b111111111 4
b1 5
b10100000100110 8
#6150000
0!
0-
#6152500
1!
b10100000100110 %
b10001000001 (
r19357 ,
1-
b10100000100110 1
b10001100110011001100101011111111 3
b1000110011 4
b110011 5
16
b11001001 8
#6155000
0!
0-
#6157500
1!
b11001001 %
b10001000010 (
r10278 ,
1-
b11001001 1
b10011001100110011001011111001100 3
b1001100110 4
b1100110 5
17
b10011101100111 8
#6160000
0!
0-
#6162500
1!
b1101100010011001 %
b10001000011 (
r201 ,
1-
b1101100010011001 1
b10100110011001100110010010011001 3
b1010011001 4
b10011001 5
b100101011111011 8
#6165000
0!
0-
#6167500
1!
b1011010100000101 %
b10001000100 (
r-10087 ,
1-
b1011010100000101 1
b10110011001100110011000101100110 3
b1011001100 4
b11001100 5
b110011101000110 8
#6170000
0!
0-
#6172500
1!
b1001100010111010 %
b10001000101 (
r-19195 ,
1-
b1001100010111010 1
b10111111111111111111111000110011 3
b1011111111 4
b11111111 5
b111100110001001 8
#6175000
0!
0-
#6177500
1!
b1000011001110111 %
b10001000110 (
r-26438 ,
1-
b1000011001110111 1
b11001100110011001100101100000000 3
b1100110011 4
b11001101 5
b111111111111110 8
#6180000
0!
0-
#6182500
1!
b1000000000000010 %
b10001000111 (
r-31113 ,
1-
b1000000000000010 1
b11011001100110011001011111001101 3
b1101100110 4
b10011010 5
b111100111001000 8
#6185000
0!
0-
#6187500
1!
b1000011000111000 %
b10001001000 (
r-32766 ,
1-
b1000011000111000 1
b11100110011001100110010010011010 3
b1110011001 4
b1100111 5
b110011110111100 8
#6190000
0!
0-
#6192500
1!
b1001100001000100 %
b10001001001 (
r-31176 ,
1-
b1001100001000100 1
b11110011001100110011000101100111 3
b1111001100 4
b110100 5
b100101110011101 8
#6195000
0!
0-
#6197500
1!
b1011010001100011 %
b10001001010 (
r-26556 ,
1-
b1011010001100011 1
b11111111111111111111111000110100 3
b1111111111 4
b1 5
b10100000100110 8
#6200000
0!
0-
#6202500
1!
b1101011111011010 %
b10001001011 (
r-19357 ,
1-
b1101011111011010 1
b1100110011001100101100000001 3
b110011 4
b110011 5
06
b11001001 8
#6205000
0!
0-
#6207500
1!
b1111111100110111 %
b10001001100 (
r-10278 ,
1-
b1111111100110111 1
b11001100110011001011111001110 3
b1100110 4
b1100110 5
07
b10011101100111 8
#6210000
0!
0-
#6212500
1!
b10011101100111 %
b10001001101 (
r-201 ,
1-
b10011101100111 1
b100110011001100110010010011011 3
b10011001 4
b10011001 5
b100101011111011 8
#6215000
0!
0-
#6217500
1!
b100101011111011 %
b10001001110 (
r10087 ,
1-
b100101011111011 1
b110011001100110011000101101000 3
b11001100 4
b11001100 5
b110011101000110 8
#6220000
0!
0-
#6222500
1!
b110011101000110 %
b10001001111 (
r19195 ,
1-
b110011101000110 1
b111111111111111111111000110101 3
b11111111 4
b11111111 5
b111100110001001 8
#6225000
0!
0-
#6227500
1!
b111100110001001 %
b10001010000 (
r26438 ,
1-
b111100110001001 1
b1001100110011001100101100000010 3
b100110011 4
b11001101 5
b111111111111110 8
#6230000
0!
0-
#6232500
1!
b111111111111110 %
b10001010001 (
r31113 ,
1-
b111111111111110 1
b1011001100110011001011111001111 3
b101100110 4
b10011010 5
b111100111001000 8
#6235000
0!
0-
#6237500
1!
b111100111001000 %
b10001010010 (
r32766 ,
1-
b111100111001000 1
b1100110011001100110010010011100 3
b110011001 4
b1100111 5
b110011110111100 8
#6240000
0!
0-
#6242500
1!
b110011110111100 %
b10001010011 (
r31176 ,
1-
b110011110111100 1
b1110011001100110011000101101001 3
b111001100 4
b110100 5
b100101110011101 8
#6245000
0!
0-
#6247500
1!
b100101110011101 %
b10001010100 (
r26556 ,
1-
b100101110011101 1
b1111111111111111111111000110110 3
b111111111 4
b1 5
b10100000100110 8
#6250000
0!
0-
#6252500
1!
b10100000100110 %
b10001010101 (
r19357 ,
1-
b10100000100110 1
b10001100110011001100101100000011 3
b1000110011 4
b110011 5
16
b11001001 8
#6255000
0!
0-
#6257500
1!
b11001001 %
b10001010110 (
r10278 ,
1-
b11001001 1
b10011001100110011001011111010000 3
b1001100110 4
b1100110 5
17
b10011101100111 8
#6260000
0!
0-
#6262500
1!
b1101100010011001 %
b10001010111 (
r201 ,
1-
b1101100010011001 1
b10100110011001100110010010011101 3
b1010011001 4
b10011001 5
b100101011111011 8
#6265000
0!
0-
#6267500
1!
b1011010100000101 %
b10001011000 (
r-10087 ,
1-
b1011010100000101 1
b10110011001100110011000101101010 3
b1011001100 4
b11001100 5
b110011101000110 8
#6270000
0!
0-
#6272500
1!
b1001100010111010 %
b10001011001 (
r-19195 ,
1-
b1001100010111010 1
b10111111111111111111111000110111 3
b1011111111 4
b11111111 5
b111100110001001 8
#6275000
0!
0-
#6277500
1!
b1000011001110111 %
b10001011010 (
r-26438 ,
1-
b1000011001110111 1
b11001100110011001100101100000100 3
b1100110011 4
b11001101 5
b111111111111110 8
#6280000
0!
0-
#6282500
1!
b1000000000000010 %
b10001011011 (
r-31113 ,
1-
b1000000000000010 1
b11011001100110011001011111010001 3
b1101100110 4
b10011010 5
b111100111001000 8
#6285000
0!
0-
#6287500
1!
b1000011000111000 %
b10001011100 (
r-32766 ,
1-
b1000011000111000 1
b11100110011001100110010010011110 3
b1110011001 4
b1100111 5
b110011110111100 8
#6290000
0!
0-
#6292500
1!
b1001100001000100 %
b10001011101 (
r-31176 ,
1-
b1001100001000100 1
b11110011001100110011000101101011 3
b1111001100 4
b110100 5
b100101110011101 8
#6295000
0!
0-
#6297500
1!
b1011010001100011 %
b10001011110 (
r-26556 ,
1-
b1011010001100011 1
b11111111111111111111111000111000 3
b1111111111 4
b1 5
b10100000100110 8
#6300000
0!
0-
#6302500
1!
b1101011111011010 %
b10001011111 (
r-19357 ,
1-
b1101011111011010 1
b1100110011001100101100000101 3
b110011 4
b110011 5
06
b11001001 8
#6305000
0!
0-
#6307500
1!
b1111111100110111 %
b10001100000 (
r-10278 ,
1-
b1111111100110111 1
b11001100110011001011111010010 3
b1100110 4
b1100110 5
07
b10011101100111 8
#6310000
0!
0-
#6312500
1!
b10011101100111 %
b10001100001 (
r-201 ,
1-
b10011101100111 1
b100110011001100110010010011111 3
b10011001 4
b10011001 5
b100101011111011 8
#6315000
0!
0-
#6317500
1!
b100101011111011 %
b10001100010 (
r10087 ,
1-
b100101011111011 1
b110011001100110011000101101100 3
b11001100 4
b11001100 5
b110011101000110 8
#6320000
0!
0-
#6322500
1!
b110011101000110 %
b10001100011 (
r19195 ,
1-
b110011101000110 1
b111111111111111111111000111001 3
b11111111 4
b11111111 5
b111100110001001 8
#6325000
0!
0-
#6327500
1!
b111100110001001 %
b10001100100 (
r26438 ,
1-
b111100110001001 1
b1001100110011001100101100000110 3
b100110011 4
b11001101 5
b111111111111110 8
#6330000
0!
0-
#6332500
1!
b111111111111110 %
b10001100101 (
r31113 ,
1-
b111111111111110 1
b1011001100110011001011111010011 3
b101100110 4
b10011010 5
b111100111001000 8
#6335000
0!
0-
#6337500
1!
b111100111001000 %
b10001100110 (
r32766 ,
1-
b111100111001000 1
b1100110011001100110010010100000 3
b110011001 4
b1100111 5
b110011110111100 8
#6340000
0!
0-
#6342500
1!
b110011110111100 %
b10001100111 (
r31176 ,
1-
b110011110111100 1
b1110011001100110011000101101101 3
b111001100 4
b110100 5
b100101110011101 8
#6345000
0!
0-
#6347500
1!
b100101110011101 %
b10001101000 (
r26556 ,
1-
b100101110011101 1
b1111111111111111111111000111010 3
b111111111 4
b1 5
b10100000100110 8
#6350000
0!
0-
#6352500
1!
b10100000100110 %
b10001101001 (
r19357 ,
1-
b10100000100110 1
b10001100110011001100101100000111 3
b1000110011 4
b110011 5
16
b11001001 8
#6355000
0!
0-
#6357500
1!
b11001001 %
b10001101010 (
r10278 ,
1-
b11001001 1
b10011001100110011001011111010100 3
b1001100110 4
b1100110 5
17
b10011101100111 8
#6360000
0!
0-
#6362500
1!
b1101100010011001 %
b10001101011 (
r201 ,
1-
b1101100010011001 1
b10100110011001100110010010100001 3
b1010011001 4
b10011001 5
b100101011111011 8
#6365000
0!
0-
#6367500
1!
b1011010100000101 %
b10001101100 (
r-10087 ,
1-
b1011010100000101 1
b10110011001100110011000101101110 3
b1011001100 4
b11001100 5
b110011101000110 8
#6370000
0!
0-
#6372500
1!
b1001100010111010 %
b10001101101 (
r-19195 ,
1-
b1001100010111010 1
b10111111111111111111111000111011 3
b1011111111 4
b11111111 5
b111100110001001 8
#6375000
0!
0-
#6377500
1!
b1000011001110111 %
b10001101110 (
r-26438 ,
1-
b1000011001110111 1
b11001100110011001100101100001000 3
b1100110011 4
b11001101 5
b111111111111110 8
#6380000
0!
0-
#6382500
1!
b1000000000000010 %
b10001101111 (
r-31113 ,
1-
b1000000000000010 1
b11011001100110011001011111010101 3
b1101100110 4
b10011010 5
b111100111001000 8
#6385000
0!
0-
#6387500
1!
b1000011000111000 %
b10001110000 (
r-32766 ,
1-
b1000011000111000 1
b11100110011001100110010010100010 3
b1110011001 4
b1100111 5
b110011110111100 8
#6390000
0!
0-
#6392500
1!
b1001100001000100 %
b10001110001 (
r-31176 ,
1-
b1001100001000100 1
b11110011001100110011000101101111 3
b1111001100 4
b110100 5
b100101110011101 8
#6395000
0!
0-
#6397500
1!
b1011010001100011 %
b10001110010 (
r-26556 ,
1-
b1011010001100011 1
b11111111111111111111111000111100 3
b1111111111 4
b1 5
b10100000100110 8
#6400000
0!
0-
#6402500
1!
b1101011111011010 %
b10001110011 (
r-19357 ,
1-
b1101011111011010 1
b1100110011001100101100001001 3
b110011 4
b110011 5
06
b11001001 8
#6405000
0!
0-
#6407500
1!
b1111111100110111 %
b10001110100 (
r-10278 ,
1-
b1111111100110111 1
b11001100110011001011111010110 3
b1100110 4
b1100110 5
07
b10011101100111 8
#6410000
0!
0-
#6412500
1!
b10011101100111 %
b10001110101 (
r-201 ,
1-
b10011101100111 1
b100110011001100110010010100011 3
b10011001 4
b10011001 5
b100101011111011 8
#6415000
0!
0-
#6417500
1!
b100101011111011 %
b10001110110 (
r10087 ,
1-
b100101011111011 1
b110011001100110011000101110000 3
b11001100 4
b11001100 5
b110011101000110 8
#6420000
0!
0-
#6422500
1!
b110011101000110 %
b10001110111 (
r19195 ,
1-
b110011101000110 1
b111111111111111111111000111101 3
b11111111 4
b11111111 5
b111100110001001 8
#6425000
0!
0-
#6427500
1!
b111100110001001 %
b10001111000 (
r26438 ,
1-
b111100110001001 1
b1001100110011001100101100001010 3
b100110011 4
b11001101 5
b111111111111110 8
#6430000
0!
0-
#6432500
1!
b111111111111110 %
b10001111001 (
r31113 ,
1-
b111111111111110 1
b1011001100110011001011111010111 3
b101100110 4
b10011010 5
b111100111001000 8
#6435000
0!
0-
#6437500
1!
b111100111001000 %
b10001111010 (
r32766 ,
1-
b111100111001000 1
b1100110011001100110010010100100 3
b110011001 4
b1100111 5
b110011110111100 8
#6440000
0!
0-
#6442500
1!
b110011110111100 %
b10001111011 (
r31176 ,
1-
b110011110111100 1
b1110011001100110011000101110001 3
b111001100 4
b110100 5
b100101110011101 8
#6445000
0!
0-
#6447500
1!
b100101110011101 %
b10001111100 (
r26556 ,
1-
b100101110011101 1
b1111111111111111111111000111110 3
b111111111 4
b1 5
b10100000100110 8
#6450000
0!
0-
#6452500
1!
b10100000100110 %
b10001111101 (
r19357 ,
1-
b10100000100110 1
b10001100110011001100101100001011 3
b1000110011 4
b110011 5
16
b11001001 8
#6455000
0!
0-
#6457500
1!
b11001001 %
b10001111110 (
r10278 ,
1-
b11001001 1
b10011001100110011001011111011000 3
b1001100110 4
b1100110 5
17
b10011101100111 8
#6460000
0!
0-
#6462500
1!
b1101100010011001 %
b10001111111 (
r201 ,
1-
b1101100010011001 1
b10100110011001100110010010100101 3
b1010011001 4
b10011001 5
b100101011111011 8
#6465000
0!
0-
#6467500
1!
b1011010100000101 %
b10010000000 (
r-10087 ,
1-
b1011010100000101 1
b10110011001100110011000101110010 3
b1011001100 4
b11001100 5
b110011101000110 8
#6470000
0!
0-
#6472500
1!
b1001100010111010 %
b10010000001 (
r-19195 ,
1-
b1001100010111010 1
b10111111111111111111111000111111 3
b1011111111 4
b11111111 5
b111100110001001 8
#6475000
0!
0-
#6477500
1!
b1000011001110111 %
b10010000010 (
r-26438 ,
1-
b1000011001110111 1
b11001100110011001100101100001100 3
b1100110011 4
b11001101 5
b111111111111110 8
#6480000
0!
0-
#6482500
1!
b1000000000000010 %
b10010000011 (
r-31113 ,
1-
b1000000000000010 1
b11011001100110011001011111011001 3
b1101100110 4
b10011010 5
b111100111001000 8
#6485000
0!
0-
#6487500
1!
b1000011000111000 %
b10010000100 (
r-32766 ,
1-
b1000011000111000 1
b11100110011001100110010010100110 3
b1110011001 4
b1100111 5
b110011110111100 8
#6490000
0!
0-
#6492500
1!
b1001100001000100 %
b10010000101 (
r-31176 ,
1-
b1001100001000100 1
b11110011001100110011000101110011 3
b1111001100 4
b110100 5
b100101110011101 8
#6495000
0!
0-
#6497500
1!
b1011010001100011 %
b10010000110 (
r-26556 ,
1-
b1011010001100011 1
b11111111111111111111111001000000 3
b1111111111 4
b1 5
b10100000100110 8
#6500000
0!
0-
#6502500
1!
b1101011111011010 %
b10010000111 (
r-19357 ,
1-
b1101011111011010 1
b1100110011001100101100001101 3
b110011 4
b110011 5
06
b11001001 8
#6505000
0!
0-
#6507500
1!
b1111111100110111 %
b10010001000 (
r-10278 ,
1-
b1111111100110111 1
b11001100110011001011111011010 3
b1100110 4
b1100110 5
07
b10011101100111 8
#6510000
0!
0-
#6512500
1!
b10011101100111 %
b10010001001 (
r-201 ,
1-
b10011101100111 1
b100110011001100110010010100111 3
b10011001 4
b10011001 5
b100101011111011 8
#6515000
0!
0-
#6517500
1!
b100101011111011 %
b10010001010 (
r10087 ,
1-
b100101011111011 1
b110011001100110011000101110100 3
b11001100 4
b11001100 5
b110011101000110 8
#6520000
0!
0-
#6522500
1!
b110011101000110 %
b10010001011 (
r19195 ,
1-
b110011101000110 1
b111111111111111111111001000001 3
b11111111 4
b11111111 5
b111100110001001 8
#6525000
0!
0-
#6527500
1!
b111100110001001 %
b10010001100 (
r26438 ,
1-
b111100110001001 1
b1001100110011001100101100001110 3
b100110011 4
b11001101 5
b111111111111110 8
#6530000
0!
0-
#6532500
1!
b111111111111110 %
b10010001101 (
r31113 ,
1-
b111111111111110 1
b1011001100110011001011111011011 3
b101100110 4
b10011010 5
b111100111001000 8
#6535000
0!
0-
#6537500
1!
b111100111001000 %
b10010001110 (
r32766 ,
1-
b111100111001000 1
b1100110011001100110010010101000 3
b110011001 4
b1100111 5
b110011110111100 8
#6540000
0!
0-
#6542500
1!
b110011110111100 %
b10010001111 (
r31176 ,
1-
b110011110111100 1
b1110011001100110011000101110101 3
b111001100 4
b110100 5
b100101110011101 8
#6545000
0!
0-
#6547500
1!
b100101110011101 %
b10010010000 (
r26556 ,
1-
b100101110011101 1
b1111111111111111111111001000010 3
b111111111 4
b1 5
b10100000100110 8
#6550000
0!
0-
#6552500
1!
b10100000100110 %
b10010010001 (
r19357 ,
1-
b10100000100110 1
b10001100110011001100101100001111 3
b1000110011 4
b110011 5
16
b11001001 8
#6555000
0!
0-
#6557500
1!
b11001001 %
b10010010010 (
r10278 ,
1-
b11001001 1
b10011001100110011001011111011100 3
b1001100110 4
b1100110 5
17
b10011101100111 8
#6560000
0!
0-
#6562500
1!
b1101100010011001 %
b10010010011 (
r201 ,
1-
b1101100010011001 1
b10100110011001100110010010101001 3
b1010011001 4
b10011001 5
b100101011111011 8
#6565000
0!
0-
#6567500
1!
b1011010100000101 %
b10010010100 (
r-10087 ,
1-
b1011010100000101 1
b10110011001100110011000101110110 3
b1011001100 4
b11001100 5
b110011101000110 8
#6570000
0!
0-
#6572500
1!
b1001100010111010 %
b10010010101 (
r-19195 ,
1-
b1001100010111010 1
b10111111111111111111111001000011 3
b1011111111 4
b11111111 5
b111100110001001 8
#6575000
0!
0-
#6577500
1!
b1000011001110111 %
b10010010110 (
r-26438 ,
1-
b1000011001110111 1
b11001100110011001100101100010000 3
b1100110011 4
b11001101 5
b111111111111110 8
#6580000
0!
0-
#6582500
1!
b1000000000000010 %
b10010010111 (
r-31113 ,
1-
b1000000000000010 1
b11011001100110011001011111011101 3
b1101100110 4
b10011010 5
b111100111001000 8
#6585000
0!
0-
#6587500
1!
b1000011000111000 %
b10010011000 (
r-32766 ,
1-
b1000011000111000 1
b11100110011001100110010010101010 3
b1110011001 4
b1100111 5
b110011110111100 8
#6590000
0!
0-
#6592500
1!
b1001100001000100 %
b10010011001 (
r-31176 ,
1-
b1001100001000100 1
b11110011001100110011000101110111 3
b1111001100 4
b110100 5
b100101110011101 8
#6595000
0!
0-
#6597500
1!
b1011010001100011 %
b10010011010 (
r-26556 ,
1-
b1011010001100011 1
b11111111111111111111111001000100 3
b1111111111 4
b1 5
b10100000100110 8
#6600000
0!
0-
#6602500
1!
b1101011111011010 %
b10010011011 (
r-19357 ,
1-
b1101011111011010 1
b1100110011001100101100010001 3
b110011 4
b110011 5
06
b11001001 8
#6605000
0!
0-
#6607500
1!
b1111111100110111 %
b10010011100 (
r-10278 ,
1-
b1111111100110111 1
b11001100110011001011111011110 3
b1100110 4
b1100110 5
07
b10011101100111 8
#6610000
0!
0-
#6612500
1!
b10011101100111 %
b10010011101 (
r-201 ,
1-
b10011101100111 1
b100110011001100110010010101011 3
b10011001 4
b10011001 5
b100101011111011 8
#6615000
0!
0-
#6617500
1!
b100101011111011 %
b10010011110 (
r10087 ,
1-
b100101011111011 1
b110011001100110011000101111000 3
b11001100 4
b11001100 5
b110011101000110 8
#6620000
0!
0-
#6622500
1!
b110011101000110 %
b10010011111 (
r19195 ,
1-
b110011101000110 1
b111111111111111111111001000101 3
b11111111 4
b11111111 5
b111100110001001 8
#6625000
0!
0-
#6627500
1!
b111100110001001 %
b10010100000 (
r26438 ,
1-
b111100110001001 1
b1001100110011001100101100010010 3
b100110011 4
b11001101 5
b111111111111110 8
#6630000
0!
0-
#6632500
1!
b111111111111110 %
b10010100001 (
r31113 ,
1-
b111111111111110 1
b1011001100110011001011111011111 3
b101100110 4
b10011010 5
b111100111001000 8
#6635000
0!
0-
#6637500
1!
b111100111001000 %
b10010100010 (
r32766 ,
1-
b111100111001000 1
b1100110011001100110010010101100 3
b110011001 4
b1100111 5
b110011110111100 8
#6640000
0!
0-
#6642500
1!
b110011110111100 %
b10010100011 (
r31176 ,
1-
b110011110111100 1
b1110011001100110011000101111001 3
b111001100 4
b110100 5
b100101110011101 8
#6645000
0!
0-
#6647500
1!
b100101110011101 %
b10010100100 (
r26556 ,
1-
b100101110011101 1
b1111111111111111111111001000110 3
b111111111 4
b1 5
b10100000100110 8
#6650000
0!
0-
#6652500
1!
b10100000100110 %
b10010100101 (
r19357 ,
1-
b10100000100110 1
b10001100110011001100101100010011 3
b1000110011 4
b110011 5
16
b11001001 8
#6655000
0!
0-
#6657500
1!
b11001001 %
b10010100110 (
r10278 ,
1-
b11001001 1
b10011001100110011001011111100000 3
b1001100110 4
b1100110 5
17
b10011101100111 8
#6660000
0!
0-
#6662500
1!
b1101100010011001 %
b10010100111 (
r201 ,
1-
b1101100010011001 1
b10100110011001100110010010101101 3
b1010011001 4
b10011001 5
b100101011111011 8
#6665000
0!
0-
#6667500
1!
b1011010100000101 %
b10010101000 (
r-10087 ,
1-
b1011010100000101 1
b10110011001100110011000101111010 3
b1011001100 4
b11001100 5
b110011101000110 8
#6670000
0!
0-
#6672500
1!
b1001100010111010 %
b10010101001 (
r-19195 ,
1-
b1001100010111010 1
b10111111111111111111111001000111 3
b1011111111 4
b11111111 5
b111100110001001 8
#6675000
0!
0-
#6677500
1!
b1000011001110111 %
b10010101010 (
r-26438 ,
1-
b1000011001110111 1
b11001100110011001100101100010100 3
b1100110011 4
b11001101 5
b111111111111110 8
#6680000
0!
0-
#6682500
1!
b1000000000000010 %
b10010101011 (
r-31113 ,
1-
b1000000000000010 1
b11011001100110011001011111100001 3
b1101100110 4
b10011010 5
b111100111001000 8
#6685000
0!
0-
#6687500
1!
b1000011000111000 %
b10010101100 (
r-32766 ,
1-
b1000011000111000 1
b11100110011001100110010010101110 3
b1110011001 4
b1100111 5
b110011110111100 8
#6690000
0!
0-
#6692500
1!
b1001100001000100 %
b10010101101 (
r-31176 ,
1-
b1001100001000100 1
b11110011001100110011000101111011 3
b1111001100 4
b110100 5
b100101110011101 8
#6695000
0!
0-
#6697500
1!
b1011010001100011 %
b10010101110 (
r-26556 ,
1-
b1011010001100011 1
b11111111111111111111111001001000 3
b1111111111 4
b1 5
b10100000100110 8
#6700000
0!
0-
#6702500
1!
b1101011111011010 %
b10010101111 (
r-19357 ,
1-
b1101011111011010 1
b1100110011001100101100010101 3
b110011 4
b110011 5
06
b11001001 8
#6705000
0!
0-
#6707500
1!
b1111111100110111 %
b10010110000 (
r-10278 ,
1-
b1111111100110111 1
b11001100110011001011111100010 3
b1100110 4
b1100110 5
07
b10011101100111 8
#6710000
0!
0-
#6712500
1!
b10011101100111 %
b10010110001 (
r-201 ,
1-
b10011101100111 1
b100110011001100110010010101111 3
b10011001 4
b10011001 5
b100101011111011 8
#6715000
0!
0-
#6717500
1!
b100101011111011 %
b10010110010 (
r10087 ,
1-
b100101011111011 1
b110011001100110011000101111100 3
b11001100 4
b11001100 5
b110011101000110 8
#6720000
0!
0-
#6722500
1!
b110011101000110 %
b10010110011 (
r19195 ,
1-
b110011101000110 1
b111111111111111111111001001001 3
b11111111 4
b11111111 5
b111100110001001 8
#6725000
0!
0-
#6727500
1!
b111100110001001 %
b10010110100 (
r26438 ,
1-
b111100110001001 1
b1001100110011001100101100010110 3
b100110011 4
b11001101 5
b111111111111110 8
#6730000
0!
0-
#6732500
1!
b111111111111110 %
b10010110101 (
r31113 ,
1-
b111111111111110 1
b1011001100110011001011111100011 3
b101100110 4
b10011010 5
b111100111001000 8
#6735000
0!
0-
#6737500
1!
b111100111001000 %
b10010110110 (
r32766 ,
1-
b111100111001000 1
b1100110011001100110010010110000 3
b110011001 4
b1100111 5
b110011110111100 8
#6740000
0!
0-
#6742500
1!
b110011110111100 %
b10010110111 (
r31176 ,
1-
b110011110111100 1
b1110011001100110011000101111101 3
b111001100 4
b110100 5
b100101110011101 8
#6745000
0!
0-
#6747500
1!
b100101110011101 %
b10010111000 (
r26556 ,
1-
b100101110011101 1
b1111111111111111111111001001010 3
b111111111 4
b1 5
b10100000100110 8
#6750000
0!
0-
#6752500
1!
b10100000100110 %
b10010111001 (
r19357 ,
1-
b10100000100110 1
b10001100110011001100101100010111 3
b1000110011 4
b110011 5
16
b11001001 8
#6755000
0!
0-
#6757500
1!
b11001001 %
b10010111010 (
r10278 ,
1-
b11001001 1
b10011001100110011001011111100100 3
b1001100110 4
b1100110 5
17
b10011101100111 8
#6760000
0!
0-
#6762500
1!
b1101100010011001 %
b10010111011 (
r201 ,
1-
b1101100010011001 1
b10100110011001100110010010110001 3
b1010011001 4
b10011001 5
b100101011111011 8
#6765000
0!
0-
#6767500
1!
b1011010100000101 %
b10010111100 (
r-10087 ,
1-
b1011010100000101 1
b10110011001100110011000101111110 3
b1011001100 4
b11001100 5
b110011101000110 8
#6770000
0!
0-
#6772500
1!
b1001100010111010 %
b10010111101 (
r-19195 ,
1-
b1001100010111010 1
b10111111111111111111111001001011 3
b1011111111 4
b11111111 5
b111100110001001 8
#6775000
0!
0-
#6777500
1!
b1000011001110111 %
b10010111110 (
r-26438 ,
1-
b1000011001110111 1
b11001100110011001100101100011000 3
b1100110011 4
b11001101 5
b111111111111110 8
#6780000
0!
0-
#6782500
1!
b1000000000000010 %
b10010111111 (
r-31113 ,
1-
b1000000000000010 1
b11011001100110011001011111100101 3
b1101100110 4
b10011010 5
b111100111001000 8
#6785000
0!
0-
#6787500
1!
b1000011000111000 %
b10011000000 (
r-32766 ,
1-
b1000011000111000 1
b11100110011001100110010010110010 3
b1110011001 4
b1100111 5
b110011110111100 8
#6790000
0!
0-
#6792500
1!
b1001100001000100 %
b10011000001 (
r-31176 ,
1-
b1001100001000100 1
b11110011001100110011000101111111 3
b1111001100 4
b110100 5
b100101110011101 8
#6795000
0!
0-
#6797500
1!
b1011010001100011 %
b10011000010 (
r-26556 ,
1-
b1011010001100011 1
b11111111111111111111111001001100 3
b1111111111 4
b1 5
b10100000100110 8
#6800000
0!
0-
#6802500
1!
b1101011111011010 %
b10011000011 (
r-19357 ,
1-
b1101011111011010 1
b1100110011001100101100011001 3
b110011 4
b110011 5
06
b11001001 8
#6805000
0!
0-
#6807500
1!
b1111111100110111 %
b10011000100 (
r-10278 ,
1-
b1111111100110111 1
b11001100110011001011111100110 3
b1100110 4
b1100110 5
07
b10011101100111 8
#6810000
0!
0-
#6812500
1!
b10011101100111 %
b10011000101 (
r-201 ,
1-
b10011101100111 1
b100110011001100110010010110011 3
b10011001 4
b10011001 5
b100101011111011 8
#6815000
0!
0-
#6817500
1!
b100101011111011 %
b10011000110 (
r10087 ,
1-
b100101011111011 1
b110011001100110011000110000000 3
b11001100 4
b11001100 5
b110011101000110 8
#6820000
0!
0-
#6822500
1!
b110011101000110 %
b10011000111 (
r19195 ,
1-
b110011101000110 1
b111111111111111111111001001101 3
b11111111 4
b11111111 5
b111100110001001 8
#6825000
0!
0-
#6827500
1!
b111100110001001 %
b10011001000 (
r26438 ,
1-
b111100110001001 1
b1001100110011001100101100011010 3
b100110011 4
b11001101 5
b111111111111110 8
#6830000
0!
0-
#6832500
1!
b111111111111110 %
b10011001001 (
r31113 ,
1-
b111111111111110 1
b1011001100110011001011111100111 3
b101100110 4
b10011010 5
b111100111001000 8
#6835000
0!
0-
#6837500
1!
b111100111001000 %
b10011001010 (
r32766 ,
1-
b111100111001000 1
b1100110011001100110010010110100 3
b110011001 4
b1100111 5
b110011110111100 8
#6840000
0!
0-
#6842500
1!
b110011110111100 %
b10011001011 (
r31176 ,
1-
b110011110111100 1
b1110011001100110011000110000001 3
b111001100 4
b110100 5
b100101110011101 8
#6845000
0!
0-
#6847500
1!
b100101110011101 %
b10011001100 (
r26556 ,
1-
b100101110011101 1
b1111111111111111111111001001110 3
b111111111 4
b1 5
b10100000100110 8
#6850000
0!
0-
#6852500
1!
b10100000100110 %
b10011001101 (
r19357 ,
1-
b10100000100110 1
b10001100110011001100101100011011 3
b1000110011 4
b110011 5
16
b11001001 8
#6855000
0!
0-
#6857500
1!
b11001001 %
b10011001110 (
r10278 ,
1-
b11001001 1
b10011001100110011001011111101000 3
b1001100110 4
b1100110 5
17
b10011101100111 8
#6860000
0!
0-
#6862500
1!
b1101100010011001 %
b10011001111 (
r201 ,
1-
b1101100010011001 1
b10100110011001100110010010110101 3
b1010011001 4
b10011001 5
b100101011111011 8
#6865000
0!
0-
#6867500
1!
b1011010100000101 %
b10011010000 (
r-10087 ,
1-
b1011010100000101 1
b10110011001100110011000110000010 3
b1011001100 4
b11001100 5
b110011101000110 8
#6870000
0!
0-
#6872500
1!
b1001100010111010 %
b10011010001 (
r-19195 ,
1-
b1001100010111010 1
b10111111111111111111111001001111 3
b1011111111 4
b11111111 5
b111100110001001 8
#6875000
0!
0-
#6877500
1!
b1000011001110111 %
b10011010010 (
r-26438 ,
1-
b1000011001110111 1
b11001100110011001100101100011100 3
b1100110011 4
b11001101 5
b111111111111110 8
#6880000
0!
0-
#6882500
1!
b1000000000000010 %
b10011010011 (
r-31113 ,
1-
b1000000000000010 1
b11011001100110011001011111101001 3
b1101100110 4
b10011010 5
b111100111001000 8
#6885000
0!
0-
#6887500
1!
b1000011000111000 %
b10011010100 (
r-32766 ,
1-
b1000011000111000 1
b11100110011001100110010010110110 3
b1110011001 4
b1100111 5
b110011110111100 8
#6890000
0!
0-
#6892500
1!
b1001100001000100 %
b10011010101 (
r-31176 ,
1-
b1001100001000100 1
b11110011001100110011000110000011 3
b1111001100 4
b110100 5
b100101110011101 8
#6895000
0!
0-
#6897500
1!
b1011010001100011 %
b10011010110 (
r-26556 ,
1-
b1011010001100011 1
b11111111111111111111111001010000 3
b1111111111 4
b1 5
b10100000100110 8
#6900000
0!
0-
#6902500
1!
b1101011111011010 %
b10011010111 (
r-19357 ,
1-
b1101011111011010 1
b1100110011001100101100011101 3
b110011 4
b110011 5
06
b11001001 8
#6905000
0!
0-
#6907500
1!
b1111111100110111 %
b10011011000 (
r-10278 ,
1-
b1111111100110111 1
b11001100110011001011111101010 3
b1100110 4
b1100110 5
07
b10011101100111 8
#6910000
0!
0-
#6912500
1!
b10011101100111 %
b10011011001 (
r-201 ,
1-
b10011101100111 1
b100110011001100110010010110111 3
b10011001 4
b10011001 5
b100101011111011 8
#6915000
0!
0-
#6917500
1!
b100101011111011 %
b10011011010 (
r10087 ,
1-
b100101011111011 1
b110011001100110011000110000100 3
b11001100 4
b11001100 5
b110011101000110 8
#6920000
0!
0-
#6922500
1!
b110011101000110 %
b10011011011 (
r19195 ,
1-
b110011101000110 1
b111111111111111111111001010001 3
b11111111 4
b11111111 5
b111100110001001 8
#6925000
0!
0-
#6927500
1!
b111100110001001 %
b10011011100 (
r26438 ,
1-
b111100110001001 1
b1001100110011001100101100011110 3
b100110011 4
b11001101 5
b111111111111110 8
#6930000
0!
0-
#6932500
1!
b111111111111110 %
b10011011101 (
r31113 ,
1-
b111111111111110 1
b1011001100110011001011111101011 3
b101100110 4
b10011010 5
b111100111001000 8
#6935000
0!
0-
#6937500
1!
b111100111001000 %
b10011011110 (
r32766 ,
1-
b111100111001000 1
b1100110011001100110010010111000 3
b110011001 4
b1100111 5
b110011110111100 8
#6940000
0!
0-
#6942500
1!
b110011110111100 %
b10011011111 (
r31176 ,
1-
b110011110111100 1
b1110011001100110011000110000101 3
b111001100 4
b110100 5
b100101110011101 8
#6945000
0!
0-
#6947500
1!
b100101110011101 %
b10011100000 (
r26556 ,
1-
b100101110011101 1
b1111111111111111111111001010010 3
b111111111 4
b1 5
b10100000100110 8
#6950000
0!
0-
#6952500
1!
b10100000100110 %
b10011100001 (
r19357 ,
1-
b10100000100110 1
b10001100110011001100101100011111 3
b1000110011 4
b110011 5
16
b11001001 8
#6955000
0!
0-
#6957500
1!
b11001001 %
b10011100010 (
r10278 ,
1-
b11001001 1
b10011001100110011001011111101100 3
b1001100110 4
b1100110 5
17
b10011101100111 8
#6960000
0!
0-
#6962500
1!
b1101100010011001 %
b10011100011 (
r201 ,
1-
b1101100010011001 1
b10100110011001100110010010111001 3
b1010011001 4
b10011001 5
b100101011111011 8
#6965000
0!
0-
#6967500
1!
b1011010100000101 %
b10011100100 (
r-10087 ,
1-
b1011010100000101 1
b10110011001100110011000110000110 3
b1011001100 4
b11001100 5
b110011101000110 8
#6970000
0!
0-
#6972500
1!
b1001100010111010 %
b10011100101 (
r-19195 ,
1-
b1001100010111010 1
b10111111111111111111111001010011 3
b1011111111 4
b11111111 5
b111100110001001 8
#6975000
0!
0-
#6977500
1!
b1000011001110111 %
b10011100110 (
r-26438 ,
1-
b1000011001110111 1
b11001100110011001100101100100000 3
b1100110011 4
b11001101 5
b111111111111110 8
#6980000
0!
0-
#6982500
1!
b1000000000000010 %
b10011100111 (
r-31113 ,
1-
b1000000000000010 1
b11011001100110011001011111101101 3
b1101100110 4
b10011010 5
b111100111001000 8
#6985000
0!
0-
#6987500
1!
b1000011000111000 %
b10011101000 (
r-32766 ,
1-
b1000011000111000 1
b11100110011001100110010010111010 3
b1110011001 4
b1100111 5
b110011110111100 8
#6990000
0!
0-
#6992500
1!
b1001100001000100 %
b10011101001 (
r-31176 ,
1-
b1001100001000100 1
b11110011001100110011000110000111 3
b1111001100 4
b110100 5
b100101110011101 8
#6995000
0!
0-
#6997500
1!
b1011010001100011 %
b10011101010 (
r-26556 ,
1-
b1011010001100011 1
b11111111111111111111111001010100 3
b1111111111 4
b1 5
b10100000100110 8
#7000000
0!
0-
#7002500
1!
b1101011111011010 %
b10011101011 (
r-19357 ,
1-
b1101011111011010 1
b1100110011001100101100100001 3
b110011 4
b110011 5
06
b11001001 8
#7005000
0!
0-
#7007500
1!
b1111111100110111 %
b10011101100 (
r-10278 ,
1-
b1111111100110111 1
b11001100110011001011111101110 3
b1100110 4
b1100110 5
07
b10011101100111 8
#7010000
0!
0-
#7012500
1!
b10011101100111 %
b10011101101 (
r-201 ,
1-
b10011101100111 1
b100110011001100110010010111011 3
b10011001 4
b10011001 5
b100101011111011 8
#7015000
0!
0-
#7017500
1!
b100101011111011 %
b10011101110 (
r10087 ,
1-
b100101011111011 1
b110011001100110011000110001000 3
b11001100 4
b11001100 5
b110011101000110 8
#7020000
0!
0-
#7022500
1!
b110011101000110 %
b10011101111 (
r19195 ,
1-
b110011101000110 1
b111111111111111111111001010101 3
b11111111 4
b11111111 5
b111100110001001 8
#7025000
0!
0-
#7027500
1!
b111100110001001 %
b10011110000 (
r26438 ,
1-
b111100110001001 1
b1001100110011001100101100100010 3
b100110011 4
b11001101 5
b111111111111110 8
#7030000
0!
0-
#7032500
1!
b111111111111110 %
b10011110001 (
r31113 ,
1-
b111111111111110 1
b1011001100110011001011111101111 3
b101100110 4
b10011010 5
b111100111001000 8
#7035000
0!
0-
#7037500
1!
b111100111001000 %
b10011110010 (
r32766 ,
1-
b111100111001000 1
b1100110011001100110010010111100 3
b110011001 4
b1100111 5
b110011110111100 8
#7040000
0!
0-
#7042500
1!
b110011110111100 %
b10011110011 (
r31176 ,
1-
b110011110111100 1
b1110011001100110011000110001001 3
b111001100 4
b110100 5
b100101110011101 8
#7045000
0!
0-
#7047500
1!
b100101110011101 %
b10011110100 (
r26556 ,
1-
b100101110011101 1
b1111111111111111111111001010110 3
b111111111 4
b1 5
b10100000100110 8
#7050000
0!
0-
#7052500
1!
b10100000100110 %
b10011110101 (
r19357 ,
1-
b10100000100110 1
b10001100110011001100101100100011 3
b1000110011 4
b110011 5
16
b11001001 8
#7055000
0!
0-
#7057500
1!
b11001001 %
b10011110110 (
r10278 ,
1-
b11001001 1
b10011001100110011001011111110000 3
b1001100110 4
b1100110 5
17
b10011101100111 8
#7060000
0!
0-
#7062500
1!
b1101100010011001 %
b10011110111 (
r201 ,
1-
b1101100010011001 1
b10100110011001100110010010111101 3
b1010011001 4
b10011001 5
b100101011111011 8
#7065000
0!
0-
#7067500
1!
b1011010100000101 %
b10011111000 (
r-10087 ,
1-
b1011010100000101 1
b10110011001100110011000110001010 3
b1011001100 4
b11001100 5
b110011101000110 8
#7070000
0!
0-
#7072500
1!
b1001100010111010 %
b10011111001 (
r-19195 ,
1-
b1001100010111010 1
b10111111111111111111111001010111 3
b1011111111 4
b11111111 5
b111100110001001 8
#7075000
0!
0-
#7077500
1!
b1000011001110111 %
b10011111010 (
r-26438 ,
1-
b1000011001110111 1
b11001100110011001100101100100100 3
b1100110011 4
b11001101 5
b111111111111110 8
#7080000
0!
0-
#7082500
1!
b1000000000000010 %
b10011111011 (
r-31113 ,
1-
b1000000000000010 1
b11011001100110011001011111110001 3
b1101100110 4
b10011010 5
b111100111001000 8
#7085000
0!
0-
#7087500
1!
b1000011000111000 %
b10011111100 (
r-32766 ,
1-
b1000011000111000 1
b11100110011001100110010010111110 3
b1110011001 4
b1100111 5
b110011110111100 8
#7090000
0!
0-
#7092500
1!
b1001100001000100 %
b10011111101 (
r-31176 ,
1-
b1001100001000100 1
b11110011001100110011000110001011 3
b1111001100 4
b110100 5
b100101110011101 8
#7095000
0!
0-
#7097500
1!
b1011010001100011 %
b10011111110 (
r-26556 ,
1-
b1011010001100011 1
b11111111111111111111111001011000 3
b1111111111 4
b1 5
b10100000100110 8
#7100000
0!
0-
#7102500
1!
b1101011111011010 %
b10011111111 (
r-19357 ,
1-
b1101011111011010 1
b1100110011001100101100100101 3
b110011 4
b110011 5
06
b11001001 8
#7105000
0!
0-
#7107500
1!
b1111111100110111 %
b10100000000 (
r-10278 ,
1-
b1111111100110111 1
b11001100110011001011111110010 3
b1100110 4
b1100110 5
07
b10011101100111 8
#7110000
0!
0-
#7112500
1!
b10011101100111 %
b10100000001 (
r-201 ,
1-
b10011101100111 1
b100110011001100110010010111111 3
b10011001 4
b10011001 5
b100101011111011 8
#7115000
0!
0-
#7117500
1!
b100101011111011 %
b10100000010 (
r10087 ,
1-
b100101011111011 1
b110011001100110011000110001100 3
b11001100 4
b11001100 5
b110011101000110 8
#7120000
0!
0-
#7122500
1!
b110011101000110 %
b10100000011 (
r19195 ,
1-
b110011101000110 1
b111111111111111111111001011001 3
b11111111 4
b11111111 5
b111100110001001 8
#7125000
0!
0-
#7127500
1!
b111100110001001 %
b10100000100 (
r26438 ,
1-
b111100110001001 1
b1001100110011001100101100100110 3
b100110011 4
b11001101 5
b111111111111110 8
#7130000
0!
0-
#7132500
1!
b111111111111110 %
b10100000101 (
r31113 ,
1-
b111111111111110 1
b1011001100110011001011111110011 3
b101100110 4
b10011010 5
b111100111001000 8
#7135000
0!
0-
#7137500
1!
b111100111001000 %
b10100000110 (
r32766 ,
1-
b111100111001000 1
b1100110011001100110010011000000 3
b110011001 4
b1100111 5
b110011110111100 8
#7140000
0!
0-
#7142500
1!
b110011110111100 %
b10100000111 (
r31176 ,
1-
b110011110111100 1
b1110011001100110011000110001101 3
b111001100 4
b110100 5
b100101110011101 8
#7145000
0!
0-
#7147500
1!
b100101110011101 %
b10100001000 (
r26556 ,
1-
b100101110011101 1
b1111111111111111111111001011010 3
b111111111 4
b1 5
b10100000100110 8
#7150000
0!
0-
#7152500
1!
b10100000100110 %
b10100001001 (
r19357 ,
1-
b10100000100110 1
b10001100110011001100101100100111 3
b1000110011 4
b110011 5
16
b11001001 8
#7155000
0!
0-
#7157500
1!
b11001001 %
b10100001010 (
r10278 ,
1-
b11001001 1
b10011001100110011001011111110100 3
b1001100110 4
b1100110 5
17
b10011101100111 8
#7160000
0!
0-
#7162500
1!
b1101100010011001 %
b10100001011 (
r201 ,
1-
b1101100010011001 1
b10100110011001100110010011000001 3
b1010011001 4
b10011001 5
b100101011111011 8
#7165000
0!
0-
#7167500
1!
b1011010100000101 %
b10100001100 (
r-10087 ,
1-
b1011010100000101 1
b10110011001100110011000110001110 3
b1011001100 4
b11001100 5
b110011101000110 8
#7170000
0!
0-
#7172500
1!
b1001100010111010 %
b10100001101 (
r-19195 ,
1-
b1001100010111010 1
b10111111111111111111111001011011 3
b1011111111 4
b11111111 5
b111100110001001 8
#7175000
0!
0-
#7177500
1!
b1000011001110111 %
b10100001110 (
r-26438 ,
1-
b1000011001110111 1
b11001100110011001100101100101000 3
b1100110011 4
b11001101 5
b111111111111110 8
#7180000
0!
0-
#7182500
1!
b1000000000000010 %
b10100001111 (
r-31113 ,
1-
b1000000000000010 1
b11011001100110011001011111110101 3
b1101100110 4
b10011010 5
b111100111001000 8
#7185000
0!
0-
#7187500
1!
b1000011000111000 %
b10100010000 (
r-32766 ,
1-
b1000011000111000 1
b11100110011001100110010011000010 3
b1110011001 4
b1100111 5
b110011110111100 8
#7190000
0!
0-
#7192500
1!
b1001100001000100 %
b10100010001 (
r-31176 ,
1-
b1001100001000100 1
b11110011001100110011000110001111 3
b1111001100 4
b110100 5
b100101110011101 8
#7195000
0!
0-
#7197500
1!
b1011010001100011 %
b10100010010 (
r-26556 ,
1-
b1011010001100011 1
b11111111111111111111111001011100 3
b1111111111 4
b1 5
b10100000100110 8
#7200000
0!
0-
#7202500
1!
b1101011111011010 %
b10100010011 (
r-19357 ,
1-
b1101011111011010 1
b1100110011001100101100101001 3
b110011 4
b110011 5
06
b11001001 8
#7205000
0!
0-
#7207500
1!
b1111111100110111 %
b10100010100 (
r-10278 ,
1-
b1111111100110111 1
b11001100110011001011111110110 3
b1100110 4
b1100110 5
07
b10011101100111 8
#7210000
0!
0-
#7212500
1!
b10011101100111 %
b10100010101 (
r-201 ,
1-
b10011101100111 1
b100110011001100110010011000011 3
b10011001 4
b10011001 5
b100101011111011 8
#7215000
0!
0-
#7217500
1!
b100101011111011 %
b10100010110 (
r10087 ,
1-
b100101011111011 1
b110011001100110011000110010000 3
b11001100 4
b11001100 5
b110011101000110 8
#7220000
0!
0-
#7222500
1!
b110011101000110 %
b10100010111 (
r19195 ,
1-
b110011101000110 1
b111111111111111111111001011101 3
b11111111 4
b11111111 5
b111100110001001 8
#7225000
0!
0-
#7227500
1!
b111100110001001 %
b10100011000 (
r26438 ,
1-
b111100110001001 1
b1001100110011001100101100101010 3
b100110011 4
b11001101 5
b111111111111110 8
#7230000
0!
0-
#7232500
1!
b111111111111110 %
b10100011001 (
r31113 ,
1-
b111111111111110 1
b1011001100110011001011111110111 3
b101100110 4
b10011010 5
b111100111001000 8
#7235000
0!
0-
#7237500
1!
b111100111001000 %
b10100011010 (
r32766 ,
1-
b111100111001000 1
b1100110011001100110010011000100 3
b110011001 4
b1100111 5
b110011110111100 8
#7240000
0!
0-
#7242500
1!
b110011110111100 %
b10100011011 (
r31176 ,
1-
b110011110111100 1
b1110011001100110011000110010001 3
b111001100 4
b110100 5
b100101110011101 8
#7245000
0!
0-
#7247500
1!
b100101110011101 %
b10100011100 (
r26556 ,
1-
b100101110011101 1
b1111111111111111111111001011110 3
b111111111 4
b1 5
b10100000100110 8
#7250000
0!
0-
#7252500
1!
b10100000100110 %
b10100011101 (
r19357 ,
1-
b10100000100110 1
b10001100110011001100101100101011 3
b1000110011 4
b110011 5
16
b11001001 8
#7255000
0!
0-
#7257500
1!
b11001001 %
b10100011110 (
r10278 ,
1-
b11001001 1
b10011001100110011001011111111000 3
b1001100110 4
b1100110 5
17
b10011101100111 8
#7260000
0!
0-
#7262500
1!
b1101100010011001 %
b10100011111 (
r201 ,
1-
b1101100010011001 1
b10100110011001100110010011000101 3
b1010011001 4
b10011001 5
b100101011111011 8
#7265000
0!
0-
#7267500
1!
b1011010100000101 %
b10100100000 (
r-10087 ,
1-
b1011010100000101 1
b10110011001100110011000110010010 3
b1011001100 4
b11001100 5
b110011101000110 8
#7270000
0!
0-
#7272500
1!
b1001100010111010 %
b10100100001 (
r-19195 ,
1-
b1001100010111010 1
b10111111111111111111111001011111 3
b1011111111 4
b11111111 5
b111100110001001 8
#7275000
0!
0-
#7277500
1!
b1000011001110111 %
b10100100010 (
r-26438 ,
1-
b1000011001110111 1
b11001100110011001100101100101100 3
b1100110011 4
b11001101 5
b111111111111110 8
#7280000
0!
0-
#7282500
1!
b1000000000000010 %
b10100100011 (
r-31113 ,
1-
b1000000000000010 1
b11011001100110011001011111111001 3
b1101100110 4
b10011010 5
b111100111001000 8
#7285000
0!
0-
#7287500
1!
b1000011000111000 %
b10100100100 (
r-32766 ,
1-
b1000011000111000 1
b11100110011001100110010011000110 3
b1110011001 4
b1100111 5
b110011110111100 8
#7290000
0!
0-
#7292500
1!
b1001100001000100 %
b10100100101 (
r-31176 ,
1-
b1001100001000100 1
b11110011001100110011000110010011 3
b1111001100 4
b110100 5
b100101110011101 8
#7295000
0!
0-
#7297500
1!
b1011010001100011 %
b10100100110 (
r-26556 ,
1-
b1011010001100011 1
b11111111111111111111111001100000 3
b1111111111 4
b1 5
b10100000100110 8
#7300000
0!
0-
#7302500
1!
b1101011111011010 %
b10100100111 (
r-19357 ,
1-
b1101011111011010 1
b1100110011001100101100101101 3
b110011 4
b110011 5
06
b11001001 8
#7305000
0!
0-
#7307500
1!
b1111111100110111 %
b10100101000 (
r-10278 ,
1-
b1111111100110111 1
b11001100110011001011111111010 3
b1100110 4
b1100110 5
07
b10011101100111 8
#7310000
0!
0-
#7312500
1!
b10011101100111 %
b10100101001 (
r-201 ,
1-
b10011101100111 1
b100110011001100110010011000111 3
b10011001 4
b10011001 5
b100101011111011 8
#7315000
0!
0-
#7317500
1!
b100101011111011 %
b10100101010 (
r10087 ,
1-
b100101011111011 1
b110011001100110011000110010100 3
b11001100 4
b11001100 5
b110011101000110 8
#7320000
0!
0-
#7322500
1!
b110011101000110 %
b10100101011 (
r19195 ,
1-
b110011101000110 1
b111111111111111111111001100001 3
b11111111 4
b11111111 5
b111100110001001 8
#7325000
0!
0-
#7327500
1!
b111100110001001 %
b10100101100 (
r26438 ,
1-
b111100110001001 1
b1001100110011001100101100101110 3
b100110011 4
b11001101 5
b111111111111110 8
#7330000
0!
0-
#7332500
1!
b111111111111110 %
b10100101101 (
r31113 ,
1-
b111111111111110 1
b1011001100110011001011111111011 3
b101100110 4
b10011010 5
b111100111001000 8
#7335000
0!
0-
#7337500
1!
b111100111001000 %
b10100101110 (
r32766 ,
1-
b111100111001000 1
b1100110011001100110010011001000 3
b110011001 4
b1100111 5
b110011110111100 8
#7340000
0!
0-
#7342500
1!
b110011110111100 %
b10100101111 (
r31176 ,
1-
b110011110111100 1
b1110011001100110011000110010101 3
b111001100 4
b110100 5
b100101110011101 8
#7345000
0!
0-
#7347500
1!
b100101110011101 %
b10100110000 (
r26556 ,
1-
b100101110011101 1
b1111111111111111111111001100010 3
b111111111 4
b1 5
b10100000100110 8
#7350000
0!
0-
#7352500
1!
b10100000100110 %
b10100110001 (
r19357 ,
1-
b10100000100110 1
b10001100110011001100101100101111 3
b1000110011 4
b110011 5
16
b11001001 8
#7355000
0!
0-
#7357500
1!
b11001001 %
b10100110010 (
r10278 ,
1-
b11001001 1
b10011001100110011001011111111100 3
b1001100110 4
b1100110 5
17
b10011101100111 8
#7360000
0!
0-
#7362500
1!
b1101100010011001 %
b10100110011 (
r201 ,
1-
b1101100010011001 1
b10100110011001100110010011001001 3
b1010011001 4
b10011001 5
b100101011111011 8
#7365000
0!
0-
#7367500
1!
b1011010100000101 %
b10100110100 (
r-10087 ,
1-
b1011010100000101 1
b10110011001100110011000110010110 3
b1011001100 4
b11001100 5
b110011101000110 8
#7370000
0!
0-
#7372500
1!
b1001100010111010 %
b10100110101 (
r-19195 ,
1-
b1001100010111010 1
b10111111111111111111111001100011 3
b1011111111 4
b11111111 5
b111100110001001 8
#7375000
0!
0-
#7377500
1!
b1000011001110111 %
b10100110110 (
r-26438 ,
1-
b1000011001110111 1
b11001100110011001100101100110000 3
b1100110011 4
b11001101 5
b111111111111110 8
#7380000
0!
0-
#7382500
1!
b1000000000000010 %
b10100110111 (
r-31113 ,
1-
b1000000000000010 1
b11011001100110011001011111111101 3
b1101100110 4
b10011010 5
b111100111001000 8
#7385000
0!
0-
#7387500
1!
b1000011000111000 %
b10100111000 (
r-32766 ,
1-
b1000011000111000 1
b11100110011001100110010011001010 3
b1110011001 4
b1100111 5
b110011110111100 8
#7390000
0!
0-
#7392500
1!
b1001100001000100 %
b10100111001 (
r-31176 ,
1-
b1001100001000100 1
b11110011001100110011000110010111 3
b1111001100 4
b110100 5
b100101110011101 8
#7395000
0!
0-
#7397500
1!
b1011010001100011 %
b10100111010 (
r-26556 ,
1-
b1011010001100011 1
b11111111111111111111111001100100 3
b1111111111 4
b1 5
b10100000100110 8
#7400000
0!
0-
#7402500
1!
b1101011111011010 %
b10100111011 (
r-19357 ,
1-
b1101011111011010 1
b1100110011001100101100110001 3
b110011 4
b110011 5
06
b11001001 8
#7405000
0!
0-
#7407500
1!
b1111111100110111 %
b10100111100 (
r-10278 ,
1-
b1111111100110111 1
b11001100110011001011111111110 3
b1100110 4
b1100110 5
07
b10011101100111 8
#7410000
0!
0-
#7412500
1!
b10011101100111 %
b10100111101 (
r-201 ,
1-
b10011101100111 1
b100110011001100110010011001011 3
b10011001 4
b10011001 5
b100101011111011 8
#7415000
0!
0-
#7417500
1!
b100101011111011 %
b10100111110 (
r10087 ,
1-
b100101011111011 1
b110011001100110011000110011000 3
b11001100 4
b11001100 5
b110011101000110 8
#7420000
0!
0-
#7422500
1!
b110011101000110 %
b10100111111 (
r19195 ,
1-
b110011101000110 1
b111111111111111111111001100101 3
b11111111 4
b11111111 5
b111100110001001 8
#7425000
0!
0-
#7427500
1!
b111100110001001 %
b10101000000 (
r26438 ,
1-
b111100110001001 1
b1001100110011001100101100110010 3
b100110011 4
b11001101 5
b111111111111110 8
#7430000
0!
0-
#7432500
1!
b111111111111110 %
b10101000001 (
r31113 ,
1-
b111111111111110 1
b1011001100110011001011111111111 3
b101100110 4
b10011010 5
b111100111001000 8
#7435000
0!
0-
#7437500
1!
b111100111001000 %
b10101000010 (
r32766 ,
1-
b111100111001000 1
b1100110011001100110010011001100 3
b110011001 4
b1100111 5
b110011110111100 8
#7440000
0!
0-
#7442500
1!
b110011110111100 %
b10101000011 (
r31176 ,
1-
b110011110111100 1
b1110011001100110011000110011001 3
b111001100 4
b110100 5
b100101110011101 8
#7445000
0!
0-
#7447500
1!
b100101110011101 %
b10101000100 (
r26556 ,
1-
b100101110011101 1
b1111111111111111111111001100110 3
b111111111 4
b1 5
b10100000100110 8
#7450000
0!
0-
#7452500
1!
b10100000100110 %
b10101000101 (
r19357 ,
1-
b10100000100110 1
b10001100110011001100101100110011 3
b1000110011 4
b110011 5
16
b11001001 8
#7455000
0!
0-
#7457500
1!
b11001001 %
b10101000110 (
r10278 ,
1-
b11001001 1
b10011001100110011001100000000000 3
b1001100110 4
b1100110 5
17
b10011101100111 8
#7460000
0!
0-
#7462500
1!
b1101100010011001 %
b10101000111 (
r201 ,
1-
b1101100010011001 1
b10100110011001100110010011001101 3
b1010011001 4
b10011001 5
b100101011111011 8
#7465000
0!
0-
#7467500
1!
b1011010100000101 %
b10101001000 (
r-10087 ,
1-
b1011010100000101 1
b10110011001100110011000110011010 3
b1011001100 4
b11001100 5
b110011101000110 8
#7470000
0!
0-
#7472500
1!
b1001100010111010 %
b10101001001 (
r-19195 ,
1-
b1001100010111010 1
b10111111111111111111111001100111 3
b1011111111 4
b11111111 5
b111100110001001 8
#7475000
0!
0-
#7477500
1!
b1000011001110111 %
b10101001010 (
r-26438 ,
1-
b1000011001110111 1
b11001100110011001100101100110100 3
b1100110011 4
b11001101 5
b111111111111110 8
#7480000
0!
0-
#7482500
1!
b1000000000000010 %
b10101001011 (
r-31113 ,
1-
b1000000000000010 1
b11011001100110011001100000000001 3
b1101100110 4
b10011010 5
b111100111001000 8
#7485000
0!
0-
#7487500
1!
b1000011000111000 %
b10101001100 (
r-32766 ,
1-
b1000011000111000 1
b11100110011001100110010011001110 3
b1110011001 4
b1100111 5
b110011110111100 8
#7490000
0!
0-
#7492500
1!
b1001100001000100 %
b10101001101 (
r-31176 ,
1-
b1001100001000100 1
b11110011001100110011000110011011 3
b1111001100 4
b110100 5
b100101110011101 8
#7495000
0!
0-
#7497500
1!
b1011010001100011 %
b10101001110 (
r-26556 ,
1-
b1011010001100011 1
b11111111111111111111111001101000 3
b1111111111 4
b1 5
b10100000100110 8
#7500000
0!
0-
#7502500
1!
b1101011111011010 %
b10101001111 (
r-19357 ,
1-
b1101011111011010 1
b1100110011001100101100110101 3
b110011 4
b110011 5
06
b11001001 8
#7505000
0!
0-
#7507500
1!
b1111111100110111 %
b10101010000 (
r-10278 ,
1-
b1111111100110111 1
b11001100110011001100000000010 3
b1100110 4
b1100110 5
07
b10011101100111 8
#7510000
0!
0-
#7512500
1!
b10011101100111 %
b10101010001 (
r-201 ,
1-
b10011101100111 1
b100110011001100110010011001111 3
b10011001 4
b10011001 5
b100101011111011 8
#7515000
0!
0-
#7517500
1!
b100101011111011 %
b10101010010 (
r10087 ,
1-
b100101011111011 1
b110011001100110011000110011100 3
b11001100 4
b11001100 5
b110011101000110 8
#7520000
0!
0-
#7522500
1!
b110011101000110 %
b10101010011 (
r19195 ,
1-
b110011101000110 1
b111111111111111111111001101001 3
b11111111 4
b11111111 5
b111100110001001 8
#7525000
0!
0-
#7527500
1!
b111100110001001 %
b10101010100 (
r26438 ,
1-
b111100110001001 1
b1001100110011001100101100110110 3
b100110011 4
b11001101 5
b111111111111110 8
#7530000
0!
0-
#7532500
1!
b111111111111110 %
b10101010101 (
r31113 ,
1-
b111111111111110 1
b1011001100110011001100000000011 3
b101100110 4
b10011010 5
b111100111001000 8
#7535000
0!
0-
#7537500
1!
b111100111001000 %
b10101010110 (
r32766 ,
1-
b111100111001000 1
b1100110011001100110010011010000 3
b110011001 4
b1100111 5
b110011110111100 8
#7540000
0!
0-
#7542500
1!
b110011110111100 %
b10101010111 (
r31176 ,
1-
b110011110111100 1
b1110011001100110011000110011101 3
b111001100 4
b110100 5
b100101110011101 8
#7545000
0!
0-
#7547500
1!
b100101110011101 %
b10101011000 (
r26556 ,
1-
b100101110011101 1
b1111111111111111111111001101010 3
b111111111 4
b1 5
b10100000100110 8
#7550000
0!
0-
#7552500
1!
b10100000100110 %
b10101011001 (
r19357 ,
1-
b10100000100110 1
b10001100110011001100101100110111 3
b1000110011 4
b110011 5
16
b11001001 8
#7555000
0!
0-
#7557500
1!
b11001001 %
b10101011010 (
r10278 ,
1-
b11001001 1
b10011001100110011001100000000100 3
b1001100110 4
b1100110 5
17
b10011101100111 8
#7560000
0!
0-
#7562500
1!
b1101100010011001 %
b10101011011 (
r201 ,
1-
b1101100010011001 1
b10100110011001100110010011010001 3
b1010011001 4
b10011001 5
b100101011111011 8
#7565000
0!
0-
#7567500
1!
b1011010100000101 %
b10101011100 (
r-10087 ,
1-
b1011010100000101 1
b10110011001100110011000110011110 3
b1011001100 4
b11001100 5
b110011101000110 8
#7570000
0!
0-
#7572500
1!
b1001100010111010 %
b10101011101 (
r-19195 ,
1-
b1001100010111010 1
b10111111111111111111111001101011 3
b1011111111 4
b11111111 5
b111100110001001 8
#7575000
0!
0-
#7577500
1!
b1000011001110111 %
b10101011110 (
r-26438 ,
1-
b1000011001110111 1
b11001100110011001100101100111000 3
b1100110011 4
b11001101 5
b111111111111110 8
#7580000
0!
0-
#7582500
1!
b1000000000000010 %
b10101011111 (
r-31113 ,
1-
b1000000000000010 1
b11011001100110011001100000000101 3
b1101100110 4
b10011010 5
b111100111001000 8
#7585000
0!
0-
#7587500
1!
b1000011000111000 %
b10101100000 (
r-32766 ,
1-
b1000011000111000 1
b11100110011001100110010011010010 3
b1110011001 4
b1100111 5
b110011110111100 8
#7590000
0!
0-
#7592500
1!
b1001100001000100 %
b10101100001 (
r-31176 ,
1-
b1001100001000100 1
b11110011001100110011000110011111 3
b1111001100 4
b110100 5
b100101110011101 8
#7595000
0!
0-
#7597500
1!
b1011010001100011 %
b10101100010 (
r-26556 ,
1-
b1011010001100011 1
b11111111111111111111111001101100 3
b1111111111 4
b1 5
b10100000100110 8
#7600000
0!
0-
#7602500
1!
b1101011111011010 %
b10101100011 (
r-19357 ,
1-
b1101011111011010 1
b1100110011001100101100111001 3
b110011 4
b110011 5
06
b11001001 8
#7605000
0!
0-
#7607500
1!
b1111111100110111 %
b10101100100 (
r-10278 ,
1-
b1111111100110111 1
b11001100110011001100000000110 3
b1100110 4
b1100110 5
07
b10011101100111 8
#7610000
0!
0-
#7612500
1!
b10011101100111 %
b10101100101 (
r-201 ,
1-
b10011101100111 1
b100110011001100110010011010011 3
b10011001 4
b10011001 5
b100101011111011 8
#7615000
0!
0-
#7617500
1!
b100101011111011 %
b10101100110 (
r10087 ,
1-
b100101011111011 1
b110011001100110011000110100000 3
b11001100 4
b11001100 5
b110011101000110 8
#7620000
0!
0-
#7622500
1!
b110011101000110 %
b10101100111 (
r19195 ,
1-
b110011101000110 1
b111111111111111111111001101101 3
b11111111 4
b11111111 5
b111100110001001 8
#7625000
0!
0-
#7627500
1!
b111100110001001 %
b10101101000 (
r26438 ,
1-
b111100110001001 1
b1001100110011001100101100111010 3
b100110011 4
b11001101 5
b111111111111110 8
#7630000
0!
0-
#7632500
1!
b111111111111110 %
b10101101001 (
r31113 ,
1-
b111111111111110 1
b1011001100110011001100000000111 3
b101100110 4
b10011010 5
b111100111001000 8
#7635000
0!
0-
#7637500
1!
b111100111001000 %
b10101101010 (
r32766 ,
1-
b111100111001000 1
b1100110011001100110010011010100 3
b110011001 4
b1100111 5
b110011110111100 8
#7640000
0!
0-
#7642500
1!
b110011110111100 %
b10101101011 (
r31176 ,
1-
b110011110111100 1
b1110011001100110011000110100001 3
b111001100 4
b110100 5
b100101110011101 8
#7645000
0!
0-
#7647500
1!
b100101110011101 %
b10101101100 (
r26556 ,
1-
b100101110011101 1
b1111111111111111111111001101110 3
b111111111 4
b1 5
b10100000100110 8
#7650000
0!
0-
#7652500
1!
b10100000100110 %
b10101101101 (
r19357 ,
1-
b10100000100110 1
b10001100110011001100101100111011 3
b1000110011 4
b110011 5
16
b11001001 8
#7655000
0!
0-
#7657500
1!
b11001001 %
b10101101110 (
r10278 ,
1-
b11001001 1
b10011001100110011001100000001000 3
b1001100110 4
b1100110 5
17
b10011101100111 8
#7660000
0!
0-
#7662500
1!
b1101100010011001 %
b10101101111 (
r201 ,
1-
b1101100010011001 1
b10100110011001100110010011010101 3
b1010011001 4
b10011001 5
b100101011111011 8
#7665000
0!
0-
#7667500
1!
b1011010100000101 %
b10101110000 (
r-10087 ,
1-
b1011010100000101 1
b10110011001100110011000110100010 3
b1011001100 4
b11001100 5
b110011101000110 8
#7670000
0!
0-
#7672500
1!
b1001100010111010 %
b10101110001 (
r-19195 ,
1-
b1001100010111010 1
b10111111111111111111111001101111 3
b1011111111 4
b11111111 5
b111100110001001 8
#7675000
0!
0-
#7677500
1!
b1000011001110111 %
b10101110010 (
r-26438 ,
1-
b1000011001110111 1
b11001100110011001100101100111100 3
b1100110011 4
b11001101 5
b111111111111110 8
#7680000
0!
0-
#7682500
1!
b1000000000000010 %
b10101110011 (
r-31113 ,
1-
b1000000000000010 1
b11011001100110011001100000001001 3
b1101100110 4
b10011010 5
b111100111001000 8
#7685000
0!
0-
#7687500
1!
b1000011000111000 %
b10101110100 (
r-32766 ,
1-
b1000011000111000 1
b11100110011001100110010011010110 3
b1110011001 4
b1100111 5
b110011110111100 8
#7690000
0!
0-
#7692500
1!
b1001100001000100 %
b10101110101 (
r-31176 ,
1-
b1001100001000100 1
b11110011001100110011000110100011 3
b1111001100 4
b110100 5
b100101110011101 8
#7695000
0!
0-
#7697500
1!
b1011010001100011 %
b10101110110 (
r-26556 ,
1-
b1011010001100011 1
b11111111111111111111111001110000 3
b1111111111 4
b1 5
b10100000100110 8
#7700000
0!
0-
#7702500
1!
b1101011111011010 %
b10101110111 (
r-19357 ,
1-
b1101011111011010 1
b1100110011001100101100111101 3
b110011 4
b110011 5
06
b11001001 8
#7705000
0!
0-
#7707500
1!
b1111111100110111 %
b10101111000 (
r-10278 ,
1-
b1111111100110111 1
b11001100110011001100000001010 3
b1100110 4
b1100110 5
07
b10011101100111 8
#7710000
0!
0-
#7712500
1!
b10011101100111 %
b10101111001 (
r-201 ,
1-
b10011101100111 1
b100110011001100110010011010111 3
b10011001 4
b10011001 5
b100101011111011 8
#7715000
0!
0-
#7717500
1!
b100101011111011 %
b10101111010 (
r10087 ,
1-
b100101011111011 1
b110011001100110011000110100100 3
b11001100 4
b11001100 5
b110011101000110 8
#7720000
0!
0-
#7722500
1!
b110011101000110 %
b10101111011 (
r19195 ,
1-
b110011101000110 1
b111111111111111111111001110001 3
b11111111 4
b11111111 5
b111100110001001 8
#7725000
0!
0-
#7727500
1!
b111100110001001 %
b10101111100 (
r26438 ,
1-
b111100110001001 1
b1001100110011001100101100111110 3
b100110011 4
b11001101 5
b111111111111110 8
#7730000
0!
0-
#7732500
1!
b111111111111110 %
b10101111101 (
r31113 ,
1-
b111111111111110 1
b1011001100110011001100000001011 3
b101100110 4
b10011010 5
b111100111001000 8
#7735000
0!
0-
#7737500
1!
b111100111001000 %
b10101111110 (
r32766 ,
1-
b111100111001000 1
b1100110011001100110010011011000 3
b110011001 4
b1100111 5
b110011110111100 8
#7740000
0!
0-
#7742500
1!
b110011110111100 %
b10101111111 (
r31176 ,
1-
b110011110111100 1
b1110011001100110011000110100101 3
b111001100 4
b110100 5
b100101110011101 8
#7745000
0!
0-
#7747500
1!
b100101110011101 %
b10110000000 (
r26556 ,
1-
b100101110011101 1
b1111111111111111111111001110010 3
b111111111 4
b1 5
b10100000100110 8
#7750000
0!
0-
#7752500
1!
b10100000100110 %
b10110000001 (
r19357 ,
1-
b10100000100110 1
b10001100110011001100101100111111 3
b1000110011 4
b110011 5
16
b11001001 8
#7755000
0!
0-
#7757500
1!
b11001001 %
b10110000010 (
r10278 ,
1-
b11001001 1
b10011001100110011001100000001100 3
b1001100110 4
b1100110 5
17
b10011101100111 8
#7760000
0!
0-
#7762500
1!
b1101100010011001 %
b10110000011 (
r201 ,
1-
b1101100010011001 1
b10100110011001100110010011011001 3
b1010011001 4
b10011001 5
b100101011111011 8
#7765000
0!
0-
#7767500
1!
b1011010100000101 %
b10110000100 (
r-10087 ,
1-
b1011010100000101 1
b10110011001100110011000110100110 3
b1011001100 4
b11001100 5
b110011101000110 8
#7770000
0!
0-
#7772500
1!
b1001100010111010 %
b10110000101 (
r-19195 ,
1-
b1001100010111010 1
b10111111111111111111111001110011 3
b1011111111 4
b11111111 5
b111100110001001 8
#7775000
0!
0-
#7777500
1!
b1000011001110111 %
b10110000110 (
r-26438 ,
1-
b1000011001110111 1
b11001100110011001100101101000000 3
b1100110011 4
b11001101 5
b111111111111110 8
#7780000
0!
0-
#7782500
1!
b1000000000000010 %
b10110000111 (
r-31113 ,
1-
b1000000000000010 1
b11011001100110011001100000001101 3
b1101100110 4
b10011010 5
b111100111001000 8
#7785000
0!
0-
#7787500
1!
b1000011000111000 %
b10110001000 (
r-32766 ,
1-
b1000011000111000 1
b11100110011001100110010011011010 3
b1110011001 4
b1100111 5
b110011110111100 8
#7790000
0!
0-
#7792500
1!
b1001100001000100 %
b10110001001 (
r-31176 ,
1-
b1001100001000100 1
b11110011001100110011000110100111 3
b1111001100 4
b110100 5
b100101110011101 8
#7795000
0!
0-
#7797500
1!
b1011010001100011 %
b10110001010 (
r-26556 ,
1-
b1011010001100011 1
b11111111111111111111111001110100 3
b1111111111 4
b1 5
b10100000100110 8
#7800000
0!
0-
#7802500
1!
b1101011111011010 %
b10110001011 (
r-19357 ,
1-
b1101011111011010 1
b1100110011001100101101000001 3
b110011 4
b110011 5
06
b11001001 8
#7805000
0!
0-
#7807500
1!
b1111111100110111 %
b10110001100 (
r-10278 ,
1-
b1111111100110111 1
b11001100110011001100000001110 3
b1100110 4
b1100110 5
07
b10011101100111 8
#7810000
0!
0-
#7812500
1!
b10011101100111 %
b10110001101 (
r-201 ,
1-
b10011101100111 1
b100110011001100110010011011011 3
b10011001 4
b10011001 5
b100101011111011 8
#7815000
0!
0-
#7817500
1!
b100101011111011 %
b10110001110 (
r10087 ,
1-
b100101011111011 1
b110011001100110011000110101000 3
b11001100 4
b11001100 5
b110011101000110 8
#7820000
0!
0-
#7822500
1!
b110011101000110 %
b10110001111 (
r19195 ,
1-
b110011101000110 1
b111111111111111111111001110101 3
b11111111 4
b11111111 5
b111100110001001 8
#7825000
0!
0-
#7827500
1!
b111100110001001 %
b10110010000 (
r26438 ,
1-
b111100110001001 1
b1001100110011001100101101000010 3
b100110011 4
b11001101 5
b111111111111110 8
#7830000
0!
0-
#7832500
1!
b111111111111110 %
b10110010001 (
r31113 ,
1-
b111111111111110 1
b1011001100110011001100000001111 3
b101100110 4
b10011010 5
b111100111001000 8
#7835000
0!
0-
#7837500
1!
b111100111001000 %
b10110010010 (
r32766 ,
1-
b111100111001000 1
b1100110011001100110010011011100 3
b110011001 4
b1100111 5
b110011110111100 8
#7840000
0!
0-
#7842500
1!
b110011110111100 %
b10110010011 (
r31176 ,
1-
b110011110111100 1
b1110011001100110011000110101001 3
b111001100 4
b110100 5
b100101110011101 8
#7845000
0!
0-
#7847500
1!
b100101110011101 %
b10110010100 (
r26556 ,
1-
b100101110011101 1
b1111111111111111111111001110110 3
b111111111 4
b1 5
b10100000100110 8
#7850000
0!
0-
#7852500
1!
b10100000100110 %
b10110010101 (
r19357 ,
1-
b10100000100110 1
b10001100110011001100101101000011 3
b1000110011 4
b110011 5
16
b11001001 8
#7855000
0!
0-
#7857500
1!
b11001001 %
b10110010110 (
r10278 ,
1-
b11001001 1
b10011001100110011001100000010000 3
b1001100110 4
b1100110 5
17
b10011101100111 8
#7860000
0!
0-
#7862500
1!
b1101100010011001 %
b10110010111 (
r201 ,
1-
b1101100010011001 1
b10100110011001100110010011011101 3
b1010011001 4
b10011001 5
b100101011111011 8
#7865000
0!
0-
#7867500
1!
b1011010100000101 %
b10110011000 (
r-10087 ,
1-
b1011010100000101 1
b10110011001100110011000110101010 3
b1011001100 4
b11001100 5
b110011101000110 8
#7870000
0!
0-
#7872500
1!
b1001100010111010 %
b10110011001 (
r-19195 ,
1-
b1001100010111010 1
b10111111111111111111111001110111 3
b1011111111 4
b11111111 5
b111100110001001 8
#7875000
0!
0-
#7877500
1!
b1000011001110111 %
b10110011010 (
r-26438 ,
1-
b1000011001110111 1
b11001100110011001100101101000100 3
b1100110011 4
b11001101 5
b111111111111110 8
#7880000
0!
0-
#7882500
1!
b1000000000000010 %
b10110011011 (
r-31113 ,
1-
b1000000000000010 1
b11011001100110011001100000010001 3
b1101100110 4
b10011010 5
b111100111001000 8
#7885000
0!
0-
#7887500
1!
b1000011000111000 %
b10110011100 (
r-32766 ,
1-
b1000011000111000 1
b11100110011001100110010011011110 3
b1110011001 4
b1100111 5
b110011110111100 8
#7890000
0!
0-
#7892500
1!
b1001100001000100 %
b10110011101 (
r-31176 ,
1-
b1001100001000100 1
b11110011001100110011000110101011 3
b1111001100 4
b110100 5
b100101110011101 8
#7895000
0!
0-
#7897500
1!
b1011010001100011 %
b10110011110 (
r-26556 ,
1-
b1011010001100011 1
b11111111111111111111111001111000 3
b1111111111 4
b1 5
b10100000100110 8
#7900000
0!
0-
#7902500
1!
b1101011111011010 %
b10110011111 (
r-19357 ,
1-
b1101011111011010 1
b1100110011001100101101000101 3
b110011 4
b110011 5
06
b11001001 8
#7905000
0!
0-
#7907500
1!
b1111111100110111 %
b10110100000 (
r-10278 ,
1-
b1111111100110111 1
b11001100110011001100000010010 3
b1100110 4
b1100110 5
07
b10011101100111 8
#7910000
0!
0-
#7912500
1!
b10011101100111 %
b10110100001 (
r-201 ,
1-
b10011101100111 1
b100110011001100110010011011111 3
b10011001 4
b10011001 5
b100101011111011 8
#7915000
0!
0-
#7917500
1!
b100101011111011 %
b10110100010 (
r10087 ,
1-
b100101011111011 1
b110011001100110011000110101100 3
b11001100 4
b11001100 5
b110011101000110 8
#7920000
0!
0-
#7922500
1!
b110011101000110 %
b10110100011 (
r19195 ,
1-
b110011101000110 1
b111111111111111111111001111001 3
b11111111 4
b11111111 5
b111100110001001 8
#7925000
0!
0-
#7927500
1!
b111100110001001 %
b10110100100 (
r26438 ,
1-
b111100110001001 1
b1001100110011001100101101000110 3
b100110011 4
b11001101 5
b111111111111110 8
#7930000
0!
0-
#7932500
1!
b111111111111110 %
b10110100101 (
r31113 ,
1-
b111111111111110 1
b1011001100110011001100000010011 3
b101100110 4
b10011010 5
b111100111001000 8
#7935000
0!
0-
#7937500
1!
b111100111001000 %
b10110100110 (
r32766 ,
1-
b111100111001000 1
b1100110011001100110010011100000 3
b110011001 4
b1100111 5
b110011110111100 8
#7940000
0!
0-
#7942500
1!
b110011110111100 %
b10110100111 (
r31176 ,
1-
b110011110111100 1
b1110011001100110011000110101101 3
b111001100 4
b110100 5
b100101110011101 8
#7945000
0!
0-
#7947500
1!
b100101110011101 %
b10110101000 (
r26556 ,
1-
b100101110011101 1
b1111111111111111111111001111010 3
b111111111 4
b1 5
b10100000100110 8
#7950000
0!
0-
#7952500
1!
b10100000100110 %
b10110101001 (
r19357 ,
1-
b10100000100110 1
b10001100110011001100101101000111 3
b1000110011 4
b110011 5
16
b11001001 8
#7955000
0!
0-
#7957500
1!
b11001001 %
b10110101010 (
r10278 ,
1-
b11001001 1
b10011001100110011001100000010100 3
b1001100110 4
b1100110 5
17
b10011101100111 8
#7960000
0!
0-
#7962500
1!
b1101100010011001 %
b10110101011 (
r201 ,
1-
b1101100010011001 1
b10100110011001100110010011100001 3
b1010011001 4
b10011001 5
b100101011111011 8
#7965000
0!
0-
#7967500
1!
b1011010100000101 %
b10110101100 (
r-10087 ,
1-
b1011010100000101 1
b10110011001100110011000110101110 3
b1011001100 4
b11001100 5
b110011101000110 8
#7970000
0!
0-
#7972500
1!
b1001100010111010 %
b10110101101 (
r-19195 ,
1-
b1001100010111010 1
b10111111111111111111111001111011 3
b1011111111 4
b11111111 5
b111100110001001 8
#7975000
0!
0-
#7977500
1!
b1000011001110111 %
b10110101110 (
r-26438 ,
1-
b1000011001110111 1
b11001100110011001100101101001000 3
b1100110011 4
b11001101 5
b111111111111110 8
#7980000
0!
0-
#7982500
1!
b1000000000000010 %
b10110101111 (
r-31113 ,
1-
b1000000000000010 1
b11011001100110011001100000010101 3
b1101100110 4
b10011010 5
b111100111001000 8
#7985000
0!
0-
#7987500
1!
b1000011000111000 %
b10110110000 (
r-32766 ,
1-
b1000011000111000 1
b11100110011001100110010011100010 3
b1110011001 4
b1100111 5
b110011110111100 8
#7990000
0!
0-
#7992500
1!
b1001100001000100 %
b10110110001 (
r-31176 ,
1-
b1001100001000100 1
b11110011001100110011000110101111 3
b1111001100 4
b110100 5
b100101110011101 8
#7995000
0!
0-
#7997500
1!
b1011010001100011 %
b10110110010 (
r-26556 ,
1-
b1011010001100011 1
b11111111111111111111111001111100 3
b1111111111 4
b1 5
b10100000100110 8
#8000000
0!
0-
#8002500
1!
b1101011111011010 %
b10110110011 (
r-19357 ,
1-
b1101011111011010 1
b1100110011001100101101001001 3
b110011 4
b110011 5
06
b11001001 8
#8005000
0!
0-
#8007500
1!
b1111111100110111 %
b10110110100 (
r-10278 ,
1-
b1111111100110111 1
b11001100110011001100000010110 3
b1100110 4
b1100110 5
07
b10011101100111 8
#8010000
0!
0-
#8012500
1!
b10011101100111 %
b10110110101 (
r-201 ,
1-
b10011101100111 1
b100110011001100110010011100011 3
b10011001 4
b10011001 5
b100101011111011 8
#8015000
0!
0-
#8017500
1!
b100101011111011 %
b10110110110 (
r10087 ,
1-
b100101011111011 1
b110011001100110011000110110000 3
b11001100 4
b11001100 5
b110011101000110 8
#8020000
0!
0-
#8022500
1!
b110011101000110 %
b10110110111 (
r19195 ,
1-
b110011101000110 1
b111111111111111111111001111101 3
b11111111 4
b11111111 5
b111100110001001 8
#8025000
0!
0-
#8027500
1!
b111100110001001 %
b10110111000 (
r26438 ,
1-
b111100110001001 1
b1001100110011001100101101001010 3
b100110011 4
b11001101 5
b111111111111110 8
#8030000
0!
0-
#8032500
1!
b111111111111110 %
b10110111001 (
r31113 ,
1-
b111111111111110 1
b1011001100110011001100000010111 3
b101100110 4
b10011010 5
b111100111001000 8
#8035000
0!
0-
#8037500
1!
b111100111001000 %
b10110111010 (
r32766 ,
1-
b111100111001000 1
b1100110011001100110010011100100 3
b110011001 4
b1100111 5
b110011110111100 8
#8040000
0!
0-
#8042500
1!
b110011110111100 %
b10110111011 (
r31176 ,
1-
b110011110111100 1
b1110011001100110011000110110001 3
b111001100 4
b110100 5
b100101110011101 8
#8045000
0!
0-
#8047500
1!
b100101110011101 %
b10110111100 (
r26556 ,
1-
b100101110011101 1
b1111111111111111111111001111110 3
b111111111 4
b1 5
b10100000100110 8
#8050000
0!
0-
#8052500
1!
b10100000100110 %
b10110111101 (
r19357 ,
1-
b10100000100110 1
b10001100110011001100101101001011 3
b1000110011 4
b110011 5
16
b11001001 8
#8055000
0!
0-
#8057500
1!
b11001001 %
b10110111110 (
r10278 ,
1-
b11001001 1
b10011001100110011001100000011000 3
b1001100110 4
b1100110 5
17
b10011101100111 8
#8060000
0!
0-
#8062500
1!
b1101100010011001 %
b10110111111 (
r201 ,
1-
b1101100010011001 1
b10100110011001100110010011100101 3
b1010011001 4
b10011001 5
b100101011111011 8
#8065000
0!
0-
#8067500
1!
b1011010100000101 %
b10111000000 (
r-10087 ,
1-
b1011010100000101 1
b10110011001100110011000110110010 3
b1011001100 4
b11001100 5
b110011101000110 8
#8070000
0!
0-
#8072500
1!
b1001100010111010 %
b10111000001 (
r-19195 ,
1-
b1001100010111010 1
b10111111111111111111111001111111 3
b1011111111 4
b11111111 5
b111100110001001 8
#8075000
0!
0-
#8077500
1!
b1000011001110111 %
b10111000010 (
r-26438 ,
1-
b1000011001110111 1
b11001100110011001100101101001100 3
b1100110011 4
b11001101 5
b111111111111110 8
#8080000
0!
0-
#8082500
1!
b1000000000000010 %
b10111000011 (
r-31113 ,
1-
b1000000000000010 1
b11011001100110011001100000011001 3
b1101100110 4
b10011010 5
b111100111001000 8
#8085000
0!
0-
#8087500
1!
b1000011000111000 %
b10111000100 (
r-32766 ,
1-
b1000011000111000 1
b11100110011001100110010011100110 3
b1110011001 4
b1100111 5
b110011110111100 8
#8090000
0!
0-
#8092500
1!
b1001100001000100 %
b10111000101 (
r-31176 ,
1-
b1001100001000100 1
b11110011001100110011000110110011 3
b1111001100 4
b110100 5
b100101110011101 8
#8095000
0!
0-
#8097500
1!
b1011010001100011 %
b10111000110 (
r-26556 ,
1-
b1011010001100011 1
b11111111111111111111111010000000 3
b1111111111 4
b1 5
b10100000100110 8
#8100000
0!
0-
#8102500
1!
b1101011111011010 %
b10111000111 (
r-19357 ,
1-
b1101011111011010 1
b1100110011001100101101001101 3
b110011 4
b110011 5
06
b11001001 8
#8105000
0!
0-
#8107500
1!
b1111111100110111 %
b10111001000 (
r-10278 ,
1-
b1111111100110111 1
b11001100110011001100000011010 3
b1100110 4
b1100110 5
07
b10011101100111 8
#8110000
0!
0-
#8112500
1!
b10011101100111 %
b10111001001 (
r-201 ,
1-
b10011101100111 1
b100110011001100110010011100111 3
b10011001 4
b10011001 5
b100101011111011 8
#8115000
0!
0-
#8117500
1!
b100101011111011 %
b10111001010 (
r10087 ,
1-
b100101011111011 1
b110011001100110011000110110100 3
b11001100 4
b11001100 5
b110011101000110 8
#8120000
0!
0-
#8122500
1!
b110011101000110 %
b10111001011 (
r19195 ,
1-
b110011101000110 1
b111111111111111111111010000001 3
b11111111 4
b11111111 5
b111100110001001 8
#8125000
0!
0-
#8127500
1!
b111100110001001 %
b10111001100 (
r26438 ,
1-
b111100110001001 1
b1001100110011001100101101001110 3
b100110011 4
b11001101 5
b111111111111110 8
#8130000
0!
0-
#8132500
1!
b111111111111110 %
b10111001101 (
r31113 ,
1-
b111111111111110 1
b1011001100110011001100000011011 3
b101100110 4
b10011010 5
b111100111001000 8
#8135000
0!
0-
#8137500
1!
b111100111001000 %
b10111001110 (
r32766 ,
1-
b111100111001000 1
b1100110011001100110010011101000 3
b110011001 4
b1100111 5
b110011110111100 8
#8140000
0!
0-
#8142500
1!
b110011110111100 %
b10111001111 (
r31176 ,
1-
b110011110111100 1
b1110011001100110011000110110101 3
b111001100 4
b110100 5
b100101110011101 8
#8145000
0!
0-
#8147500
1!
b100101110011101 %
b10111010000 (
r26556 ,
1-
b100101110011101 1
b1111111111111111111111010000010 3
b111111111 4
b1 5
b10100000100110 8
#8150000
0!
0-
#8152500
1!
b10100000100110 %
b10111010001 (
r19357 ,
1-
b10100000100110 1
b10001100110011001100101101001111 3
b1000110011 4
b110011 5
16
b11001001 8
#8155000
0!
0-
#8157500
1!
b11001001 %
b10111010010 (
r10278 ,
1-
b11001001 1
b10011001100110011001100000011100 3
b1001100110 4
b1100110 5
17
b10011101100111 8
#8160000
0!
0-
#8162500
1!
b1101100010011001 %
b10111010011 (
r201 ,
1-
b1101100010011001 1
b10100110011001100110010011101001 3
b1010011001 4
b10011001 5
b100101011111011 8
#8165000
0!
0-
#8167500
1!
b1011010100000101 %
b10111010100 (
r-10087 ,
1-
b1011010100000101 1
b10110011001100110011000110110110 3
b1011001100 4
b11001100 5
b110011101000110 8
#8170000
0!
0-
#8172500
1!
b1001100010111010 %
b10111010101 (
r-19195 ,
1-
b1001100010111010 1
b10111111111111111111111010000011 3
b1011111111 4
b11111111 5
b111100110001001 8
#8175000
0!
0-
#8177500
1!
b1000011001110111 %
b10111010110 (
r-26438 ,
1-
b1000011001110111 1
b11001100110011001100101101010000 3
b1100110011 4
b11001101 5
b111111111111110 8
#8180000
0!
0-
#8182500
1!
b1000000000000010 %
b10111010111 (
r-31113 ,
1-
b1000000000000010 1
b11011001100110011001100000011101 3
b1101100110 4
b10011010 5
b111100111001000 8
#8185000
0!
0-
#8187500
1!
b1000011000111000 %
b10111011000 (
r-32766 ,
1-
b1000011000111000 1
b11100110011001100110010011101010 3
b1110011001 4
b1100111 5
b110011110111100 8
#8190000
0!
0-
#8192500
1!
b1001100001000100 %
b10111011001 (
r-31176 ,
1-
b1001100001000100 1
b11110011001100110011000110110111 3
b1111001100 4
b110100 5
b100101110011101 8
#8195000
0!
0-
#8197500
1!
b1011010001100011 %
b10111011010 (
r-26556 ,
1-
b1011010001100011 1
b11111111111111111111111010000100 3
b1111111111 4
b1 5
b10100000100110 8
#8200000
0!
0-
#8202500
1!
b1101011111011010 %
b10111011011 (
r-19357 ,
1-
b1101011111011010 1
b1100110011001100101101010001 3
b110011 4
b110011 5
06
b11001001 8
#8205000
0!
0-
#8207500
1!
b1111111100110111 %
b10111011100 (
r-10278 ,
1-
b1111111100110111 1
b11001100110011001100000011110 3
b1100110 4
b1100110 5
07
b10011101100111 8
#8210000
0!
0-
#8212500
1!
b10011101100111 %
b10111011101 (
r-201 ,
1-
b10011101100111 1
b100110011001100110010011101011 3
b10011001 4
b10011001 5
b100101011111011 8
#8215000
0!
0-
#8217500
1!
b100101011111011 %
b10111011110 (
r10087 ,
1-
b100101011111011 1
b110011001100110011000110111000 3
b11001100 4
b11001100 5
b110011101000110 8
#8220000
0!
0-
#8222500
1!
b110011101000110 %
b10111011111 (
r19195 ,
1-
b110011101000110 1
b111111111111111111111010000101 3
b11111111 4
b11111111 5
b111100110001001 8
#8225000
0!
0-
#8227500
1!
b111100110001001 %
b10111100000 (
r26438 ,
1-
b111100110001001 1
b1001100110011001100101101010010 3
b100110011 4
b11001101 5
b111111111111110 8
#8230000
0!
0-
#8232500
1!
b111111111111110 %
b10111100001 (
r31113 ,
1-
b111111111111110 1
b1011001100110011001100000011111 3
b101100110 4
b10011010 5
b111100111001000 8
#8235000
0!
0-
#8237500
1!
b111100111001000 %
b10111100010 (
r32766 ,
1-
b111100111001000 1
b1100110011001100110010011101100 3
b110011001 4
b1100111 5
b110011110111100 8
#8240000
0!
0-
#8242500
1!
b110011110111100 %
b10111100011 (
r31176 ,
1-
b110011110111100 1
b1110011001100110011000110111001 3
b111001100 4
b110100 5
b100101110011101 8
#8245000
0!
0-
#8247500
1!
b100101110011101 %
b10111100100 (
r26556 ,
1-
b100101110011101 1
b1111111111111111111111010000110 3
b111111111 4
b1 5
b10100000100110 8
#8250000
0!
0-
#8252500
1!
b10100000100110 %
b10111100101 (
r19357 ,
1-
b10100000100110 1
b10001100110011001100101101010011 3
b1000110011 4
b110011 5
16
b11001001 8
#8255000
0!
0-
#8257500
1!
b11001001 %
b10111100110 (
r10278 ,
1-
b11001001 1
b10011001100110011001100000100000 3
b1001100110 4
b1100110 5
17
b10011101100111 8
#8260000
0!
0-
#8262500
1!
b1101100010011001 %
b10111100111 (
r201 ,
1-
b1101100010011001 1
b10100110011001100110010011101101 3
b1010011001 4
b10011001 5
b100101011111011 8
#8265000
0!
0-
#8267500
1!
b1011010100000101 %
b10111101000 (
r-10087 ,
1-
b1011010100000101 1
b10110011001100110011000110111010 3
b1011001100 4
b11001100 5
b110011101000110 8
#8270000
0!
0-
#8272500
1!
b1001100010111010 %
b10111101001 (
r-19195 ,
1-
b1001100010111010 1
b10111111111111111111111010000111 3
b1011111111 4
b11111111 5
b111100110001001 8
#8275000
0!
0-
#8277500
1!
b1000011001110111 %
b10111101010 (
r-26438 ,
1-
b1000011001110111 1
b11001100110011001100101101010100 3
b1100110011 4
b11001101 5
b111111111111110 8
#8280000
0!
0-
#8282500
1!
b1000000000000010 %
b10111101011 (
r-31113 ,
1-
b1000000000000010 1
b11011001100110011001100000100001 3
b1101100110 4
b10011010 5
b111100111001000 8
#8285000
0!
0-
#8287500
1!
b1000011000111000 %
b10111101100 (
r-32766 ,
1-
b1000011000111000 1
b11100110011001100110010011101110 3
b1110011001 4
b1100111 5
b110011110111100 8
#8290000
0!
0-
#8292500
1!
b1001100001000100 %
b10111101101 (
r-31176 ,
1-
b1001100001000100 1
b11110011001100110011000110111011 3
b1111001100 4
b110100 5
b100101110011101 8
#8295000
0!
0-
#8297500
1!
b1011010001100011 %
b10111101110 (
r-26556 ,
1-
b1011010001100011 1
b11111111111111111111111010001000 3
b1111111111 4
b1 5
b10100000100110 8
#8300000
0!
0-
#8302500
1!
b1101011111011010 %
b10111101111 (
r-19357 ,
1-
b1101011111011010 1
b1100110011001100101101010101 3
b110011 4
b110011 5
06
b11001001 8
#8305000
0!
0-
#8307500
1!
b1111111100110111 %
b10111110000 (
r-10278 ,
1-
b1111111100110111 1
b11001100110011001100000100010 3
b1100110 4
b1100110 5
07
b10011101100111 8
#8310000
0!
0-
#8312500
1!
b10011101100111 %
b10111110001 (
r-201 ,
1-
b10011101100111 1
b100110011001100110010011101111 3
b10011001 4
b10011001 5
b100101011111011 8
#8315000
0!
0-
#8317500
1!
b100101011111011 %
b10111110010 (
r10087 ,
1-
b100101011111011 1
b110011001100110011000110111100 3
b11001100 4
b11001100 5
b110011101000110 8
#8320000
0!
0-
#8322500
1!
b110011101000110 %
b10111110011 (
r19195 ,
1-
b110011101000110 1
b111111111111111111111010001001 3
b11111111 4
b11111111 5
b111100110001001 8
#8325000
0!
0-
#8327500
1!
b111100110001001 %
b10111110100 (
r26438 ,
1-
b111100110001001 1
b1001100110011001100101101010110 3
b100110011 4
b11001101 5
b111111111111110 8
#8330000
0!
0-
#8332500
1!
b111111111111110 %
b10111110101 (
r31113 ,
1-
b111111111111110 1
b1011001100110011001100000100011 3
b101100110 4
b10011010 5
b111100111001000 8
#8335000
0!
0-
#8337500
1!
b111100111001000 %
b10111110110 (
r32766 ,
1-
b111100111001000 1
b1100110011001100110010011110000 3
b110011001 4
b1100111 5
b110011110111100 8
#8340000
0!
0-
#8342500
1!
b110011110111100 %
b10111110111 (
r31176 ,
1-
b110011110111100 1
b1110011001100110011000110111101 3
b111001100 4
b110100 5
b100101110011101 8
#8345000
0!
0-
#8347500
1!
b100101110011101 %
b10111111000 (
r26556 ,
1-
b100101110011101 1
b1111111111111111111111010001010 3
b111111111 4
b1 5
b10100000100110 8
#8350000
0!
0-
#8352500
1!
b10100000100110 %
b10111111001 (
r19357 ,
1-
b10100000100110 1
b10001100110011001100101101010111 3
b1000110011 4
b110011 5
16
b11001001 8
#8355000
0!
0-
#8357500
1!
b11001001 %
b10111111010 (
r10278 ,
1-
b11001001 1
b10011001100110011001100000100100 3
b1001100110 4
b1100110 5
17
b10011101100111 8
#8360000
0!
0-
#8362500
1!
b1101100010011001 %
b10111111011 (
r201 ,
1-
b1101100010011001 1
b10100110011001100110010011110001 3
b1010011001 4
b10011001 5
b100101011111011 8
#8365000
0!
0-
#8367500
1!
b1011010100000101 %
b10111111100 (
r-10087 ,
1-
b1011010100000101 1
b10110011001100110011000110111110 3
b1011001100 4
b11001100 5
b110011101000110 8
#8370000
0!
0-
#8372500
1!
b1001100010111010 %
b10111111101 (
r-19195 ,
1-
b1001100010111010 1
b10111111111111111111111010001011 3
b1011111111 4
b11111111 5
b111100110001001 8
#8375000
0!
0-
#8377500
1!
b1000011001110111 %
b10111111110 (
r-26438 ,
1-
b1000011001110111 1
b11001100110011001100101101011000 3
b1100110011 4
b11001101 5
b111111111111110 8
#8380000
0!
0-
#8382500
1!
b1000000000000010 %
b10111111111 (
r-31113 ,
1-
b1000000000000010 1
b11011001100110011001100000100101 3
b1101100110 4
b10011010 5
b111100111001000 8
#8385000
0!
0-
#8387500
1!
b1000011000111000 %
b11000000000 (
r-32766 ,
1-
b1000011000111000 1
b11100110011001100110010011110010 3
b1110011001 4
b1100111 5
b110011110111100 8
#8390000
0!
0-
#8392500
1!
b1001100001000100 %
b11000000001 (
r-31176 ,
1-
b1001100001000100 1
b11110011001100110011000110111111 3
b1111001100 4
b110100 5
b100101110011101 8
#8395000
0!
0-
#8397500
1!
b1011010001100011 %
b11000000010 (
r-26556 ,
1-
b1011010001100011 1
b11111111111111111111111010001100 3
b1111111111 4
b1 5
b10100000100110 8
#8400000
0!
0-
#8402500
1!
b1101011111011010 %
b11000000011 (
r-19357 ,
1-
b1101011111011010 1
b1100110011001100101101011001 3
b110011 4
b110011 5
06
b11001001 8
#8405000
0!
0-
#8407500
1!
b1111111100110111 %
b11000000100 (
r-10278 ,
1-
b1111111100110111 1
b11001100110011001100000100110 3
b1100110 4
b1100110 5
07
b10011101100111 8
#8410000
0!
0-
#8412500
1!
b10011101100111 %
b11000000101 (
r-201 ,
1-
b10011101100111 1
b100110011001100110010011110011 3
b10011001 4
b10011001 5
b100101011111011 8
#8415000
0!
0-
#8417500
1!
b100101011111011 %
b11000000110 (
r10087 ,
1-
b100101011111011 1
b110011001100110011000111000000 3
b11001100 4
b11001100 5
b110011101000110 8
#8420000
0!
0-
#8422500
1!
b110011101000110 %
b11000000111 (
r19195 ,
1-
b110011101000110 1
b111111111111111111111010001101 3
b11111111 4
b11111111 5
b111100110001001 8
#8425000
0!
0-
#8427500
1!
b111100110001001 %
b11000001000 (
r26438 ,
1-
b111100110001001 1
b1001100110011001100101101011010 3
b100110011 4
b11001101 5
b111111111111110 8
#8430000
0!
0-
#8432500
1!
b111111111111110 %
b11000001001 (
r31113 ,
1-
b111111111111110 1
b1011001100110011001100000100111 3
b101100110 4
b10011010 5
b111100111001000 8
#8435000
0!
0-
#8437500
1!
b111100111001000 %
b11000001010 (
r32766 ,
1-
b111100111001000 1
b1100110011001100110010011110100 3
b110011001 4
b1100111 5
b110011110111100 8
#8440000
0!
0-
#8442500
1!
b110011110111100 %
b11000001011 (
r31176 ,
1-
b110011110111100 1
b1110011001100110011000111000001 3
b111001100 4
b110100 5
b100101110011101 8
#8445000
0!
0-
#8447500
1!
b100101110011101 %
b11000001100 (
r26556 ,
1-
b100101110011101 1
b1111111111111111111111010001110 3
b111111111 4
b1 5
b10100000100110 8
#8450000
0!
0-
#8452500
1!
b10100000100110 %
b11000001101 (
r19357 ,
1-
b10100000100110 1
b10001100110011001100101101011011 3
b1000110011 4
b110011 5
16
b11001001 8
#8455000
0!
0-
#8457500
1!
b11001001 %
b11000001110 (
r10278 ,
1-
b11001001 1
b10011001100110011001100000101000 3
b1001100110 4
b1100110 5
17
b10011101100111 8
#8460000
0!
0-
#8462500
1!
b1101100010011001 %
b11000001111 (
r201 ,
1-
b1101100010011001 1
b10100110011001100110010011110101 3
b1010011001 4
b10011001 5
b100101011111011 8
#8465000
0!
0-
#8467500
1!
b1011010100000101 %
b11000010000 (
r-10087 ,
1-
b1011010100000101 1
b10110011001100110011000111000010 3
b1011001100 4
b11001100 5
b110011101000110 8
#8470000
0!
0-
#8472500
1!
b1001100010111010 %
b11000010001 (
r-19195 ,
1-
b1001100010111010 1
b10111111111111111111111010001111 3
b1011111111 4
b11111111 5
b111100110001001 8
#8475000
0!
0-
#8477500
1!
b1000011001110111 %
b11000010010 (
r-26438 ,
1-
b1000011001110111 1
b11001100110011001100101101011100 3
b1100110011 4
b11001101 5
b111111111111110 8
#8480000
0!
0-
#8482500
1!
b1000000000000010 %
b11000010011 (
r-31113 ,
1-
b1000000000000010 1
b11011001100110011001100000101001 3
b1101100110 4
b10011010 5
b111100111001000 8
#8485000
0!
0-
#8487500
1!
b1000011000111000 %
b11000010100 (
r-32766 ,
1-
b1000011000111000 1
b11100110011001100110010011110110 3
b1110011001 4
b1100111 5
b110011110111100 8
#8490000
0!
0-
#8492500
1!
b1001100001000100 %
b11000010101 (
r-31176 ,
1-
b1001100001000100 1
b11110011001100110011000111000011 3
b1111001100 4
b110100 5
b100101110011101 8
#8495000
0!
0-
#8497500
1!
b1011010001100011 %
b11000010110 (
r-26556 ,
1-
b1011010001100011 1
b11111111111111111111111010010000 3
b1111111111 4
b1 5
b10100000100110 8
#8500000
0!
0-
#8502500
1!
b1101011111011010 %
b11000010111 (
r-19357 ,
1-
b1101011111011010 1
b1100110011001100101101011101 3
b110011 4
b110011 5
06
b11001001 8
#8505000
0!
0-
#8507500
1!
b1111111100110111 %
b11000011000 (
r-10278 ,
1-
b1111111100110111 1
b11001100110011001100000101010 3
b1100110 4
b1100110 5
07
b10011101100111 8
#8510000
0!
0-
#8512500
1!
b10011101100111 %
b11000011001 (
r-201 ,
1-
b10011101100111 1
b100110011001100110010011110111 3
b10011001 4
b10011001 5
b100101011111011 8
#8515000
0!
0-
#8517500
1!
b100101011111011 %
b11000011010 (
r10087 ,
1-
b100101011111011 1
b110011001100110011000111000100 3
b11001100 4
b11001100 5
b110011101000110 8
#8520000
0!
0-
#8522500
1!
b110011101000110 %
b11000011011 (
r19195 ,
1-
b110011101000110 1
b111111111111111111111010010001 3
b11111111 4
b11111111 5
b111100110001001 8
#8525000
0!
0-
#8527500
1!
b111100110001001 %
b11000011100 (
r26438 ,
1-
b111100110001001 1
b1001100110011001100101101011110 3
b100110011 4
b11001101 5
b111111111111110 8
#8530000
0!
0-
#8532500
1!
b111111111111110 %
b11000011101 (
r31113 ,
1-
b111111111111110 1
b1011001100110011001100000101011 3
b101100110 4
b10011010 5
b111100111001000 8
#8535000
0!
0-
#8537500
1!
b111100111001000 %
b11000011110 (
r32766 ,
1-
b111100111001000 1
b1100110011001100110010011111000 3
b110011001 4
b1100111 5
b110011110111100 8
#8540000
0!
0-
#8542500
1!
b110011110111100 %
b11000011111 (
r31176 ,
1-
b110011110111100 1
b1110011001100110011000111000101 3
b111001100 4
b110100 5
b100101110011101 8
#8545000
0!
0-
#8547500
1!
b100101110011101 %
b11000100000 (
r26556 ,
1-
b100101110011101 1
b1111111111111111111111010010010 3
b111111111 4
b1 5
b10100000100110 8
#8550000
0!
0-
#8552500
1!
b10100000100110 %
b11000100001 (
r19357 ,
1-
b10100000100110 1
b10001100110011001100101101011111 3
b1000110011 4
b110011 5
16
b11001001 8
#8555000
0!
0-
#8557500
1!
b11001001 %
b11000100010 (
r10278 ,
1-
b11001001 1
b10011001100110011001100000101100 3
b1001100110 4
b1100110 5
17
b10011101100111 8
#8560000
0!
0-
#8562500
1!
b1101100010011001 %
b11000100011 (
r201 ,
1-
b1101100010011001 1
b10100110011001100110010011111001 3
b1010011001 4
b10011001 5
b100101011111011 8
#8565000
0!
0-
#8567500
1!
b1011010100000101 %
b11000100100 (
r-10087 ,
1-
b1011010100000101 1
b10110011001100110011000111000110 3
b1011001100 4
b11001100 5
b110011101000110 8
#8570000
0!
0-
#8572500
1!
b1001100010111010 %
b11000100101 (
r-19195 ,
1-
b1001100010111010 1
b10111111111111111111111010010011 3
b1011111111 4
b11111111 5
b111100110001001 8
#8575000
0!
0-
#8577500
1!
b1000011001110111 %
b11000100110 (
r-26438 ,
1-
b1000011001110111 1
b11001100110011001100101101100000 3
b1100110011 4
b11001101 5
b111111111111110 8
#8580000
0!
0-
#8582500
1!
b1000000000000010 %
b11000100111 (
r-31113 ,
1-
b1000000000000010 1
b11011001100110011001100000101101 3
b1101100110 4
b10011010 5
b111100111001000 8
#8585000
0!
0-
#8587500
1!
b1000011000111000 %
b11000101000 (
r-32766 ,
1-
b1000011000111000 1
b11100110011001100110010011111010 3
b1110011001 4
b1100111 5
b110011110111100 8
#8590000
0!
0-
#8592500
1!
b1001100001000100 %
b11000101001 (
r-31176 ,
1-
b1001100001000100 1
b11110011001100110011000111000111 3
b1111001100 4
b110100 5
b100101110011101 8
#8595000
0!
0-
#8597500
1!
b1011010001100011 %
b11000101010 (
r-26556 ,
1-
b1011010001100011 1
b11111111111111111111111010010100 3
b1111111111 4
b1 5
b10100000100110 8
#8600000
0!
0-
#8602500
1!
b1101011111011010 %
b11000101011 (
r-19357 ,
1-
b1101011111011010 1
b1100110011001100101101100001 3
b110011 4
b110011 5
06
b11001001 8
#8605000
0!
0-
#8607500
1!
b1111111100110111 %
b11000101100 (
r-10278 ,
1-
b1111111100110111 1
b11001100110011001100000101110 3
b1100110 4
b1100110 5
07
b10011101100111 8
#8610000
0!
0-
#8612500
1!
b10011101100111 %
b11000101101 (
r-201 ,
1-
b10011101100111 1
b100110011001100110010011111011 3
b10011001 4
b10011001 5
b100101011111011 8
#8615000
0!
0-
#8617500
1!
b100101011111011 %
b11000101110 (
r10087 ,
1-
b100101011111011 1
b110011001100110011000111001000 3
b11001100 4
b11001100 5
b110011101000110 8
#8620000
0!
0-
#8622500
1!
b110011101000110 %
b11000101111 (
r19195 ,
1-
b110011101000110 1
b111111111111111111111010010101 3
b11111111 4
b11111111 5
b111100110001001 8
#8625000
0!
0-
#8627500
1!
b111100110001001 %
b11000110000 (
r26438 ,
1-
b111100110001001 1
b1001100110011001100101101100010 3
b100110011 4
b11001101 5
b111111111111110 8
#8630000
0!
0-
#8632500
1!
b111111111111110 %
b11000110001 (
r31113 ,
1-
b111111111111110 1
b1011001100110011001100000101111 3
b101100110 4
b10011010 5
b111100111001000 8
#8635000
0!
0-
#8637500
1!
b111100111001000 %
b11000110010 (
r32766 ,
1-
b111100111001000 1
b1100110011001100110010011111100 3
b110011001 4
b1100111 5
b110011110111100 8
#8640000
0!
0-
#8642500
1!
b110011110111100 %
b11000110011 (
r31176 ,
1-
b110011110111100 1
b1110011001100110011000111001001 3
b111001100 4
b110100 5
b100101110011101 8
#8645000
0!
0-
#8647500
1!
b100101110011101 %
b11000110100 (
r26556 ,
1-
b100101110011101 1
b1111111111111111111111010010110 3
b111111111 4
b1 5
b10100000100110 8
#8650000
0!
0-
#8652500
1!
b10100000100110 %
b11000110101 (
r19357 ,
1-
b10100000100110 1
b10001100110011001100101101100011 3
b1000110011 4
b110011 5
16
b11001001 8
#8655000
0!
0-
#8657500
1!
b11001001 %
b11000110110 (
r10278 ,
1-
b11001001 1
b10011001100110011001100000110000 3
b1001100110 4
b1100110 5
17
b10011101100111 8
#8660000
0!
0-
#8662500
1!
b1101100010011001 %
b11000110111 (
r201 ,
1-
b1101100010011001 1
b10100110011001100110010011111101 3
b1010011001 4
b10011001 5
b100101011111011 8
#8665000
0!
0-
#8667500
1!
b1011010100000101 %
b11000111000 (
r-10087 ,
1-
b1011010100000101 1
b10110011001100110011000111001010 3
b1011001100 4
b11001100 5
b110011101000110 8
#8670000
0!
0-
#8672500
1!
b1001100010111010 %
b11000111001 (
r-19195 ,
1-
b1001100010111010 1
b10111111111111111111111010010111 3
b1011111111 4
b11111111 5
b111100110001001 8
#8675000
0!
0-
#8677500
1!
b1000011001110111 %
b11000111010 (
r-26438 ,
1-
b1000011001110111 1
b11001100110011001100101101100100 3
b1100110011 4
b11001101 5
b111111111111110 8
#8680000
0!
0-
#8682500
1!
b1000000000000010 %
b11000111011 (
r-31113 ,
1-
b1000000000000010 1
b11011001100110011001100000110001 3
b1101100110 4
b10011010 5
b111100111001000 8
#8685000
0!
0-
#8687500
1!
b1000011000111000 %
b11000111100 (
r-32766 ,
1-
b1000011000111000 1
b11100110011001100110010011111110 3
b1110011001 4
b1100111 5
b110011110111100 8
#8690000
0!
0-
#8692500
1!
b1001100001000100 %
b11000111101 (
r-31176 ,
1-
b1001100001000100 1
b11110011001100110011000111001011 3
b1111001100 4
b110100 5
b100101110011101 8
#8695000
0!
0-
#8697500
1!
b1011010001100011 %
b11000111110 (
r-26556 ,
1-
b1011010001100011 1
b11111111111111111111111010011000 3
b1111111111 4
b1 5
b10100000100110 8
#8700000
0!
0-
#8702500
1!
b1101011111011010 %
b11000111111 (
r-19357 ,
1-
b1101011111011010 1
b1100110011001100101101100101 3
b110011 4
b110011 5
06
b11001001 8
#8705000
0!
0-
#8707500
1!
b1111111100110111 %
b11001000000 (
r-10278 ,
1-
b1111111100110111 1
b11001100110011001100000110010 3
b1100110 4
b1100110 5
07
b10011101100111 8
#8710000
0!
0-
#8712500
1!
b10011101100111 %
b11001000001 (
r-201 ,
1-
b10011101100111 1
b100110011001100110010011111111 3
b10011001 4
b10011001 5
b100101011111011 8
#8715000
0!
0-
#8717500
1!
b100101011111011 %
b11001000010 (
r10087 ,
1-
b100101011111011 1
b110011001100110011000111001100 3
b11001100 4
b11001100 5
b110011101000110 8
#8720000
0!
0-
#8722500
1!
b110011101000110 %
b11001000011 (
r19195 ,
1-
b110011101000110 1
b111111111111111111111010011001 3
b11111111 4
b11111111 5
b111100110001001 8
#8725000
0!
0-
#8727500
1!
b111100110001001 %
b11001000100 (
r26438 ,
1-
b111100110001001 1
b1001100110011001100101101100110 3
b100110011 4
b11001101 5
b111111111111110 8
#8730000
0!
0-
#8732500
1!
b111111111111110 %
b11001000101 (
r31113 ,
1-
b111111111111110 1
b1011001100110011001100000110011 3
b101100110 4
b10011010 5
b111100111001000 8
#8735000
0!
0-
#8737500
1!
b111100111001000 %
b11001000110 (
r32766 ,
1-
b111100111001000 1
b1100110011001100110010100000000 3
b110011001 4
b1100111 5
b110011110111100 8
#8740000
0!
0-
#8742500
1!
b110011110111100 %
b11001000111 (
r31176 ,
1-
b110011110111100 1
b1110011001100110011000111001101 3
b111001100 4
b110100 5
b100101110011101 8
#8745000
0!
0-
#8747500
1!
b100101110011101 %
b11001001000 (
r26556 ,
1-
b100101110011101 1
b1111111111111111111111010011010 3
b111111111 4
b1 5
b10100000100110 8
#8750000
0!
0-
#8752500
1!
b10100000100110 %
b11001001001 (
r19357 ,
1-
b10100000100110 1
b10001100110011001100101101100111 3
b1000110011 4
b110011 5
16
b11001001 8
#8755000
0!
0-
#8757500
1!
b11001001 %
b11001001010 (
r10278 ,
1-
b11001001 1
b10011001100110011001100000110100 3
b1001100110 4
b1100110 5
17
b10011101100111 8
#8760000
0!
0-
#8762500
1!
b1101100010011001 %
b11001001011 (
r201 ,
1-
b1101100010011001 1
b10100110011001100110010100000001 3
b1010011001 4
b10011001 5
b100101011111011 8
#8765000
0!
0-
#8767500
1!
b1011010100000101 %
b11001001100 (
r-10087 ,
1-
b1011010100000101 1
b10110011001100110011000111001110 3
b1011001100 4
b11001100 5
b110011101000110 8
#8770000
0!
0-
#8772500
1!
b1001100010111010 %
b11001001101 (
r-19195 ,
1-
b1001100010111010 1
b10111111111111111111111010011011 3
b1011111111 4
b11111111 5
b111100110001001 8
#8775000
0!
0-
#8777500
1!
b1000011001110111 %
b11001001110 (
r-26438 ,
1-
b1000011001110111 1
b11001100110011001100101101101000 3
b1100110011 4
b11001101 5
b111111111111110 8
#8780000
0!
0-
#8782500
1!
b1000000000000010 %
b11001001111 (
r-31113 ,
1-
b1000000000000010 1
b11011001100110011001100000110101 3
b1101100110 4
b10011010 5
b111100111001000 8
#8785000
0!
0-
#8787500
1!
b1000011000111000 %
b11001010000 (
r-32766 ,
1-
b1000011000111000 1
b11100110011001100110010100000010 3
b1110011001 4
b1100111 5
b110011110111100 8
#8790000
0!
0-
#8792500
1!
b1001100001000100 %
b11001010001 (
r-31176 ,
1-
b1001100001000100 1
b11110011001100110011000111001111 3
b1111001100 4
b110100 5
b100101110011101 8
#8795000
0!
0-
#8797500
1!
b1011010001100011 %
b11001010010 (
r-26556 ,
1-
b1011010001100011 1
b11111111111111111111111010011100 3
b1111111111 4
b1 5
b10100000100110 8
#8800000
0!
0-
#8802500
1!
b1101011111011010 %
b11001010011 (
r-19357 ,
1-
b1101011111011010 1
b1100110011001100101101101001 3
b110011 4
b110011 5
06
b11001001 8
#8805000
0!
0-
#8807500
1!
b1111111100110111 %
b11001010100 (
r-10278 ,
1-
b1111111100110111 1
b11001100110011001100000110110 3
b1100110 4
b1100110 5
07
b10011101100111 8
#8810000
0!
0-
#8812500
1!
b10011101100111 %
b11001010101 (
r-201 ,
1-
b10011101100111 1
b100110011001100110010100000011 3
b10011001 4
b10011001 5
b100101011111011 8
#8815000
0!
0-
#8817500
1!
b100101011111011 %
b11001010110 (
r10087 ,
1-
b100101011111011 1
b110011001100110011000111010000 3
b11001100 4
b11001100 5
b110011101000110 8
#8820000
0!
0-
#8822500
1!
b110011101000110 %
b11001010111 (
r19195 ,
1-
b110011101000110 1
b111111111111111111111010011101 3
b11111111 4
b11111111 5
b111100110001001 8
#8825000
0!
0-
#8827500
1!
b111100110001001 %
b11001011000 (
r26438 ,
1-
b111100110001001 1
b1001100110011001100101101101010 3
b100110011 4
b11001101 5
b111111111111110 8
#8830000
0!
0-
#8832500
1!
b111111111111110 %
b11001011001 (
r31113 ,
1-
b111111111111110 1
b1011001100110011001100000110111 3
b101100110 4
b10011010 5
b111100111001000 8
#8835000
0!
0-
#8837500
1!
b111100111001000 %
b11001011010 (
r32766 ,
1-
b111100111001000 1
b1100110011001100110010100000100 3
b110011001 4
b1100111 5
b110011110111100 8
#8840000
0!
0-
#8842500
1!
b110011110111100 %
b11001011011 (
r31176 ,
1-
b110011110111100 1
b1110011001100110011000111010001 3
b111001100 4
b110100 5
b100101110011101 8
#8845000
0!
0-
#8847500
1!
b100101110011101 %
b11001011100 (
r26556 ,
1-
b100101110011101 1
b1111111111111111111111010011110 3
b111111111 4
b1 5
b10100000100110 8
#8850000
0!
0-
#8852500
1!
b10100000100110 %
b11001011101 (
r19357 ,
1-
b10100000100110 1
b10001100110011001100101101101011 3
b1000110011 4
b110011 5
16
b11001001 8
#8855000
0!
0-
#8857500
1!
b11001001 %
b11001011110 (
r10278 ,
1-
b11001001 1
b10011001100110011001100000111000 3
b1001100110 4
b1100110 5
17
b10011101100111 8
#8860000
0!
0-
#8862500
1!
b1101100010011001 %
b11001011111 (
r201 ,
1-
b1101100010011001 1
b10100110011001100110010100000101 3
b1010011001 4
b10011001 5
b100101011111011 8
#8865000
0!
0-
#8867500
1!
b1011010100000101 %
b11001100000 (
r-10087 ,
1-
b1011010100000101 1
b10110011001100110011000111010010 3
b1011001100 4
b11001100 5
b110011101000110 8
#8870000
0!
0-
#8872500
1!
b1001100010111010 %
b11001100001 (
r-19195 ,
1-
b1001100010111010 1
b10111111111111111111111010011111 3
b1011111111 4
b11111111 5
b111100110001001 8
#8875000
0!
0-
#8877500
1!
b1000011001110111 %
b11001100010 (
r-26438 ,
1-
b1000011001110111 1
b11001100110011001100101101101100 3
b1100110011 4
b11001101 5
b111111111111110 8
#8880000
0!
0-
#8882500
1!
b1000000000000010 %
b11001100011 (
r-31113 ,
1-
b1000000000000010 1
b11011001100110011001100000111001 3
b1101100110 4
b10011010 5
b111100111001000 8
#8885000
0!
0-
#8887500
1!
b1000011000111000 %
b11001100100 (
r-32766 ,
1-
b1000011000111000 1
b11100110011001100110010100000110 3
b1110011001 4
b1100111 5
b110011110111100 8
#8890000
0!
0-
#8892500
1!
b1001100001000100 %
b11001100101 (
r-31176 ,
1-
b1001100001000100 1
b11110011001100110011000111010011 3
b1111001100 4
b110100 5
b100101110011101 8
#8895000
0!
0-
#8897500
1!
b1011010001100011 %
b11001100110 (
r-26556 ,
1-
b1011010001100011 1
b11111111111111111111111010100000 3
b1111111111 4
b1 5
b10100000100110 8
#8900000
0!
0-
#8902500
1!
b1101011111011010 %
b11001100111 (
r-19357 ,
1-
b1101011111011010 1
b1100110011001100101101101101 3
b110011 4
b110011 5
06
b11001001 8
#8905000
0!
0-
#8907500
1!
b1111111100110111 %
b11001101000 (
r-10278 ,
1-
b1111111100110111 1
b11001100110011001100000111010 3
b1100110 4
b1100110 5
07
b10011101100111 8
#8910000
0!
0-
#8912500
1!
b10011101100111 %
b11001101001 (
r-201 ,
1-
b10011101100111 1
b100110011001100110010100000111 3
b10011001 4
b10011001 5
b100101011111011 8
#8915000
0!
0-
#8917500
1!
b100101011111011 %
b11001101010 (
r10087 ,
1-
b100101011111011 1
b110011001100110011000111010100 3
b11001100 4
b11001100 5
b110011101000110 8
#8920000
0!
0-
#8922500
1!
b110011101000110 %
b11001101011 (
r19195 ,
1-
b110011101000110 1
b111111111111111111111010100001 3
b11111111 4
b11111111 5
b111100110001001 8
#8925000
0!
0-
#8927500
1!
b111100110001001 %
b11001101100 (
r26438 ,
1-
b111100110001001 1
b1001100110011001100101101101110 3
b100110011 4
b11001101 5
b111111111111110 8
#8930000
0!
0-
#8932500
1!
b111111111111110 %
b11001101101 (
r31113 ,
1-
b111111111111110 1
b1011001100110011001100000111011 3
b101100110 4
b10011010 5
b111100111001000 8
#8935000
0!
0-
#8937500
1!
b111100111001000 %
b11001101110 (
r32766 ,
1-
b111100111001000 1
b1100110011001100110010100001000 3
b110011001 4
b1100111 5
b110011110111100 8
#8940000
0!
0-
#8942500
1!
b110011110111100 %
b11001101111 (
r31176 ,
1-
b110011110111100 1
b1110011001100110011000111010101 3
b111001100 4
b110100 5
b100101110011101 8
#8945000
0!
0-
#8947500
1!
b100101110011101 %
b11001110000 (
r26556 ,
1-
b100101110011101 1
b1111111111111111111111010100010 3
b111111111 4
b1 5
b10100000100110 8
#8950000
0!
0-
#8952500
1!
b10100000100110 %
b11001110001 (
r19357 ,
1-
b10100000100110 1
b10001100110011001100101101101111 3
b1000110011 4
b110011 5
16
b11001001 8
#8955000
0!
0-
#8957500
1!
b11001001 %
b11001110010 (
r10278 ,
1-
b11001001 1
b10011001100110011001100000111100 3
b1001100110 4
b1100110 5
17
b10011101100111 8
#8960000
0!
0-
#8962500
1!
b1101100010011001 %
b11001110011 (
r201 ,
1-
b1101100010011001 1
b10100110011001100110010100001001 3
b1010011001 4
b10011001 5
b100101011111011 8
#8965000
0!
0-
#8967500
1!
b1011010100000101 %
b11001110100 (
r-10087 ,
1-
b1011010100000101 1
b10110011001100110011000111010110 3
b1011001100 4
b11001100 5
b110011101000110 8
#8970000
0!
0-
#8972500
1!
b1001100010111010 %
b11001110101 (
r-19195 ,
1-
b1001100010111010 1
b10111111111111111111111010100011 3
b1011111111 4
b11111111 5
b111100110001001 8
#8975000
0!
0-
#8977500
1!
b1000011001110111 %
b11001110110 (
r-26438 ,
1-
b1000011001110111 1
b11001100110011001100101101110000 3
b1100110011 4
b11001101 5
b111111111111110 8
#8980000
0!
0-
#8982500
1!
b1000000000000010 %
b11001110111 (
r-31113 ,
1-
b1000000000000010 1
b11011001100110011001100000111101 3
b1101100110 4
b10011010 5
b111100111001000 8
#8985000
0!
0-
#8987500
1!
b1000011000111000 %
b11001111000 (
r-32766 ,
1-
b1000011000111000 1
b11100110011001100110010100001010 3
b1110011001 4
b1100111 5
b110011110111100 8
#8990000
0!
0-
#8992500
1!
b1001100001000100 %
b11001111001 (
r-31176 ,
1-
b1001100001000100 1
b11110011001100110011000111010111 3
b1111001100 4
b110100 5
b100101110011101 8
#8995000
0!
0-
#8997500
1!
b1011010001100011 %
b11001111010 (
r-26556 ,
1-
b1011010001100011 1
b11111111111111111111111010100100 3
b1111111111 4
b1 5
b10100000100110 8
#9000000
0!
0-
#9002500
1!
b1101011111011010 %
b11001111011 (
r-19357 ,
1-
b1101011111011010 1
b1100110011001100101101110001 3
b110011 4
b110011 5
06
b11001001 8
#9005000
0!
0-
#9007500
1!
b1111111100110111 %
b11001111100 (
r-10278 ,
1-
b1111111100110111 1
b11001100110011001100000111110 3
b1100110 4
b1100110 5
07
b10011101100111 8
#9010000
0!
0-
#9012500
1!
b10011101100111 %
b11001111101 (
r-201 ,
1-
b10011101100111 1
b100110011001100110010100001011 3
b10011001 4
b10011001 5
b100101011111011 8
#9015000
0!
0-
#9017500
1!
b100101011111011 %
b11001111110 (
r10087 ,
1-
b100101011111011 1
b110011001100110011000111011000 3
b11001100 4
b11001100 5
b110011101000110 8
#9020000
0!
0-
#9022500
1!
b110011101000110 %
b11001111111 (
r19195 ,
1-
b110011101000110 1
b111111111111111111111010100101 3
b11111111 4
b11111111 5
b111100110001001 8
#9025000
0!
0-
#9027500
1!
b111100110001001 %
b11010000000 (
r26438 ,
1-
b111100110001001 1
b1001100110011001100101101110010 3
b100110011 4
b11001101 5
b111111111111110 8
#9030000
0!
0-
#9032500
1!
b111111111111110 %
b11010000001 (
r31113 ,
1-
b111111111111110 1
b1011001100110011001100000111111 3
b101100110 4
b10011010 5
b111100111001000 8
#9035000
0!
0-
#9037500
1!
b111100111001000 %
b11010000010 (
r32766 ,
1-
b111100111001000 1
b1100110011001100110010100001100 3
b110011001 4
b1100111 5
b110011110111100 8
#9040000
0!
0-
#9042500
1!
b110011110111100 %
b11010000011 (
r31176 ,
1-
b110011110111100 1
b1110011001100110011000111011001 3
b111001100 4
b110100 5
b100101110011101 8
#9045000
0!
0-
#9047500
1!
b100101110011101 %
b11010000100 (
r26556 ,
1-
b100101110011101 1
b1111111111111111111111010100110 3
b111111111 4
b1 5
b10100000100110 8
#9050000
0!
0-
#9052500
1!
b10100000100110 %
b11010000101 (
r19357 ,
1-
b10100000100110 1
b10001100110011001100101101110011 3
b1000110011 4
b110011 5
16
b11001001 8
#9055000
0!
0-
#9057500
1!
b11001001 %
b11010000110 (
r10278 ,
1-
b11001001 1
b10011001100110011001100001000000 3
b1001100110 4
b1100110 5
17
b10011101100111 8
#9060000
0!
0-
#9062500
1!
b1101100010011001 %
b11010000111 (
r201 ,
1-
b1101100010011001 1
b10100110011001100110010100001101 3
b1010011001 4
b10011001 5
b100101011111011 8
#9065000
0!
0-
#9067500
1!
b1011010100000101 %
b11010001000 (
r-10087 ,
1-
b1011010100000101 1
b10110011001100110011000111011010 3
b1011001100 4
b11001100 5
b110011101000110 8
#9070000
0!
0-
#9072500
1!
b1001100010111010 %
b11010001001 (
r-19195 ,
1-
b1001100010111010 1
b10111111111111111111111010100111 3
b1011111111 4
b11111111 5
b111100110001001 8
#9075000
0!
0-
#9077500
1!
b1000011001110111 %
b11010001010 (
r-26438 ,
1-
b1000011001110111 1
b11001100110011001100101101110100 3
b1100110011 4
b11001101 5
b111111111111110 8
#9080000
0!
0-
#9082500
1!
b1000000000000010 %
b11010001011 (
r-31113 ,
1-
b1000000000000010 1
b11011001100110011001100001000001 3
b1101100110 4
b10011010 5
b111100111001000 8
#9085000
0!
0-
#9087500
1!
b1000011000111000 %
b11010001100 (
r-32766 ,
1-
b1000011000111000 1
b11100110011001100110010100001110 3
b1110011001 4
b1100111 5
b110011110111100 8
#9090000
0!
0-
#9092500
1!
b1001100001000100 %
b11010001101 (
r-31176 ,
1-
b1001100001000100 1
b11110011001100110011000111011011 3
b1111001100 4
b110100 5
b100101110011101 8
#9095000
0!
0-
#9097500
1!
b1011010001100011 %
b11010001110 (
r-26556 ,
1-
b1011010001100011 1
b11111111111111111111111010101000 3
b1111111111 4
b1 5
b10100000100110 8
#9100000
0!
0-
#9102500
1!
b1101011111011010 %
b11010001111 (
r-19357 ,
1-
b1101011111011010 1
b1100110011001100101101110101 3
b110011 4
b110011 5
06
b11001001 8
#9105000
0!
0-
#9107500
1!
b1111111100110111 %
b11010010000 (
r-10278 ,
1-
b1111111100110111 1
b11001100110011001100001000010 3
b1100110 4
b1100110 5
07
b10011101100111 8
#9110000
0!
0-
#9112500
1!
b10011101100111 %
b11010010001 (
r-201 ,
1-
b10011101100111 1
b100110011001100110010100001111 3
b10011001 4
b10011001 5
b100101011111011 8
#9115000
0!
0-
#9117500
1!
b100101011111011 %
b11010010010 (
r10087 ,
1-
b100101011111011 1
b110011001100110011000111011100 3
b11001100 4
b11001100 5
b110011101000110 8
#9120000
0!
0-
#9122500
1!
b110011101000110 %
b11010010011 (
r19195 ,
1-
b110011101000110 1
b111111111111111111111010101001 3
b11111111 4
b11111111 5
b111100110001001 8
#9125000
0!
0-
#9127500
1!
b111100110001001 %
b11010010100 (
r26438 ,
1-
b111100110001001 1
b1001100110011001100101101110110 3
b100110011 4
b11001101 5
b111111111111110 8
#9130000
0!
0-
#9132500
1!
b111111111111110 %
b11010010101 (
r31113 ,
1-
b111111111111110 1
b1011001100110011001100001000011 3
b101100110 4
b10011010 5
b111100111001000 8
#9135000
0!
0-
#9137500
1!
b111100111001000 %
b11010010110 (
r32766 ,
1-
b111100111001000 1
b1100110011001100110010100010000 3
b110011001 4
b1100111 5
b110011110111100 8
#9140000
0!
0-
#9142500
1!
b110011110111100 %
b11010010111 (
r31176 ,
1-
b110011110111100 1
b1110011001100110011000111011101 3
b111001100 4
b110100 5
b100101110011101 8
#9145000
0!
0-
#9147500
1!
b100101110011101 %
b11010011000 (
r26556 ,
1-
b100101110011101 1
b1111111111111111111111010101010 3
b111111111 4
b1 5
b10100000100110 8
#9150000
0!
0-
#9152500
1!
b10100000100110 %
b11010011001 (
r19357 ,
1-
b10100000100110 1
b10001100110011001100101101110111 3
b1000110011 4
b110011 5
16
b11001001 8
#9155000
0!
0-
#9157500
1!
b11001001 %
b11010011010 (
r10278 ,
1-
b11001001 1
b10011001100110011001100001000100 3
b1001100110 4
b1100110 5
17
b10011101100111 8
#9160000
0!
0-
#9162500
1!
b1101100010011001 %
b11010011011 (
r201 ,
1-
b1101100010011001 1
b10100110011001100110010100010001 3
b1010011001 4
b10011001 5
b100101011111011 8
#9165000
0!
0-
#9167500
1!
b1011010100000101 %
b11010011100 (
r-10087 ,
1-
b1011010100000101 1
b10110011001100110011000111011110 3
b1011001100 4
b11001100 5
b110011101000110 8
#9170000
0!
0-
#9172500
1!
b1001100010111010 %
b11010011101 (
r-19195 ,
1-
b1001100010111010 1
b10111111111111111111111010101011 3
b1011111111 4
b11111111 5
b111100110001001 8
#9175000
0!
0-
#9177500
1!
b1000011001110111 %
b11010011110 (
r-26438 ,
1-
b1000011001110111 1
b11001100110011001100101101111000 3
b1100110011 4
b11001101 5
b111111111111110 8
#9180000
0!
0-
#9182500
1!
b1000000000000010 %
b11010011111 (
r-31113 ,
1-
b1000000000000010 1
b11011001100110011001100001000101 3
b1101100110 4
b10011010 5
b111100111001000 8
#9185000
0!
0-
#9187500
1!
b1000011000111000 %
b11010100000 (
r-32766 ,
1-
b1000011000111000 1
b11100110011001100110010100010010 3
b1110011001 4
b1100111 5
b110011110111100 8
#9190000
0!
0-
#9192500
1!
b1001100001000100 %
b11010100001 (
r-31176 ,
1-
b1001100001000100 1
b11110011001100110011000111011111 3
b1111001100 4
b110100 5
b100101110011101 8
#9195000
0!
0-
#9197500
1!
b1011010001100011 %
b11010100010 (
r-26556 ,
1-
b1011010001100011 1
b11111111111111111111111010101100 3
b1111111111 4
b1 5
b10100000100110 8
#9200000
0!
0-
#9202500
1!
b1101011111011010 %
b11010100011 (
r-19357 ,
1-
b1101011111011010 1
b1100110011001100101101111001 3
b110011 4
b110011 5
06
b11001001 8
#9205000
0!
0-
#9207500
1!
b1111111100110111 %
b11010100100 (
r-10278 ,
1-
b1111111100110111 1
b11001100110011001100001000110 3
b1100110 4
b1100110 5
07
b10011101100111 8
#9210000
0!
0-
#9212500
1!
b10011101100111 %
b11010100101 (
r-201 ,
1-
b10011101100111 1
b100110011001100110010100010011 3
b10011001 4
b10011001 5
b100101011111011 8
#9215000
0!
0-
#9217500
1!
b100101011111011 %
b11010100110 (
r10087 ,
1-
b100101011111011 1
b110011001100110011000111100000 3
b11001100 4
b11001100 5
b110011101000110 8
#9220000
0!
0-
#9222500
1!
b110011101000110 %
b11010100111 (
r19195 ,
1-
b110011101000110 1
b111111111111111111111010101101 3
b11111111 4
b11111111 5
b111100110001001 8
#9225000
0!
0-
#9227500
1!
b111100110001001 %
b11010101000 (
r26438 ,
1-
b111100110001001 1
b1001100110011001100101101111010 3
b100110011 4
b11001101 5
b111111111111110 8
#9230000
0!
0-
#9232500
1!
b111111111111110 %
b11010101001 (
r31113 ,
1-
b111111111111110 1
b1011001100110011001100001000111 3
b101100110 4
b10011010 5
b111100111001000 8
#9235000
0!
0-
#9237500
1!
b111100111001000 %
b11010101010 (
r32766 ,
1-
b111100111001000 1
b1100110011001100110010100010100 3
b110011001 4
b1100111 5
b110011110111100 8
#9240000
0!
0-
#9242500
1!
b110011110111100 %
b11010101011 (
r31176 ,
1-
b110011110111100 1
b1110011001100110011000111100001 3
b111001100 4
b110100 5
b100101110011101 8
#9245000
0!
0-
#9247500
1!
b100101110011101 %
b11010101100 (
r26556 ,
1-
b100101110011101 1
b1111111111111111111111010101110 3
b111111111 4
b1 5
b10100000100110 8
#9250000
0!
0-
#9252500
1!
b10100000100110 %
b11010101101 (
r19357 ,
1-
b10100000100110 1
b10001100110011001100101101111011 3
b1000110011 4
b110011 5
16
b11001001 8
#9255000
0!
0-
#9257500
1!
b11001001 %
b11010101110 (
r10278 ,
1-
b11001001 1
b10011001100110011001100001001000 3
b1001100110 4
b1100110 5
17
b10011101100111 8
#9260000
0!
0-
#9262500
1!
b1101100010011001 %
b11010101111 (
r201 ,
1-
b1101100010011001 1
b10100110011001100110010100010101 3
b1010011001 4
b10011001 5
b100101011111011 8
#9265000
0!
0-
#9267500
1!
b1011010100000101 %
b11010110000 (
r-10087 ,
1-
b1011010100000101 1
b10110011001100110011000111100010 3
b1011001100 4
b11001100 5
b110011101000110 8
#9270000
0!
0-
#9272500
1!
b1001100010111010 %
b11010110001 (
r-19195 ,
1-
b1001100010111010 1
b10111111111111111111111010101111 3
b1011111111 4
b11111111 5
b111100110001001 8
#9275000
0!
0-
#9277500
1!
b1000011001110111 %
b11010110010 (
r-26438 ,
1-
b1000011001110111 1
b11001100110011001100101101111100 3
b1100110011 4
b11001101 5
b111111111111110 8
#9280000
0!
0-
#9282500
1!
b1000000000000010 %
b11010110011 (
r-31113 ,
1-
b1000000000000010 1
b11011001100110011001100001001001 3
b1101100110 4
b10011010 5
b111100111001000 8
#9285000
0!
0-
#9287500
1!
b1000011000111000 %
b11010110100 (
r-32766 ,
1-
b1000011000111000 1
b11100110011001100110010100010110 3
b1110011001 4
b1100111 5
b110011110111100 8
#9290000
0!
0-
#9292500
1!
b1001100001000100 %
b11010110101 (
r-31176 ,
1-
b1001100001000100 1
b11110011001100110011000111100011 3
b1111001100 4
b110100 5
b100101110011101 8
#9295000
0!
0-
#9297500
1!
b1011010001100011 %
b11010110110 (
r-26556 ,
1-
b1011010001100011 1
b11111111111111111111111010110000 3
b1111111111 4
b1 5
b10100000100110 8
#9300000
0!
0-
#9302500
1!
b1101011111011010 %
b11010110111 (
r-19357 ,
1-
b1101011111011010 1
b1100110011001100101101111101 3
b110011 4
b110011 5
06
b11001001 8
#9305000
0!
0-
#9307500
1!
b1111111100110111 %
b11010111000 (
r-10278 ,
1-
b1111111100110111 1
b11001100110011001100001001010 3
b1100110 4
b1100110 5
07
b10011101100111 8
#9310000
0!
0-
#9312500
1!
b10011101100111 %
b11010111001 (
r-201 ,
1-
b10011101100111 1
b100110011001100110010100010111 3
b10011001 4
b10011001 5
b100101011111011 8
#9315000
0!
0-
#9317500
1!
b100101011111011 %
b11010111010 (
r10087 ,
1-
b100101011111011 1
b110011001100110011000111100100 3
b11001100 4
b11001100 5
b110011101000110 8
#9320000
0!
0-
#9322500
1!
b110011101000110 %
b11010111011 (
r19195 ,
1-
b110011101000110 1
b111111111111111111111010110001 3
b11111111 4
b11111111 5
b111100110001001 8
#9325000
0!
0-
#9327500
1!
b111100110001001 %
b11010111100 (
r26438 ,
1-
b111100110001001 1
b1001100110011001100101101111110 3
b100110011 4
b11001101 5
b111111111111110 8
#9330000
0!
0-
#9332500
1!
b111111111111110 %
b11010111101 (
r31113 ,
1-
b111111111111110 1
b1011001100110011001100001001011 3
b101100110 4
b10011010 5
b111100111001000 8
#9335000
0!
0-
#9337500
1!
b111100111001000 %
b11010111110 (
r32766 ,
1-
b111100111001000 1
b1100110011001100110010100011000 3
b110011001 4
b1100111 5
b110011110111100 8
#9340000
0!
0-
#9342500
1!
b110011110111100 %
b11010111111 (
r31176 ,
1-
b110011110111100 1
b1110011001100110011000111100101 3
b111001100 4
b110100 5
b100101110011101 8
#9345000
0!
0-
#9347500
1!
b100101110011101 %
b11011000000 (
r26556 ,
1-
b100101110011101 1
b1111111111111111111111010110010 3
b111111111 4
b1 5
b10100000100110 8
#9350000
0!
0-
#9352500
1!
b10100000100110 %
b11011000001 (
r19357 ,
1-
b10100000100110 1
b10001100110011001100101101111111 3
b1000110011 4
b110011 5
16
b11001001 8
#9355000
0!
0-
#9357500
1!
b11001001 %
b11011000010 (
r10278 ,
1-
b11001001 1
b10011001100110011001100001001100 3
b1001100110 4
b1100110 5
17
b10011101100111 8
#9360000
0!
0-
#9362500
1!
b1101100010011001 %
b11011000011 (
r201 ,
1-
b1101100010011001 1
b10100110011001100110010100011001 3
b1010011001 4
b10011001 5
b100101011111011 8
#9365000
0!
0-
#9367500
1!
b1011010100000101 %
b11011000100 (
r-10087 ,
1-
b1011010100000101 1
b10110011001100110011000111100110 3
b1011001100 4
b11001100 5
b110011101000110 8
#9370000
0!
0-
#9372500
1!
b1001100010111010 %
b11011000101 (
r-19195 ,
1-
b1001100010111010 1
b10111111111111111111111010110011 3
b1011111111 4
b11111111 5
b111100110001001 8
#9375000
0!
0-
#9377500
1!
b1000011001110111 %
b11011000110 (
r-26438 ,
1-
b1000011001110111 1
b11001100110011001100101110000000 3
b1100110011 4
b11001101 5
b111111111111110 8
#9380000
0!
0-
#9382500
1!
b1000000000000010 %
b11011000111 (
r-31113 ,
1-
b1000000000000010 1
b11011001100110011001100001001101 3
b1101100110 4
b10011010 5
b111100111001000 8
#9385000
0!
0-
#9387500
1!
b1000011000111000 %
b11011001000 (
r-32766 ,
1-
b1000011000111000 1
b11100110011001100110010100011010 3
b1110011001 4
b1100111 5
b110011110111100 8
#9390000
0!
0-
#9392500
1!
b1001100001000100 %
b11011001001 (
r-31176 ,
1-
b1001100001000100 1
b11110011001100110011000111100111 3
b1111001100 4
b110100 5
b100101110011101 8
#9395000
0!
0-
#9397500
1!
b1011010001100011 %
b11011001010 (
r-26556 ,
1-
b1011010001100011 1
b11111111111111111111111010110100 3
b1111111111 4
b1 5
b10100000100110 8
#9400000
0!
0-
#9402500
1!
b1101011111011010 %
b11011001011 (
r-19357 ,
1-
b1101011111011010 1
b1100110011001100101110000001 3
b110011 4
b110011 5
06
b11001001 8
#9405000
0!
0-
#9407500
1!
b1111111100110111 %
b11011001100 (
r-10278 ,
1-
b1111111100110111 1
b11001100110011001100001001110 3
b1100110 4
b1100110 5
07
b10011101100111 8
#9410000
0!
0-
#9412500
1!
b10011101100111 %
b11011001101 (
r-201 ,
1-
b10011101100111 1
b100110011001100110010100011011 3
b10011001 4
b10011001 5
b100101011111011 8
#9415000
0!
0-
#9417500
1!
b100101011111011 %
b11011001110 (
r10087 ,
1-
b100101011111011 1
b110011001100110011000111101000 3
b11001100 4
b11001100 5
b110011101000110 8
#9420000
0!
0-
#9422500
1!
b110011101000110 %
b11011001111 (
r19195 ,
1-
b110011101000110 1
b111111111111111111111010110101 3
b11111111 4
b11111111 5
b111100110001001 8
#9425000
0!
0-
#9427500
1!
b111100110001001 %
b11011010000 (
r26438 ,
1-
b111100110001001 1
b1001100110011001100101110000010 3
b100110011 4
b11001101 5
b111111111111110 8
#9430000
0!
0-
#9432500
1!
b111111111111110 %
b11011010001 (
r31113 ,
1-
b111111111111110 1
b1011001100110011001100001001111 3
b101100110 4
b10011010 5
b111100111001000 8
#9435000
0!
0-
#9437500
1!
b111100111001000 %
b11011010010 (
r32766 ,
1-
b111100111001000 1
b1100110011001100110010100011100 3
b110011001 4
b1100111 5
b110011110111100 8
#9440000
0!
0-
#9442500
1!
b110011110111100 %
b11011010011 (
r31176 ,
1-
b110011110111100 1
b1110011001100110011000111101001 3
b111001100 4
b110100 5
b100101110011101 8
#9445000
0!
0-
#9447500
1!
b100101110011101 %
b11011010100 (
r26556 ,
1-
b100101110011101 1
b1111111111111111111111010110110 3
b111111111 4
b1 5
b10100000100110 8
#9450000
0!
0-
#9452500
1!
b10100000100110 %
b11011010101 (
r19357 ,
1-
b10100000100110 1
b10001100110011001100101110000011 3
b1000110011 4
b110011 5
16
b11001001 8
#9455000
0!
0-
#9457500
1!
b11001001 %
b11011010110 (
r10278 ,
1-
b11001001 1
b10011001100110011001100001010000 3
b1001100110 4
b1100110 5
17
b10011101100111 8
#9460000
0!
0-
#9462500
1!
b1101100010011001 %
b11011010111 (
r201 ,
1-
b1101100010011001 1
b10100110011001100110010100011101 3
b1010011001 4
b10011001 5
b100101011111011 8
#9465000
0!
0-
#9467500
1!
b1011010100000101 %
b11011011000 (
r-10087 ,
1-
b1011010100000101 1
b10110011001100110011000111101010 3
b1011001100 4
b11001100 5
b110011101000110 8
#9470000
0!
0-
#9472500
1!
b1001100010111010 %
b11011011001 (
r-19195 ,
1-
b1001100010111010 1
b10111111111111111111111010110111 3
b1011111111 4
b11111111 5
b111100110001001 8
#9475000
0!
0-
#9477500
1!
b1000011001110111 %
b11011011010 (
r-26438 ,
1-
b1000011001110111 1
b11001100110011001100101110000100 3
b1100110011 4
b11001101 5
b111111111111110 8
#9480000
0!
0-
#9482500
1!
b1000000000000010 %
b11011011011 (
r-31113 ,
1-
b1000000000000010 1
b11011001100110011001100001010001 3
b1101100110 4
b10011010 5
b111100111001000 8
#9485000
0!
0-
#9487500
1!
b1000011000111000 %
b11011011100 (
r-32766 ,
1-
b1000011000111000 1
b11100110011001100110010100011110 3
b1110011001 4
b1100111 5
b110011110111100 8
#9490000
0!
0-
#9492500
1!
b1001100001000100 %
b11011011101 (
r-31176 ,
1-
b1001100001000100 1
b11110011001100110011000111101011 3
b1111001100 4
b110100 5
b100101110011101 8
#9495000
0!
0-
#9497500
1!
b1011010001100011 %
b11011011110 (
r-26556 ,
1-
b1011010001100011 1
b11111111111111111111111010111000 3
b1111111111 4
b1 5
b10100000100110 8
#9500000
0!
0-
#9502500
1!
b1101011111011010 %
b11011011111 (
r-19357 ,
1-
b1101011111011010 1
b1100110011001100101110000101 3
b110011 4
b110011 5
06
b11001001 8
#9505000
0!
0-
#9507500
1!
b1111111100110111 %
b11011100000 (
r-10278 ,
1-
b1111111100110111 1
b11001100110011001100001010010 3
b1100110 4
b1100110 5
07
b10011101100111 8
#9510000
0!
0-
#9512500
1!
b10011101100111 %
b11011100001 (
r-201 ,
1-
b10011101100111 1
b100110011001100110010100011111 3
b10011001 4
b10011001 5
b100101011111011 8
#9515000
0!
0-
#9517500
1!
b100101011111011 %
b11011100010 (
r10087 ,
1-
b100101011111011 1
b110011001100110011000111101100 3
b11001100 4
b11001100 5
b110011101000110 8
#9520000
0!
0-
#9522500
1!
b110011101000110 %
b11011100011 (
r19195 ,
1-
b110011101000110 1
b111111111111111111111010111001 3
b11111111 4
b11111111 5
b111100110001001 8
#9525000
0!
0-
#9527500
1!
b111100110001001 %
b11011100100 (
r26438 ,
1-
b111100110001001 1
b1001100110011001100101110000110 3
b100110011 4
b11001101 5
b111111111111110 8
#9530000
0!
0-
#9532500
1!
b111111111111110 %
b11011100101 (
r31113 ,
1-
b111111111111110 1
b1011001100110011001100001010011 3
b101100110 4
b10011010 5
b111100111001000 8
#9535000
0!
0-
#9537500
1!
b111100111001000 %
b11011100110 (
r32766 ,
1-
b111100111001000 1
b1100110011001100110010100100000 3
b110011001 4
b1100111 5
b110011110111100 8
#9540000
0!
0-
#9542500
1!
b110011110111100 %
b11011100111 (
r31176 ,
1-
b110011110111100 1
b1110011001100110011000111101101 3
b111001100 4
b110100 5
b100101110011101 8
#9545000
0!
0-
#9547500
1!
b100101110011101 %
b11011101000 (
r26556 ,
1-
b100101110011101 1
b1111111111111111111111010111010 3
b111111111 4
b1 5
b10100000100110 8
#9550000
0!
0-
#9552500
1!
b10100000100110 %
b11011101001 (
r19357 ,
1-
b10100000100110 1
b10001100110011001100101110000111 3
b1000110011 4
b110011 5
16
b11001001 8
#9555000
0!
0-
#9557500
1!
b11001001 %
b11011101010 (
r10278 ,
1-
b11001001 1
b10011001100110011001100001010100 3
b1001100110 4
b1100110 5
17
b10011101100111 8
#9560000
0!
0-
#9562500
1!
b1101100010011001 %
b11011101011 (
r201 ,
1-
b1101100010011001 1
b10100110011001100110010100100001 3
b1010011001 4
b10011001 5
b100101011111011 8
#9565000
0!
0-
#9567500
1!
b1011010100000101 %
b11011101100 (
r-10087 ,
1-
b1011010100000101 1
b10110011001100110011000111101110 3
b1011001100 4
b11001100 5
b110011101000110 8
#9570000
0!
0-
#9572500
1!
b1001100010111010 %
b11011101101 (
r-19195 ,
1-
b1001100010111010 1
b10111111111111111111111010111011 3
b1011111111 4
b11111111 5
b111100110001001 8
#9575000
0!
0-
#9577500
1!
b1000011001110111 %
b11011101110 (
r-26438 ,
1-
b1000011001110111 1
b11001100110011001100101110001000 3
b1100110011 4
b11001101 5
b111111111111110 8
#9580000
0!
0-
#9582500
1!
b1000000000000010 %
b11011101111 (
r-31113 ,
1-
b1000000000000010 1
b11011001100110011001100001010101 3
b1101100110 4
b10011010 5
b111100111001000 8
#9585000
0!
0-
#9587500
1!
b1000011000111000 %
b11011110000 (
r-32766 ,
1-
b1000011000111000 1
b11100110011001100110010100100010 3
b1110011001 4
b1100111 5
b110011110111100 8
#9590000
0!
0-
#9592500
1!
b1001100001000100 %
b11011110001 (
r-31176 ,
1-
b1001100001000100 1
b11110011001100110011000111101111 3
b1111001100 4
b110100 5
b100101110011101 8
#9595000
0!
0-
#9597500
1!
b1011010001100011 %
b11011110010 (
r-26556 ,
1-
b1011010001100011 1
b11111111111111111111111010111100 3
b1111111111 4
b1 5
b10100000100110 8
#9600000
0!
0-
#9602500
1!
b1101011111011010 %
b11011110011 (
r-19357 ,
1-
b1101011111011010 1
b1100110011001100101110001001 3
b110011 4
b110011 5
06
b11001001 8
#9605000
0!
0-
#9607500
1!
b1111111100110111 %
b11011110100 (
r-10278 ,
1-
b1111111100110111 1
b11001100110011001100001010110 3
b1100110 4
b1100110 5
07
b10011101100111 8
#9610000
0!
0-
#9612500
1!
b10011101100111 %
b11011110101 (
r-201 ,
1-
b10011101100111 1
b100110011001100110010100100011 3
b10011001 4
b10011001 5
b100101011111011 8
#9615000
0!
0-
#9617500
1!
b100101011111011 %
b11011110110 (
r10087 ,
1-
b100101011111011 1
b110011001100110011000111110000 3
b11001100 4
b11001100 5
b110011101000110 8
#9620000
0!
0-
#9622500
1!
b110011101000110 %
b11011110111 (
r19195 ,
1-
b110011101000110 1
b111111111111111111111010111101 3
b11111111 4
b11111111 5
b111100110001001 8
#9625000
0!
0-
#9627500
1!
b111100110001001 %
b11011111000 (
r26438 ,
1-
b111100110001001 1
b1001100110011001100101110001010 3
b100110011 4
b11001101 5
b111111111111110 8
#9630000
0!
0-
#9632500
1!
b111111111111110 %
b11011111001 (
r31113 ,
1-
b111111111111110 1
b1011001100110011001100001010111 3
b101100110 4
b10011010 5
b111100111001000 8
#9635000
0!
0-
#9637500
1!
b111100111001000 %
b11011111010 (
r32766 ,
1-
b111100111001000 1
b1100110011001100110010100100100 3
b110011001 4
b1100111 5
b110011110111100 8
#9640000
0!
0-
#9642500
1!
b110011110111100 %
b11011111011 (
r31176 ,
1-
b110011110111100 1
b1110011001100110011000111110001 3
b111001100 4
b110100 5
b100101110011101 8
#9645000
0!
0-
#9647500
1!
b100101110011101 %
b11011111100 (
r26556 ,
1-
b100101110011101 1
b1111111111111111111111010111110 3
b111111111 4
b1 5
b10100000100110 8
#9650000
0!
0-
#9652500
1!
b10100000100110 %
b11011111101 (
r19357 ,
1-
b10100000100110 1
b10001100110011001100101110001011 3
b1000110011 4
b110011 5
16
b11001001 8
#9655000
0!
0-
#9657500
1!
b11001001 %
b11011111110 (
r10278 ,
1-
b11001001 1
b10011001100110011001100001011000 3
b1001100110 4
b1100110 5
17
b10011101100111 8
#9660000
0!
0-
#9662500
1!
b1101100010011001 %
b11011111111 (
r201 ,
1-
b1101100010011001 1
b10100110011001100110010100100101 3
b1010011001 4
b10011001 5
b100101011111011 8
#9665000
0!
0-
#9667500
1!
b1011010100000101 %
b11100000000 (
r-10087 ,
1-
b1011010100000101 1
b10110011001100110011000111110010 3
b1011001100 4
b11001100 5
b110011101000110 8
#9670000
0!
0-
#9672500
1!
b1001100010111010 %
b11100000001 (
r-19195 ,
1-
b1001100010111010 1
b10111111111111111111111010111111 3
b1011111111 4
b11111111 5
b111100110001001 8
#9675000
0!
0-
#9677500
1!
b1000011001110111 %
b11100000010 (
r-26438 ,
1-
b1000011001110111 1
b11001100110011001100101110001100 3
b1100110011 4
b11001101 5
b111111111111110 8
#9680000
0!
0-
#9682500
1!
b1000000000000010 %
b11100000011 (
r-31113 ,
1-
b1000000000000010 1
b11011001100110011001100001011001 3
b1101100110 4
b10011010 5
b111100111001000 8
#9685000
0!
0-
#9687500
1!
b1000011000111000 %
b11100000100 (
r-32766 ,
1-
b1000011000111000 1
b11100110011001100110010100100110 3
b1110011001 4
b1100111 5
b110011110111100 8
#9690000
0!
0-
#9692500
1!
b1001100001000100 %
b11100000101 (
r-31176 ,
1-
b1001100001000100 1
b11110011001100110011000111110011 3
b1111001100 4
b110100 5
b100101110011101 8
#9695000
0!
0-
#9697500
1!
b1011010001100011 %
b11100000110 (
r-26556 ,
1-
b1011010001100011 1
b11111111111111111111111011000000 3
b1111111111 4
b1 5
b10100000100110 8
#9700000
0!
0-
#9702500
1!
b1101011111011010 %
b11100000111 (
r-19357 ,
1-
b1101011111011010 1
b1100110011001100101110001101 3
b110011 4
b110011 5
06
b11001001 8
#9705000
0!
0-
#9707500
1!
b1111111100110111 %
b11100001000 (
r-10278 ,
1-
b1111111100110111 1
b11001100110011001100001011010 3
b1100110 4
b1100110 5
07
b10011101100111 8
#9710000
0!
0-
#9712500
1!
b10011101100111 %
b11100001001 (
r-201 ,
1-
b10011101100111 1
b100110011001100110010100100111 3
b10011001 4
b10011001 5
b100101011111011 8
#9715000
0!
0-
#9717500
1!
b100101011111011 %
b11100001010 (
r10087 ,
1-
b100101011111011 1
b110011001100110011000111110100 3
b11001100 4
b11001100 5
b110011101000110 8
#9720000
0!
0-
#9722500
1!
b110011101000110 %
b11100001011 (
r19195 ,
1-
b110011101000110 1
b111111111111111111111011000001 3
b11111111 4
b11111111 5
b111100110001001 8
#9725000
0!
0-
#9727500
1!
b111100110001001 %
b11100001100 (
r26438 ,
1-
b111100110001001 1
b1001100110011001100101110001110 3
b100110011 4
b11001101 5
b111111111111110 8
#9730000
0!
0-
#9732500
1!
b111111111111110 %
b11100001101 (
r31113 ,
1-
b111111111111110 1
b1011001100110011001100001011011 3
b101100110 4
b10011010 5
b111100111001000 8
#9735000
0!
0-
#9737500
1!
b111100111001000 %
b11100001110 (
r32766 ,
1-
b111100111001000 1
b1100110011001100110010100101000 3
b110011001 4
b1100111 5
b110011110111100 8
#9740000
0!
0-
#9742500
1!
b110011110111100 %
b11100001111 (
r31176 ,
1-
b110011110111100 1
b1110011001100110011000111110101 3
b111001100 4
b110100 5
b100101110011101 8
#9745000
0!
0-
#9747500
1!
b100101110011101 %
b11100010000 (
r26556 ,
1-
b100101110011101 1
b1111111111111111111111011000010 3
b111111111 4
b1 5
b10100000100110 8
#9750000
0!
0-
#9752500
1!
b10100000100110 %
b11100010001 (
r19357 ,
1-
b10100000100110 1
b10001100110011001100101110001111 3
b1000110011 4
b110011 5
16
b11001001 8
#9755000
0!
0-
#9757500
1!
b11001001 %
b11100010010 (
r10278 ,
1-
b11001001 1
b10011001100110011001100001011100 3
b1001100110 4
b1100110 5
17
b10011101100111 8
#9760000
0!
0-
#9762500
1!
b1101100010011001 %
b11100010011 (
r201 ,
1-
b1101100010011001 1
b10100110011001100110010100101001 3
b1010011001 4
b10011001 5
b100101011111011 8
#9765000
0!
0-
#9767500
1!
b1011010100000101 %
b11100010100 (
r-10087 ,
1-
b1011010100000101 1
b10110011001100110011000111110110 3
b1011001100 4
b11001100 5
b110011101000110 8
#9770000
0!
0-
#9772500
1!
b1001100010111010 %
b11100010101 (
r-19195 ,
1-
b1001100010111010 1
b10111111111111111111111011000011 3
b1011111111 4
b11111111 5
b111100110001001 8
#9775000
0!
0-
#9777500
1!
b1000011001110111 %
b11100010110 (
r-26438 ,
1-
b1000011001110111 1
b11001100110011001100101110010000 3
b1100110011 4
b11001101 5
b111111111111110 8
#9780000
0!
0-
#9782500
1!
b1000000000000010 %
b11100010111 (
r-31113 ,
1-
b1000000000000010 1
b11011001100110011001100001011101 3
b1101100110 4
b10011010 5
b111100111001000 8
#9785000
0!
0-
#9787500
1!
b1000011000111000 %
b11100011000 (
r-32766 ,
1-
b1000011000111000 1
b11100110011001100110010100101010 3
b1110011001 4
b1100111 5
b110011110111100 8
#9790000
0!
0-
#9792500
1!
b1001100001000100 %
b11100011001 (
r-31176 ,
1-
b1001100001000100 1
b11110011001100110011000111110111 3
b1111001100 4
b110100 5
b100101110011101 8
#9795000
0!
0-
#9797500
1!
b1011010001100011 %
b11100011010 (
r-26556 ,
1-
b1011010001100011 1
b11111111111111111111111011000100 3
b1111111111 4
b1 5
b10100000100110 8
#9800000
0!
0-
#9802500
1!
b1101011111011010 %
b11100011011 (
r-19357 ,
1-
b1101011111011010 1
b1100110011001100101110010001 3
b110011 4
b110011 5
06
b11001001 8
#9805000
0!
0-
#9807500
1!
b1111111100110111 %
b11100011100 (
r-10278 ,
1-
b1111111100110111 1
b11001100110011001100001011110 3
b1100110 4
b1100110 5
07
b10011101100111 8
#9810000
0!
0-
#9812500
1!
b10011101100111 %
b11100011101 (
r-201 ,
1-
b10011101100111 1
b100110011001100110010100101011 3
b10011001 4
b10011001 5
b100101011111011 8
#9815000
0!
0-
#9817500
1!
b100101011111011 %
b11100011110 (
r10087 ,
1-
b100101011111011 1
b110011001100110011000111111000 3
b11001100 4
b11001100 5
b110011101000110 8
#9820000
0!
0-
#9822500
1!
b110011101000110 %
b11100011111 (
r19195 ,
1-
b110011101000110 1
b111111111111111111111011000101 3
b11111111 4
b11111111 5
b111100110001001 8
#9825000
0!
0-
#9827500
1!
b111100110001001 %
b11100100000 (
r26438 ,
1-
b111100110001001 1
b1001100110011001100101110010010 3
b100110011 4
b11001101 5
b111111111111110 8
#9830000
0!
0-
#9832500
1!
b111111111111110 %
b11100100001 (
r31113 ,
1-
b111111111111110 1
b1011001100110011001100001011111 3
b101100110 4
b10011010 5
b111100111001000 8
#9835000
0!
0-
#9837500
1!
b111100111001000 %
b11100100010 (
r32766 ,
1-
b111100111001000 1
b1100110011001100110010100101100 3
b110011001 4
b1100111 5
b110011110111100 8
#9840000
0!
0-
#9842500
1!
b110011110111100 %
b11100100011 (
r31176 ,
1-
b110011110111100 1
b1110011001100110011000111111001 3
b111001100 4
b110100 5
b100101110011101 8
#9845000
0!
0-
#9847500
1!
b100101110011101 %
b11100100100 (
r26556 ,
1-
b100101110011101 1
b1111111111111111111111011000110 3
b111111111 4
b1 5
b10100000100110 8
#9850000
0!
0-
#9852500
1!
b10100000100110 %
b11100100101 (
r19357 ,
1-
b10100000100110 1
b10001100110011001100101110010011 3
b1000110011 4
b110011 5
16
b11001001 8
#9855000
0!
0-
#9857500
1!
b11001001 %
b11100100110 (
r10278 ,
1-
b11001001 1
b10011001100110011001100001100000 3
b1001100110 4
b1100110 5
17
b10011101100111 8
#9860000
0!
0-
#9862500
1!
b1101100010011001 %
b11100100111 (
r201 ,
1-
b1101100010011001 1
b10100110011001100110010100101101 3
b1010011001 4
b10011001 5
b100101011111011 8
#9865000
0!
0-
#9867500
1!
b1011010100000101 %
b11100101000 (
r-10087 ,
1-
b1011010100000101 1
b10110011001100110011000111111010 3
b1011001100 4
b11001100 5
b110011101000110 8
#9870000
0!
0-
#9872500
1!
b1001100010111010 %
b11100101001 (
r-19195 ,
1-
b1001100010111010 1
b10111111111111111111111011000111 3
b1011111111 4
b11111111 5
b111100110001001 8
#9875000
0!
0-
#9877500
1!
b1000011001110111 %
b11100101010 (
r-26438 ,
1-
b1000011001110111 1
b11001100110011001100101110010100 3
b1100110011 4
b11001101 5
b111111111111110 8
#9880000
0!
0-
#9882500
1!
b1000000000000010 %
b11100101011 (
r-31113 ,
1-
b1000000000000010 1
b11011001100110011001100001100001 3
b1101100110 4
b10011010 5
b111100111001000 8
#9885000
0!
0-
#9887500
1!
b1000011000111000 %
b11100101100 (
r-32766 ,
1-
b1000011000111000 1
b11100110011001100110010100101110 3
b1110011001 4
b1100111 5
b110011110111100 8
#9890000
0!
0-
#9892500
1!
b1001100001000100 %
b11100101101 (
r-31176 ,
1-
b1001100001000100 1
b11110011001100110011000111111011 3
b1111001100 4
b110100 5
b100101110011101 8
#9895000
0!
0-
#9897500
1!
b1011010001100011 %
b11100101110 (
r-26556 ,
1-
b1011010001100011 1
b11111111111111111111111011001000 3
b1111111111 4
b1 5
b10100000100110 8
#9900000
0!
0-
#9902500
1!
b1101011111011010 %
b11100101111 (
r-19357 ,
1-
b1101011111011010 1
b1100110011001100101110010101 3
b110011 4
b110011 5
06
b11001001 8
#9905000
0!
0-
#9907500
1!
b1111111100110111 %
b11100110000 (
r-10278 ,
1-
b1111111100110111 1
b11001100110011001100001100010 3
b1100110 4
b1100110 5
07
b10011101100111 8
#9910000
0!
0-
#9912500
1!
b10011101100111 %
b11100110001 (
r-201 ,
1-
b10011101100111 1
b100110011001100110010100101111 3
b10011001 4
b10011001 5
b100101011111011 8
#9915000
0!
0-
#9917500
1!
b100101011111011 %
b11100110010 (
r10087 ,
1-
b100101011111011 1
b110011001100110011000111111100 3
b11001100 4
b11001100 5
b110011101000110 8
#9920000
0!
0-
#9922500
1!
b110011101000110 %
b11100110011 (
r19195 ,
1-
b110011101000110 1
b111111111111111111111011001001 3
b11111111 4
b11111111 5
b111100110001001 8
#9925000
0!
0-
#9927500
1!
b111100110001001 %
b11100110100 (
r26438 ,
1-
b111100110001001 1
b1001100110011001100101110010110 3
b100110011 4
b11001101 5
b111111111111110 8
#9930000
0!
0-
#9932500
1!
b111111111111110 %
b11100110101 (
r31113 ,
1-
b111111111111110 1
b1011001100110011001100001100011 3
b101100110 4
b10011010 5
b111100111001000 8
#9935000
0!
0-
#9937500
1!
b111100111001000 %
b11100110110 (
r32766 ,
1-
b111100111001000 1
b1100110011001100110010100110000 3
b110011001 4
b1100111 5
b110011110111100 8
#9940000
0!
0-
#9942500
1!
b110011110111100 %
b11100110111 (
r31176 ,
1-
b110011110111100 1
b1110011001100110011000111111101 3
b111001100 4
b110100 5
b100101110011101 8
#9945000
0!
0-
#9947500
1!
b100101110011101 %
b11100111000 (
r26556 ,
1-
b100101110011101 1
b1111111111111111111111011001010 3
b111111111 4
b1 5
b10100000100110 8
#9950000
0!
0-
#9952500
1!
b10100000100110 %
b11100111001 (
r19357 ,
1-
b10100000100110 1
b10001100110011001100101110010111 3
b1000110011 4
b110011 5
16
b11001001 8
#9955000
0!
0-
#9957500
1!
b11001001 %
b11100111010 (
r10278 ,
1-
b11001001 1
b10011001100110011001100001100100 3
b1001100110 4
b1100110 5
17
b10011101100111 8
#9960000
0!
0-
#9962500
1!
b1101100010011001 %
b11100111011 (
r201 ,
1-
b1101100010011001 1
b10100110011001100110010100110001 3
b1010011001 4
b10011001 5
b100101011111011 8
#9965000
0!
0-
#9967500
1!
b1011010100000101 %
b11100111100 (
r-10087 ,
1-
b1011010100000101 1
b10110011001100110011000111111110 3
b1011001100 4
b11001100 5
b110011101000110 8
#9970000
0!
0-
#9972500
1!
b1001100010111010 %
b11100111101 (
r-19195 ,
1-
b1001100010111010 1
b10111111111111111111111011001011 3
b1011111111 4
b11111111 5
b111100110001001 8
#9975000
0!
0-
#9977500
1!
b1000011001110111 %
b11100111110 (
r-26438 ,
1-
b1000011001110111 1
b11001100110011001100101110011000 3
b1100110011 4
b11001101 5
b111111111111110 8
#9980000
0!
0-
#9982500
1!
b1000000000000010 %
b11100111111 (
r-31113 ,
1-
b1000000000000010 1
b11011001100110011001100001100101 3
b1101100110 4
b10011010 5
b111100111001000 8
#9985000
0!
0-
#9987500
1!
b1000011000111000 %
b11101000000 (
r-32766 ,
1-
b1000011000111000 1
b11100110011001100110010100110010 3
b1110011001 4
b1100111 5
b110011110111100 8
#9990000
0!
0-
#9992500
1!
b1001100001000100 %
b11101000001 (
r-31176 ,
1-
b1001100001000100 1
b11110011001100110011000111111111 3
b1111001100 4
b110100 5
b100101110011101 8
#9995000
0!
0-
#9997500
1!
b1011010001100011 %
b11101000010 (
r-26556 ,
1-
b1011010001100011 1
b11111111111111111111111011001100 3
b1111111111 4
b1 5
b10100000100110 8
#10000000
0!
0-
#10002500
1!
b1101011111011010 %
b11101000011 (
r-19357 ,
1-
b1101011111011010 1
b1100110011001100101110011001 3
b110011 4
b110011 5
06
b11001001 8
#10005000
0!
0-
#10007500
1!
b1111111100110111 %
b11101000100 (
r-10278 ,
1-
b1111111100110111 1
b11001100110011001100001100110 3
b1100110 4
b1100110 5
07
b10011101100111 8
#10010000
0!
0-
#10012500
1!
b10011101100111 %
b11101000101 (
r-201 ,
1-
b10011101100111 1
b100110011001100110010100110011 3
b10011001 4
b10011001 5
b100101011111011 8
#10015000
0!
0-
#10017500
1!
b100101011111011 %
b11101000110 (
r10087 ,
1-
b100101011111011 1
b110011001100110011001000000000 3
b11001100 4
b11001100 5
b110011101000110 8
#10020000
0!
0-
#10022500
1!
b110011101000110 %
b11101000111 (
r19195 ,
1-
b110011101000110 1
b111111111111111111111011001101 3
b11111111 4
b11111111 5
b111100110001001 8
#10025000
0!
0-
#10027500
1!
b111100110001001 %
b11101001000 (
r26438 ,
1-
b111100110001001 1
b1001100110011001100101110011010 3
b100110011 4
b11001101 5
b111111111111110 8
#10030000
0!
0-
#10032500
1!
b111111111111110 %
b11101001001 (
r31113 ,
1-
b111111111111110 1
b1011001100110011001100001100111 3
b101100110 4
b10011010 5
b111100111001000 8
#10035000
0!
0-
#10037500
1!
b111100111001000 %
b11101001010 (
r32766 ,
1-
b111100111001000 1
b1100110011001100110010100110100 3
b110011001 4
b1100111 5
b110011110111100 8
#10040000
0!
0-
#10042500
1!
b110011110111100 %
b11101001011 (
r31176 ,
1-
b110011110111100 1
b1110011001100110011001000000001 3
b111001100 4
b110100 5
b100101110011101 8
#10045000
0!
0-
#10047500
1!
b100101110011101 %
b11101001100 (
r26556 ,
1-
b100101110011101 1
b1111111111111111111111011001110 3
b111111111 4
b1 5
b10100000100110 8
#10050000
0!
0-
#10052500
1!
b10100000100110 %
b11101001101 (
r19357 ,
1-
b10100000100110 1
b10001100110011001100101110011011 3
b1000110011 4
b110011 5
16
b11001001 8
#10055000
0!
0-
#10057500
1!
b11001001 %
b11101001110 (
r10278 ,
1-
b11001001 1
b10011001100110011001100001101000 3
b1001100110 4
b1100110 5
17
b10011101100111 8
#10060000
0!
0-
#10062500
1!
b1101100010011001 %
b11101001111 (
r201 ,
1-
b1101100010011001 1
b10100110011001100110010100110101 3
b1010011001 4
b10011001 5
b100101011111011 8
#10065000
0!
0-
#10067500
1!
b1011010100000101 %
b11101010000 (
r-10087 ,
1-
b1011010100000101 1
b10110011001100110011001000000010 3
b1011001100 4
b11001100 5
b110011101000110 8
#10070000
0!
0-
#10072500
1!
b1001100010111010 %
b11101010001 (
r-19195 ,
1-
b1001100010111010 1
b10111111111111111111111011001111 3
b1011111111 4
b11111111 5
b111100110001001 8
#10075000
0!
0-
#10077500
1!
b1000011001110111 %
b11101010010 (
r-26438 ,
1-
b1000011001110111 1
b11001100110011001100101110011100 3
b1100110011 4
b11001101 5
b111111111111110 8
#10080000
0!
0-
#10082500
1!
b1000000000000010 %
b11101010011 (
r-31113 ,
1-
b1000000000000010 1
b11011001100110011001100001101001 3
b1101100110 4
b10011010 5
b111100111001000 8
#10085000
0!
0-
#10087500
1!
b1000011000111000 %
b11101010100 (
r-32766 ,
1-
b1000011000111000 1
b11100110011001100110010100110110 3
b1110011001 4
b1100111 5
b110011110111100 8
#10090000
0!
0-
#10092500
1!
b1001100001000100 %
b11101010101 (
r-31176 ,
1-
b1001100001000100 1
b11110011001100110011001000000011 3
b1111001100 4
b110100 5
b100101110011101 8
#10095000
0!
0-
#10097500
1!
b1011010001100011 %
b11101010110 (
r-26556 ,
1-
b1011010001100011 1
b11111111111111111111111011010000 3
b1111111111 4
b1 5
b10100000100110 8
#10100000
0!
0-
#10102500
1!
b1101011111011010 %
b11101010111 (
r-19357 ,
1-
b1101011111011010 1
b1100110011001100101110011101 3
b110011 4
b110011 5
06
b11001001 8
#10105000
0!
0-
#10107500
1!
b1111111100110111 %
b11101011000 (
r-10278 ,
1-
b1111111100110111 1
b11001100110011001100001101010 3
b1100110 4
b1100110 5
07
b10011101100111 8
#10110000
0!
0-
#10112500
1!
b10011101100111 %
b11101011001 (
r-201 ,
1-
b10011101100111 1
b100110011001100110010100110111 3
b10011001 4
b10011001 5
b100101011111011 8
#10115000
0!
0-
#10117500
1!
b100101011111011 %
b11101011010 (
r10087 ,
1-
b100101011111011 1
b110011001100110011001000000100 3
b11001100 4
b11001100 5
b110011101000110 8
#10120000
0!
0-
#10122500
1!
b110011101000110 %
b11101011011 (
r19195 ,
1-
b110011101000110 1
b111111111111111111111011010001 3
b11111111 4
b11111111 5
b111100110001001 8
#10125000
0!
0-
#10127500
1!
b111100110001001 %
b11101011100 (
r26438 ,
1-
b111100110001001 1
b1001100110011001100101110011110 3
b100110011 4
b11001101 5
b111111111111110 8
#10130000
0!
0-
#10132500
1!
b111111111111110 %
b11101011101 (
r31113 ,
1-
b111111111111110 1
b1011001100110011001100001101011 3
b101100110 4
b10011010 5
b111100111001000 8
#10135000
0!
0-
#10137500
1!
b111100111001000 %
b11101011110 (
r32766 ,
1-
b111100111001000 1
b1100110011001100110010100111000 3
b110011001 4
b1100111 5
b110011110111100 8
#10140000
0!
0-
#10142500
1!
b110011110111100 %
b11101011111 (
r31176 ,
1-
b110011110111100 1
b1110011001100110011001000000101 3
b111001100 4
b110100 5
b100101110011101 8
#10145000
0!
0-
#10147500
1!
b100101110011101 %
b11101100000 (
r26556 ,
1-
b100101110011101 1
b1111111111111111111111011010010 3
b111111111 4
b1 5
b10100000100110 8
#10150000
0!
0-
#10152500
1!
b10100000100110 %
b11101100001 (
r19357 ,
1-
b10100000100110 1
b10001100110011001100101110011111 3
b1000110011 4
b110011 5
16
b11001001 8
#10155000
0!
0-
#10157500
1!
b11001001 %
b11101100010 (
r10278 ,
1-
b11001001 1
b10011001100110011001100001101100 3
b1001100110 4
b1100110 5
17
b10011101100111 8
#10160000
0!
0-
#10162500
1!
b1101100010011001 %
b11101100011 (
r201 ,
1-
b1101100010011001 1
b10100110011001100110010100111001 3
b1010011001 4
b10011001 5
b100101011111011 8
#10165000
0!
0-
#10167500
1!
b1011010100000101 %
b11101100100 (
r-10087 ,
1-
b1011010100000101 1
b10110011001100110011001000000110 3
b1011001100 4
b11001100 5
b110011101000110 8
#10170000
0!
0-
#10172500
1!
b1001100010111010 %
b11101100101 (
r-19195 ,
1-
b1001100010111010 1
b10111111111111111111111011010011 3
b1011111111 4
b11111111 5
b111100110001001 8
#10175000
0!
0-
#10177500
1!
b1000011001110111 %
b11101100110 (
r-26438 ,
1-
b1000011001110111 1
b11001100110011001100101110100000 3
b1100110011 4
b11001101 5
b111111111111110 8
#10180000
0!
0-
#10182500
1!
b1000000000000010 %
b11101100111 (
r-31113 ,
1-
b1000000000000010 1
b11011001100110011001100001101101 3
b1101100110 4
b10011010 5
b111100111001000 8
#10185000
0!
0-
#10187500
1!
b1000011000111000 %
b11101101000 (
r-32766 ,
1-
b1000011000111000 1
b11100110011001100110010100111010 3
b1110011001 4
b1100111 5
b110011110111100 8
#10190000
0!
0-
#10192500
1!
b1001100001000100 %
b11101101001 (
r-31176 ,
1-
b1001100001000100 1
b11110011001100110011001000000111 3
b1111001100 4
b110100 5
b100101110011101 8
#10195000
0!
0-
#10197500
1!
b1011010001100011 %
b11101101010 (
r-26556 ,
1-
b1011010001100011 1
b11111111111111111111111011010100 3
b1111111111 4
b1 5
b10100000100110 8
#10200000
0!
0-
#10202500
1!
b1101011111011010 %
b11101101011 (
r-19357 ,
1-
b1101011111011010 1
b1100110011001100101110100001 3
b110011 4
b110011 5
06
b11001001 8
#10205000
0!
0-
#10207500
1!
b1111111100110111 %
b11101101100 (
r-10278 ,
1-
b1111111100110111 1
b11001100110011001100001101110 3
b1100110 4
b1100110 5
07
b10011101100111 8
#10210000
0!
0-
#10212500
1!
b10011101100111 %
b11101101101 (
r-201 ,
1-
b10011101100111 1
b100110011001100110010100111011 3
b10011001 4
b10011001 5
b100101011111011 8
#10215000
0!
0-
#10217500
1!
b100101011111011 %
b11101101110 (
r10087 ,
1-
b100101011111011 1
b110011001100110011001000001000 3
b11001100 4
b11001100 5
b110011101000110 8
#10220000
0!
0-
#10222500
1!
b110011101000110 %
b11101101111 (
r19195 ,
1-
b110011101000110 1
b111111111111111111111011010101 3
b11111111 4
b11111111 5
b111100110001001 8
#10225000
0!
0-
#10227500
1!
b111100110001001 %
b11101110000 (
r26438 ,
1-
b111100110001001 1
b1001100110011001100101110100010 3
b100110011 4
b11001101 5
b111111111111110 8
#10230000
0!
0-
#10232500
1!
b111111111111110 %
b11101110001 (
r31113 ,
1-
b111111111111110 1
b1011001100110011001100001101111 3
b101100110 4
b10011010 5
b111100111001000 8
#10235000
0!
0-
#10237500
1!
b111100111001000 %
b11101110010 (
r32766 ,
1-
b111100111001000 1
b1100110011001100110010100111100 3
b110011001 4
b1100111 5
b110011110111100 8
#10240000
0!
0-
#10242500
1!
b110011110111100 %
b11101110011 (
r31176 ,
1-
b110011110111100 1
b1110011001100110011001000001001 3
b111001100 4
b110100 5
b100101110011101 8
#10245000
0!
0-
#10247500
1!
b100101110011101 %
b11101110100 (
r26556 ,
1-
b100101110011101 1
b1111111111111111111111011010110 3
b111111111 4
b1 5
b10100000100110 8
#10250000
0!
0-
#10252500
1!
b10100000100110 %
b11101110101 (
r19357 ,
1-
b10100000100110 1
b10001100110011001100101110100011 3
b1000110011 4
b110011 5
16
b11001001 8
#10255000
0!
0-
#10257500
1!
b11001001 %
b11101110110 (
r10278 ,
1-
b11001001 1
b10011001100110011001100001110000 3
b1001100110 4
b1100110 5
17
b10011101100111 8
#10260000
0!
0-
#10262500
1!
b1101100010011001 %
b11101110111 (
r201 ,
1-
b1101100010011001 1
b10100110011001100110010100111101 3
b1010011001 4
b10011001 5
b100101011111011 8
#10265000
0!
0-
#10267500
1!
b1011010100000101 %
b11101111000 (
r-10087 ,
1-
b1011010100000101 1
b10110011001100110011001000001010 3
b1011001100 4
b11001100 5
b110011101000110 8
#10270000
0!
0-
#10272500
1!
b1001100010111010 %
b11101111001 (
r-19195 ,
1-
b1001100010111010 1
b10111111111111111111111011010111 3
b1011111111 4
b11111111 5
b111100110001001 8
#10275000
0!
0-
#10277500
1!
b1000011001110111 %
b11101111010 (
r-26438 ,
1-
b1000011001110111 1
b11001100110011001100101110100100 3
b1100110011 4
b11001101 5
b111111111111110 8
#10280000
0!
0-
#10282500
1!
b1000000000000010 %
b11101111011 (
r-31113 ,
1-
b1000000000000010 1
b11011001100110011001100001110001 3
b1101100110 4
b10011010 5
b111100111001000 8
#10285000
0!
0-
#10287500
1!
b1000011000111000 %
b11101111100 (
r-32766 ,
1-
b1000011000111000 1
b11100110011001100110010100111110 3
b1110011001 4
b1100111 5
b110011110111100 8
#10290000
0!
0-
#10292500
1!
b1001100001000100 %
b11101111101 (
r-31176 ,
1-
b1001100001000100 1
b11110011001100110011001000001011 3
b1111001100 4
b110100 5
b100101110011101 8
#10295000
0!
0-
#10297500
1!
b1011010001100011 %
b11101111110 (
r-26556 ,
1-
b1011010001100011 1
b11111111111111111111111011011000 3
b1111111111 4
b1 5
b10100000100110 8
#10300000
0!
0-
#10302500
1!
b1101011111011010 %
b11101111111 (
r-19357 ,
1-
b1101011111011010 1
b1100110011001100101110100101 3
b110011 4
b110011 5
06
b11001001 8
#10305000
0!
0-
#10307500
1!
b1111111100110111 %
b11110000000 (
r-10278 ,
1-
b1111111100110111 1
b11001100110011001100001110010 3
b1100110 4
b1100110 5
07
b10011101100111 8
#10310000
0!
0-
#10312500
1!
b10011101100111 %
b11110000001 (
r-201 ,
1-
b10011101100111 1
b100110011001100110010100111111 3
b10011001 4
b10011001 5
b100101011111011 8
#10315000
0!
0-
#10317500
1!
b100101011111011 %
b11110000010 (
r10087 ,
1-
b100101011111011 1
b110011001100110011001000001100 3
b11001100 4
b11001100 5
b110011101000110 8
#10320000
0!
0-
#10322500
1!
b110011101000110 %
b11110000011 (
r19195 ,
1-
b110011101000110 1
b111111111111111111111011011001 3
b11111111 4
b11111111 5
b111100110001001 8
#10325000
0!
0-
#10327500
1!
b111100110001001 %
b11110000100 (
r26438 ,
1-
b111100110001001 1
b1001100110011001100101110100110 3
b100110011 4
b11001101 5
b111111111111110 8
#10330000
0!
0-
#10332500
1!
b111111111111110 %
b11110000101 (
r31113 ,
1-
b111111111111110 1
b1011001100110011001100001110011 3
b101100110 4
b10011010 5
b111100111001000 8
#10335000
0!
0-
#10337500
1!
b111100111001000 %
b11110000110 (
r32766 ,
1-
b111100111001000 1
b1100110011001100110010101000000 3
b110011001 4
b1100111 5
b110011110111100 8
#10340000
0!
0-
#10342500
1!
b110011110111100 %
b11110000111 (
r31176 ,
1-
b110011110111100 1
b1110011001100110011001000001101 3
b111001100 4
b110100 5
b100101110011101 8
#10345000
0!
0-
#10347500
1!
b100101110011101 %
b11110001000 (
r26556 ,
1-
b100101110011101 1
b1111111111111111111111011011010 3
b111111111 4
b1 5
b10100000100110 8
#10350000
0!
0-
#10352500
1!
b10100000100110 %
b11110001001 (
r19357 ,
1-
b10100000100110 1
b10001100110011001100101110100111 3
b1000110011 4
b110011 5
16
b11001001 8
#10355000
0!
0-
#10357500
1!
b11001001 %
b11110001010 (
r10278 ,
1-
b11001001 1
b10011001100110011001100001110100 3
b1001100110 4
b1100110 5
17
b10011101100111 8
#10360000
0!
0-
#10362500
1!
b1101100010011001 %
b11110001011 (
r201 ,
1-
b1101100010011001 1
b10100110011001100110010101000001 3
b1010011001 4
b10011001 5
b100101011111011 8
#10365000
0!
0-
#10367500
1!
b1011010100000101 %
b11110001100 (
r-10087 ,
1-
b1011010100000101 1
b10110011001100110011001000001110 3
b1011001100 4
b11001100 5
b110011101000110 8
#10370000
0!
0-
#10372500
1!
b1001100010111010 %
b11110001101 (
r-19195 ,
1-
b1001100010111010 1
b10111111111111111111111011011011 3
b1011111111 4
b11111111 5
b111100110001001 8
#10375000
0!
0-
#10377500
1!
b1000011001110111 %
b11110001110 (
r-26438 ,
1-
b1000011001110111 1
b11001100110011001100101110101000 3
b1100110011 4
b11001101 5
b111111111111110 8
#10380000
0!
0-
#10382500
1!
b1000000000000010 %
b11110001111 (
r-31113 ,
1-
b1000000000000010 1
b11011001100110011001100001110101 3
b1101100110 4
b10011010 5
b111100111001000 8
#10385000
0!
0-
#10387500
1!
b1000011000111000 %
b11110010000 (
r-32766 ,
1-
b1000011000111000 1
b11100110011001100110010101000010 3
b1110011001 4
b1100111 5
b110011110111100 8
#10390000
0!
0-
#10392500
1!
b1001100001000100 %
b11110010001 (
r-31176 ,
1-
b1001100001000100 1
b11110011001100110011001000001111 3
b1111001100 4
b110100 5
b100101110011101 8
#10395000
0!
0-
#10397500
1!
b1011010001100011 %
b11110010010 (
r-26556 ,
1-
b1011010001100011 1
b11111111111111111111111011011100 3
b1111111111 4
b1 5
b10100000100110 8
#10400000
0!
0-
#10402500
1!
b1101011111011010 %
b11110010011 (
r-19357 ,
1-
b1101011111011010 1
b1100110011001100101110101001 3
b110011 4
b110011 5
06
b11001001 8
#10405000
0!
0-
#10407500
1!
b1111111100110111 %
b11110010100 (
r-10278 ,
1-
b1111111100110111 1
b11001100110011001100001110110 3
b1100110 4
b1100110 5
07
b10011101100111 8
#10410000
0!
0-
#10412500
1!
b10011101100111 %
b11110010101 (
r-201 ,
1-
b10011101100111 1
b100110011001100110010101000011 3
b10011001 4
b10011001 5
b100101011111011 8
#10415000
0!
0-
#10417500
1!
b100101011111011 %
b11110010110 (
r10087 ,
1-
b100101011111011 1
b110011001100110011001000010000 3
b11001100 4
b11001100 5
b110011101000110 8
#10420000
0!
0-
#10422500
1!
b110011101000110 %
b11110010111 (
r19195 ,
1-
b110011101000110 1
b111111111111111111111011011101 3
b11111111 4
b11111111 5
b111100110001001 8
#10425000
0!
0-
#10427500
1!
b111100110001001 %
b11110011000 (
r26438 ,
1-
b111100110001001 1
b1001100110011001100101110101010 3
b100110011 4
b11001101 5
b111111111111110 8
#10430000
0!
0-
#10432500
1!
b111111111111110 %
b11110011001 (
r31113 ,
1-
b111111111111110 1
b1011001100110011001100001110111 3
b101100110 4
b10011010 5
b111100111001000 8
#10435000
0!
0-
#10437500
1!
b111100111001000 %
b11110011010 (
r32766 ,
1-
b111100111001000 1
b1100110011001100110010101000100 3
b110011001 4
b1100111 5
b110011110111100 8
#10440000
0!
0-
#10442500
1!
b110011110111100 %
b11110011011 (
r31176 ,
1-
b110011110111100 1
b1110011001100110011001000010001 3
b111001100 4
b110100 5
b100101110011101 8
#10445000
0!
0-
#10447500
1!
b100101110011101 %
b11110011100 (
r26556 ,
1-
b100101110011101 1
b1111111111111111111111011011110 3
b111111111 4
b1 5
b10100000100110 8
#10450000
0!
0-
#10452500
1!
b10100000100110 %
b11110011101 (
r19357 ,
1-
b10100000100110 1
b10001100110011001100101110101011 3
b1000110011 4
b110011 5
16
b11001001 8
#10455000
0!
0-
#10457500
1!
b11001001 %
b11110011110 (
r10278 ,
1-
b11001001 1
b10011001100110011001100001111000 3
b1001100110 4
b1100110 5
17
b10011101100111 8
#10460000
0!
0-
#10462500
1!
b1101100010011001 %
b11110011111 (
r201 ,
1-
b1101100010011001 1
b10100110011001100110010101000101 3
b1010011001 4
b10011001 5
b100101011111011 8
#10465000
0!
0-
#10467500
1!
b1011010100000101 %
b11110100000 (
r-10087 ,
1-
b1011010100000101 1
b10110011001100110011001000010010 3
b1011001100 4
b11001100 5
b110011101000110 8
#10470000
0!
0-
#10472500
1!
b1001100010111010 %
b11110100001 (
r-19195 ,
1-
b1001100010111010 1
b10111111111111111111111011011111 3
b1011111111 4
b11111111 5
b111100110001001 8
#10475000
0!
0-
#10477500
1!
b1000011001110111 %
b11110100010 (
r-26438 ,
1-
b1000011001110111 1
b11001100110011001100101110101100 3
b1100110011 4
b11001101 5
b111111111111110 8
#10480000
0!
0-
#10482500
1!
b1000000000000010 %
b11110100011 (
r-31113 ,
1-
b1000000000000010 1
b11011001100110011001100001111001 3
b1101100110 4
b10011010 5
b111100111001000 8
#10485000
0!
0-
#10487500
1!
b1000011000111000 %
b11110100100 (
r-32766 ,
1-
b1000011000111000 1
b11100110011001100110010101000110 3
b1110011001 4
b1100111 5
b110011110111100 8
#10490000
0!
0-
#10492500
1!
b1001100001000100 %
b11110100101 (
r-31176 ,
1-
b1001100001000100 1
b11110011001100110011001000010011 3
b1111001100 4
b110100 5
b100101110011101 8
#10495000
0!
0-
#10497500
1!
b1011010001100011 %
b11110100110 (
r-26556 ,
1-
b1011010001100011 1
b11111111111111111111111011100000 3
b1111111111 4
b1 5
b10100000100110 8
#10500000
0!
0-
#10502500
1!
b1101011111011010 %
b11110100111 (
r-19357 ,
1-
b1101011111011010 1
b1100110011001100101110101101 3
b110011 4
b110011 5
06
b11001001 8
#10505000
0!
0-
#10507500
1!
b1111111100110111 %
b11110101000 (
r-10278 ,
1-
b1111111100110111 1
b11001100110011001100001111010 3
b1100110 4
b1100110 5
07
b10011101100111 8
#10510000
0!
0-
#10512500
1!
b10011101100111 %
b11110101001 (
r-201 ,
1-
b10011101100111 1
b100110011001100110010101000111 3
b10011001 4
b10011001 5
b100101011111011 8
#10515000
0!
0-
#10517500
1!
b100101011111011 %
b11110101010 (
r10087 ,
1-
b100101011111011 1
b110011001100110011001000010100 3
b11001100 4
b11001100 5
b110011101000110 8
#10520000
0!
0-
#10522500
1!
b110011101000110 %
b11110101011 (
r19195 ,
1-
b110011101000110 1
b111111111111111111111011100001 3
b11111111 4
b11111111 5
b111100110001001 8
#10525000
0!
0-
#10527500
1!
b111100110001001 %
b11110101100 (
r26438 ,
1-
b111100110001001 1
b1001100110011001100101110101110 3
b100110011 4
b11001101 5
b111111111111110 8
#10530000
0!
0-
#10532500
1!
b111111111111110 %
b11110101101 (
r31113 ,
1-
b111111111111110 1
b1011001100110011001100001111011 3
b101100110 4
b10011010 5
b111100111001000 8
#10535000
0!
0-
#10537500
1!
b111100111001000 %
b11110101110 (
r32766 ,
1-
b111100111001000 1
b1100110011001100110010101001000 3
b110011001 4
b1100111 5
b110011110111100 8
#10540000
0!
0-
#10542500
1!
b110011110111100 %
b11110101111 (
r31176 ,
1-
b110011110111100 1
b1110011001100110011001000010101 3
b111001100 4
b110100 5
b100101110011101 8
#10545000
0!
0-
#10547500
1!
b100101110011101 %
b11110110000 (
r26556 ,
1-
b100101110011101 1
b1111111111111111111111011100010 3
b111111111 4
b1 5
b10100000100110 8
#10550000
0!
0-
#10552500
1!
b10100000100110 %
b11110110001 (
r19357 ,
1-
b10100000100110 1
b10001100110011001100101110101111 3
b1000110011 4
b110011 5
16
b11001001 8
#10555000
0!
0-
#10557500
1!
b11001001 %
b11110110010 (
r10278 ,
1-
b11001001 1
b10011001100110011001100001111100 3
b1001100110 4
b1100110 5
17
b10011101100111 8
#10560000
0!
0-
#10562500
1!
b1101100010011001 %
b11110110011 (
r201 ,
1-
b1101100010011001 1
b10100110011001100110010101001001 3
b1010011001 4
b10011001 5
b100101011111011 8
#10565000
0!
0-
#10567500
1!
b1011010100000101 %
b11110110100 (
r-10087 ,
1-
b1011010100000101 1
b10110011001100110011001000010110 3
b1011001100 4
b11001100 5
b110011101000110 8
#10570000
0!
0-
#10572500
1!
b1001100010111010 %
b11110110101 (
r-19195 ,
1-
b1001100010111010 1
b10111111111111111111111011100011 3
b1011111111 4
b11111111 5
b111100110001001 8
#10575000
0!
0-
#10577500
1!
b1000011001110111 %
b11110110110 (
r-26438 ,
1-
b1000011001110111 1
b11001100110011001100101110110000 3
b1100110011 4
b11001101 5
b111111111111110 8
#10580000
0!
0-
#10582500
1!
b1000000000000010 %
b11110110111 (
r-31113 ,
1-
b1000000000000010 1
b11011001100110011001100001111101 3
b1101100110 4
b10011010 5
b111100111001000 8
#10585000
0!
0-
#10587500
1!
b1000011000111000 %
b11110111000 (
r-32766 ,
1-
b1000011000111000 1
b11100110011001100110010101001010 3
b1110011001 4
b1100111 5
b110011110111100 8
#10590000
0!
0-
#10592500
1!
b1001100001000100 %
b11110111001 (
r-31176 ,
1-
b1001100001000100 1
b11110011001100110011001000010111 3
b1111001100 4
b110100 5
b100101110011101 8
#10595000
0!
0-
#10597500
1!
b1011010001100011 %
b11110111010 (
r-26556 ,
1-
b1011010001100011 1
b11111111111111111111111011100100 3
b1111111111 4
b1 5
b10100000100110 8
#10600000
0!
0-
#10602500
1!
b1101011111011010 %
b11110111011 (
r-19357 ,
1-
b1101011111011010 1
b1100110011001100101110110001 3
b110011 4
b110011 5
06
b11001001 8
#10605000
0!
0-
#10607500
1!
b1111111100110111 %
b11110111100 (
r-10278 ,
1-
b1111111100110111 1
b11001100110011001100001111110 3
b1100110 4
b1100110 5
07
b10011101100111 8
#10610000
0!
0-
#10612500
1!
b10011101100111 %
b11110111101 (
r-201 ,
1-
b10011101100111 1
b100110011001100110010101001011 3
b10011001 4
b10011001 5
b100101011111011 8
#10615000
0!
0-
#10617500
1!
b100101011111011 %
b11110111110 (
r10087 ,
1-
b100101011111011 1
b110011001100110011001000011000 3
b11001100 4
b11001100 5
b110011101000110 8
#10620000
0!
0-
#10622500
1!
b110011101000110 %
b11110111111 (
r19195 ,
1-
b110011101000110 1
b111111111111111111111011100101 3
b11111111 4
b11111111 5
b111100110001001 8
#10625000
0!
0-
#10627500
1!
b111100110001001 %
b11111000000 (
r26438 ,
1-
b111100110001001 1
b1001100110011001100101110110010 3
b100110011 4
b11001101 5
b111111111111110 8
#10630000
0!
0-
#10632500
1!
b111111111111110 %
b11111000001 (
r31113 ,
1-
b111111111111110 1
b1011001100110011001100001111111 3
b101100110 4
b10011010 5
b111100111001000 8
#10635000
0!
0-
#10637500
1!
b111100111001000 %
b11111000010 (
r32766 ,
1-
b111100111001000 1
b1100110011001100110010101001100 3
b110011001 4
b1100111 5
b110011110111100 8
#10640000
0!
0-
#10642500
1!
b110011110111100 %
b11111000011 (
r31176 ,
1-
b110011110111100 1
b1110011001100110011001000011001 3
b111001100 4
b110100 5
b100101110011101 8
#10645000
0!
0-
#10647500
1!
b100101110011101 %
b11111000100 (
r26556 ,
1-
b100101110011101 1
b1111111111111111111111011100110 3
b111111111 4
b1 5
b10100000100110 8
#10650000
0!
0-
#10652500
1!
b10100000100110 %
b11111000101 (
r19357 ,
1-
b10100000100110 1
b10001100110011001100101110110011 3
b1000110011 4
b110011 5
16
b11001001 8
#10655000
0!
0-
#10657500
1!
b11001001 %
b11111000110 (
r10278 ,
1-
b11001001 1
b10011001100110011001100010000000 3
b1001100110 4
b1100110 5
17
b10011101100111 8
#10660000
0!
0-
#10662500
1!
b1101100010011001 %
b11111000111 (
r201 ,
1-
b1101100010011001 1
b10100110011001100110010101001101 3
b1010011001 4
b10011001 5
b100101011111011 8
#10665000
0!
0-
#10667500
1!
b1011010100000101 %
b11111001000 (
r-10087 ,
1-
b1011010100000101 1
b10110011001100110011001000011010 3
b1011001100 4
b11001100 5
b110011101000110 8
#10670000
0!
0-
#10672500
1!
b1001100010111010 %
b11111001001 (
r-19195 ,
1-
b1001100010111010 1
b10111111111111111111111011100111 3
b1011111111 4
b11111111 5
b111100110001001 8
#10675000
0!
0-
#10677500
1!
b1000011001110111 %
b11111001010 (
r-26438 ,
1-
b1000011001110111 1
b11001100110011001100101110110100 3
b1100110011 4
b11001101 5
b111111111111110 8
#10680000
0!
0-
#10682500
1!
b1000000000000010 %
b11111001011 (
r-31113 ,
1-
b1000000000000010 1
b11011001100110011001100010000001 3
b1101100110 4
b10011010 5
b111100111001000 8
#10685000
0!
0-
#10687500
1!
b1000011000111000 %
b11111001100 (
r-32766 ,
1-
b1000011000111000 1
b11100110011001100110010101001110 3
b1110011001 4
b1100111 5
b110011110111100 8
#10690000
0!
0-
#10692500
1!
b1001100001000100 %
b11111001101 (
r-31176 ,
1-
b1001100001000100 1
b11110011001100110011001000011011 3
b1111001100 4
b110100 5
b100101110011101 8
#10695000
0!
0-
#10697500
1!
b1011010001100011 %
b11111001110 (
r-26556 ,
1-
b1011010001100011 1
b11111111111111111111111011101000 3
b1111111111 4
b1 5
b10100000100110 8
#10700000
0!
0#
0-
0/
#10702500
1!
b1101011111011010 %
b11111001111 (
r-19357 ,
1-
b1101011111011010 1
09
#10705000
0!
0-
#10707500
1!
0&
b11111010000 (
r-10278 ,
1-
02
#10710000
0!
0-
#10712500
1!
1-
#10715000
0!
0-
#10717500
1!
1-
#10720000
0!
0-
#10722500
1!
1-
#10725000
0!
0-
#10727500
1!
1-
#10730000
0!
0-
#10732500
1!
1-
#10735000
0!
0-
#10737500
1!
1-
#10740000
0!
0-
#10742500
1!
1-
#10745000
0!
0-
#10747500
1!
1-
#10750000
0!
0-
#10752500
1!
1-
#10755000
0!
0-
#10757500
1!
1-
#10760000
0!
0-
#10762500
1!
1-
#10765000
0!
0-
#10767500
1!
1-
#10770000
0!
0-
#10772500
1!
1-
#10775000
0!
0-
#10777500
1!
1-
#10780000
0!
0-
#10782500
1!
1-
#10785000
0!
0-
#10787500
1!
1-
#10790000
0!
0-
#10792500
1!
1-
#10795000
0!
0-
#10797500
1!
1-
#10800000
0!
0-
#10802500
1!
1-
#10805000
0!
0-
#10807500
1!
1-
#10810000
0!
0-
#10812500
1!
1-
#10815000
0!
0-
#10817500
1!
1-
#10820000
0!
0-
#10822500
1!
1-
#10825000
0!
0-
#10827500
1!
1-
#10830000
0!
0-
#10832500
1!
1-
#10835000
0!
0-
#10837500
1!
1-
#10840000
0!
0-
#10842500
1!
1-
#10845000
0!
0-
#10847500
1!
1-
#10850000
0!
0-
#10852500
1!
1-
#10855000
0!
0-
#10857500
1!
1-
#10860000
0!
0-
#10862500
1!
1-
#10865000
0!
0-
#10867500
1!
1-
#10870000
0!
0-
#10872500
1!
1-
#10875000
0!
0-
#10877500
1!
1-
#10880000
0!
0-
#10882500
1!
1-
#10885000
0!
0-
#10887500
1!
1-
#10890000
0!
0-
#10892500
1!
1-
#10895000
0!
0-
#10897500
1!
1-
#10900000
0!
0-
#10902500
1!
1-
#10905000
0!
0-
#10907500
1!
1-
#10910000
0!
0-
#10912500
1!
1-
#10915000
0!
0-
#10917500
1!
1-
#10920000
0!
0-
#10922500
1!
1-
#10925000
0!
0-
#10927500
1!
1-
#10930000
0!
0-
#10932500
1!
1-
#10935000
0!
0-
#10937500
1!
1-
#10940000
0!
0-
#10942500
1!
1-
#10945000
0!
0-
#10947500
1!
1-
#10950000
0!
0-
#10952500
1!
1-
#10955000
0!
0-
#10957500
1!
1-
#10960000
0!
0-
#10962500
1!
1-
#10965000
0!
0-
#10967500
1!
1-
#10970000
0!
0-
#10972500
1!
1-
#10975000
0!
0-
#10977500
1!
1-
#10980000
0!
0-
#10982500
1!
1-
#10985000
0!
0-
#10987500
1!
1-
#10990000
0!
0-
#10992500
1!
1-
#10995000
0!
0-
#10997500
1!
1-
#11000000
0!
0-
#11002500
1!
1-
#11005000
0!
0-
#11007500
1!
1-
#11010000
0!
0-
#11012500
1!
1-
#11015000
0!
0-
#11017500
1!
1-
#11020000
0!
0-
#11022500
1!
1-
#11025000
0!
0-
#11027500
1!
1-
#11030000
0!
0-
#11032500
1!
1-
#11035000
0!
0-
#11037500
1!
1-
#11040000
0!
0-
#11042500
1!
1-
#11045000
0!
0-
#11047500
1!
1-
#11050000
0!
0-
#11052500
1!
1-
#11055000
0!
0-
#11057500
1!
1-
#11060000
0!
0-
#11062500
1!
1-
#11065000
0!
0-
#11067500
1!
1-
#11070000
0!
0-
#11072500
1!
1-
#11075000
0!
0-
#11077500
1!
1-
#11080000
0!
0-
#11082500
1!
1-
#11085000
0!
0-
#11087500
1!
1-
#11090000
0!
0-
#11092500
1!
1-
#11095000
0!
0-
#11097500
1!
1-
#11100000
0!
0-
#11102500
1!
1-
#11105000
0!
0-
#11107500
1!
1-
#11110000
0!
0-
#11112500
1!
1-
#11115000
0!
0-
#11117500
1!
1-
#11120000
0!
0-
#11122500
1!
1-
#11125000
0!
0-
#11127500
1!
1-
#11130000
0!
0-
#11132500
1!
1-
#11135000
0!
0-
#11137500
1!
1-
#11140000
0!
0-
#11142500
1!
1-
#11145000
0!
0-
#11147500
1!
1-
#11150000
0!
0-
#11152500
1!
1-
#11155000
0!
0-
#11157500
1!
1-
#11160000
0!
0-
#11162500
1!
1-
#11165000
0!
0-
#11167500
1!
1-
#11170000
0!
0-
#11172500
1!
1-
#11175000
0!
0-
#11177500
1!
1-
#11180000
0!
0-
#11182500
1!
1-
#11185000
0!
0-
#11187500
1!
1-
#11190000
0!
0-
#11192500
1!
1-
#11195000
0!
0-
