Copyright 1986-2022 Xilinx, Inc. All Rights Reserved. Copyright 2022-2024 Advanced Micro Devices, Inc. All Rights Reserved.
----------------------------------------------------------------------------------------------------------------------------------------------------------------------------------------------------------
| Tool Version      : Vivado v.2024.2 (win64) Build 5239630 Fri Nov 08 22:35:27 MST 2024
| Date              : Thu Aug  7 23:40:06 2025
| Host              : DESKTOP-IMB8E6N running 64-bit major release  (build 9200)
| Command           : report_timing_summary -max_paths 10 -file simple_fsm_timing_summary_routed.rpt -pb simple_fsm_timing_summary_routed.pb -rpx simple_fsm_timing_summary_routed.rpx -warn_on_violation
| Design            : simple_fsm
| Device            : xcku5p-ffvb676
| Speed File        : -2  PRODUCTION 1.29 05-01-2022
| Design State      : Routed
| Temperature Grade : I
----------------------------------------------------------------------------------------------------------------------------------------------------------------------------------------------------------

Timing Summary Report

------------------------------------------------------------------------------------------------
| Timer Settings
| --------------
------------------------------------------------------------------------------------------------

  Enable Multi Corner Analysis               :  Yes
  Enable Pessimism Removal                   :  Yes
  Pessimism Removal Resolution               :  Nearest Common Node
  Enable Input Delay Default Clock           :  No
  Enable Preset / Clear Arcs                 :  No
  Disable Flight Delays                      :  No
  Ignore I/O Paths                           :  No
  Timing Early Launch at Borrowing Latches   :  No
  Borrow Time for Max Delay Exceptions       :  Yes
  Merge Timing Exceptions                    :  Yes
  Inter-SLR Compensation                     :  Conservative

  Corner  Analyze    Analyze    
  Name    Max Paths  Min Paths  
  ------  ---------  ---------  
  Slow    Yes        Yes        
  Fast    Yes        Yes        


------------------------------------------------------------------------------------------------
| Report Methodology
| ------------------
------------------------------------------------------------------------------------------------

Rule       Severity  Description                    Violations  
---------  --------  -----------------------------  ----------  
TIMING-18  Warning   Missing input or output delay  5           

Note: This report is based on the most recent report_methodology run and may not be up-to-date. Run report_methodology on the current design for the latest report.



check_timing report

Table of Contents
-----------------
1. checking no_clock (0)
2. checking constant_clock (0)
3. checking pulse_width_clock (0)
4. checking unconstrained_internal_endpoints (0)
5. checking no_input_delay (3)
6. checking no_output_delay (2)
7. checking multiple_clock (0)
8. checking generated_clocks (0)
9. checking loops (0)
10. checking partial_input_delay (0)
11. checking partial_output_delay (0)
12. checking latch_loops (0)

1. checking no_clock (0)
------------------------
 There are 0 register/latch pins with no clock.


2. checking constant_clock (0)
------------------------------
 There are 0 register/latch pins with constant_clock.


3. checking pulse_width_clock (0)
---------------------------------
 There are 0 register/latch pins which need pulse_width check


4. checking unconstrained_internal_endpoints (0)
------------------------------------------------
 There are 0 pins that are not constrained for maximum delay.

 There are 0 pins that are not constrained for maximum delay due to constant clock.


5. checking no_input_delay (3)
------------------------------
 There are 3 input ports with no input delay specified. (HIGH)

 There are 0 input ports with no input delay but user has a false path constraint.


6. checking no_output_delay (2)
-------------------------------
 There are 2 ports with no output delay specified. (HIGH)

 There are 0 ports with no output delay but user has a false path constraint

 There are 0 ports with no output delay but with a timing clock defined on it or propagating through it


7. checking multiple_clock (0)
------------------------------
 There are 0 register/latch pins with multiple clocks.


8. checking generated_clocks (0)
--------------------------------
 There are 0 generated clocks that are not connected to a clock source.


9. checking loops (0)
---------------------
 There are 0 combinational loops in the design.


10. checking partial_input_delay (0)
------------------------------------
 There are 0 input ports with partial input delay specified.


11. checking partial_output_delay (0)
-------------------------------------
 There are 0 ports with partial output delay specified.


12. checking latch_loops (0)
----------------------------
 There are 0 combinational latch loops in the design through latch input



------------------------------------------------------------------------------------------------
| Design Timing Summary
| ---------------------
------------------------------------------------------------------------------------------------

    WNS(ns)      TNS(ns)  TNS Failing Endpoints  TNS Total Endpoints      WHS(ns)      THS(ns)  THS Failing Endpoints  THS Total Endpoints     WPWS(ns)     TPWS(ns)  TPWS Failing Endpoints  TPWS Total Endpoints  
    -------      -------  ---------------------  -------------------      -------      -------  ---------------------  -------------------     --------     --------  ----------------------  --------------------  
      9.261        0.000                      0                    9        0.044        0.000                      0                    9        4.725        0.000                       0                    10  


All user specified timing constraints are met.


------------------------------------------------------------------------------------------------
| Clock Summary
| -------------
------------------------------------------------------------------------------------------------

Clock         Waveform(ns)       Period(ns)      Frequency(MHz)
-----         ------------       ----------      --------------
clock_system  {0.000 5.000}      10.000          100.000         


------------------------------------------------------------------------------------------------
| Intra Clock Table
| -----------------
------------------------------------------------------------------------------------------------

Clock             WNS(ns)      TNS(ns)  TNS Failing Endpoints  TNS Total Endpoints      WHS(ns)      THS(ns)  THS Failing Endpoints  THS Total Endpoints     WPWS(ns)     TPWS(ns)  TPWS Failing Endpoints  TPWS Total Endpoints  
-----             -------      -------  ---------------------  -------------------      -------      -------  ---------------------  -------------------     --------     --------  ----------------------  --------------------  
clock_system        9.261        0.000                      0                    9        0.044        0.000                      0                    9        4.725        0.000                       0                    10  


------------------------------------------------------------------------------------------------
| Inter Clock Table
| -----------------
------------------------------------------------------------------------------------------------

From Clock    To Clock          WNS(ns)      TNS(ns)  TNS Failing Endpoints  TNS Total Endpoints      WHS(ns)      THS(ns)  THS Failing Endpoints  THS Total Endpoints  
----------    --------          -------      -------  ---------------------  -------------------      -------      -------  ---------------------  -------------------  


------------------------------------------------------------------------------------------------
| Other Path Groups Table
| -----------------------
------------------------------------------------------------------------------------------------

Path Group    From Clock    To Clock          WNS(ns)      TNS(ns)  TNS Failing Endpoints  TNS Total Endpoints      WHS(ns)      THS(ns)  THS Failing Endpoints  THS Total Endpoints  
----------    ----------    --------          -------      -------  ---------------------  -------------------      -------      -------  ---------------------  -------------------  


------------------------------------------------------------------------------------------------
| Timing Details
| --------------
------------------------------------------------------------------------------------------------


---------------------------------------------------------------------------------------------------
From Clock:  clock_system
  To Clock:  clock_system

Setup :            0  Failing Endpoints,  Worst Slack        9.261ns,  Total Violation        0.000ns
Hold  :            0  Failing Endpoints,  Worst Slack        0.044ns,  Total Violation        0.000ns
PW    :            0  Failing Endpoints,  Worst Slack        4.725ns,  Total Violation        0.000ns
---------------------------------------------------------------------------------------------------


Max Delay Paths
--------------------------------------------------------------------------------------
Slack (MET) :             9.261ns  (required time - arrival time)
  Source:                 FSM_onehot_state_reg[0]/C
                            (rising edge-triggered cell FDPE clocked by clock_system  {rise@0.000ns fall@5.000ns period=10.000ns})
  Destination:            FSM_onehot_state_reg[0]/D
                            (rising edge-triggered cell FDPE clocked by clock_system  {rise@0.000ns fall@5.000ns period=10.000ns})
  Path Group:             clock_system
  Path Type:              Setup (Max at Slow Process Corner)
  Requirement:            10.000ns  (clock_system rise@10.000ns - clock_system rise@0.000ns)
  Data Path Delay:        0.721ns  (logic 0.212ns (29.400%)  route 0.509ns (70.600%))
  Logic Levels:           1  (LUT5=1)
  Clock Path Skew:        -0.008ns (DCD - SCD + CPR)
    Destination Clock Delay (DCD):    1.944ns = ( 11.944 - 10.000 ) 
    Source Clock Delay      (SCD):    2.428ns
    Clock Pessimism Removal (CPR):    0.476ns
  Clock Uncertainty:      0.035ns  ((TSJ^2 + TIJ^2)^1/2 + DJ) / 2 + PE
    Total System Jitter     (TSJ):    0.071ns
    Total Input Jitter      (TIJ):    0.000ns
    Discrete Jitter          (DJ):    0.000ns
    Phase Error              (PE):    0.000ns
  Clock Net Delay (Source):      1.550ns (routing 0.699ns, distribution 0.851ns)
  Clock Net Delay (Destination): 1.359ns (routing 0.632ns, distribution 0.727ns)

    Location             Delay type                Incr(ns)  Path(ns)    Netlist Resource(s)
  -------------------------------------------------------------------    -------------------
                         (clock clock_system rise edge)
                                                      0.000     0.000 r  
    V23                                               0.000     0.000 r  clk_sys (IN)
                         net (fo=0)                   0.000     0.000    clk_sys_IBUF_inst/I
    V23                  INBUF (Prop_INBUF_HPIOB_M_PAD_O)
                                                      0.502     0.502 r  clk_sys_IBUF_inst/INBUF_INST/O
                         net (fo=1, routed)           0.000     0.502    clk_sys_IBUF_inst/OUT
    V23                  IBUFCTRL (Prop_IBUFCTRL_HPIOB_M_I_O)
                                                      0.000     0.502 r  clk_sys_IBUF_inst/IBUFCTRL_INST/O
                         net (fo=1, routed)           0.348     0.850    clk_sys_IBUF
    BUFGCE_X0Y32         BUFGCE (Prop_BUFCE_BUFGCE_I_O)
                                                      0.028     0.878 r  clk_sys_IBUF_BUFG_inst/O
    X0Y0 (CLOCK_ROOT)    net (fo=9, routed)           1.550     2.428    clk_sys_IBUF_BUFG
    SLICE_X2Y52          FDPE                                         r  FSM_onehot_state_reg[0]/C
  -------------------------------------------------------------------    -------------------
    SLICE_X2Y52          FDPE (Prop_AFF_SLICEL_C_Q)
                                                      0.079     2.507 r  FSM_onehot_state_reg[0]/Q
                         net (fo=4, routed)           0.106     2.613    FSM_onehot_state_reg_n_0_[0]
    SLICE_X2Y52          LUT5 (Prop_H5LUT_SLICEL_I4_O)
                                                      0.133     2.746 r  FSM_onehot_state[0]_i_1/O
                         net (fo=1, routed)           0.403     3.149    FSM_onehot_state[0]_i_1_n_0
    SLICE_X2Y52          FDPE                                         r  FSM_onehot_state_reg[0]/D
  -------------------------------------------------------------------    -------------------

                         (clock clock_system rise edge)
                                                     10.000    10.000 r  
    V23                                               0.000    10.000 r  clk_sys (IN)
                         net (fo=0)                   0.000    10.000    clk_sys_IBUF_inst/I
    V23                  INBUF (Prop_INBUF_HPIOB_M_PAD_O)
                                                      0.252    10.252 r  clk_sys_IBUF_inst/INBUF_INST/O
                         net (fo=1, routed)           0.000    10.252    clk_sys_IBUF_inst/OUT
    V23                  IBUFCTRL (Prop_IBUFCTRL_HPIOB_M_I_O)
                                                      0.000    10.252 r  clk_sys_IBUF_inst/IBUFCTRL_INST/O
                         net (fo=1, routed)           0.309    10.561    clk_sys_IBUF
    BUFGCE_X0Y32         BUFGCE (Prop_BUFCE_BUFGCE_I_O)
                                                      0.024    10.585 r  clk_sys_IBUF_BUFG_inst/O
    X0Y0 (CLOCK_ROOT)    net (fo=9, routed)           1.359    11.944    clk_sys_IBUF_BUFG
    SLICE_X2Y52          FDPE                                         r  FSM_onehot_state_reg[0]/C
                         clock pessimism              0.476    12.420    
                         clock uncertainty           -0.035    12.384    
    SLICE_X2Y52          FDPE (Setup_AFF_SLICEL_C_D)
                                                      0.025    12.409    FSM_onehot_state_reg[0]
  -------------------------------------------------------------------
                         required time                         12.409    
                         arrival time                          -3.149    
  -------------------------------------------------------------------
                         slack                                  9.261    

Slack (MET) :             9.460ns  (required time - arrival time)
  Source:                 FSM_onehot_state_reg[6]/C
                            (rising edge-triggered cell FDCE clocked by clock_system  {rise@0.000ns fall@5.000ns period=10.000ns})
  Destination:            FSM_onehot_state_reg[7]/D
                            (rising edge-triggered cell FDCE clocked by clock_system  {rise@0.000ns fall@5.000ns period=10.000ns})
  Path Group:             clock_system
  Path Type:              Setup (Max at Slow Process Corner)
  Requirement:            10.000ns  (clock_system rise@10.000ns - clock_system rise@0.000ns)
  Data Path Delay:        0.497ns  (logic 0.117ns (23.540%)  route 0.380ns (76.460%))
  Logic Levels:           1  (LUT3=1)
  Clock Path Skew:        -0.032ns (DCD - SCD + CPR)
    Destination Clock Delay (DCD):    1.947ns = ( 11.947 - 10.000 ) 
    Source Clock Delay      (SCD):    2.435ns
    Clock Pessimism Removal (CPR):    0.455ns
  Clock Uncertainty:      0.035ns  ((TSJ^2 + TIJ^2)^1/2 + DJ) / 2 + PE
    Total System Jitter     (TSJ):    0.071ns
    Total Input Jitter      (TIJ):    0.000ns
    Discrete Jitter          (DJ):    0.000ns
    Phase Error              (PE):    0.000ns
  Clock Net Delay (Source):      1.557ns (routing 0.699ns, distribution 0.858ns)
  Clock Net Delay (Destination): 1.362ns (routing 0.632ns, distribution 0.730ns)

    Location             Delay type                Incr(ns)  Path(ns)    Netlist Resource(s)
  -------------------------------------------------------------------    -------------------
                         (clock clock_system rise edge)
                                                      0.000     0.000 r  
    V23                                               0.000     0.000 r  clk_sys (IN)
                         net (fo=0)                   0.000     0.000    clk_sys_IBUF_inst/I
    V23                  INBUF (Prop_INBUF_HPIOB_M_PAD_O)
                                                      0.502     0.502 r  clk_sys_IBUF_inst/INBUF_INST/O
                         net (fo=1, routed)           0.000     0.502    clk_sys_IBUF_inst/OUT
    V23                  IBUFCTRL (Prop_IBUFCTRL_HPIOB_M_I_O)
                                                      0.000     0.502 r  clk_sys_IBUF_inst/IBUFCTRL_INST/O
                         net (fo=1, routed)           0.348     0.850    clk_sys_IBUF
    BUFGCE_X0Y32         BUFGCE (Prop_BUFCE_BUFGCE_I_O)
                                                      0.028     0.878 r  clk_sys_IBUF_BUFG_inst/O
    X0Y0 (CLOCK_ROOT)    net (fo=9, routed)           1.557     2.435    clk_sys_IBUF_BUFG
    SLICE_X1Y52          FDCE                                         r  FSM_onehot_state_reg[6]/C
  -------------------------------------------------------------------    -------------------
    SLICE_X1Y52          FDCE (Prop_DFF2_SLICEM_C_Q)
                                                      0.080     2.515 r  FSM_onehot_state_reg[6]/Q
                         net (fo=3, routed)           0.131     2.646    FSM_onehot_state_reg_n_0_[6]
    SLICE_X1Y52          LUT3 (Prop_F6LUT_SLICEM_I2_O)
                                                      0.037     2.683 r  FSM_onehot_state[7]_i_1/O
                         net (fo=2, routed)           0.249     2.932    FSM_onehot_state[7]_i_1_n_0
    SLICE_X1Y52          FDCE                                         r  FSM_onehot_state_reg[7]/D
  -------------------------------------------------------------------    -------------------

                         (clock clock_system rise edge)
                                                     10.000    10.000 r  
    V23                                               0.000    10.000 r  clk_sys (IN)
                         net (fo=0)                   0.000    10.000    clk_sys_IBUF_inst/I
    V23                  INBUF (Prop_INBUF_HPIOB_M_PAD_O)
                                                      0.252    10.252 r  clk_sys_IBUF_inst/INBUF_INST/O
                         net (fo=1, routed)           0.000    10.252    clk_sys_IBUF_inst/OUT
    V23                  IBUFCTRL (Prop_IBUFCTRL_HPIOB_M_I_O)
                                                      0.000    10.252 r  clk_sys_IBUF_inst/IBUFCTRL_INST/O
                         net (fo=1, routed)           0.309    10.561    clk_sys_IBUF
    BUFGCE_X0Y32         BUFGCE (Prop_BUFCE_BUFGCE_I_O)
                                                      0.024    10.585 r  clk_sys_IBUF_BUFG_inst/O
    X0Y0 (CLOCK_ROOT)    net (fo=9, routed)           1.362    11.947    clk_sys_IBUF_BUFG
    SLICE_X1Y52          FDCE                                         r  FSM_onehot_state_reg[7]/C
                         clock pessimism              0.455    12.402    
                         clock uncertainty           -0.035    12.367    
    SLICE_X1Y52          FDCE (Setup_EFF_SLICEM_C_D)
                                                      0.025    12.392    FSM_onehot_state_reg[7]
  -------------------------------------------------------------------
                         required time                         12.392    
                         arrival time                          -2.932    
  -------------------------------------------------------------------
                         slack                                  9.460    

Slack (MET) :             9.461ns  (required time - arrival time)
  Source:                 FSM_onehot_state_reg[4]/C
                            (rising edge-triggered cell FDCE clocked by clock_system  {rise@0.000ns fall@5.000ns period=10.000ns})
  Destination:            FSM_onehot_state_reg[1]/D
                            (rising edge-triggered cell FDCE clocked by clock_system  {rise@0.000ns fall@5.000ns period=10.000ns})
  Path Group:             clock_system
  Path Type:              Setup (Max at Slow Process Corner)
  Requirement:            10.000ns  (clock_system rise@10.000ns - clock_system rise@0.000ns)
  Data Path Delay:        0.503ns  (logic 0.246ns (48.886%)  route 0.257ns (51.114%))
  Logic Levels:           2  (LUT6=1 MUXF7=1)
  Clock Path Skew:        -0.025ns (DCD - SCD + CPR)
    Destination Clock Delay (DCD):    1.947ns = ( 11.947 - 10.000 ) 
    Source Clock Delay      (SCD):    2.428ns
    Clock Pessimism Removal (CPR):    0.455ns
  Clock Uncertainty:      0.035ns  ((TSJ^2 + TIJ^2)^1/2 + DJ) / 2 + PE
    Total System Jitter     (TSJ):    0.071ns
    Total Input Jitter      (TIJ):    0.000ns
    Discrete Jitter          (DJ):    0.000ns
    Phase Error              (PE):    0.000ns
  Clock Net Delay (Source):      1.550ns (routing 0.699ns, distribution 0.851ns)
  Clock Net Delay (Destination): 1.362ns (routing 0.632ns, distribution 0.730ns)

    Location             Delay type                Incr(ns)  Path(ns)    Netlist Resource(s)
  -------------------------------------------------------------------    -------------------
                         (clock clock_system rise edge)
                                                      0.000     0.000 r  
    V23                                               0.000     0.000 r  clk_sys (IN)
                         net (fo=0)                   0.000     0.000    clk_sys_IBUF_inst/I
    V23                  INBUF (Prop_INBUF_HPIOB_M_PAD_O)
                                                      0.502     0.502 r  clk_sys_IBUF_inst/INBUF_INST/O
                         net (fo=1, routed)           0.000     0.502    clk_sys_IBUF_inst/OUT
    V23                  IBUFCTRL (Prop_IBUFCTRL_HPIOB_M_I_O)
                                                      0.000     0.502 r  clk_sys_IBUF_inst/IBUFCTRL_INST/O
                         net (fo=1, routed)           0.348     0.850    clk_sys_IBUF
    BUFGCE_X0Y32         BUFGCE (Prop_BUFCE_BUFGCE_I_O)
                                                      0.028     0.878 r  clk_sys_IBUF_BUFG_inst/O
    X0Y0 (CLOCK_ROOT)    net (fo=9, routed)           1.550     2.428    clk_sys_IBUF_BUFG
    SLICE_X2Y52          FDCE                                         r  FSM_onehot_state_reg[4]/C
  -------------------------------------------------------------------    -------------------
    SLICE_X2Y52          FDCE (Prop_DFF_SLICEL_C_Q)
                                                      0.079     2.507 r  FSM_onehot_state_reg[4]/Q
                         net (fo=3, routed)           0.211     2.718    FSM_onehot_state_reg_n_0_[4]
    SLICE_X1Y52          LUT6 (Prop_H6LUT_SLICEM_I2_O)
                                                      0.101     2.819 r  FSM_onehot_state[1]_i_2/O
                         net (fo=1, routed)           0.014     2.833    FSM_onehot_state[1]_i_2_n_0
    SLICE_X1Y52          MUXF7 (Prop_F7MUX_GH_SLICEM_I0_O)
                                                      0.066     2.899 r  FSM_onehot_state_reg[1]_i_1/O
                         net (fo=1, routed)           0.032     2.931    FSM_onehot_state_reg[1]_i_1_n_0
    SLICE_X1Y52          FDCE                                         r  FSM_onehot_state_reg[1]/D
  -------------------------------------------------------------------    -------------------

                         (clock clock_system rise edge)
                                                     10.000    10.000 r  
    V23                                               0.000    10.000 r  clk_sys (IN)
                         net (fo=0)                   0.000    10.000    clk_sys_IBUF_inst/I
    V23                  INBUF (Prop_INBUF_HPIOB_M_PAD_O)
                                                      0.252    10.252 r  clk_sys_IBUF_inst/INBUF_INST/O
                         net (fo=1, routed)           0.000    10.252    clk_sys_IBUF_inst/OUT
    V23                  IBUFCTRL (Prop_IBUFCTRL_HPIOB_M_I_O)
                                                      0.000    10.252 r  clk_sys_IBUF_inst/IBUFCTRL_INST/O
                         net (fo=1, routed)           0.309    10.561    clk_sys_IBUF
    BUFGCE_X0Y32         BUFGCE (Prop_BUFCE_BUFGCE_I_O)
                                                      0.024    10.585 r  clk_sys_IBUF_BUFG_inst/O
    X0Y0 (CLOCK_ROOT)    net (fo=9, routed)           1.362    11.947    clk_sys_IBUF_BUFG
    SLICE_X1Y52          FDCE                                         r  FSM_onehot_state_reg[1]/C
                         clock pessimism              0.455    12.402    
                         clock uncertainty           -0.035    12.367    
    SLICE_X1Y52          FDCE (Setup_HFF_SLICEM_C_D)
                                                      0.025    12.392    FSM_onehot_state_reg[1]
  -------------------------------------------------------------------
                         required time                         12.392    
                         arrival time                          -2.931    
  -------------------------------------------------------------------
                         slack                                  9.461    

Slack (MET) :             9.516ns  (required time - arrival time)
  Source:                 FSM_onehot_state_reg[2]/C
                            (rising edge-triggered cell FDCE clocked by clock_system  {rise@0.000ns fall@5.000ns period=10.000ns})
  Destination:            FSM_onehot_state_reg[3]/D
                            (rising edge-triggered cell FDCE clocked by clock_system  {rise@0.000ns fall@5.000ns period=10.000ns})
  Path Group:             clock_system
  Path Type:              Setup (Max at Slow Process Corner)
  Requirement:            10.000ns  (clock_system rise@10.000ns - clock_system rise@0.000ns)
  Data Path Delay:        0.465ns  (logic 0.222ns (47.788%)  route 0.243ns (52.212%))
  Logic Levels:           1  (LUT4=1)
  Clock Path Skew:        -0.009ns (DCD - SCD + CPR)
    Destination Clock Delay (DCD):    1.948ns = ( 11.948 - 10.000 ) 
    Source Clock Delay      (SCD):    2.435ns
    Clock Pessimism Removal (CPR):    0.478ns
  Clock Uncertainty:      0.035ns  ((TSJ^2 + TIJ^2)^1/2 + DJ) / 2 + PE
    Total System Jitter     (TSJ):    0.071ns
    Total Input Jitter      (TIJ):    0.000ns
    Discrete Jitter          (DJ):    0.000ns
    Phase Error              (PE):    0.000ns
  Clock Net Delay (Source):      1.557ns (routing 0.699ns, distribution 0.858ns)
  Clock Net Delay (Destination): 1.363ns (routing 0.632ns, distribution 0.731ns)

    Location             Delay type                Incr(ns)  Path(ns)    Netlist Resource(s)
  -------------------------------------------------------------------    -------------------
                         (clock clock_system rise edge)
                                                      0.000     0.000 r  
    V23                                               0.000     0.000 r  clk_sys (IN)
                         net (fo=0)                   0.000     0.000    clk_sys_IBUF_inst/I
    V23                  INBUF (Prop_INBUF_HPIOB_M_PAD_O)
                                                      0.502     0.502 r  clk_sys_IBUF_inst/INBUF_INST/O
                         net (fo=1, routed)           0.000     0.502    clk_sys_IBUF_inst/OUT
    V23                  IBUFCTRL (Prop_IBUFCTRL_HPIOB_M_I_O)
                                                      0.000     0.502 r  clk_sys_IBUF_inst/IBUFCTRL_INST/O
                         net (fo=1, routed)           0.348     0.850    clk_sys_IBUF
    BUFGCE_X0Y32         BUFGCE (Prop_BUFCE_BUFGCE_I_O)
                                                      0.028     0.878 r  clk_sys_IBUF_BUFG_inst/O
    X0Y0 (CLOCK_ROOT)    net (fo=9, routed)           1.557     2.435    clk_sys_IBUF_BUFG
    SLICE_X1Y52          FDCE                                         r  FSM_onehot_state_reg[2]/C
  -------------------------------------------------------------------    -------------------
    SLICE_X1Y52          FDCE (Prop_CFF2_SLICEM_C_Q)
                                                      0.077     2.512 r  FSM_onehot_state_reg[2]/Q
                         net (fo=3, routed)           0.171     2.682    FSM_onehot_state_reg_n_0_[2]
    SLICE_X1Y52          LUT4 (Prop_D6LUT_SLICEM_I0_O)
                                                      0.145     2.827 r  FSM_onehot_state[3]_i_1/O
                         net (fo=1, routed)           0.072     2.899    FSM_onehot_state[3]_i_1_n_0
    SLICE_X1Y52          FDCE                                         r  FSM_onehot_state_reg[3]/D
  -------------------------------------------------------------------    -------------------

                         (clock clock_system rise edge)
                                                     10.000    10.000 r  
    V23                                               0.000    10.000 r  clk_sys (IN)
                         net (fo=0)                   0.000    10.000    clk_sys_IBUF_inst/I
    V23                  INBUF (Prop_INBUF_HPIOB_M_PAD_O)
                                                      0.252    10.252 r  clk_sys_IBUF_inst/INBUF_INST/O
                         net (fo=1, routed)           0.000    10.252    clk_sys_IBUF_inst/OUT
    V23                  IBUFCTRL (Prop_IBUFCTRL_HPIOB_M_I_O)
                                                      0.000    10.252 r  clk_sys_IBUF_inst/IBUFCTRL_INST/O
                         net (fo=1, routed)           0.309    10.561    clk_sys_IBUF
    BUFGCE_X0Y32         BUFGCE (Prop_BUFCE_BUFGCE_I_O)
                                                      0.024    10.585 r  clk_sys_IBUF_BUFG_inst/O
    X0Y0 (CLOCK_ROOT)    net (fo=9, routed)           1.363    11.948    clk_sys_IBUF_BUFG
    SLICE_X1Y52          FDCE                                         r  FSM_onehot_state_reg[3]/C
                         clock pessimism              0.478    12.426    
                         clock uncertainty           -0.035    12.390    
    SLICE_X1Y52          FDCE (Setup_DFF_SLICEM_C_D)
                                                      0.025    12.415    FSM_onehot_state_reg[3]
  -------------------------------------------------------------------
                         required time                         12.415    
                         arrival time                          -2.899    
  -------------------------------------------------------------------
                         slack                                  9.516    

Slack (MET) :             9.545ns  (required time - arrival time)
  Source:                 FSM_onehot_state_reg[2]/C
                            (rising edge-triggered cell FDCE clocked by clock_system  {rise@0.000ns fall@5.000ns period=10.000ns})
  Destination:            FSM_onehot_state_reg[6]/D
                            (rising edge-triggered cell FDCE clocked by clock_system  {rise@0.000ns fall@5.000ns period=10.000ns})
  Path Group:             clock_system
  Path Type:              Setup (Max at Slow Process Corner)
  Requirement:            10.000ns  (clock_system rise@10.000ns - clock_system rise@0.000ns)
  Data Path Delay:        0.436ns  (logic 0.235ns (53.955%)  route 0.201ns (46.045%))
  Logic Levels:           1  (LUT5=1)
  Clock Path Skew:        -0.009ns (DCD - SCD + CPR)
    Destination Clock Delay (DCD):    1.948ns = ( 11.948 - 10.000 ) 
    Source Clock Delay      (SCD):    2.435ns
    Clock Pessimism Removal (CPR):    0.478ns
  Clock Uncertainty:      0.035ns  ((TSJ^2 + TIJ^2)^1/2 + DJ) / 2 + PE
    Total System Jitter     (TSJ):    0.071ns
    Total Input Jitter      (TIJ):    0.000ns
    Discrete Jitter          (DJ):    0.000ns
    Phase Error              (PE):    0.000ns
  Clock Net Delay (Source):      1.557ns (routing 0.699ns, distribution 0.858ns)
  Clock Net Delay (Destination): 1.363ns (routing 0.632ns, distribution 0.731ns)

    Location             Delay type                Incr(ns)  Path(ns)    Netlist Resource(s)
  -------------------------------------------------------------------    -------------------
                         (clock clock_system rise edge)
                                                      0.000     0.000 r  
    V23                                               0.000     0.000 r  clk_sys (IN)
                         net (fo=0)                   0.000     0.000    clk_sys_IBUF_inst/I
    V23                  INBUF (Prop_INBUF_HPIOB_M_PAD_O)
                                                      0.502     0.502 r  clk_sys_IBUF_inst/INBUF_INST/O
                         net (fo=1, routed)           0.000     0.502    clk_sys_IBUF_inst/OUT
    V23                  IBUFCTRL (Prop_IBUFCTRL_HPIOB_M_I_O)
                                                      0.000     0.502 r  clk_sys_IBUF_inst/IBUFCTRL_INST/O
                         net (fo=1, routed)           0.348     0.850    clk_sys_IBUF
    BUFGCE_X0Y32         BUFGCE (Prop_BUFCE_BUFGCE_I_O)
                                                      0.028     0.878 r  clk_sys_IBUF_BUFG_inst/O
    X0Y0 (CLOCK_ROOT)    net (fo=9, routed)           1.557     2.435    clk_sys_IBUF_BUFG
    SLICE_X1Y52          FDCE                                         r  FSM_onehot_state_reg[2]/C
  -------------------------------------------------------------------    -------------------
    SLICE_X1Y52          FDCE (Prop_CFF2_SLICEM_C_Q)
                                                      0.077     2.512 r  FSM_onehot_state_reg[2]/Q
                         net (fo=3, routed)           0.171     2.682    FSM_onehot_state_reg_n_0_[2]
    SLICE_X1Y52          LUT5 (Prop_D5LUT_SLICEM_I1_O)
                                                      0.158     2.840 r  FSM_onehot_state[6]_i_1/O
                         net (fo=1, routed)           0.030     2.870    FSM_onehot_state[6]_i_1_n_0
    SLICE_X1Y52          FDCE                                         r  FSM_onehot_state_reg[6]/D
  -------------------------------------------------------------------    -------------------

                         (clock clock_system rise edge)
                                                     10.000    10.000 r  
    V23                                               0.000    10.000 r  clk_sys (IN)
                         net (fo=0)                   0.000    10.000    clk_sys_IBUF_inst/I
    V23                  INBUF (Prop_INBUF_HPIOB_M_PAD_O)
                                                      0.252    10.252 r  clk_sys_IBUF_inst/INBUF_INST/O
                         net (fo=1, routed)           0.000    10.252    clk_sys_IBUF_inst/OUT
    V23                  IBUFCTRL (Prop_IBUFCTRL_HPIOB_M_I_O)
                                                      0.000    10.252 r  clk_sys_IBUF_inst/IBUFCTRL_INST/O
                         net (fo=1, routed)           0.309    10.561    clk_sys_IBUF
    BUFGCE_X0Y32         BUFGCE (Prop_BUFCE_BUFGCE_I_O)
                                                      0.024    10.585 r  clk_sys_IBUF_BUFG_inst/O
    X0Y0 (CLOCK_ROOT)    net (fo=9, routed)           1.363    11.948    clk_sys_IBUF_BUFG
    SLICE_X1Y52          FDCE                                         r  FSM_onehot_state_reg[6]/C
                         clock pessimism              0.478    12.426    
                         clock uncertainty           -0.035    12.390    
    SLICE_X1Y52          FDCE (Setup_DFF2_SLICEM_C_D)
                                                      0.025    12.415    FSM_onehot_state_reg[6]
  -------------------------------------------------------------------
                         required time                         12.415    
                         arrival time                          -2.870    
  -------------------------------------------------------------------
                         slack                                  9.545    

Slack (MET) :             9.572ns  (required time - arrival time)
  Source:                 FSM_onehot_state_reg[4]/C
                            (rising edge-triggered cell FDCE clocked by clock_system  {rise@0.000ns fall@5.000ns period=10.000ns})
  Destination:            FSM_onehot_state_reg[5]/D
                            (rising edge-triggered cell FDCE clocked by clock_system  {rise@0.000ns fall@5.000ns period=10.000ns})
  Path Group:             clock_system
  Path Type:              Setup (Max at Slow Process Corner)
  Requirement:            10.000ns  (clock_system rise@10.000ns - clock_system rise@0.000ns)
  Data Path Delay:        0.393ns  (logic 0.179ns (45.523%)  route 0.214ns (54.477%))
  Logic Levels:           1  (LUT6=1)
  Clock Path Skew:        -0.024ns (DCD - SCD + CPR)
    Destination Clock Delay (DCD):    1.948ns = ( 11.948 - 10.000 ) 
    Source Clock Delay      (SCD):    2.428ns
    Clock Pessimism Removal (CPR):    0.455ns
  Clock Uncertainty:      0.035ns  ((TSJ^2 + TIJ^2)^1/2 + DJ) / 2 + PE
    Total System Jitter     (TSJ):    0.071ns
    Total Input Jitter      (TIJ):    0.000ns
    Discrete Jitter          (DJ):    0.000ns
    Phase Error              (PE):    0.000ns
  Clock Net Delay (Source):      1.550ns (routing 0.699ns, distribution 0.851ns)
  Clock Net Delay (Destination): 1.363ns (routing 0.632ns, distribution 0.731ns)

    Location             Delay type                Incr(ns)  Path(ns)    Netlist Resource(s)
  -------------------------------------------------------------------    -------------------
                         (clock clock_system rise edge)
                                                      0.000     0.000 r  
    V23                                               0.000     0.000 r  clk_sys (IN)
                         net (fo=0)                   0.000     0.000    clk_sys_IBUF_inst/I
    V23                  INBUF (Prop_INBUF_HPIOB_M_PAD_O)
                                                      0.502     0.502 r  clk_sys_IBUF_inst/INBUF_INST/O
                         net (fo=1, routed)           0.000     0.502    clk_sys_IBUF_inst/OUT
    V23                  IBUFCTRL (Prop_IBUFCTRL_HPIOB_M_I_O)
                                                      0.000     0.502 r  clk_sys_IBUF_inst/IBUFCTRL_INST/O
                         net (fo=1, routed)           0.348     0.850    clk_sys_IBUF
    BUFGCE_X0Y32         BUFGCE (Prop_BUFCE_BUFGCE_I_O)
                                                      0.028     0.878 r  clk_sys_IBUF_BUFG_inst/O
    X0Y0 (CLOCK_ROOT)    net (fo=9, routed)           1.550     2.428    clk_sys_IBUF_BUFG
    SLICE_X2Y52          FDCE                                         r  FSM_onehot_state_reg[4]/C
  -------------------------------------------------------------------    -------------------
    SLICE_X2Y52          FDCE (Prop_DFF_SLICEL_C_Q)
                                                      0.079     2.507 r  FSM_onehot_state_reg[4]/Q
                         net (fo=3, routed)           0.155     2.662    FSM_onehot_state_reg_n_0_[4]
    SLICE_X1Y52          LUT6 (Prop_B6LUT_SLICEM_I2_O)
                                                      0.100     2.762 r  FSM_onehot_state[5]_i_1/O
                         net (fo=1, routed)           0.059     2.821    FSM_onehot_state[5]_i_1_n_0
    SLICE_X1Y52          FDCE                                         r  FSM_onehot_state_reg[5]/D
  -------------------------------------------------------------------    -------------------

                         (clock clock_system rise edge)
                                                     10.000    10.000 r  
    V23                                               0.000    10.000 r  clk_sys (IN)
                         net (fo=0)                   0.000    10.000    clk_sys_IBUF_inst/I
    V23                  INBUF (Prop_INBUF_HPIOB_M_PAD_O)
                                                      0.252    10.252 r  clk_sys_IBUF_inst/INBUF_INST/O
                         net (fo=1, routed)           0.000    10.252    clk_sys_IBUF_inst/OUT
    V23                  IBUFCTRL (Prop_IBUFCTRL_HPIOB_M_I_O)
                                                      0.000    10.252 r  clk_sys_IBUF_inst/IBUFCTRL_INST/O
                         net (fo=1, routed)           0.309    10.561    clk_sys_IBUF
    BUFGCE_X0Y32         BUFGCE (Prop_BUFCE_BUFGCE_I_O)
                                                      0.024    10.585 r  clk_sys_IBUF_BUFG_inst/O
    X0Y0 (CLOCK_ROOT)    net (fo=9, routed)           1.363    11.948    clk_sys_IBUF_BUFG
    SLICE_X1Y52          FDCE                                         r  FSM_onehot_state_reg[5]/C
                         clock pessimism              0.455    12.403    
                         clock uncertainty           -0.035    12.368    
    SLICE_X1Y52          FDCE (Setup_BFF_SLICEM_C_D)
                                                      0.025    12.393    FSM_onehot_state_reg[5]
  -------------------------------------------------------------------
                         required time                         12.393    
                         arrival time                          -2.821    
  -------------------------------------------------------------------
                         slack                                  9.572    

Slack (MET) :             9.577ns  (required time - arrival time)
  Source:                 FSM_onehot_state_reg[3]/C
                            (rising edge-triggered cell FDCE clocked by clock_system  {rise@0.000ns fall@5.000ns period=10.000ns})
  Destination:            FSM_onehot_state_reg[4]/D
                            (rising edge-triggered cell FDCE clocked by clock_system  {rise@0.000ns fall@5.000ns period=10.000ns})
  Path Group:             clock_system
  Path Type:              Setup (Max at Slow Process Corner)
  Requirement:            10.000ns  (clock_system rise@10.000ns - clock_system rise@0.000ns)
  Data Path Delay:        0.377ns  (logic 0.224ns (59.390%)  route 0.153ns (40.610%))
  Logic Levels:           1  (LUT5=1)
  Clock Path Skew:        -0.035ns (DCD - SCD + CPR)
    Destination Clock Delay (DCD):    1.944ns = ( 11.944 - 10.000 ) 
    Source Clock Delay      (SCD):    2.435ns
    Clock Pessimism Removal (CPR):    0.455ns
  Clock Uncertainty:      0.035ns  ((TSJ^2 + TIJ^2)^1/2 + DJ) / 2 + PE
    Total System Jitter     (TSJ):    0.071ns
    Total Input Jitter      (TIJ):    0.000ns
    Discrete Jitter          (DJ):    0.000ns
    Phase Error              (PE):    0.000ns
  Clock Net Delay (Source):      1.557ns (routing 0.699ns, distribution 0.858ns)
  Clock Net Delay (Destination): 1.359ns (routing 0.632ns, distribution 0.727ns)

    Location             Delay type                Incr(ns)  Path(ns)    Netlist Resource(s)
  -------------------------------------------------------------------    -------------------
                         (clock clock_system rise edge)
                                                      0.000     0.000 r  
    V23                                               0.000     0.000 r  clk_sys (IN)
                         net (fo=0)                   0.000     0.000    clk_sys_IBUF_inst/I
    V23                  INBUF (Prop_INBUF_HPIOB_M_PAD_O)
                                                      0.502     0.502 r  clk_sys_IBUF_inst/INBUF_INST/O
                         net (fo=1, routed)           0.000     0.502    clk_sys_IBUF_inst/OUT
    V23                  IBUFCTRL (Prop_IBUFCTRL_HPIOB_M_I_O)
                                                      0.000     0.502 r  clk_sys_IBUF_inst/IBUFCTRL_INST/O
                         net (fo=1, routed)           0.348     0.850    clk_sys_IBUF
    BUFGCE_X0Y32         BUFGCE (Prop_BUFCE_BUFGCE_I_O)
                                                      0.028     0.878 r  clk_sys_IBUF_BUFG_inst/O
    X0Y0 (CLOCK_ROOT)    net (fo=9, routed)           1.557     2.435    clk_sys_IBUF_BUFG
    SLICE_X1Y52          FDCE                                         r  FSM_onehot_state_reg[3]/C
  -------------------------------------------------------------------    -------------------
    SLICE_X1Y52          FDCE (Prop_DFF_SLICEM_C_Q)
                                                      0.078     2.513 r  FSM_onehot_state_reg[3]/Q
                         net (fo=5, routed)           0.104     2.617    FSM_onehot_state_reg_n_0_[3]
    SLICE_X2Y52          LUT5 (Prop_D6LUT_SLICEL_I0_O)
                                                      0.146     2.763 r  FSM_onehot_state[4]_i_1/O
                         net (fo=1, routed)           0.049     2.812    FSM_onehot_state[4]_i_1_n_0
    SLICE_X2Y52          FDCE                                         r  FSM_onehot_state_reg[4]/D
  -------------------------------------------------------------------    -------------------

                         (clock clock_system rise edge)
                                                     10.000    10.000 r  
    V23                                               0.000    10.000 r  clk_sys (IN)
                         net (fo=0)                   0.000    10.000    clk_sys_IBUF_inst/I
    V23                  INBUF (Prop_INBUF_HPIOB_M_PAD_O)
                                                      0.252    10.252 r  clk_sys_IBUF_inst/INBUF_INST/O
                         net (fo=1, routed)           0.000    10.252    clk_sys_IBUF_inst/OUT
    V23                  IBUFCTRL (Prop_IBUFCTRL_HPIOB_M_I_O)
                                                      0.000    10.252 r  clk_sys_IBUF_inst/IBUFCTRL_INST/O
                         net (fo=1, routed)           0.309    10.561    clk_sys_IBUF
    BUFGCE_X0Y32         BUFGCE (Prop_BUFCE_BUFGCE_I_O)
                                                      0.024    10.585 r  clk_sys_IBUF_BUFG_inst/O
    X0Y0 (CLOCK_ROOT)    net (fo=9, routed)           1.359    11.944    clk_sys_IBUF_BUFG
    SLICE_X2Y52          FDCE                                         r  FSM_onehot_state_reg[4]/C
                         clock pessimism              0.455    12.399    
                         clock uncertainty           -0.035    12.364    
    SLICE_X2Y52          FDCE (Setup_DFF_SLICEL_C_D)
                                                      0.025    12.389    FSM_onehot_state_reg[4]
  -------------------------------------------------------------------
                         required time                         12.389    
                         arrival time                          -2.812    
  -------------------------------------------------------------------
                         slack                                  9.577    

Slack (MET) :             9.587ns  (required time - arrival time)
  Source:                 FSM_onehot_state_reg[6]/C
                            (rising edge-triggered cell FDCE clocked by clock_system  {rise@0.000ns fall@5.000ns period=10.000ns})
  Destination:            FSM_onehot_state_reg[7]_lopt_replica/D
                            (rising edge-triggered cell FDCE clocked by clock_system  {rise@0.000ns fall@5.000ns period=10.000ns})
  Path Group:             clock_system
  Path Type:              Setup (Max at Slow Process Corner)
  Requirement:            10.000ns  (clock_system rise@10.000ns - clock_system rise@0.000ns)
  Data Path Delay:        0.370ns  (logic 0.117ns (31.619%)  route 0.253ns (68.381%))
  Logic Levels:           1  (LUT3=1)
  Clock Path Skew:        -0.032ns (DCD - SCD + CPR)
    Destination Clock Delay (DCD):    1.947ns = ( 11.947 - 10.000 ) 
    Source Clock Delay      (SCD):    2.435ns
    Clock Pessimism Removal (CPR):    0.455ns
  Clock Uncertainty:      0.035ns  ((TSJ^2 + TIJ^2)^1/2 + DJ) / 2 + PE
    Total System Jitter     (TSJ):    0.071ns
    Total Input Jitter      (TIJ):    0.000ns
    Discrete Jitter          (DJ):    0.000ns
    Phase Error              (PE):    0.000ns
  Clock Net Delay (Source):      1.557ns (routing 0.699ns, distribution 0.858ns)
  Clock Net Delay (Destination): 1.362ns (routing 0.632ns, distribution 0.730ns)

    Location             Delay type                Incr(ns)  Path(ns)    Netlist Resource(s)
  -------------------------------------------------------------------    -------------------
                         (clock clock_system rise edge)
                                                      0.000     0.000 r  
    V23                                               0.000     0.000 r  clk_sys (IN)
                         net (fo=0)                   0.000     0.000    clk_sys_IBUF_inst/I
    V23                  INBUF (Prop_INBUF_HPIOB_M_PAD_O)
                                                      0.502     0.502 r  clk_sys_IBUF_inst/INBUF_INST/O
                         net (fo=1, routed)           0.000     0.502    clk_sys_IBUF_inst/OUT
    V23                  IBUFCTRL (Prop_IBUFCTRL_HPIOB_M_I_O)
                                                      0.000     0.502 r  clk_sys_IBUF_inst/IBUFCTRL_INST/O
                         net (fo=1, routed)           0.348     0.850    clk_sys_IBUF
    BUFGCE_X0Y32         BUFGCE (Prop_BUFCE_BUFGCE_I_O)
                                                      0.028     0.878 r  clk_sys_IBUF_BUFG_inst/O
    X0Y0 (CLOCK_ROOT)    net (fo=9, routed)           1.557     2.435    clk_sys_IBUF_BUFG
    SLICE_X1Y52          FDCE                                         r  FSM_onehot_state_reg[6]/C
  -------------------------------------------------------------------    -------------------
    SLICE_X1Y52          FDCE (Prop_DFF2_SLICEM_C_Q)
                                                      0.080     2.515 r  FSM_onehot_state_reg[6]/Q
                         net (fo=3, routed)           0.131     2.646    FSM_onehot_state_reg_n_0_[6]
    SLICE_X1Y52          LUT3 (Prop_F6LUT_SLICEM_I2_O)
                                                      0.037     2.683 r  FSM_onehot_state[7]_i_1/O
                         net (fo=2, routed)           0.122     2.805    FSM_onehot_state[7]_i_1_n_0
    SLICE_X1Y52          FDCE                                         r  FSM_onehot_state_reg[7]_lopt_replica/D
  -------------------------------------------------------------------    -------------------

                         (clock clock_system rise edge)
                                                     10.000    10.000 r  
    V23                                               0.000    10.000 r  clk_sys (IN)
                         net (fo=0)                   0.000    10.000    clk_sys_IBUF_inst/I
    V23                  INBUF (Prop_INBUF_HPIOB_M_PAD_O)
                                                      0.252    10.252 r  clk_sys_IBUF_inst/INBUF_INST/O
                         net (fo=1, routed)           0.000    10.252    clk_sys_IBUF_inst/OUT
    V23                  IBUFCTRL (Prop_IBUFCTRL_HPIOB_M_I_O)
                                                      0.000    10.252 r  clk_sys_IBUF_inst/IBUFCTRL_INST/O
                         net (fo=1, routed)           0.309    10.561    clk_sys_IBUF
    BUFGCE_X0Y32         BUFGCE (Prop_BUFCE_BUFGCE_I_O)
                                                      0.024    10.585 r  clk_sys_IBUF_BUFG_inst/O
    X0Y0 (CLOCK_ROOT)    net (fo=9, routed)           1.362    11.947    clk_sys_IBUF_BUFG
    SLICE_X1Y52          FDCE                                         r  FSM_onehot_state_reg[7]_lopt_replica/C
                         clock pessimism              0.455    12.402    
                         clock uncertainty           -0.035    12.367    
    SLICE_X1Y52          FDCE (Setup_EFF2_SLICEM_C_D)
                                                      0.025    12.392    FSM_onehot_state_reg[7]_lopt_replica
  -------------------------------------------------------------------
                         required time                         12.392    
                         arrival time                          -2.805    
  -------------------------------------------------------------------
                         slack                                  9.587    

Slack (MET) :             9.621ns  (required time - arrival time)
  Source:                 FSM_onehot_state_reg[2]/C
                            (rising edge-triggered cell FDCE clocked by clock_system  {rise@0.000ns fall@5.000ns period=10.000ns})
  Destination:            FSM_onehot_state_reg[2]/D
                            (rising edge-triggered cell FDCE clocked by clock_system  {rise@0.000ns fall@5.000ns period=10.000ns})
  Path Group:             clock_system
  Path Type:              Setup (Max at Slow Process Corner)
  Requirement:            10.000ns  (clock_system rise@10.000ns - clock_system rise@0.000ns)
  Data Path Delay:        0.360ns  (logic 0.176ns (48.950%)  route 0.184ns (51.050%))
  Logic Levels:           1  (LUT5=1)
  Clock Path Skew:        -0.009ns (DCD - SCD + CPR)
    Destination Clock Delay (DCD):    1.948ns = ( 11.948 - 10.000 ) 
    Source Clock Delay      (SCD):    2.435ns
    Clock Pessimism Removal (CPR):    0.478ns
  Clock Uncertainty:      0.035ns  ((TSJ^2 + TIJ^2)^1/2 + DJ) / 2 + PE
    Total System Jitter     (TSJ):    0.071ns
    Total Input Jitter      (TIJ):    0.000ns
    Discrete Jitter          (DJ):    0.000ns
    Phase Error              (PE):    0.000ns
  Clock Net Delay (Source):      1.557ns (routing 0.699ns, distribution 0.858ns)
  Clock Net Delay (Destination): 1.363ns (routing 0.632ns, distribution 0.731ns)

    Location             Delay type                Incr(ns)  Path(ns)    Netlist Resource(s)
  -------------------------------------------------------------------    -------------------
                         (clock clock_system rise edge)
                                                      0.000     0.000 r  
    V23                                               0.000     0.000 r  clk_sys (IN)
                         net (fo=0)                   0.000     0.000    clk_sys_IBUF_inst/I
    V23                  INBUF (Prop_INBUF_HPIOB_M_PAD_O)
                                                      0.502     0.502 r  clk_sys_IBUF_inst/INBUF_INST/O
                         net (fo=1, routed)           0.000     0.502    clk_sys_IBUF_inst/OUT
    V23                  IBUFCTRL (Prop_IBUFCTRL_HPIOB_M_I_O)
                                                      0.000     0.502 r  clk_sys_IBUF_inst/IBUFCTRL_INST/O
                         net (fo=1, routed)           0.348     0.850    clk_sys_IBUF
    BUFGCE_X0Y32         BUFGCE (Prop_BUFCE_BUFGCE_I_O)
                                                      0.028     0.878 r  clk_sys_IBUF_BUFG_inst/O
    X0Y0 (CLOCK_ROOT)    net (fo=9, routed)           1.557     2.435    clk_sys_IBUF_BUFG
    SLICE_X1Y52          FDCE                                         r  FSM_onehot_state_reg[2]/C
  -------------------------------------------------------------------    -------------------
    SLICE_X1Y52          FDCE (Prop_CFF2_SLICEM_C_Q)
                                                      0.077     2.512 r  FSM_onehot_state_reg[2]/Q
                         net (fo=3, routed)           0.157     2.668    FSM_onehot_state_reg_n_0_[2]
    SLICE_X1Y52          LUT5 (Prop_C5LUT_SLICEM_I1_O)
                                                      0.099     2.767 r  FSM_onehot_state[2]_i_1/O
                         net (fo=1, routed)           0.027     2.794    FSM_onehot_state[2]_i_1_n_0
    SLICE_X1Y52          FDCE                                         r  FSM_onehot_state_reg[2]/D
  -------------------------------------------------------------------    -------------------

                         (clock clock_system rise edge)
                                                     10.000    10.000 r  
    V23                                               0.000    10.000 r  clk_sys (IN)
                         net (fo=0)                   0.000    10.000    clk_sys_IBUF_inst/I
    V23                  INBUF (Prop_INBUF_HPIOB_M_PAD_O)
                                                      0.252    10.252 r  clk_sys_IBUF_inst/INBUF_INST/O
                         net (fo=1, routed)           0.000    10.252    clk_sys_IBUF_inst/OUT
    V23                  IBUFCTRL (Prop_IBUFCTRL_HPIOB_M_I_O)
                                                      0.000    10.252 r  clk_sys_IBUF_inst/IBUFCTRL_INST/O
                         net (fo=1, routed)           0.309    10.561    clk_sys_IBUF
    BUFGCE_X0Y32         BUFGCE (Prop_BUFCE_BUFGCE_I_O)
                                                      0.024    10.585 r  clk_sys_IBUF_BUFG_inst/O
    X0Y0 (CLOCK_ROOT)    net (fo=9, routed)           1.363    11.948    clk_sys_IBUF_BUFG
    SLICE_X1Y52          FDCE                                         r  FSM_onehot_state_reg[2]/C
                         clock pessimism              0.478    12.426    
                         clock uncertainty           -0.035    12.390    
    SLICE_X1Y52          FDCE (Setup_CFF2_SLICEM_C_D)
                                                      0.025    12.415    FSM_onehot_state_reg[2]
  -------------------------------------------------------------------
                         required time                         12.415    
                         arrival time                          -2.794    
  -------------------------------------------------------------------
                         slack                                  9.621    





Min Delay Paths
--------------------------------------------------------------------------------------
Slack (MET) :             0.044ns  (arrival time - required time)
  Source:                 FSM_onehot_state_reg[4]/C
                            (rising edge-triggered cell FDCE clocked by clock_system  {rise@0.000ns fall@5.000ns period=10.000ns})
  Destination:            FSM_onehot_state_reg[4]/D
                            (rising edge-triggered cell FDCE clocked by clock_system  {rise@0.000ns fall@5.000ns period=10.000ns})
  Path Group:             clock_system
  Path Type:              Hold (Min at Fast Process Corner)
  Requirement:            0.000ns  (clock_system rise@0.000ns - clock_system rise@0.000ns)
  Data Path Delay:        0.096ns  (logic 0.053ns (55.391%)  route 0.043ns (44.609%))
  Logic Levels:           1  (LUT5=1)
  Clock Path Skew:        0.006ns (DCD - SCD - CPR)
    Destination Clock Delay (DCD):    1.506ns
    Source Clock Delay      (SCD):    1.167ns
    Clock Pessimism Removal (CPR):    0.333ns
  Clock Net Delay (Source):      0.857ns (routing 0.387ns, distribution 0.470ns)
  Clock Net Delay (Destination): 0.974ns (routing 0.433ns, distribution 0.541ns)

    Location             Delay type                Incr(ns)  Path(ns)    Netlist Resource(s)
  -------------------------------------------------------------------    -------------------
                         (clock clock_system rise edge)
                                                      0.000     0.000 r  
    V23                                               0.000     0.000 r  clk_sys (IN)
                         net (fo=0)                   0.000     0.000    clk_sys_IBUF_inst/I
    V23                  INBUF (Prop_INBUF_HPIOB_M_PAD_O)
                                                      0.137     0.137 r  clk_sys_IBUF_inst/INBUF_INST/O
                         net (fo=1, routed)           0.000     0.137    clk_sys_IBUF_inst/OUT
    V23                  IBUFCTRL (Prop_IBUFCTRL_HPIOB_M_I_O)
                                                      0.000     0.137 r  clk_sys_IBUF_inst/IBUFCTRL_INST/O
                         net (fo=1, routed)           0.156     0.293    clk_sys_IBUF
    BUFGCE_X0Y32         BUFGCE (Prop_BUFCE_BUFGCE_I_O)
                                                      0.017     0.310 r  clk_sys_IBUF_BUFG_inst/O
    X0Y0 (CLOCK_ROOT)    net (fo=9, routed)           0.857     1.167    clk_sys_IBUF_BUFG
    SLICE_X2Y52          FDCE                                         r  FSM_onehot_state_reg[4]/C
  -------------------------------------------------------------------    -------------------
    SLICE_X2Y52          FDCE (Prop_DFF_SLICEL_C_Q)
                                                      0.039     1.206 r  FSM_onehot_state_reg[4]/Q
                         net (fo=3, routed)           0.027     1.232    FSM_onehot_state_reg_n_0_[4]
    SLICE_X2Y52          LUT5 (Prop_D6LUT_SLICEL_I4_O)
                                                      0.014     1.246 r  FSM_onehot_state[4]_i_1/O
                         net (fo=1, routed)           0.016     1.262    FSM_onehot_state[4]_i_1_n_0
    SLICE_X2Y52          FDCE                                         r  FSM_onehot_state_reg[4]/D
  -------------------------------------------------------------------    -------------------

                         (clock clock_system rise edge)
                                                      0.000     0.000 r  
    V23                                               0.000     0.000 r  clk_sys (IN)
                         net (fo=0)                   0.000     0.000    clk_sys_IBUF_inst/I
    V23                  INBUF (Prop_INBUF_HPIOB_M_PAD_O)
                                                      0.322     0.322 r  clk_sys_IBUF_inst/INBUF_INST/O
                         net (fo=1, routed)           0.000     0.322    clk_sys_IBUF_inst/OUT
    V23                  IBUFCTRL (Prop_IBUFCTRL_HPIOB_M_I_O)
                                                      0.000     0.322 r  clk_sys_IBUF_inst/IBUFCTRL_INST/O
                         net (fo=1, routed)           0.191     0.513    clk_sys_IBUF
    BUFGCE_X0Y32         BUFGCE (Prop_BUFCE_BUFGCE_I_O)
                                                      0.019     0.532 r  clk_sys_IBUF_BUFG_inst/O
    X0Y0 (CLOCK_ROOT)    net (fo=9, routed)           0.974     1.506    clk_sys_IBUF_BUFG
    SLICE_X2Y52          FDCE                                         r  FSM_onehot_state_reg[4]/C
                         clock pessimism             -0.333     1.173    
    SLICE_X2Y52          FDCE (Hold_DFF_SLICEL_C_D)
                                                      0.046     1.219    FSM_onehot_state_reg[4]
  -------------------------------------------------------------------
                         required time                         -1.219    
                         arrival time                           1.262    
  -------------------------------------------------------------------
                         slack                                  0.044    

Slack (MET) :             0.050ns  (arrival time - required time)
  Source:                 FSM_onehot_state_reg[5]/C
                            (rising edge-triggered cell FDCE clocked by clock_system  {rise@0.000ns fall@5.000ns period=10.000ns})
  Destination:            FSM_onehot_state_reg[5]/D
                            (rising edge-triggered cell FDCE clocked by clock_system  {rise@0.000ns fall@5.000ns period=10.000ns})
  Path Group:             clock_system
  Path Type:              Hold (Min at Fast Process Corner)
  Requirement:            0.000ns  (clock_system rise@0.000ns - clock_system rise@0.000ns)
  Data Path Delay:        0.102ns  (logic 0.052ns (51.010%)  route 0.050ns (48.990%))
  Logic Levels:           1  (LUT6=1)
  Clock Path Skew:        0.006ns (DCD - SCD - CPR)
    Destination Clock Delay (DCD):    1.511ns
    Source Clock Delay      (SCD):    1.170ns
    Clock Pessimism Removal (CPR):    0.335ns
  Clock Net Delay (Source):      0.860ns (routing 0.387ns, distribution 0.473ns)
  Clock Net Delay (Destination): 0.979ns (routing 0.433ns, distribution 0.546ns)

    Location             Delay type                Incr(ns)  Path(ns)    Netlist Resource(s)
  -------------------------------------------------------------------    -------------------
                         (clock clock_system rise edge)
                                                      0.000     0.000 r  
    V23                                               0.000     0.000 r  clk_sys (IN)
                         net (fo=0)                   0.000     0.000    clk_sys_IBUF_inst/I
    V23                  INBUF (Prop_INBUF_HPIOB_M_PAD_O)
                                                      0.137     0.137 r  clk_sys_IBUF_inst/INBUF_INST/O
                         net (fo=1, routed)           0.000     0.137    clk_sys_IBUF_inst/OUT
    V23                  IBUFCTRL (Prop_IBUFCTRL_HPIOB_M_I_O)
                                                      0.000     0.137 r  clk_sys_IBUF_inst/IBUFCTRL_INST/O
                         net (fo=1, routed)           0.156     0.293    clk_sys_IBUF
    BUFGCE_X0Y32         BUFGCE (Prop_BUFCE_BUFGCE_I_O)
                                                      0.017     0.310 r  clk_sys_IBUF_BUFG_inst/O
    X0Y0 (CLOCK_ROOT)    net (fo=9, routed)           0.860     1.170    clk_sys_IBUF_BUFG
    SLICE_X1Y52          FDCE                                         r  FSM_onehot_state_reg[5]/C
  -------------------------------------------------------------------    -------------------
    SLICE_X1Y52          FDCE (Prop_BFF_SLICEM_C_Q)
                                                      0.038     1.208 r  FSM_onehot_state_reg[5]/Q
                         net (fo=3, routed)           0.029     1.237    FSM_onehot_state_reg_n_0_[5]
    SLICE_X1Y52          LUT6 (Prop_B6LUT_SLICEM_I1_O)
                                                      0.014     1.251 r  FSM_onehot_state[5]_i_1/O
                         net (fo=1, routed)           0.021     1.272    FSM_onehot_state[5]_i_1_n_0
    SLICE_X1Y52          FDCE                                         r  FSM_onehot_state_reg[5]/D
  -------------------------------------------------------------------    -------------------

                         (clock clock_system rise edge)
                                                      0.000     0.000 r  
    V23                                               0.000     0.000 r  clk_sys (IN)
                         net (fo=0)                   0.000     0.000    clk_sys_IBUF_inst/I
    V23                  INBUF (Prop_INBUF_HPIOB_M_PAD_O)
                                                      0.322     0.322 r  clk_sys_IBUF_inst/INBUF_INST/O
                         net (fo=1, routed)           0.000     0.322    clk_sys_IBUF_inst/OUT
    V23                  IBUFCTRL (Prop_IBUFCTRL_HPIOB_M_I_O)
                                                      0.000     0.322 r  clk_sys_IBUF_inst/IBUFCTRL_INST/O
                         net (fo=1, routed)           0.191     0.513    clk_sys_IBUF
    BUFGCE_X0Y32         BUFGCE (Prop_BUFCE_BUFGCE_I_O)
                                                      0.019     0.532 r  clk_sys_IBUF_BUFG_inst/O
    X0Y0 (CLOCK_ROOT)    net (fo=9, routed)           0.979     1.511    clk_sys_IBUF_BUFG
    SLICE_X1Y52          FDCE                                         r  FSM_onehot_state_reg[5]/C
                         clock pessimism             -0.335     1.176    
    SLICE_X1Y52          FDCE (Hold_BFF_SLICEM_C_D)
                                                      0.046     1.222    FSM_onehot_state_reg[5]
  -------------------------------------------------------------------
                         required time                         -1.222    
                         arrival time                           1.272    
  -------------------------------------------------------------------
                         slack                                  0.050    

Slack (MET) :             0.059ns  (arrival time - required time)
  Source:                 FSM_onehot_state_reg[5]/C
                            (rising edge-triggered cell FDCE clocked by clock_system  {rise@0.000ns fall@5.000ns period=10.000ns})
  Destination:            FSM_onehot_state_reg[6]/D
                            (rising edge-triggered cell FDCE clocked by clock_system  {rise@0.000ns fall@5.000ns period=10.000ns})
  Path Group:             clock_system
  Path Type:              Hold (Min at Fast Process Corner)
  Requirement:            0.000ns  (clock_system rise@0.000ns - clock_system rise@0.000ns)
  Data Path Delay:        0.112ns  (logic 0.075ns (66.909%)  route 0.037ns (33.091%))
  Logic Levels:           1  (LUT5=1)
  Clock Path Skew:        0.006ns (DCD - SCD - CPR)
    Destination Clock Delay (DCD):    1.511ns
    Source Clock Delay      (SCD):    1.170ns
    Clock Pessimism Removal (CPR):    0.335ns
  Clock Net Delay (Source):      0.860ns (routing 0.387ns, distribution 0.473ns)
  Clock Net Delay (Destination): 0.979ns (routing 0.433ns, distribution 0.546ns)

    Location             Delay type                Incr(ns)  Path(ns)    Netlist Resource(s)
  -------------------------------------------------------------------    -------------------
                         (clock clock_system rise edge)
                                                      0.000     0.000 r  
    V23                                               0.000     0.000 r  clk_sys (IN)
                         net (fo=0)                   0.000     0.000    clk_sys_IBUF_inst/I
    V23                  INBUF (Prop_INBUF_HPIOB_M_PAD_O)
                                                      0.137     0.137 r  clk_sys_IBUF_inst/INBUF_INST/O
                         net (fo=1, routed)           0.000     0.137    clk_sys_IBUF_inst/OUT
    V23                  IBUFCTRL (Prop_IBUFCTRL_HPIOB_M_I_O)
                                                      0.000     0.137 r  clk_sys_IBUF_inst/IBUFCTRL_INST/O
                         net (fo=1, routed)           0.156     0.293    clk_sys_IBUF
    BUFGCE_X0Y32         BUFGCE (Prop_BUFCE_BUFGCE_I_O)
                                                      0.017     0.310 r  clk_sys_IBUF_BUFG_inst/O
    X0Y0 (CLOCK_ROOT)    net (fo=9, routed)           0.860     1.170    clk_sys_IBUF_BUFG
    SLICE_X1Y52          FDCE                                         r  FSM_onehot_state_reg[5]/C
  -------------------------------------------------------------------    -------------------
    SLICE_X1Y52          FDCE (Prop_BFF_SLICEM_C_Q)
                                                      0.038     1.208 r  FSM_onehot_state_reg[5]/Q
                         net (fo=3, routed)           0.028     1.236    FSM_onehot_state_reg_n_0_[5]
    SLICE_X1Y52          LUT5 (Prop_D5LUT_SLICEM_I0_O)
                                                      0.037     1.273 r  FSM_onehot_state[6]_i_1/O
                         net (fo=1, routed)           0.009     1.282    FSM_onehot_state[6]_i_1_n_0
    SLICE_X1Y52          FDCE                                         r  FSM_onehot_state_reg[6]/D
  -------------------------------------------------------------------    -------------------

                         (clock clock_system rise edge)
                                                      0.000     0.000 r  
    V23                                               0.000     0.000 r  clk_sys (IN)
                         net (fo=0)                   0.000     0.000    clk_sys_IBUF_inst/I
    V23                  INBUF (Prop_INBUF_HPIOB_M_PAD_O)
                                                      0.322     0.322 r  clk_sys_IBUF_inst/INBUF_INST/O
                         net (fo=1, routed)           0.000     0.322    clk_sys_IBUF_inst/OUT
    V23                  IBUFCTRL (Prop_IBUFCTRL_HPIOB_M_I_O)
                                                      0.000     0.322 r  clk_sys_IBUF_inst/IBUFCTRL_INST/O
                         net (fo=1, routed)           0.191     0.513    clk_sys_IBUF
    BUFGCE_X0Y32         BUFGCE (Prop_BUFCE_BUFGCE_I_O)
                                                      0.019     0.532 r  clk_sys_IBUF_BUFG_inst/O
    X0Y0 (CLOCK_ROOT)    net (fo=9, routed)           0.979     1.511    clk_sys_IBUF_BUFG
    SLICE_X1Y52          FDCE                                         r  FSM_onehot_state_reg[6]/C
                         clock pessimism             -0.335     1.176    
    SLICE_X1Y52          FDCE (Hold_DFF2_SLICEM_C_D)
                                                      0.047     1.223    FSM_onehot_state_reg[6]
  -------------------------------------------------------------------
                         required time                         -1.223    
                         arrival time                           1.282    
  -------------------------------------------------------------------
                         slack                                  0.059    

Slack (MET) :             0.060ns  (arrival time - required time)
  Source:                 FSM_onehot_state_reg[1]/C
                            (rising edge-triggered cell FDCE clocked by clock_system  {rise@0.000ns fall@5.000ns period=10.000ns})
  Destination:            FSM_onehot_state_reg[1]/D
                            (rising edge-triggered cell FDCE clocked by clock_system  {rise@0.000ns fall@5.000ns period=10.000ns})
  Path Group:             clock_system
  Path Type:              Hold (Min at Fast Process Corner)
  Requirement:            0.000ns  (clock_system rise@0.000ns - clock_system rise@0.000ns)
  Data Path Delay:        0.112ns  (logic 0.064ns (57.095%)  route 0.048ns (42.905%))
  Logic Levels:           2  (LUT6=1 MUXF7=1)
  Clock Path Skew:        0.006ns (DCD - SCD - CPR)
    Destination Clock Delay (DCD):    1.509ns
    Source Clock Delay      (SCD):    1.169ns
    Clock Pessimism Removal (CPR):    0.334ns
  Clock Net Delay (Source):      0.859ns (routing 0.387ns, distribution 0.472ns)
  Clock Net Delay (Destination): 0.977ns (routing 0.433ns, distribution 0.544ns)

    Location             Delay type                Incr(ns)  Path(ns)    Netlist Resource(s)
  -------------------------------------------------------------------    -------------------
                         (clock clock_system rise edge)
                                                      0.000     0.000 r  
    V23                                               0.000     0.000 r  clk_sys (IN)
                         net (fo=0)                   0.000     0.000    clk_sys_IBUF_inst/I
    V23                  INBUF (Prop_INBUF_HPIOB_M_PAD_O)
                                                      0.137     0.137 r  clk_sys_IBUF_inst/INBUF_INST/O
                         net (fo=1, routed)           0.000     0.137    clk_sys_IBUF_inst/OUT
    V23                  IBUFCTRL (Prop_IBUFCTRL_HPIOB_M_I_O)
                                                      0.000     0.137 r  clk_sys_IBUF_inst/IBUFCTRL_INST/O
                         net (fo=1, routed)           0.156     0.293    clk_sys_IBUF
    BUFGCE_X0Y32         BUFGCE (Prop_BUFCE_BUFGCE_I_O)
                                                      0.017     0.310 r  clk_sys_IBUF_BUFG_inst/O
    X0Y0 (CLOCK_ROOT)    net (fo=9, routed)           0.859     1.169    clk_sys_IBUF_BUFG
    SLICE_X1Y52          FDCE                                         r  FSM_onehot_state_reg[1]/C
  -------------------------------------------------------------------    -------------------
    SLICE_X1Y52          FDCE (Prop_HFF_SLICEM_C_Q)
                                                      0.039     1.208 r  FSM_onehot_state_reg[1]/Q
                         net (fo=4, routed)           0.030     1.238    FSM_onehot_state_reg_n_0_[1]
    SLICE_X1Y52          LUT6 (Prop_H6LUT_SLICEM_I5_O)
                                                      0.015     1.253 r  FSM_onehot_state[1]_i_2/O
                         net (fo=1, routed)           0.011     1.264    FSM_onehot_state[1]_i_2_n_0
    SLICE_X1Y52          MUXF7 (Prop_F7MUX_GH_SLICEM_I0_O)
                                                      0.010     1.274 r  FSM_onehot_state_reg[1]_i_1/O
                         net (fo=1, routed)           0.007     1.281    FSM_onehot_state_reg[1]_i_1_n_0
    SLICE_X1Y52          FDCE                                         r  FSM_onehot_state_reg[1]/D
  -------------------------------------------------------------------    -------------------

                         (clock clock_system rise edge)
                                                      0.000     0.000 r  
    V23                                               0.000     0.000 r  clk_sys (IN)
                         net (fo=0)                   0.000     0.000    clk_sys_IBUF_inst/I
    V23                  INBUF (Prop_INBUF_HPIOB_M_PAD_O)
                                                      0.322     0.322 r  clk_sys_IBUF_inst/INBUF_INST/O
                         net (fo=1, routed)           0.000     0.322    clk_sys_IBUF_inst/OUT
    V23                  IBUFCTRL (Prop_IBUFCTRL_HPIOB_M_I_O)
                                                      0.000     0.322 r  clk_sys_IBUF_inst/IBUFCTRL_INST/O
                         net (fo=1, routed)           0.191     0.513    clk_sys_IBUF
    BUFGCE_X0Y32         BUFGCE (Prop_BUFCE_BUFGCE_I_O)
                                                      0.019     0.532 r  clk_sys_IBUF_BUFG_inst/O
    X0Y0 (CLOCK_ROOT)    net (fo=9, routed)           0.977     1.509    clk_sys_IBUF_BUFG
    SLICE_X1Y52          FDCE                                         r  FSM_onehot_state_reg[1]/C
                         clock pessimism             -0.334     1.175    
    SLICE_X1Y52          FDCE (Hold_HFF_SLICEM_C_D)
                                                      0.046     1.221    FSM_onehot_state_reg[1]
  -------------------------------------------------------------------
                         required time                         -1.221    
                         arrival time                           1.281    
  -------------------------------------------------------------------
                         slack                                  0.060    

Slack (MET) :             0.069ns  (arrival time - required time)
  Source:                 FSM_onehot_state_reg[1]/C
                            (rising edge-triggered cell FDCE clocked by clock_system  {rise@0.000ns fall@5.000ns period=10.000ns})
  Destination:            FSM_onehot_state_reg[2]/D
                            (rising edge-triggered cell FDCE clocked by clock_system  {rise@0.000ns fall@5.000ns period=10.000ns})
  Path Group:             clock_system
  Path Type:              Hold (Min at Fast Process Corner)
  Requirement:            0.000ns  (clock_system rise@0.000ns - clock_system rise@0.000ns)
  Data Path Delay:        0.132ns  (logic 0.089ns (67.532%)  route 0.043ns (32.468%))
  Logic Levels:           1  (LUT5=1)
  Clock Path Skew:        0.015ns (DCD - SCD - CPR)
    Destination Clock Delay (DCD):    1.511ns
    Source Clock Delay      (SCD):    1.169ns
    Clock Pessimism Removal (CPR):    0.327ns
  Clock Net Delay (Source):      0.859ns (routing 0.387ns, distribution 0.472ns)
  Clock Net Delay (Destination): 0.979ns (routing 0.433ns, distribution 0.546ns)

    Location             Delay type                Incr(ns)  Path(ns)    Netlist Resource(s)
  -------------------------------------------------------------------    -------------------
                         (clock clock_system rise edge)
                                                      0.000     0.000 r  
    V23                                               0.000     0.000 r  clk_sys (IN)
                         net (fo=0)                   0.000     0.000    clk_sys_IBUF_inst/I
    V23                  INBUF (Prop_INBUF_HPIOB_M_PAD_O)
                                                      0.137     0.137 r  clk_sys_IBUF_inst/INBUF_INST/O
                         net (fo=1, routed)           0.000     0.137    clk_sys_IBUF_inst/OUT
    V23                  IBUFCTRL (Prop_IBUFCTRL_HPIOB_M_I_O)
                                                      0.000     0.137 r  clk_sys_IBUF_inst/IBUFCTRL_INST/O
                         net (fo=1, routed)           0.156     0.293    clk_sys_IBUF
    BUFGCE_X0Y32         BUFGCE (Prop_BUFCE_BUFGCE_I_O)
                                                      0.017     0.310 r  clk_sys_IBUF_BUFG_inst/O
    X0Y0 (CLOCK_ROOT)    net (fo=9, routed)           0.859     1.169    clk_sys_IBUF_BUFG
    SLICE_X1Y52          FDCE                                         r  FSM_onehot_state_reg[1]/C
  -------------------------------------------------------------------    -------------------
    SLICE_X1Y52          FDCE (Prop_HFF_SLICEM_C_Q)
                                                      0.039     1.208 r  FSM_onehot_state_reg[1]/Q
                         net (fo=4, routed)           0.035     1.243    FSM_onehot_state_reg_n_0_[1]
    SLICE_X1Y52          LUT5 (Prop_C5LUT_SLICEM_I4_O)
                                                      0.050     1.293 r  FSM_onehot_state[2]_i_1/O
                         net (fo=1, routed)           0.008     1.301    FSM_onehot_state[2]_i_1_n_0
    SLICE_X1Y52          FDCE                                         r  FSM_onehot_state_reg[2]/D
  -------------------------------------------------------------------    -------------------

                         (clock clock_system rise edge)
                                                      0.000     0.000 r  
    V23                                               0.000     0.000 r  clk_sys (IN)
                         net (fo=0)                   0.000     0.000    clk_sys_IBUF_inst/I
    V23                  INBUF (Prop_INBUF_HPIOB_M_PAD_O)
                                                      0.322     0.322 r  clk_sys_IBUF_inst/INBUF_INST/O
                         net (fo=1, routed)           0.000     0.322    clk_sys_IBUF_inst/OUT
    V23                  IBUFCTRL (Prop_IBUFCTRL_HPIOB_M_I_O)
                                                      0.000     0.322 r  clk_sys_IBUF_inst/IBUFCTRL_INST/O
                         net (fo=1, routed)           0.191     0.513    clk_sys_IBUF
    BUFGCE_X0Y32         BUFGCE (Prop_BUFCE_BUFGCE_I_O)
                                                      0.019     0.532 r  clk_sys_IBUF_BUFG_inst/O
    X0Y0 (CLOCK_ROOT)    net (fo=9, routed)           0.979     1.511    clk_sys_IBUF_BUFG
    SLICE_X1Y52          FDCE                                         r  FSM_onehot_state_reg[2]/C
                         clock pessimism             -0.327     1.184    
    SLICE_X1Y52          FDCE (Hold_CFF2_SLICEM_C_D)
                                                      0.047     1.231    FSM_onehot_state_reg[2]
  -------------------------------------------------------------------
                         required time                         -1.231    
                         arrival time                           1.301    
  -------------------------------------------------------------------
                         slack                                  0.069    

Slack (MET) :             0.103ns  (arrival time - required time)
  Source:                 FSM_onehot_state_reg[6]/C
                            (rising edge-triggered cell FDCE clocked by clock_system  {rise@0.000ns fall@5.000ns period=10.000ns})
  Destination:            FSM_onehot_state_reg[7]_lopt_replica/D
                            (rising edge-triggered cell FDCE clocked by clock_system  {rise@0.000ns fall@5.000ns period=10.000ns})
  Path Group:             clock_system
  Path Type:              Hold (Min at Fast Process Corner)
  Requirement:            0.000ns  (clock_system rise@0.000ns - clock_system rise@0.000ns)
  Data Path Delay:        0.163ns  (logic 0.055ns (33.808%)  route 0.108ns (66.192%))
  Logic Levels:           1  (LUT3=1)
  Clock Path Skew:        0.012ns (DCD - SCD - CPR)
    Destination Clock Delay (DCD):    1.509ns
    Source Clock Delay      (SCD):    1.170ns
    Clock Pessimism Removal (CPR):    0.327ns
  Clock Net Delay (Source):      0.860ns (routing 0.387ns, distribution 0.473ns)
  Clock Net Delay (Destination): 0.977ns (routing 0.433ns, distribution 0.544ns)

    Location             Delay type                Incr(ns)  Path(ns)    Netlist Resource(s)
  -------------------------------------------------------------------    -------------------
                         (clock clock_system rise edge)
                                                      0.000     0.000 r  
    V23                                               0.000     0.000 r  clk_sys (IN)
                         net (fo=0)                   0.000     0.000    clk_sys_IBUF_inst/I
    V23                  INBUF (Prop_INBUF_HPIOB_M_PAD_O)
                                                      0.137     0.137 r  clk_sys_IBUF_inst/INBUF_INST/O
                         net (fo=1, routed)           0.000     0.137    clk_sys_IBUF_inst/OUT
    V23                  IBUFCTRL (Prop_IBUFCTRL_HPIOB_M_I_O)
                                                      0.000     0.137 r  clk_sys_IBUF_inst/IBUFCTRL_INST/O
                         net (fo=1, routed)           0.156     0.293    clk_sys_IBUF
    BUFGCE_X0Y32         BUFGCE (Prop_BUFCE_BUFGCE_I_O)
                                                      0.017     0.310 r  clk_sys_IBUF_BUFG_inst/O
    X0Y0 (CLOCK_ROOT)    net (fo=9, routed)           0.860     1.170    clk_sys_IBUF_BUFG
    SLICE_X1Y52          FDCE                                         r  FSM_onehot_state_reg[6]/C
  -------------------------------------------------------------------    -------------------
    SLICE_X1Y52          FDCE (Prop_DFF2_SLICEM_C_Q)
                                                      0.041     1.211 r  FSM_onehot_state_reg[6]/Q
                         net (fo=3, routed)           0.071     1.281    FSM_onehot_state_reg_n_0_[6]
    SLICE_X1Y52          LUT3 (Prop_F6LUT_SLICEM_I2_O)
                                                      0.014     1.295 r  FSM_onehot_state[7]_i_1/O
                         net (fo=2, routed)           0.037     1.332    FSM_onehot_state[7]_i_1_n_0
    SLICE_X1Y52          FDCE                                         r  FSM_onehot_state_reg[7]_lopt_replica/D
  -------------------------------------------------------------------    -------------------

                         (clock clock_system rise edge)
                                                      0.000     0.000 r  
    V23                                               0.000     0.000 r  clk_sys (IN)
                         net (fo=0)                   0.000     0.000    clk_sys_IBUF_inst/I
    V23                  INBUF (Prop_INBUF_HPIOB_M_PAD_O)
                                                      0.322     0.322 r  clk_sys_IBUF_inst/INBUF_INST/O
                         net (fo=1, routed)           0.000     0.322    clk_sys_IBUF_inst/OUT
    V23                  IBUFCTRL (Prop_IBUFCTRL_HPIOB_M_I_O)
                                                      0.000     0.322 r  clk_sys_IBUF_inst/IBUFCTRL_INST/O
                         net (fo=1, routed)           0.191     0.513    clk_sys_IBUF
    BUFGCE_X0Y32         BUFGCE (Prop_BUFCE_BUFGCE_I_O)
                                                      0.019     0.532 r  clk_sys_IBUF_BUFG_inst/O
    X0Y0 (CLOCK_ROOT)    net (fo=9, routed)           0.977     1.509    clk_sys_IBUF_BUFG
    SLICE_X1Y52          FDCE                                         r  FSM_onehot_state_reg[7]_lopt_replica/C
                         clock pessimism             -0.327     1.182    
    SLICE_X1Y52          FDCE (Hold_EFF2_SLICEM_C_D)
                                                      0.047     1.229    FSM_onehot_state_reg[7]_lopt_replica
  -------------------------------------------------------------------
                         required time                         -1.229    
                         arrival time                           1.332    
  -------------------------------------------------------------------
                         slack                                  0.103    

Slack (MET) :             0.110ns  (arrival time - required time)
  Source:                 FSM_onehot_state_reg[6]/C
                            (rising edge-triggered cell FDCE clocked by clock_system  {rise@0.000ns fall@5.000ns period=10.000ns})
  Destination:            FSM_onehot_state_reg[3]/D
                            (rising edge-triggered cell FDCE clocked by clock_system  {rise@0.000ns fall@5.000ns period=10.000ns})
  Path Group:             clock_system
  Path Type:              Hold (Min at Fast Process Corner)
  Requirement:            0.000ns  (clock_system rise@0.000ns - clock_system rise@0.000ns)
  Data Path Delay:        0.162ns  (logic 0.082ns (50.717%)  route 0.080ns (49.284%))
  Logic Levels:           1  (LUT4=1)
  Clock Path Skew:        0.006ns (DCD - SCD - CPR)
    Destination Clock Delay (DCD):    1.511ns
    Source Clock Delay      (SCD):    1.170ns
    Clock Pessimism Removal (CPR):    0.335ns
  Clock Net Delay (Source):      0.860ns (routing 0.387ns, distribution 0.473ns)
  Clock Net Delay (Destination): 0.979ns (routing 0.433ns, distribution 0.546ns)

    Location             Delay type                Incr(ns)  Path(ns)    Netlist Resource(s)
  -------------------------------------------------------------------    -------------------
                         (clock clock_system rise edge)
                                                      0.000     0.000 r  
    V23                                               0.000     0.000 r  clk_sys (IN)
                         net (fo=0)                   0.000     0.000    clk_sys_IBUF_inst/I
    V23                  INBUF (Prop_INBUF_HPIOB_M_PAD_O)
                                                      0.137     0.137 r  clk_sys_IBUF_inst/INBUF_INST/O
                         net (fo=1, routed)           0.000     0.137    clk_sys_IBUF_inst/OUT
    V23                  IBUFCTRL (Prop_IBUFCTRL_HPIOB_M_I_O)
                                                      0.000     0.137 r  clk_sys_IBUF_inst/IBUFCTRL_INST/O
                         net (fo=1, routed)           0.156     0.293    clk_sys_IBUF
    BUFGCE_X0Y32         BUFGCE (Prop_BUFCE_BUFGCE_I_O)
                                                      0.017     0.310 r  clk_sys_IBUF_BUFG_inst/O
    X0Y0 (CLOCK_ROOT)    net (fo=9, routed)           0.860     1.170    clk_sys_IBUF_BUFG
    SLICE_X1Y52          FDCE                                         r  FSM_onehot_state_reg[6]/C
  -------------------------------------------------------------------    -------------------
    SLICE_X1Y52          FDCE (Prop_DFF2_SLICEM_C_Q)
                                                      0.041     1.211 r  FSM_onehot_state_reg[6]/Q
                         net (fo=3, routed)           0.054     1.264    FSM_onehot_state_reg_n_0_[6]
    SLICE_X1Y52          LUT4 (Prop_D6LUT_SLICEM_I3_O)
                                                      0.041     1.305 r  FSM_onehot_state[3]_i_1/O
                         net (fo=1, routed)           0.026     1.331    FSM_onehot_state[3]_i_1_n_0
    SLICE_X1Y52          FDCE                                         r  FSM_onehot_state_reg[3]/D
  -------------------------------------------------------------------    -------------------

                         (clock clock_system rise edge)
                                                      0.000     0.000 r  
    V23                                               0.000     0.000 r  clk_sys (IN)
                         net (fo=0)                   0.000     0.000    clk_sys_IBUF_inst/I
    V23                  INBUF (Prop_INBUF_HPIOB_M_PAD_O)
                                                      0.322     0.322 r  clk_sys_IBUF_inst/INBUF_INST/O
                         net (fo=1, routed)           0.000     0.322    clk_sys_IBUF_inst/OUT
    V23                  IBUFCTRL (Prop_IBUFCTRL_HPIOB_M_I_O)
                                                      0.000     0.322 r  clk_sys_IBUF_inst/IBUFCTRL_INST/O
                         net (fo=1, routed)           0.191     0.513    clk_sys_IBUF
    BUFGCE_X0Y32         BUFGCE (Prop_BUFCE_BUFGCE_I_O)
                                                      0.019     0.532 r  clk_sys_IBUF_BUFG_inst/O
    X0Y0 (CLOCK_ROOT)    net (fo=9, routed)           0.979     1.511    clk_sys_IBUF_BUFG
    SLICE_X1Y52          FDCE                                         r  FSM_onehot_state_reg[3]/C
                         clock pessimism             -0.335     1.176    
    SLICE_X1Y52          FDCE (Hold_DFF_SLICEM_C_D)
                                                      0.046     1.222    FSM_onehot_state_reg[3]
  -------------------------------------------------------------------
                         required time                         -1.222    
                         arrival time                           1.331    
  -------------------------------------------------------------------
                         slack                                  0.110    

Slack (MET) :             0.156ns  (arrival time - required time)
  Source:                 FSM_onehot_state_reg[6]/C
                            (rising edge-triggered cell FDCE clocked by clock_system  {rise@0.000ns fall@5.000ns period=10.000ns})
  Destination:            FSM_onehot_state_reg[7]/D
                            (rising edge-triggered cell FDCE clocked by clock_system  {rise@0.000ns fall@5.000ns period=10.000ns})
  Path Group:             clock_system
  Path Type:              Hold (Min at Fast Process Corner)
  Requirement:            0.000ns  (clock_system rise@0.000ns - clock_system rise@0.000ns)
  Data Path Delay:        0.215ns  (logic 0.055ns (25.619%)  route 0.160ns (74.381%))
  Logic Levels:           1  (LUT3=1)
  Clock Path Skew:        0.012ns (DCD - SCD - CPR)
    Destination Clock Delay (DCD):    1.509ns
    Source Clock Delay      (SCD):    1.170ns
    Clock Pessimism Removal (CPR):    0.327ns
  Clock Net Delay (Source):      0.860ns (routing 0.387ns, distribution 0.473ns)
  Clock Net Delay (Destination): 0.977ns (routing 0.433ns, distribution 0.544ns)

    Location             Delay type                Incr(ns)  Path(ns)    Netlist Resource(s)
  -------------------------------------------------------------------    -------------------
                         (clock clock_system rise edge)
                                                      0.000     0.000 r  
    V23                                               0.000     0.000 r  clk_sys (IN)
                         net (fo=0)                   0.000     0.000    clk_sys_IBUF_inst/I
    V23                  INBUF (Prop_INBUF_HPIOB_M_PAD_O)
                                                      0.137     0.137 r  clk_sys_IBUF_inst/INBUF_INST/O
                         net (fo=1, routed)           0.000     0.137    clk_sys_IBUF_inst/OUT
    V23                  IBUFCTRL (Prop_IBUFCTRL_HPIOB_M_I_O)
                                                      0.000     0.137 r  clk_sys_IBUF_inst/IBUFCTRL_INST/O
                         net (fo=1, routed)           0.156     0.293    clk_sys_IBUF
    BUFGCE_X0Y32         BUFGCE (Prop_BUFCE_BUFGCE_I_O)
                                                      0.017     0.310 r  clk_sys_IBUF_BUFG_inst/O
    X0Y0 (CLOCK_ROOT)    net (fo=9, routed)           0.860     1.170    clk_sys_IBUF_BUFG
    SLICE_X1Y52          FDCE                                         r  FSM_onehot_state_reg[6]/C
  -------------------------------------------------------------------    -------------------
    SLICE_X1Y52          FDCE (Prop_DFF2_SLICEM_C_Q)
                                                      0.041     1.211 r  FSM_onehot_state_reg[6]/Q
                         net (fo=3, routed)           0.071     1.281    FSM_onehot_state_reg_n_0_[6]
    SLICE_X1Y52          LUT3 (Prop_F6LUT_SLICEM_I2_O)
                                                      0.014     1.295 r  FSM_onehot_state[7]_i_1/O
                         net (fo=2, routed)           0.089     1.384    FSM_onehot_state[7]_i_1_n_0
    SLICE_X1Y52          FDCE                                         r  FSM_onehot_state_reg[7]/D
  -------------------------------------------------------------------    -------------------

                         (clock clock_system rise edge)
                                                      0.000     0.000 r  
    V23                                               0.000     0.000 r  clk_sys (IN)
                         net (fo=0)                   0.000     0.000    clk_sys_IBUF_inst/I
    V23                  INBUF (Prop_INBUF_HPIOB_M_PAD_O)
                                                      0.322     0.322 r  clk_sys_IBUF_inst/INBUF_INST/O
                         net (fo=1, routed)           0.000     0.322    clk_sys_IBUF_inst/OUT
    V23                  IBUFCTRL (Prop_IBUFCTRL_HPIOB_M_I_O)
                                                      0.000     0.322 r  clk_sys_IBUF_inst/IBUFCTRL_INST/O
                         net (fo=1, routed)           0.191     0.513    clk_sys_IBUF
    BUFGCE_X0Y32         BUFGCE (Prop_BUFCE_BUFGCE_I_O)
                                                      0.019     0.532 r  clk_sys_IBUF_BUFG_inst/O
    X0Y0 (CLOCK_ROOT)    net (fo=9, routed)           0.977     1.509    clk_sys_IBUF_BUFG
    SLICE_X1Y52          FDCE                                         r  FSM_onehot_state_reg[7]/C
                         clock pessimism             -0.327     1.182    
    SLICE_X1Y52          FDCE (Hold_EFF_SLICEM_C_D)
                                                      0.046     1.228    FSM_onehot_state_reg[7]
  -------------------------------------------------------------------
                         required time                         -1.228    
                         arrival time                           1.384    
  -------------------------------------------------------------------
                         slack                                  0.156    

Slack (MET) :             0.262ns  (arrival time - required time)
  Source:                 FSM_onehot_state_reg[3]/C
                            (rising edge-triggered cell FDCE clocked by clock_system  {rise@0.000ns fall@5.000ns period=10.000ns})
  Destination:            FSM_onehot_state_reg[0]/D
                            (rising edge-triggered cell FDPE clocked by clock_system  {rise@0.000ns fall@5.000ns period=10.000ns})
  Path Group:             clock_system
  Path Type:              Hold (Min at Fast Process Corner)
  Requirement:            0.000ns  (clock_system rise@0.000ns - clock_system rise@0.000ns)
  Data Path Delay:        0.317ns  (logic 0.077ns (24.259%)  route 0.240ns (75.741%))
  Logic Levels:           1  (LUT5=1)
  Clock Path Skew:        0.009ns (DCD - SCD - CPR)
    Destination Clock Delay (DCD):    1.506ns
    Source Clock Delay      (SCD):    1.170ns
    Clock Pessimism Removal (CPR):    0.327ns
  Clock Net Delay (Source):      0.860ns (routing 0.387ns, distribution 0.473ns)
  Clock Net Delay (Destination): 0.974ns (routing 0.433ns, distribution 0.541ns)

    Location             Delay type                Incr(ns)  Path(ns)    Netlist Resource(s)
  -------------------------------------------------------------------    -------------------
                         (clock clock_system rise edge)
                                                      0.000     0.000 r  
    V23                                               0.000     0.000 r  clk_sys (IN)
                         net (fo=0)                   0.000     0.000    clk_sys_IBUF_inst/I
    V23                  INBUF (Prop_INBUF_HPIOB_M_PAD_O)
                                                      0.137     0.137 r  clk_sys_IBUF_inst/INBUF_INST/O
                         net (fo=1, routed)           0.000     0.137    clk_sys_IBUF_inst/OUT
    V23                  IBUFCTRL (Prop_IBUFCTRL_HPIOB_M_I_O)
                                                      0.000     0.137 r  clk_sys_IBUF_inst/IBUFCTRL_INST/O
                         net (fo=1, routed)           0.156     0.293    clk_sys_IBUF
    BUFGCE_X0Y32         BUFGCE (Prop_BUFCE_BUFGCE_I_O)
                                                      0.017     0.310 r  clk_sys_IBUF_BUFG_inst/O
    X0Y0 (CLOCK_ROOT)    net (fo=9, routed)           0.860     1.170    clk_sys_IBUF_BUFG
    SLICE_X1Y52          FDCE                                         r  FSM_onehot_state_reg[3]/C
  -------------------------------------------------------------------    -------------------
    SLICE_X1Y52          FDCE (Prop_DFF_SLICEM_C_Q)
                                                      0.039     1.209 r  FSM_onehot_state_reg[3]/Q
                         net (fo=5, routed)           0.052     1.261    FSM_onehot_state_reg_n_0_[3]
    SLICE_X2Y52          LUT5 (Prop_H5LUT_SLICEL_I1_O)
                                                      0.038     1.299 r  FSM_onehot_state[0]_i_1/O
                         net (fo=1, routed)           0.188     1.487    FSM_onehot_state[0]_i_1_n_0
    SLICE_X2Y52          FDPE                                         r  FSM_onehot_state_reg[0]/D
  -------------------------------------------------------------------    -------------------

                         (clock clock_system rise edge)
                                                      0.000     0.000 r  
    V23                                               0.000     0.000 r  clk_sys (IN)
                         net (fo=0)                   0.000     0.000    clk_sys_IBUF_inst/I
    V23                  INBUF (Prop_INBUF_HPIOB_M_PAD_O)
                                                      0.322     0.322 r  clk_sys_IBUF_inst/INBUF_INST/O
                         net (fo=1, routed)           0.000     0.322    clk_sys_IBUF_inst/OUT
    V23                  IBUFCTRL (Prop_IBUFCTRL_HPIOB_M_I_O)
                                                      0.000     0.322 r  clk_sys_IBUF_inst/IBUFCTRL_INST/O
                         net (fo=1, routed)           0.191     0.513    clk_sys_IBUF
    BUFGCE_X0Y32         BUFGCE (Prop_BUFCE_BUFGCE_I_O)
                                                      0.019     0.532 r  clk_sys_IBUF_BUFG_inst/O
    X0Y0 (CLOCK_ROOT)    net (fo=9, routed)           0.974     1.506    clk_sys_IBUF_BUFG
    SLICE_X2Y52          FDPE                                         r  FSM_onehot_state_reg[0]/C
                         clock pessimism             -0.327     1.179    
    SLICE_X2Y52          FDPE (Hold_AFF_SLICEL_C_D)
                                                      0.046     1.225    FSM_onehot_state_reg[0]
  -------------------------------------------------------------------
                         required time                         -1.225    
                         arrival time                           1.487    
  -------------------------------------------------------------------
                         slack                                  0.262    





Pulse Width Checks
--------------------------------------------------------------------------------------
Clock Name:         clock_system
Waveform(ns):       { 0.000 5.000 }
Period(ns):         10.000
Sources:            { clk_sys }

Check Type        Corner  Lib Pin   Reference Pin  Required(ns)  Actual(ns)  Slack(ns)  Location      Pin
Min Period        n/a     BUFGCE/I  n/a            1.290         10.000      8.710      BUFGCE_X0Y32  clk_sys_IBUF_BUFG_inst/I
Min Period        n/a     FDPE/C    n/a            0.550         10.000      9.450      SLICE_X2Y52   FSM_onehot_state_reg[0]/C
Min Period        n/a     FDCE/C    n/a            0.550         10.000      9.450      SLICE_X1Y52   FSM_onehot_state_reg[1]/C
Min Period        n/a     FDCE/C    n/a            0.550         10.000      9.450      SLICE_X1Y52   FSM_onehot_state_reg[2]/C
Min Period        n/a     FDCE/C    n/a            0.550         10.000      9.450      SLICE_X1Y52   FSM_onehot_state_reg[3]/C
Min Period        n/a     FDCE/C    n/a            0.550         10.000      9.450      SLICE_X2Y52   FSM_onehot_state_reg[4]/C
Min Period        n/a     FDCE/C    n/a            0.550         10.000      9.450      SLICE_X1Y52   FSM_onehot_state_reg[5]/C
Min Period        n/a     FDCE/C    n/a            0.550         10.000      9.450      SLICE_X1Y52   FSM_onehot_state_reg[6]/C
Min Period        n/a     FDCE/C    n/a            0.550         10.000      9.450      SLICE_X1Y52   FSM_onehot_state_reg[7]/C
Min Period        n/a     FDCE/C    n/a            0.550         10.000      9.450      SLICE_X1Y52   FSM_onehot_state_reg[7]_lopt_replica/C
Low Pulse Width   Slow    FDPE/C    n/a            0.275         5.000       4.725      SLICE_X2Y52   FSM_onehot_state_reg[0]/C
Low Pulse Width   Fast    FDPE/C    n/a            0.275         5.000       4.725      SLICE_X2Y52   FSM_onehot_state_reg[0]/C
Low Pulse Width   Slow    FDCE/C    n/a            0.275         5.000       4.725      SLICE_X1Y52   FSM_onehot_state_reg[1]/C
Low Pulse Width   Fast    FDCE/C    n/a            0.275         5.000       4.725      SLICE_X1Y52   FSM_onehot_state_reg[1]/C
Low Pulse Width   Slow    FDCE/C    n/a            0.275         5.000       4.725      SLICE_X1Y52   FSM_onehot_state_reg[2]/C
Low Pulse Width   Fast    FDCE/C    n/a            0.275         5.000       4.725      SLICE_X1Y52   FSM_onehot_state_reg[2]/C
Low Pulse Width   Slow    FDCE/C    n/a            0.275         5.000       4.725      SLICE_X1Y52   FSM_onehot_state_reg[3]/C
Low Pulse Width   Fast    FDCE/C    n/a            0.275         5.000       4.725      SLICE_X1Y52   FSM_onehot_state_reg[3]/C
Low Pulse Width   Slow    FDCE/C    n/a            0.275         5.000       4.725      SLICE_X2Y52   FSM_onehot_state_reg[4]/C
Low Pulse Width   Fast    FDCE/C    n/a            0.275         5.000       4.725      SLICE_X2Y52   FSM_onehot_state_reg[4]/C
High Pulse Width  Slow    FDPE/C    n/a            0.275         5.000       4.725      SLICE_X2Y52   FSM_onehot_state_reg[0]/C
High Pulse Width  Fast    FDPE/C    n/a            0.275         5.000       4.725      SLICE_X2Y52   FSM_onehot_state_reg[0]/C
High Pulse Width  Slow    FDCE/C    n/a            0.275         5.000       4.725      SLICE_X1Y52   FSM_onehot_state_reg[1]/C
High Pulse Width  Fast    FDCE/C    n/a            0.275         5.000       4.725      SLICE_X1Y52   FSM_onehot_state_reg[1]/C
High Pulse Width  Slow    FDCE/C    n/a            0.275         5.000       4.725      SLICE_X1Y52   FSM_onehot_state_reg[2]/C
High Pulse Width  Fast    FDCE/C    n/a            0.275         5.000       4.725      SLICE_X1Y52   FSM_onehot_state_reg[2]/C
High Pulse Width  Slow    FDCE/C    n/a            0.275         5.000       4.725      SLICE_X1Y52   FSM_onehot_state_reg[3]/C
High Pulse Width  Fast    FDCE/C    n/a            0.275         5.000       4.725      SLICE_X1Y52   FSM_onehot_state_reg[3]/C
High Pulse Width  Slow    FDCE/C    n/a            0.275         5.000       4.725      SLICE_X2Y52   FSM_onehot_state_reg[4]/C
High Pulse Width  Fast    FDCE/C    n/a            0.275         5.000       4.725      SLICE_X2Y52   FSM_onehot_state_reg[4]/C



