Copyright 1986-2021 Xilinx, Inc. All Rights Reserved.
-------------------------------------------------------------------------------------------------------------------------------------------------------------------------------------------------------
| Tool Version      : Vivado v.2020.2.2 (win64) Build 3118627 Tue Feb  9 05:14:06 MST 2021
| Date              : Fri Oct 10 12:06:02 2025
| Host              : DESKTOP-IMB8E6N running 64-bit major release  (build 9200)
| Command           : report_timing_summary -max_paths 10 -file XVIII_top_timing_summary_routed.rpt -pb XVIII_top_timing_summary_routed.pb -rpx XVIII_top_timing_summary_routed.rpx -warn_on_violation
| Design            : XVIII_top
| Device            : xcku5p-ffvb676
| Speed File        : -2  PRODUCTION 1.28 02-27-2020
| Temperature Grade : I
-------------------------------------------------------------------------------------------------------------------------------------------------------------------------------------------------------

Timing Summary Report

------------------------------------------------------------------------------------------------
| Timer Settings
| --------------
------------------------------------------------------------------------------------------------

  Enable Multi Corner Analysis               :  Yes
  Enable Pessimism Removal                   :  Yes
  Pessimism Removal Resolution               :  Nearest Common Node
  Enable Input Delay Default Clock           :  No
  Enable Preset / Clear Arcs                 :  No
  Disable Flight Delays                      :  No
  Ignore I/O Paths                           :  No
  Timing Early Launch at Borrowing Latches   :  No
  Borrow Time for Max Delay Exceptions       :  Yes
  Merge Timing Exceptions                    :  Yes

  Corner  Analyze    Analyze    
  Name    Max Paths  Min Paths  
  ------  ---------  ---------  
  Slow    Yes        Yes        
  Fast    Yes        Yes        



check_timing report

Table of Contents
-----------------
1. checking no_clock (0)
2. checking constant_clock (0)
3. checking pulse_width_clock (0)
4. checking unconstrained_internal_endpoints (0)
5. checking no_input_delay (2)
6. checking no_output_delay (1)
7. checking multiple_clock (0)
8. checking generated_clocks (0)
9. checking loops (0)
10. checking partial_input_delay (0)
11. checking partial_output_delay (0)
12. checking latch_loops (0)

1. checking no_clock (0)
------------------------
 There are 0 register/latch pins with no clock.


2. checking constant_clock (0)
------------------------------
 There are 0 register/latch pins with constant_clock.


3. checking pulse_width_clock (0)
---------------------------------
 There are 0 register/latch pins which need pulse_width check


4. checking unconstrained_internal_endpoints (0)
------------------------------------------------
 There are 0 pins that are not constrained for maximum delay.

 There are 0 pins that are not constrained for maximum delay due to constant clock.


5. checking no_input_delay (2)
------------------------------
 There are 2 input ports with no input delay specified. (HIGH)

 There are 0 input ports with no input delay but user has a false path constraint.


6. checking no_output_delay (1)
-------------------------------
 There is 1 port with no output delay specified. (HIGH)

 There are 0 ports with no output delay but user has a false path constraint

 There are 0 ports with no output delay but with a timing clock defined on it or propagating through it


7. checking multiple_clock (0)
------------------------------
 There are 0 register/latch pins with multiple clocks.


8. checking generated_clocks (0)
--------------------------------
 There are 0 generated clocks that are not connected to a clock source.


9. checking loops (0)
---------------------
 There are 0 combinational loops in the design.


10. checking partial_input_delay (0)
------------------------------------
 There are 0 input ports with partial input delay specified.


11. checking partial_output_delay (0)
-------------------------------------
 There are 0 ports with partial output delay specified.


12. checking latch_loops (0)
----------------------------
 There are 0 combinational latch loops in the design through latch input



------------------------------------------------------------------------------------------------
| Design Timing Summary
| ---------------------
------------------------------------------------------------------------------------------------

    WNS(ns)      TNS(ns)  TNS Failing Endpoints  TNS Total Endpoints      WHS(ns)      THS(ns)  THS Failing Endpoints  THS Total Endpoints     WPWS(ns)     TPWS(ns)  TPWS Failing Endpoints  TPWS Total Endpoints  
    -------      -------  ---------------------  -------------------      -------      -------  ---------------------  -------------------     --------     --------  ----------------------  --------------------  
      7.754        0.000                      0                  493        0.025        0.000                      0                  493        4.725        0.000                       0                   360  


All user specified timing constraints are met.


------------------------------------------------------------------------------------------------
| Clock Summary
| -------------
------------------------------------------------------------------------------------------------

Clock         Waveform(ns)       Period(ns)      Frequency(MHz)
-----         ------------       ----------      --------------
clock_system  {0.000 5.000}      10.000          100.000         


------------------------------------------------------------------------------------------------
| Intra Clock Table
| -----------------
------------------------------------------------------------------------------------------------

Clock             WNS(ns)      TNS(ns)  TNS Failing Endpoints  TNS Total Endpoints      WHS(ns)      THS(ns)  THS Failing Endpoints  THS Total Endpoints     WPWS(ns)     TPWS(ns)  TPWS Failing Endpoints  TPWS Total Endpoints  
-----             -------      -------  ---------------------  -------------------      -------      -------  ---------------------  -------------------     --------     --------  ----------------------  --------------------  
clock_system        7.754        0.000                      0                  493        0.025        0.000                      0                  493        4.725        0.000                       0                   360  


------------------------------------------------------------------------------------------------
| Inter Clock Table
| -----------------
------------------------------------------------------------------------------------------------

From Clock    To Clock          WNS(ns)      TNS(ns)  TNS Failing Endpoints  TNS Total Endpoints      WHS(ns)      THS(ns)  THS Failing Endpoints  THS Total Endpoints  
----------    --------          -------      -------  ---------------------  -------------------      -------      -------  ---------------------  -------------------  


------------------------------------------------------------------------------------------------
| Other Path Groups Table
| -----------------------
------------------------------------------------------------------------------------------------

Path Group    From Clock    To Clock          WNS(ns)      TNS(ns)  TNS Failing Endpoints  TNS Total Endpoints      WHS(ns)      THS(ns)  THS Failing Endpoints  THS Total Endpoints  
----------    ----------    --------          -------      -------  ---------------------  -------------------      -------      -------  ---------------------  -------------------  


------------------------------------------------------------------------------------------------
| Timing Details
| --------------
------------------------------------------------------------------------------------------------


---------------------------------------------------------------------------------------------------
From Clock:  clock_system
  To Clock:  clock_system

Setup :            0  Failing Endpoints,  Worst Slack        7.754ns,  Total Violation        0.000ns
Hold  :            0  Failing Endpoints,  Worst Slack        0.025ns,  Total Violation        0.000ns
PW    :            0  Failing Endpoints,  Worst Slack        4.725ns,  Total Violation        0.000ns
---------------------------------------------------------------------------------------------------


Max Delay Paths
--------------------------------------------------------------------------------------
Slack (MET) :             7.754ns  (required time - arrival time)
  Source:                 button_0_inst/counter_inst/count_max_static_reg[1]/C
                            (rising edge-triggered cell FDRE clocked by clock_system  {rise@0.000ns fall@5.000ns period=10.000ns})
  Destination:            button_0_inst/counter_inst/reg_event_counter_reg/D
                            (rising edge-triggered cell FDRE clocked by clock_system  {rise@0.000ns fall@5.000ns period=10.000ns})
  Path Group:             clock_system
  Path Type:              Setup (Max at Slow Process Corner)
  Requirement:            10.000ns  (clock_system rise@10.000ns - clock_system rise@0.000ns)
  Data Path Delay:        2.196ns  (logic 0.912ns (41.530%)  route 1.284ns (58.470%))
  Logic Levels:           7  (CARRY8=4 LUT1=1 LUT5=1 LUT6=1)
  Clock Path Skew:        -0.040ns (DCD - SCD + CPR)
    Destination Clock Delay (DCD):    1.828ns = ( 11.828 - 10.000 ) 
    Source Clock Delay      (SCD):    2.141ns
    Clock Pessimism Removal (CPR):    0.273ns
  Clock Uncertainty:      0.035ns  ((TSJ^2 + TIJ^2)^1/2 + DJ) / 2 + PE
    Total System Jitter     (TSJ):    0.071ns
    Total Input Jitter      (TIJ):    0.000ns
    Discrete Jitter          (DJ):    0.000ns
    Phase Error              (PE):    0.000ns
  Clock Net Delay (Source):      1.246ns (routing 0.171ns, distribution 1.075ns)
  Clock Net Delay (Destination): 1.082ns (routing 0.155ns, distribution 0.927ns)

    Location             Delay type                Incr(ns)  Path(ns)    Netlist Resource(s)
  -------------------------------------------------------------------    -------------------
                         (clock clock_system rise edge)
                                                      0.000     0.000 r  
    V24                                               0.000     0.000 r  clk_sys_p (IN)
                         net (fo=0)                   0.000     0.000    clk_differ_to_single/I
    HPIOBDIFFINBUF_X0Y35 DIFFINBUF (Prop_DIFFINBUF_HPIOBDIFFINBUF_DIFF_IN_P_O)
                                                      0.469     0.469 r  clk_differ_to_single/DIFFINBUF_INST/O
                         net (fo=1, routed)           0.050     0.519    clk_differ_to_single/OUT
    V24                  IBUFCTRL (Prop_IBUFCTRL_HPIOB_M_I_O)
                                                      0.000     0.519 r  clk_differ_to_single/IBUFCTRL_INST/O
                         net (fo=1, routed)           0.348     0.867    clk_sys
    BUFGCE_X0Y32         BUFGCE (Prop_BUFCE_BUFGCE_I_O)
                                                      0.028     0.895 r  clk_sys_BUFG_inst/O
    X0Y1 (CLOCK_ROOT)    net (fo=403, routed)         1.246     2.141    button_0_inst/counter_inst/clk_sys_BUFG
    SLICE_X18Y60         FDRE                                         r  button_0_inst/counter_inst/count_max_static_reg[1]/C
  -------------------------------------------------------------------    -------------------
    SLICE_X18Y60         FDRE (Prop_HFF_SLICEL_C_Q)
                                                      0.079     2.220 f  button_0_inst/counter_inst/count_max_static_reg[1]/Q
                         net (fo=5, routed)           0.491     2.711    button_0_inst/counter_inst/count_max_static[1]
    SLICE_X16Y63         LUT1 (Prop_A6LUT_SLICEM_I0_O)
                                                      0.100     2.811 r  button_0_inst/counter_inst/i__carry_i_35/O
                         net (fo=1, routed)           0.013     2.824    button_0_inst/counter_inst/i__carry_i_35_n_0
    SLICE_X16Y63         CARRY8 (Prop_CARRY8_SLICEM_S[0]_CO[7])
                                                      0.192     3.016 r  button_0_inst/counter_inst/i__carry_i_11/CO[7]
                         net (fo=1, routed)           0.026     3.042    button_0_inst/counter_inst/i__carry_i_11_n_0
    SLICE_X16Y64         CARRY8 (Prop_CARRY8_SLICEM_CI_CO[7])
                                                      0.015     3.057 r  button_0_inst/counter_inst/i__carry_i_10/CO[7]
                         net (fo=1, routed)           0.026     3.083    button_0_inst/counter_inst/i__carry_i_10_n_0
    SLICE_X16Y65         CARRY8 (Prop_CARRY8_SLICEM_CI_O[7])
                                                      0.116     3.199 r  button_0_inst/counter_inst/i__carry_i_9/O[7]
                         net (fo=1, routed)           0.527     3.726    button_0_inst/counter_inst/reg_event_counter1[24]
    SLICE_X18Y66         LUT6 (Prop_A6LUT_SLICEL_I1_O)
                                                      0.124     3.850 r  button_0_inst/counter_inst/i__carry__0_i_8/O
                         net (fo=1, routed)           0.009     3.859    button_0_inst/counter_inst/i__carry__0_i_8_n_0
    SLICE_X18Y66         CARRY8 (Prop_CARRY8_SLICEL_S[0]_CO[7])
                                                      0.197     4.056 r  button_0_inst/counter_inst/reg_event_counter0_inferred__0/i__carry__0/CO[7]
                         net (fo=1, routed)           0.143     4.199    button_0_inst/counter_inst/reg_event_counter0_inferred__0/i__carry__0_n_0
    SLICE_X18Y64         LUT5 (Prop_D6LUT_SLICEL_I0_O)
                                                      0.089     4.288 r  button_0_inst/counter_inst/reg_event_counter_i_1/O
                         net (fo=1, routed)           0.049     4.337    button_0_inst/counter_inst/reg_event_counter_i_1_n_0
    SLICE_X18Y64         FDRE                                         r  button_0_inst/counter_inst/reg_event_counter_reg/D
  -------------------------------------------------------------------    -------------------

                         (clock clock_system rise edge)
                                                     10.000    10.000 r  
    V24                                               0.000    10.000 r  clk_sys_p (IN)
                         net (fo=0)                   0.000    10.000    clk_differ_to_single/I
    HPIOBDIFFINBUF_X0Y35 DIFFINBUF (Prop_DIFFINBUF_HPIOBDIFFINBUF_DIFF_IN_P_O)
                                                      0.373    10.373 r  clk_differ_to_single/DIFFINBUF_INST/O
                         net (fo=1, routed)           0.040    10.413    clk_differ_to_single/OUT
    V24                  IBUFCTRL (Prop_IBUFCTRL_HPIOB_M_I_O)
                                                      0.000    10.413 r  clk_differ_to_single/IBUFCTRL_INST/O
                         net (fo=1, routed)           0.309    10.722    clk_sys
    BUFGCE_X0Y32         BUFGCE (Prop_BUFCE_BUFGCE_I_O)
                                                      0.024    10.746 r  clk_sys_BUFG_inst/O
    X0Y1 (CLOCK_ROOT)    net (fo=403, routed)         1.082    11.828    button_0_inst/counter_inst/clk_sys_BUFG
    SLICE_X18Y64         FDRE                                         r  button_0_inst/counter_inst/reg_event_counter_reg/C
                         clock pessimism              0.273    12.101    
                         clock uncertainty           -0.035    12.065    
    SLICE_X18Y64         FDRE (Setup_DFF_SLICEL_C_D)
                                                      0.025    12.090    button_0_inst/counter_inst/reg_event_counter_reg
  -------------------------------------------------------------------
                         required time                         12.090    
                         arrival time                          -4.337    
  -------------------------------------------------------------------
                         slack                                  7.754    

Slack (MET) :             8.247ns  (required time - arrival time)
  Source:                 button_0_inst/counter_inst/count_max_static_reg[8]/C
                            (rising edge-triggered cell FDRE clocked by clock_system  {rise@0.000ns fall@5.000ns period=10.000ns})
  Destination:            button_0_inst/counter_inst/reg_count_reg[0]/R
                            (rising edge-triggered cell FDRE clocked by clock_system  {rise@0.000ns fall@5.000ns period=10.000ns})
  Path Group:             clock_system
  Path Type:              Setup (Max at Slow Process Corner)
  Requirement:            10.000ns  (clock_system rise@10.000ns - clock_system rise@0.000ns)
  Data Path Delay:        1.537ns  (logic 0.357ns (23.227%)  route 1.180ns (76.773%))
  Logic Levels:           5  (CARRY8=3 LUT3=1 LUT4=1)
  Clock Path Skew:        -0.106ns (DCD - SCD + CPR)
    Destination Clock Delay (DCD):    1.818ns = ( 11.818 - 10.000 ) 
    Source Clock Delay      (SCD):    2.141ns
    Clock Pessimism Removal (CPR):    0.216ns
  Clock Uncertainty:      0.035ns  ((TSJ^2 + TIJ^2)^1/2 + DJ) / 2 + PE
    Total System Jitter     (TSJ):    0.071ns
    Total Input Jitter      (TIJ):    0.000ns
    Discrete Jitter          (DJ):    0.000ns
    Phase Error              (PE):    0.000ns
  Clock Net Delay (Source):      1.246ns (routing 0.171ns, distribution 1.075ns)
  Clock Net Delay (Destination): 1.072ns (routing 0.155ns, distribution 0.917ns)

    Location             Delay type                Incr(ns)  Path(ns)    Netlist Resource(s)
  -------------------------------------------------------------------    -------------------
                         (clock clock_system rise edge)
                                                      0.000     0.000 r  
    V24                                               0.000     0.000 r  clk_sys_p (IN)
                         net (fo=0)                   0.000     0.000    clk_differ_to_single/I
    HPIOBDIFFINBUF_X0Y35 DIFFINBUF (Prop_DIFFINBUF_HPIOBDIFFINBUF_DIFF_IN_P_O)
                                                      0.469     0.469 r  clk_differ_to_single/DIFFINBUF_INST/O
                         net (fo=1, routed)           0.050     0.519    clk_differ_to_single/OUT
    V24                  IBUFCTRL (Prop_IBUFCTRL_HPIOB_M_I_O)
                                                      0.000     0.519 r  clk_differ_to_single/IBUFCTRL_INST/O
                         net (fo=1, routed)           0.348     0.867    clk_sys
    BUFGCE_X0Y32         BUFGCE (Prop_BUFCE_BUFGCE_I_O)
                                                      0.028     0.895 r  clk_sys_BUFG_inst/O
    X0Y1 (CLOCK_ROOT)    net (fo=403, routed)         1.246     2.141    button_0_inst/counter_inst/clk_sys_BUFG
    SLICE_X18Y62         FDRE                                         r  button_0_inst/counter_inst/count_max_static_reg[8]/C
  -------------------------------------------------------------------    -------------------
    SLICE_X18Y62         FDRE (Prop_GFF2_SLICEL_C_Q)
                                                      0.081     2.222 r  button_0_inst/counter_inst/count_max_static_reg[8]/Q
                         net (fo=5, routed)           0.521     2.743    button_0_inst/counter_inst/count_max_static[8]
    SLICE_X19Y65         LUT4 (Prop_E6LUT_SLICEL_I1_O)
                                                      0.051     2.794 r  button_0_inst/counter_inst/reg_count0_carry_i_12/O
                         net (fo=1, routed)           0.007     2.801    button_0_inst/counter_inst/reg_count0_carry_i_12_n_0
    SLICE_X19Y65         CARRY8 (Prop_CARRY8_SLICEL_S[4]_CO[7])
                                                      0.153     2.954 r  button_0_inst/counter_inst/reg_count0_carry/CO[7]
                         net (fo=1, routed)           0.026     2.980    button_0_inst/counter_inst/reg_count0_carry_n_0
    SLICE_X19Y66         CARRY8 (Prop_CARRY8_SLICEL_CI_CO[7])
                                                      0.015     2.995 r  button_0_inst/counter_inst/reg_count0_carry__0/CO[7]
                         net (fo=1, routed)           0.026     3.021    button_0_inst/counter_inst/reg_count0_carry__0_n_0
    SLICE_X19Y67         CARRY8 (Prop_CARRY8_SLICEL_CI_CO[7])
                                                      0.022     3.043 r  button_0_inst/counter_inst/reg_count0_carry__1/CO[7]
                         net (fo=1, routed)           0.134     3.177    button_0_inst/counter_inst/reg_count0_carry__1_n_0
    SLICE_X18Y67         LUT3 (Prop_C6LUT_SLICEL_I0_O)
                                                      0.035     3.212 r  button_0_inst/counter_inst/reg_count[0]_i_1/O
                         net (fo=48, routed)          0.466     3.678    button_0_inst/counter_inst/reg_count[0]_i_1_n_0
    SLICE_X17Y64         FDRE                                         r  button_0_inst/counter_inst/reg_count_reg[0]/R
  -------------------------------------------------------------------    -------------------

                         (clock clock_system rise edge)
                                                     10.000    10.000 r  
    V24                                               0.000    10.000 r  clk_sys_p (IN)
                         net (fo=0)                   0.000    10.000    clk_differ_to_single/I
    HPIOBDIFFINBUF_X0Y35 DIFFINBUF (Prop_DIFFINBUF_HPIOBDIFFINBUF_DIFF_IN_P_O)
                                                      0.373    10.373 r  clk_differ_to_single/DIFFINBUF_INST/O
                         net (fo=1, routed)           0.040    10.413    clk_differ_to_single/OUT
    V24                  IBUFCTRL (Prop_IBUFCTRL_HPIOB_M_I_O)
                                                      0.000    10.413 r  clk_differ_to_single/IBUFCTRL_INST/O
                         net (fo=1, routed)           0.309    10.722    clk_sys
    BUFGCE_X0Y32         BUFGCE (Prop_BUFCE_BUFGCE_I_O)
                                                      0.024    10.746 r  clk_sys_BUFG_inst/O
    X0Y1 (CLOCK_ROOT)    net (fo=403, routed)         1.072    11.818    button_0_inst/counter_inst/clk_sys_BUFG
    SLICE_X17Y64         FDRE                                         r  button_0_inst/counter_inst/reg_count_reg[0]/C
                         clock pessimism              0.216    12.034    
                         clock uncertainty           -0.035    11.999    
    SLICE_X17Y64         FDRE (Setup_AFF_SLICEL_C_R)
                                                     -0.074    11.925    button_0_inst/counter_inst/reg_count_reg[0]
  -------------------------------------------------------------------
                         required time                         11.925    
                         arrival time                          -3.678    
  -------------------------------------------------------------------
                         slack                                  8.247    

Slack (MET) :             8.247ns  (required time - arrival time)
  Source:                 button_0_inst/counter_inst/count_max_static_reg[8]/C
                            (rising edge-triggered cell FDRE clocked by clock_system  {rise@0.000ns fall@5.000ns period=10.000ns})
  Destination:            button_0_inst/counter_inst/reg_count_reg[1]/R
                            (rising edge-triggered cell FDRE clocked by clock_system  {rise@0.000ns fall@5.000ns period=10.000ns})
  Path Group:             clock_system
  Path Type:              Setup (Max at Slow Process Corner)
  Requirement:            10.000ns  (clock_system rise@10.000ns - clock_system rise@0.000ns)
  Data Path Delay:        1.537ns  (logic 0.357ns (23.227%)  route 1.180ns (76.773%))
  Logic Levels:           5  (CARRY8=3 LUT3=1 LUT4=1)
  Clock Path Skew:        -0.106ns (DCD - SCD + CPR)
    Destination Clock Delay (DCD):    1.818ns = ( 11.818 - 10.000 ) 
    Source Clock Delay      (SCD):    2.141ns
    Clock Pessimism Removal (CPR):    0.216ns
  Clock Uncertainty:      0.035ns  ((TSJ^2 + TIJ^2)^1/2 + DJ) / 2 + PE
    Total System Jitter     (TSJ):    0.071ns
    Total Input Jitter      (TIJ):    0.000ns
    Discrete Jitter          (DJ):    0.000ns
    Phase Error              (PE):    0.000ns
  Clock Net Delay (Source):      1.246ns (routing 0.171ns, distribution 1.075ns)
  Clock Net Delay (Destination): 1.072ns (routing 0.155ns, distribution 0.917ns)

    Location             Delay type                Incr(ns)  Path(ns)    Netlist Resource(s)
  -------------------------------------------------------------------    -------------------
                         (clock clock_system rise edge)
                                                      0.000     0.000 r  
    V24                                               0.000     0.000 r  clk_sys_p (IN)
                         net (fo=0)                   0.000     0.000    clk_differ_to_single/I
    HPIOBDIFFINBUF_X0Y35 DIFFINBUF (Prop_DIFFINBUF_HPIOBDIFFINBUF_DIFF_IN_P_O)
                                                      0.469     0.469 r  clk_differ_to_single/DIFFINBUF_INST/O
                         net (fo=1, routed)           0.050     0.519    clk_differ_to_single/OUT
    V24                  IBUFCTRL (Prop_IBUFCTRL_HPIOB_M_I_O)
                                                      0.000     0.519 r  clk_differ_to_single/IBUFCTRL_INST/O
                         net (fo=1, routed)           0.348     0.867    clk_sys
    BUFGCE_X0Y32         BUFGCE (Prop_BUFCE_BUFGCE_I_O)
                                                      0.028     0.895 r  clk_sys_BUFG_inst/O
    X0Y1 (CLOCK_ROOT)    net (fo=403, routed)         1.246     2.141    button_0_inst/counter_inst/clk_sys_BUFG
    SLICE_X18Y62         FDRE                                         r  button_0_inst/counter_inst/count_max_static_reg[8]/C
  -------------------------------------------------------------------    -------------------
    SLICE_X18Y62         FDRE (Prop_GFF2_SLICEL_C_Q)
                                                      0.081     2.222 r  button_0_inst/counter_inst/count_max_static_reg[8]/Q
                         net (fo=5, routed)           0.521     2.743    button_0_inst/counter_inst/count_max_static[8]
    SLICE_X19Y65         LUT4 (Prop_E6LUT_SLICEL_I1_O)
                                                      0.051     2.794 r  button_0_inst/counter_inst/reg_count0_carry_i_12/O
                         net (fo=1, routed)           0.007     2.801    button_0_inst/counter_inst/reg_count0_carry_i_12_n_0
    SLICE_X19Y65         CARRY8 (Prop_CARRY8_SLICEL_S[4]_CO[7])
                                                      0.153     2.954 r  button_0_inst/counter_inst/reg_count0_carry/CO[7]
                         net (fo=1, routed)           0.026     2.980    button_0_inst/counter_inst/reg_count0_carry_n_0
    SLICE_X19Y66         CARRY8 (Prop_CARRY8_SLICEL_CI_CO[7])
                                                      0.015     2.995 r  button_0_inst/counter_inst/reg_count0_carry__0/CO[7]
                         net (fo=1, routed)           0.026     3.021    button_0_inst/counter_inst/reg_count0_carry__0_n_0
    SLICE_X19Y67         CARRY8 (Prop_CARRY8_SLICEL_CI_CO[7])
                                                      0.022     3.043 r  button_0_inst/counter_inst/reg_count0_carry__1/CO[7]
                         net (fo=1, routed)           0.134     3.177    button_0_inst/counter_inst/reg_count0_carry__1_n_0
    SLICE_X18Y67         LUT3 (Prop_C6LUT_SLICEL_I0_O)
                                                      0.035     3.212 r  button_0_inst/counter_inst/reg_count[0]_i_1/O
                         net (fo=48, routed)          0.466     3.678    button_0_inst/counter_inst/reg_count[0]_i_1_n_0
    SLICE_X17Y64         FDRE                                         r  button_0_inst/counter_inst/reg_count_reg[1]/R
  -------------------------------------------------------------------    -------------------

                         (clock clock_system rise edge)
                                                     10.000    10.000 r  
    V24                                               0.000    10.000 r  clk_sys_p (IN)
                         net (fo=0)                   0.000    10.000    clk_differ_to_single/I
    HPIOBDIFFINBUF_X0Y35 DIFFINBUF (Prop_DIFFINBUF_HPIOBDIFFINBUF_DIFF_IN_P_O)
                                                      0.373    10.373 r  clk_differ_to_single/DIFFINBUF_INST/O
                         net (fo=1, routed)           0.040    10.413    clk_differ_to_single/OUT
    V24                  IBUFCTRL (Prop_IBUFCTRL_HPIOB_M_I_O)
                                                      0.000    10.413 r  clk_differ_to_single/IBUFCTRL_INST/O
                         net (fo=1, routed)           0.309    10.722    clk_sys
    BUFGCE_X0Y32         BUFGCE (Prop_BUFCE_BUFGCE_I_O)
                                                      0.024    10.746 r  clk_sys_BUFG_inst/O
    X0Y1 (CLOCK_ROOT)    net (fo=403, routed)         1.072    11.818    button_0_inst/counter_inst/clk_sys_BUFG
    SLICE_X17Y64         FDRE                                         r  button_0_inst/counter_inst/reg_count_reg[1]/C
                         clock pessimism              0.216    12.034    
                         clock uncertainty           -0.035    11.999    
    SLICE_X17Y64         FDRE (Setup_BFF_SLICEL_C_R)
                                                     -0.074    11.925    button_0_inst/counter_inst/reg_count_reg[1]
  -------------------------------------------------------------------
                         required time                         11.925    
                         arrival time                          -3.678    
  -------------------------------------------------------------------
                         slack                                  8.247    

Slack (MET) :             8.247ns  (required time - arrival time)
  Source:                 button_0_inst/counter_inst/count_max_static_reg[8]/C
                            (rising edge-triggered cell FDRE clocked by clock_system  {rise@0.000ns fall@5.000ns period=10.000ns})
  Destination:            button_0_inst/counter_inst/reg_count_reg[2]/R
                            (rising edge-triggered cell FDRE clocked by clock_system  {rise@0.000ns fall@5.000ns period=10.000ns})
  Path Group:             clock_system
  Path Type:              Setup (Max at Slow Process Corner)
  Requirement:            10.000ns  (clock_system rise@10.000ns - clock_system rise@0.000ns)
  Data Path Delay:        1.537ns  (logic 0.357ns (23.227%)  route 1.180ns (76.773%))
  Logic Levels:           5  (CARRY8=3 LUT3=1 LUT4=1)
  Clock Path Skew:        -0.106ns (DCD - SCD + CPR)
    Destination Clock Delay (DCD):    1.818ns = ( 11.818 - 10.000 ) 
    Source Clock Delay      (SCD):    2.141ns
    Clock Pessimism Removal (CPR):    0.216ns
  Clock Uncertainty:      0.035ns  ((TSJ^2 + TIJ^2)^1/2 + DJ) / 2 + PE
    Total System Jitter     (TSJ):    0.071ns
    Total Input Jitter      (TIJ):    0.000ns
    Discrete Jitter          (DJ):    0.000ns
    Phase Error              (PE):    0.000ns
  Clock Net Delay (Source):      1.246ns (routing 0.171ns, distribution 1.075ns)
  Clock Net Delay (Destination): 1.072ns (routing 0.155ns, distribution 0.917ns)

    Location             Delay type                Incr(ns)  Path(ns)    Netlist Resource(s)
  -------------------------------------------------------------------    -------------------
                         (clock clock_system rise edge)
                                                      0.000     0.000 r  
    V24                                               0.000     0.000 r  clk_sys_p (IN)
                         net (fo=0)                   0.000     0.000    clk_differ_to_single/I
    HPIOBDIFFINBUF_X0Y35 DIFFINBUF (Prop_DIFFINBUF_HPIOBDIFFINBUF_DIFF_IN_P_O)
                                                      0.469     0.469 r  clk_differ_to_single/DIFFINBUF_INST/O
                         net (fo=1, routed)           0.050     0.519    clk_differ_to_single/OUT
    V24                  IBUFCTRL (Prop_IBUFCTRL_HPIOB_M_I_O)
                                                      0.000     0.519 r  clk_differ_to_single/IBUFCTRL_INST/O
                         net (fo=1, routed)           0.348     0.867    clk_sys
    BUFGCE_X0Y32         BUFGCE (Prop_BUFCE_BUFGCE_I_O)
                                                      0.028     0.895 r  clk_sys_BUFG_inst/O
    X0Y1 (CLOCK_ROOT)    net (fo=403, routed)         1.246     2.141    button_0_inst/counter_inst/clk_sys_BUFG
    SLICE_X18Y62         FDRE                                         r  button_0_inst/counter_inst/count_max_static_reg[8]/C
  -------------------------------------------------------------------    -------------------
    SLICE_X18Y62         FDRE (Prop_GFF2_SLICEL_C_Q)
                                                      0.081     2.222 r  button_0_inst/counter_inst/count_max_static_reg[8]/Q
                         net (fo=5, routed)           0.521     2.743    button_0_inst/counter_inst/count_max_static[8]
    SLICE_X19Y65         LUT4 (Prop_E6LUT_SLICEL_I1_O)
                                                      0.051     2.794 r  button_0_inst/counter_inst/reg_count0_carry_i_12/O
                         net (fo=1, routed)           0.007     2.801    button_0_inst/counter_inst/reg_count0_carry_i_12_n_0
    SLICE_X19Y65         CARRY8 (Prop_CARRY8_SLICEL_S[4]_CO[7])
                                                      0.153     2.954 r  button_0_inst/counter_inst/reg_count0_carry/CO[7]
                         net (fo=1, routed)           0.026     2.980    button_0_inst/counter_inst/reg_count0_carry_n_0
    SLICE_X19Y66         CARRY8 (Prop_CARRY8_SLICEL_CI_CO[7])
                                                      0.015     2.995 r  button_0_inst/counter_inst/reg_count0_carry__0/CO[7]
                         net (fo=1, routed)           0.026     3.021    button_0_inst/counter_inst/reg_count0_carry__0_n_0
    SLICE_X19Y67         CARRY8 (Prop_CARRY8_SLICEL_CI_CO[7])
                                                      0.022     3.043 r  button_0_inst/counter_inst/reg_count0_carry__1/CO[7]
                         net (fo=1, routed)           0.134     3.177    button_0_inst/counter_inst/reg_count0_carry__1_n_0
    SLICE_X18Y67         LUT3 (Prop_C6LUT_SLICEL_I0_O)
                                                      0.035     3.212 r  button_0_inst/counter_inst/reg_count[0]_i_1/O
                         net (fo=48, routed)          0.466     3.678    button_0_inst/counter_inst/reg_count[0]_i_1_n_0
    SLICE_X17Y64         FDRE                                         r  button_0_inst/counter_inst/reg_count_reg[2]/R
  -------------------------------------------------------------------    -------------------

                         (clock clock_system rise edge)
                                                     10.000    10.000 r  
    V24                                               0.000    10.000 r  clk_sys_p (IN)
                         net (fo=0)                   0.000    10.000    clk_differ_to_single/I
    HPIOBDIFFINBUF_X0Y35 DIFFINBUF (Prop_DIFFINBUF_HPIOBDIFFINBUF_DIFF_IN_P_O)
                                                      0.373    10.373 r  clk_differ_to_single/DIFFINBUF_INST/O
                         net (fo=1, routed)           0.040    10.413    clk_differ_to_single/OUT
    V24                  IBUFCTRL (Prop_IBUFCTRL_HPIOB_M_I_O)
                                                      0.000    10.413 r  clk_differ_to_single/IBUFCTRL_INST/O
                         net (fo=1, routed)           0.309    10.722    clk_sys
    BUFGCE_X0Y32         BUFGCE (Prop_BUFCE_BUFGCE_I_O)
                                                      0.024    10.746 r  clk_sys_BUFG_inst/O
    X0Y1 (CLOCK_ROOT)    net (fo=403, routed)         1.072    11.818    button_0_inst/counter_inst/clk_sys_BUFG
    SLICE_X17Y64         FDRE                                         r  button_0_inst/counter_inst/reg_count_reg[2]/C
                         clock pessimism              0.216    12.034    
                         clock uncertainty           -0.035    11.999    
    SLICE_X17Y64         FDRE (Setup_CFF_SLICEL_C_R)
                                                     -0.074    11.925    button_0_inst/counter_inst/reg_count_reg[2]
  -------------------------------------------------------------------
                         required time                         11.925    
                         arrival time                          -3.678    
  -------------------------------------------------------------------
                         slack                                  8.247    

Slack (MET) :             8.247ns  (required time - arrival time)
  Source:                 button_0_inst/counter_inst/count_max_static_reg[8]/C
                            (rising edge-triggered cell FDRE clocked by clock_system  {rise@0.000ns fall@5.000ns period=10.000ns})
  Destination:            button_0_inst/counter_inst/reg_count_reg[3]/R
                            (rising edge-triggered cell FDRE clocked by clock_system  {rise@0.000ns fall@5.000ns period=10.000ns})
  Path Group:             clock_system
  Path Type:              Setup (Max at Slow Process Corner)
  Requirement:            10.000ns  (clock_system rise@10.000ns - clock_system rise@0.000ns)
  Data Path Delay:        1.537ns  (logic 0.357ns (23.227%)  route 1.180ns (76.773%))
  Logic Levels:           5  (CARRY8=3 LUT3=1 LUT4=1)
  Clock Path Skew:        -0.106ns (DCD - SCD + CPR)
    Destination Clock Delay (DCD):    1.818ns = ( 11.818 - 10.000 ) 
    Source Clock Delay      (SCD):    2.141ns
    Clock Pessimism Removal (CPR):    0.216ns
  Clock Uncertainty:      0.035ns  ((TSJ^2 + TIJ^2)^1/2 + DJ) / 2 + PE
    Total System Jitter     (TSJ):    0.071ns
    Total Input Jitter      (TIJ):    0.000ns
    Discrete Jitter          (DJ):    0.000ns
    Phase Error              (PE):    0.000ns
  Clock Net Delay (Source):      1.246ns (routing 0.171ns, distribution 1.075ns)
  Clock Net Delay (Destination): 1.072ns (routing 0.155ns, distribution 0.917ns)

    Location             Delay type                Incr(ns)  Path(ns)    Netlist Resource(s)
  -------------------------------------------------------------------    -------------------
                         (clock clock_system rise edge)
                                                      0.000     0.000 r  
    V24                                               0.000     0.000 r  clk_sys_p (IN)
                         net (fo=0)                   0.000     0.000    clk_differ_to_single/I
    HPIOBDIFFINBUF_X0Y35 DIFFINBUF (Prop_DIFFINBUF_HPIOBDIFFINBUF_DIFF_IN_P_O)
                                                      0.469     0.469 r  clk_differ_to_single/DIFFINBUF_INST/O
                         net (fo=1, routed)           0.050     0.519    clk_differ_to_single/OUT
    V24                  IBUFCTRL (Prop_IBUFCTRL_HPIOB_M_I_O)
                                                      0.000     0.519 r  clk_differ_to_single/IBUFCTRL_INST/O
                         net (fo=1, routed)           0.348     0.867    clk_sys
    BUFGCE_X0Y32         BUFGCE (Prop_BUFCE_BUFGCE_I_O)
                                                      0.028     0.895 r  clk_sys_BUFG_inst/O
    X0Y1 (CLOCK_ROOT)    net (fo=403, routed)         1.246     2.141    button_0_inst/counter_inst/clk_sys_BUFG
    SLICE_X18Y62         FDRE                                         r  button_0_inst/counter_inst/count_max_static_reg[8]/C
  -------------------------------------------------------------------    -------------------
    SLICE_X18Y62         FDRE (Prop_GFF2_SLICEL_C_Q)
                                                      0.081     2.222 r  button_0_inst/counter_inst/count_max_static_reg[8]/Q
                         net (fo=5, routed)           0.521     2.743    button_0_inst/counter_inst/count_max_static[8]
    SLICE_X19Y65         LUT4 (Prop_E6LUT_SLICEL_I1_O)
                                                      0.051     2.794 r  button_0_inst/counter_inst/reg_count0_carry_i_12/O
                         net (fo=1, routed)           0.007     2.801    button_0_inst/counter_inst/reg_count0_carry_i_12_n_0
    SLICE_X19Y65         CARRY8 (Prop_CARRY8_SLICEL_S[4]_CO[7])
                                                      0.153     2.954 r  button_0_inst/counter_inst/reg_count0_carry/CO[7]
                         net (fo=1, routed)           0.026     2.980    button_0_inst/counter_inst/reg_count0_carry_n_0
    SLICE_X19Y66         CARRY8 (Prop_CARRY8_SLICEL_CI_CO[7])
                                                      0.015     2.995 r  button_0_inst/counter_inst/reg_count0_carry__0/CO[7]
                         net (fo=1, routed)           0.026     3.021    button_0_inst/counter_inst/reg_count0_carry__0_n_0
    SLICE_X19Y67         CARRY8 (Prop_CARRY8_SLICEL_CI_CO[7])
                                                      0.022     3.043 r  button_0_inst/counter_inst/reg_count0_carry__1/CO[7]
                         net (fo=1, routed)           0.134     3.177    button_0_inst/counter_inst/reg_count0_carry__1_n_0
    SLICE_X18Y67         LUT3 (Prop_C6LUT_SLICEL_I0_O)
                                                      0.035     3.212 r  button_0_inst/counter_inst/reg_count[0]_i_1/O
                         net (fo=48, routed)          0.466     3.678    button_0_inst/counter_inst/reg_count[0]_i_1_n_0
    SLICE_X17Y64         FDRE                                         r  button_0_inst/counter_inst/reg_count_reg[3]/R
  -------------------------------------------------------------------    -------------------

                         (clock clock_system rise edge)
                                                     10.000    10.000 r  
    V24                                               0.000    10.000 r  clk_sys_p (IN)
                         net (fo=0)                   0.000    10.000    clk_differ_to_single/I
    HPIOBDIFFINBUF_X0Y35 DIFFINBUF (Prop_DIFFINBUF_HPIOBDIFFINBUF_DIFF_IN_P_O)
                                                      0.373    10.373 r  clk_differ_to_single/DIFFINBUF_INST/O
                         net (fo=1, routed)           0.040    10.413    clk_differ_to_single/OUT
    V24                  IBUFCTRL (Prop_IBUFCTRL_HPIOB_M_I_O)
                                                      0.000    10.413 r  clk_differ_to_single/IBUFCTRL_INST/O
                         net (fo=1, routed)           0.309    10.722    clk_sys
    BUFGCE_X0Y32         BUFGCE (Prop_BUFCE_BUFGCE_I_O)
                                                      0.024    10.746 r  clk_sys_BUFG_inst/O
    X0Y1 (CLOCK_ROOT)    net (fo=403, routed)         1.072    11.818    button_0_inst/counter_inst/clk_sys_BUFG
    SLICE_X17Y64         FDRE                                         r  button_0_inst/counter_inst/reg_count_reg[3]/C
                         clock pessimism              0.216    12.034    
                         clock uncertainty           -0.035    11.999    
    SLICE_X17Y64         FDRE (Setup_DFF_SLICEL_C_R)
                                                     -0.074    11.925    button_0_inst/counter_inst/reg_count_reg[3]
  -------------------------------------------------------------------
                         required time                         11.925    
                         arrival time                          -3.678    
  -------------------------------------------------------------------
                         slack                                  8.247    

Slack (MET) :             8.250ns  (required time - arrival time)
  Source:                 button_0_inst/counter_inst/count_max_static_reg[8]/C
                            (rising edge-triggered cell FDRE clocked by clock_system  {rise@0.000ns fall@5.000ns period=10.000ns})
  Destination:            button_0_inst/counter_inst/reg_count_reg[4]/R
                            (rising edge-triggered cell FDRE clocked by clock_system  {rise@0.000ns fall@5.000ns period=10.000ns})
  Path Group:             clock_system
  Path Type:              Setup (Max at Slow Process Corner)
  Requirement:            10.000ns  (clock_system rise@10.000ns - clock_system rise@0.000ns)
  Data Path Delay:        1.536ns  (logic 0.357ns (23.242%)  route 1.179ns (76.758%))
  Logic Levels:           5  (CARRY8=3 LUT3=1 LUT4=1)
  Clock Path Skew:        -0.104ns (DCD - SCD + CPR)
    Destination Clock Delay (DCD):    1.820ns = ( 11.820 - 10.000 ) 
    Source Clock Delay      (SCD):    2.141ns
    Clock Pessimism Removal (CPR):    0.216ns
  Clock Uncertainty:      0.035ns  ((TSJ^2 + TIJ^2)^1/2 + DJ) / 2 + PE
    Total System Jitter     (TSJ):    0.071ns
    Total Input Jitter      (TIJ):    0.000ns
    Discrete Jitter          (DJ):    0.000ns
    Phase Error              (PE):    0.000ns
  Clock Net Delay (Source):      1.246ns (routing 0.171ns, distribution 1.075ns)
  Clock Net Delay (Destination): 1.074ns (routing 0.155ns, distribution 0.919ns)

    Location             Delay type                Incr(ns)  Path(ns)    Netlist Resource(s)
  -------------------------------------------------------------------    -------------------
                         (clock clock_system rise edge)
                                                      0.000     0.000 r  
    V24                                               0.000     0.000 r  clk_sys_p (IN)
                         net (fo=0)                   0.000     0.000    clk_differ_to_single/I
    HPIOBDIFFINBUF_X0Y35 DIFFINBUF (Prop_DIFFINBUF_HPIOBDIFFINBUF_DIFF_IN_P_O)
                                                      0.469     0.469 r  clk_differ_to_single/DIFFINBUF_INST/O
                         net (fo=1, routed)           0.050     0.519    clk_differ_to_single/OUT
    V24                  IBUFCTRL (Prop_IBUFCTRL_HPIOB_M_I_O)
                                                      0.000     0.519 r  clk_differ_to_single/IBUFCTRL_INST/O
                         net (fo=1, routed)           0.348     0.867    clk_sys
    BUFGCE_X0Y32         BUFGCE (Prop_BUFCE_BUFGCE_I_O)
                                                      0.028     0.895 r  clk_sys_BUFG_inst/O
    X0Y1 (CLOCK_ROOT)    net (fo=403, routed)         1.246     2.141    button_0_inst/counter_inst/clk_sys_BUFG
    SLICE_X18Y62         FDRE                                         r  button_0_inst/counter_inst/count_max_static_reg[8]/C
  -------------------------------------------------------------------    -------------------
    SLICE_X18Y62         FDRE (Prop_GFF2_SLICEL_C_Q)
                                                      0.081     2.222 r  button_0_inst/counter_inst/count_max_static_reg[8]/Q
                         net (fo=5, routed)           0.521     2.743    button_0_inst/counter_inst/count_max_static[8]
    SLICE_X19Y65         LUT4 (Prop_E6LUT_SLICEL_I1_O)
                                                      0.051     2.794 r  button_0_inst/counter_inst/reg_count0_carry_i_12/O
                         net (fo=1, routed)           0.007     2.801    button_0_inst/counter_inst/reg_count0_carry_i_12_n_0
    SLICE_X19Y65         CARRY8 (Prop_CARRY8_SLICEL_S[4]_CO[7])
                                                      0.153     2.954 r  button_0_inst/counter_inst/reg_count0_carry/CO[7]
                         net (fo=1, routed)           0.026     2.980    button_0_inst/counter_inst/reg_count0_carry_n_0
    SLICE_X19Y66         CARRY8 (Prop_CARRY8_SLICEL_CI_CO[7])
                                                      0.015     2.995 r  button_0_inst/counter_inst/reg_count0_carry__0/CO[7]
                         net (fo=1, routed)           0.026     3.021    button_0_inst/counter_inst/reg_count0_carry__0_n_0
    SLICE_X19Y67         CARRY8 (Prop_CARRY8_SLICEL_CI_CO[7])
                                                      0.022     3.043 r  button_0_inst/counter_inst/reg_count0_carry__1/CO[7]
                         net (fo=1, routed)           0.134     3.177    button_0_inst/counter_inst/reg_count0_carry__1_n_0
    SLICE_X18Y67         LUT3 (Prop_C6LUT_SLICEL_I0_O)
                                                      0.035     3.212 r  button_0_inst/counter_inst/reg_count[0]_i_1/O
                         net (fo=48, routed)          0.465     3.677    button_0_inst/counter_inst/reg_count[0]_i_1_n_0
    SLICE_X17Y64         FDRE                                         r  button_0_inst/counter_inst/reg_count_reg[4]/R
  -------------------------------------------------------------------    -------------------

                         (clock clock_system rise edge)
                                                     10.000    10.000 r  
    V24                                               0.000    10.000 r  clk_sys_p (IN)
                         net (fo=0)                   0.000    10.000    clk_differ_to_single/I
    HPIOBDIFFINBUF_X0Y35 DIFFINBUF (Prop_DIFFINBUF_HPIOBDIFFINBUF_DIFF_IN_P_O)
                                                      0.373    10.373 r  clk_differ_to_single/DIFFINBUF_INST/O
                         net (fo=1, routed)           0.040    10.413    clk_differ_to_single/OUT
    V24                  IBUFCTRL (Prop_IBUFCTRL_HPIOB_M_I_O)
                                                      0.000    10.413 r  clk_differ_to_single/IBUFCTRL_INST/O
                         net (fo=1, routed)           0.309    10.722    clk_sys
    BUFGCE_X0Y32         BUFGCE (Prop_BUFCE_BUFGCE_I_O)
                                                      0.024    10.746 r  clk_sys_BUFG_inst/O
    X0Y1 (CLOCK_ROOT)    net (fo=403, routed)         1.074    11.820    button_0_inst/counter_inst/clk_sys_BUFG
    SLICE_X17Y64         FDRE                                         r  button_0_inst/counter_inst/reg_count_reg[4]/C
                         clock pessimism              0.216    12.036    
                         clock uncertainty           -0.035    12.001    
    SLICE_X17Y64         FDRE (Setup_EFF_SLICEL_C_R)
                                                     -0.074    11.927    button_0_inst/counter_inst/reg_count_reg[4]
  -------------------------------------------------------------------
                         required time                         11.927    
                         arrival time                          -3.677    
  -------------------------------------------------------------------
                         slack                                  8.250    

Slack (MET) :             8.250ns  (required time - arrival time)
  Source:                 button_0_inst/counter_inst/count_max_static_reg[8]/C
                            (rising edge-triggered cell FDRE clocked by clock_system  {rise@0.000ns fall@5.000ns period=10.000ns})
  Destination:            button_0_inst/counter_inst/reg_count_reg[5]/R
                            (rising edge-triggered cell FDRE clocked by clock_system  {rise@0.000ns fall@5.000ns period=10.000ns})
  Path Group:             clock_system
  Path Type:              Setup (Max at Slow Process Corner)
  Requirement:            10.000ns  (clock_system rise@10.000ns - clock_system rise@0.000ns)
  Data Path Delay:        1.536ns  (logic 0.357ns (23.242%)  route 1.179ns (76.758%))
  Logic Levels:           5  (CARRY8=3 LUT3=1 LUT4=1)
  Clock Path Skew:        -0.104ns (DCD - SCD + CPR)
    Destination Clock Delay (DCD):    1.820ns = ( 11.820 - 10.000 ) 
    Source Clock Delay      (SCD):    2.141ns
    Clock Pessimism Removal (CPR):    0.216ns
  Clock Uncertainty:      0.035ns  ((TSJ^2 + TIJ^2)^1/2 + DJ) / 2 + PE
    Total System Jitter     (TSJ):    0.071ns
    Total Input Jitter      (TIJ):    0.000ns
    Discrete Jitter          (DJ):    0.000ns
    Phase Error              (PE):    0.000ns
  Clock Net Delay (Source):      1.246ns (routing 0.171ns, distribution 1.075ns)
  Clock Net Delay (Destination): 1.074ns (routing 0.155ns, distribution 0.919ns)

    Location             Delay type                Incr(ns)  Path(ns)    Netlist Resource(s)
  -------------------------------------------------------------------    -------------------
                         (clock clock_system rise edge)
                                                      0.000     0.000 r  
    V24                                               0.000     0.000 r  clk_sys_p (IN)
                         net (fo=0)                   0.000     0.000    clk_differ_to_single/I
    HPIOBDIFFINBUF_X0Y35 DIFFINBUF (Prop_DIFFINBUF_HPIOBDIFFINBUF_DIFF_IN_P_O)
                                                      0.469     0.469 r  clk_differ_to_single/DIFFINBUF_INST/O
                         net (fo=1, routed)           0.050     0.519    clk_differ_to_single/OUT
    V24                  IBUFCTRL (Prop_IBUFCTRL_HPIOB_M_I_O)
                                                      0.000     0.519 r  clk_differ_to_single/IBUFCTRL_INST/O
                         net (fo=1, routed)           0.348     0.867    clk_sys
    BUFGCE_X0Y32         BUFGCE (Prop_BUFCE_BUFGCE_I_O)
                                                      0.028     0.895 r  clk_sys_BUFG_inst/O
    X0Y1 (CLOCK_ROOT)    net (fo=403, routed)         1.246     2.141    button_0_inst/counter_inst/clk_sys_BUFG
    SLICE_X18Y62         FDRE                                         r  button_0_inst/counter_inst/count_max_static_reg[8]/C
  -------------------------------------------------------------------    -------------------
    SLICE_X18Y62         FDRE (Prop_GFF2_SLICEL_C_Q)
                                                      0.081     2.222 r  button_0_inst/counter_inst/count_max_static_reg[8]/Q
                         net (fo=5, routed)           0.521     2.743    button_0_inst/counter_inst/count_max_static[8]
    SLICE_X19Y65         LUT4 (Prop_E6LUT_SLICEL_I1_O)
                                                      0.051     2.794 r  button_0_inst/counter_inst/reg_count0_carry_i_12/O
                         net (fo=1, routed)           0.007     2.801    button_0_inst/counter_inst/reg_count0_carry_i_12_n_0
    SLICE_X19Y65         CARRY8 (Prop_CARRY8_SLICEL_S[4]_CO[7])
                                                      0.153     2.954 r  button_0_inst/counter_inst/reg_count0_carry/CO[7]
                         net (fo=1, routed)           0.026     2.980    button_0_inst/counter_inst/reg_count0_carry_n_0
    SLICE_X19Y66         CARRY8 (Prop_CARRY8_SLICEL_CI_CO[7])
                                                      0.015     2.995 r  button_0_inst/counter_inst/reg_count0_carry__0/CO[7]
                         net (fo=1, routed)           0.026     3.021    button_0_inst/counter_inst/reg_count0_carry__0_n_0
    SLICE_X19Y67         CARRY8 (Prop_CARRY8_SLICEL_CI_CO[7])
                                                      0.022     3.043 r  button_0_inst/counter_inst/reg_count0_carry__1/CO[7]
                         net (fo=1, routed)           0.134     3.177    button_0_inst/counter_inst/reg_count0_carry__1_n_0
    SLICE_X18Y67         LUT3 (Prop_C6LUT_SLICEL_I0_O)
                                                      0.035     3.212 r  button_0_inst/counter_inst/reg_count[0]_i_1/O
                         net (fo=48, routed)          0.465     3.677    button_0_inst/counter_inst/reg_count[0]_i_1_n_0
    SLICE_X17Y64         FDRE                                         r  button_0_inst/counter_inst/reg_count_reg[5]/R
  -------------------------------------------------------------------    -------------------

                         (clock clock_system rise edge)
                                                     10.000    10.000 r  
    V24                                               0.000    10.000 r  clk_sys_p (IN)
                         net (fo=0)                   0.000    10.000    clk_differ_to_single/I
    HPIOBDIFFINBUF_X0Y35 DIFFINBUF (Prop_DIFFINBUF_HPIOBDIFFINBUF_DIFF_IN_P_O)
                                                      0.373    10.373 r  clk_differ_to_single/DIFFINBUF_INST/O
                         net (fo=1, routed)           0.040    10.413    clk_differ_to_single/OUT
    V24                  IBUFCTRL (Prop_IBUFCTRL_HPIOB_M_I_O)
                                                      0.000    10.413 r  clk_differ_to_single/IBUFCTRL_INST/O
                         net (fo=1, routed)           0.309    10.722    clk_sys
    BUFGCE_X0Y32         BUFGCE (Prop_BUFCE_BUFGCE_I_O)
                                                      0.024    10.746 r  clk_sys_BUFG_inst/O
    X0Y1 (CLOCK_ROOT)    net (fo=403, routed)         1.074    11.820    button_0_inst/counter_inst/clk_sys_BUFG
    SLICE_X17Y64         FDRE                                         r  button_0_inst/counter_inst/reg_count_reg[5]/C
                         clock pessimism              0.216    12.036    
                         clock uncertainty           -0.035    12.001    
    SLICE_X17Y64         FDRE (Setup_FFF_SLICEL_C_R)
                                                     -0.074    11.927    button_0_inst/counter_inst/reg_count_reg[5]
  -------------------------------------------------------------------
                         required time                         11.927    
                         arrival time                          -3.677    
  -------------------------------------------------------------------
                         slack                                  8.250    

Slack (MET) :             8.250ns  (required time - arrival time)
  Source:                 button_0_inst/counter_inst/count_max_static_reg[8]/C
                            (rising edge-triggered cell FDRE clocked by clock_system  {rise@0.000ns fall@5.000ns period=10.000ns})
  Destination:            button_0_inst/counter_inst/reg_count_reg[6]/R
                            (rising edge-triggered cell FDRE clocked by clock_system  {rise@0.000ns fall@5.000ns period=10.000ns})
  Path Group:             clock_system
  Path Type:              Setup (Max at Slow Process Corner)
  Requirement:            10.000ns  (clock_system rise@10.000ns - clock_system rise@0.000ns)
  Data Path Delay:        1.536ns  (logic 0.357ns (23.242%)  route 1.179ns (76.758%))
  Logic Levels:           5  (CARRY8=3 LUT3=1 LUT4=1)
  Clock Path Skew:        -0.104ns (DCD - SCD + CPR)
    Destination Clock Delay (DCD):    1.820ns = ( 11.820 - 10.000 ) 
    Source Clock Delay      (SCD):    2.141ns
    Clock Pessimism Removal (CPR):    0.216ns
  Clock Uncertainty:      0.035ns  ((TSJ^2 + TIJ^2)^1/2 + DJ) / 2 + PE
    Total System Jitter     (TSJ):    0.071ns
    Total Input Jitter      (TIJ):    0.000ns
    Discrete Jitter          (DJ):    0.000ns
    Phase Error              (PE):    0.000ns
  Clock Net Delay (Source):      1.246ns (routing 0.171ns, distribution 1.075ns)
  Clock Net Delay (Destination): 1.074ns (routing 0.155ns, distribution 0.919ns)

    Location             Delay type                Incr(ns)  Path(ns)    Netlist Resource(s)
  -------------------------------------------------------------------    -------------------
                         (clock clock_system rise edge)
                                                      0.000     0.000 r  
    V24                                               0.000     0.000 r  clk_sys_p (IN)
                         net (fo=0)                   0.000     0.000    clk_differ_to_single/I
    HPIOBDIFFINBUF_X0Y35 DIFFINBUF (Prop_DIFFINBUF_HPIOBDIFFINBUF_DIFF_IN_P_O)
                                                      0.469     0.469 r  clk_differ_to_single/DIFFINBUF_INST/O
                         net (fo=1, routed)           0.050     0.519    clk_differ_to_single/OUT
    V24                  IBUFCTRL (Prop_IBUFCTRL_HPIOB_M_I_O)
                                                      0.000     0.519 r  clk_differ_to_single/IBUFCTRL_INST/O
                         net (fo=1, routed)           0.348     0.867    clk_sys
    BUFGCE_X0Y32         BUFGCE (Prop_BUFCE_BUFGCE_I_O)
                                                      0.028     0.895 r  clk_sys_BUFG_inst/O
    X0Y1 (CLOCK_ROOT)    net (fo=403, routed)         1.246     2.141    button_0_inst/counter_inst/clk_sys_BUFG
    SLICE_X18Y62         FDRE                                         r  button_0_inst/counter_inst/count_max_static_reg[8]/C
  -------------------------------------------------------------------    -------------------
    SLICE_X18Y62         FDRE (Prop_GFF2_SLICEL_C_Q)
                                                      0.081     2.222 r  button_0_inst/counter_inst/count_max_static_reg[8]/Q
                         net (fo=5, routed)           0.521     2.743    button_0_inst/counter_inst/count_max_static[8]
    SLICE_X19Y65         LUT4 (Prop_E6LUT_SLICEL_I1_O)
                                                      0.051     2.794 r  button_0_inst/counter_inst/reg_count0_carry_i_12/O
                         net (fo=1, routed)           0.007     2.801    button_0_inst/counter_inst/reg_count0_carry_i_12_n_0
    SLICE_X19Y65         CARRY8 (Prop_CARRY8_SLICEL_S[4]_CO[7])
                                                      0.153     2.954 r  button_0_inst/counter_inst/reg_count0_carry/CO[7]
                         net (fo=1, routed)           0.026     2.980    button_0_inst/counter_inst/reg_count0_carry_n_0
    SLICE_X19Y66         CARRY8 (Prop_CARRY8_SLICEL_CI_CO[7])
                                                      0.015     2.995 r  button_0_inst/counter_inst/reg_count0_carry__0/CO[7]
                         net (fo=1, routed)           0.026     3.021    button_0_inst/counter_inst/reg_count0_carry__0_n_0
    SLICE_X19Y67         CARRY8 (Prop_CARRY8_SLICEL_CI_CO[7])
                                                      0.022     3.043 r  button_0_inst/counter_inst/reg_count0_carry__1/CO[7]
                         net (fo=1, routed)           0.134     3.177    button_0_inst/counter_inst/reg_count0_carry__1_n_0
    SLICE_X18Y67         LUT3 (Prop_C6LUT_SLICEL_I0_O)
                                                      0.035     3.212 r  button_0_inst/counter_inst/reg_count[0]_i_1/O
                         net (fo=48, routed)          0.465     3.677    button_0_inst/counter_inst/reg_count[0]_i_1_n_0
    SLICE_X17Y64         FDRE                                         r  button_0_inst/counter_inst/reg_count_reg[6]/R
  -------------------------------------------------------------------    -------------------

                         (clock clock_system rise edge)
                                                     10.000    10.000 r  
    V24                                               0.000    10.000 r  clk_sys_p (IN)
                         net (fo=0)                   0.000    10.000    clk_differ_to_single/I
    HPIOBDIFFINBUF_X0Y35 DIFFINBUF (Prop_DIFFINBUF_HPIOBDIFFINBUF_DIFF_IN_P_O)
                                                      0.373    10.373 r  clk_differ_to_single/DIFFINBUF_INST/O
                         net (fo=1, routed)           0.040    10.413    clk_differ_to_single/OUT
    V24                  IBUFCTRL (Prop_IBUFCTRL_HPIOB_M_I_O)
                                                      0.000    10.413 r  clk_differ_to_single/IBUFCTRL_INST/O
                         net (fo=1, routed)           0.309    10.722    clk_sys
    BUFGCE_X0Y32         BUFGCE (Prop_BUFCE_BUFGCE_I_O)
                                                      0.024    10.746 r  clk_sys_BUFG_inst/O
    X0Y1 (CLOCK_ROOT)    net (fo=403, routed)         1.074    11.820    button_0_inst/counter_inst/clk_sys_BUFG
    SLICE_X17Y64         FDRE                                         r  button_0_inst/counter_inst/reg_count_reg[6]/C
                         clock pessimism              0.216    12.036    
                         clock uncertainty           -0.035    12.001    
    SLICE_X17Y64         FDRE (Setup_GFF_SLICEL_C_R)
                                                     -0.074    11.927    button_0_inst/counter_inst/reg_count_reg[6]
  -------------------------------------------------------------------
                         required time                         11.927    
                         arrival time                          -3.677    
  -------------------------------------------------------------------
                         slack                                  8.250    

Slack (MET) :             8.250ns  (required time - arrival time)
  Source:                 button_0_inst/counter_inst/count_max_static_reg[8]/C
                            (rising edge-triggered cell FDRE clocked by clock_system  {rise@0.000ns fall@5.000ns period=10.000ns})
  Destination:            button_0_inst/counter_inst/reg_count_reg[7]/R
                            (rising edge-triggered cell FDRE clocked by clock_system  {rise@0.000ns fall@5.000ns period=10.000ns})
  Path Group:             clock_system
  Path Type:              Setup (Max at Slow Process Corner)
  Requirement:            10.000ns  (clock_system rise@10.000ns - clock_system rise@0.000ns)
  Data Path Delay:        1.536ns  (logic 0.357ns (23.242%)  route 1.179ns (76.758%))
  Logic Levels:           5  (CARRY8=3 LUT3=1 LUT4=1)
  Clock Path Skew:        -0.104ns (DCD - SCD + CPR)
    Destination Clock Delay (DCD):    1.820ns = ( 11.820 - 10.000 ) 
    Source Clock Delay      (SCD):    2.141ns
    Clock Pessimism Removal (CPR):    0.216ns
  Clock Uncertainty:      0.035ns  ((TSJ^2 + TIJ^2)^1/2 + DJ) / 2 + PE
    Total System Jitter     (TSJ):    0.071ns
    Total Input Jitter      (TIJ):    0.000ns
    Discrete Jitter          (DJ):    0.000ns
    Phase Error              (PE):    0.000ns
  Clock Net Delay (Source):      1.246ns (routing 0.171ns, distribution 1.075ns)
  Clock Net Delay (Destination): 1.074ns (routing 0.155ns, distribution 0.919ns)

    Location             Delay type                Incr(ns)  Path(ns)    Netlist Resource(s)
  -------------------------------------------------------------------    -------------------
                         (clock clock_system rise edge)
                                                      0.000     0.000 r  
    V24                                               0.000     0.000 r  clk_sys_p (IN)
                         net (fo=0)                   0.000     0.000    clk_differ_to_single/I
    HPIOBDIFFINBUF_X0Y35 DIFFINBUF (Prop_DIFFINBUF_HPIOBDIFFINBUF_DIFF_IN_P_O)
                                                      0.469     0.469 r  clk_differ_to_single/DIFFINBUF_INST/O
                         net (fo=1, routed)           0.050     0.519    clk_differ_to_single/OUT
    V24                  IBUFCTRL (Prop_IBUFCTRL_HPIOB_M_I_O)
                                                      0.000     0.519 r  clk_differ_to_single/IBUFCTRL_INST/O
                         net (fo=1, routed)           0.348     0.867    clk_sys
    BUFGCE_X0Y32         BUFGCE (Prop_BUFCE_BUFGCE_I_O)
                                                      0.028     0.895 r  clk_sys_BUFG_inst/O
    X0Y1 (CLOCK_ROOT)    net (fo=403, routed)         1.246     2.141    button_0_inst/counter_inst/clk_sys_BUFG
    SLICE_X18Y62         FDRE                                         r  button_0_inst/counter_inst/count_max_static_reg[8]/C
  -------------------------------------------------------------------    -------------------
    SLICE_X18Y62         FDRE (Prop_GFF2_SLICEL_C_Q)
                                                      0.081     2.222 r  button_0_inst/counter_inst/count_max_static_reg[8]/Q
                         net (fo=5, routed)           0.521     2.743    button_0_inst/counter_inst/count_max_static[8]
    SLICE_X19Y65         LUT4 (Prop_E6LUT_SLICEL_I1_O)
                                                      0.051     2.794 r  button_0_inst/counter_inst/reg_count0_carry_i_12/O
                         net (fo=1, routed)           0.007     2.801    button_0_inst/counter_inst/reg_count0_carry_i_12_n_0
    SLICE_X19Y65         CARRY8 (Prop_CARRY8_SLICEL_S[4]_CO[7])
                                                      0.153     2.954 r  button_0_inst/counter_inst/reg_count0_carry/CO[7]
                         net (fo=1, routed)           0.026     2.980    button_0_inst/counter_inst/reg_count0_carry_n_0
    SLICE_X19Y66         CARRY8 (Prop_CARRY8_SLICEL_CI_CO[7])
                                                      0.015     2.995 r  button_0_inst/counter_inst/reg_count0_carry__0/CO[7]
                         net (fo=1, routed)           0.026     3.021    button_0_inst/counter_inst/reg_count0_carry__0_n_0
    SLICE_X19Y67         CARRY8 (Prop_CARRY8_SLICEL_CI_CO[7])
                                                      0.022     3.043 r  button_0_inst/counter_inst/reg_count0_carry__1/CO[7]
                         net (fo=1, routed)           0.134     3.177    button_0_inst/counter_inst/reg_count0_carry__1_n_0
    SLICE_X18Y67         LUT3 (Prop_C6LUT_SLICEL_I0_O)
                                                      0.035     3.212 r  button_0_inst/counter_inst/reg_count[0]_i_1/O
                         net (fo=48, routed)          0.465     3.677    button_0_inst/counter_inst/reg_count[0]_i_1_n_0
    SLICE_X17Y64         FDRE                                         r  button_0_inst/counter_inst/reg_count_reg[7]/R
  -------------------------------------------------------------------    -------------------

                         (clock clock_system rise edge)
                                                     10.000    10.000 r  
    V24                                               0.000    10.000 r  clk_sys_p (IN)
                         net (fo=0)                   0.000    10.000    clk_differ_to_single/I
    HPIOBDIFFINBUF_X0Y35 DIFFINBUF (Prop_DIFFINBUF_HPIOBDIFFINBUF_DIFF_IN_P_O)
                                                      0.373    10.373 r  clk_differ_to_single/DIFFINBUF_INST/O
                         net (fo=1, routed)           0.040    10.413    clk_differ_to_single/OUT
    V24                  IBUFCTRL (Prop_IBUFCTRL_HPIOB_M_I_O)
                                                      0.000    10.413 r  clk_differ_to_single/IBUFCTRL_INST/O
                         net (fo=1, routed)           0.309    10.722    clk_sys
    BUFGCE_X0Y32         BUFGCE (Prop_BUFCE_BUFGCE_I_O)
                                                      0.024    10.746 r  clk_sys_BUFG_inst/O
    X0Y1 (CLOCK_ROOT)    net (fo=403, routed)         1.074    11.820    button_0_inst/counter_inst/clk_sys_BUFG
    SLICE_X17Y64         FDRE                                         r  button_0_inst/counter_inst/reg_count_reg[7]/C
                         clock pessimism              0.216    12.036    
                         clock uncertainty           -0.035    12.001    
    SLICE_X17Y64         FDRE (Setup_HFF_SLICEL_C_R)
                                                     -0.074    11.927    button_0_inst/counter_inst/reg_count_reg[7]
  -------------------------------------------------------------------
                         required time                         11.927    
                         arrival time                          -3.677    
  -------------------------------------------------------------------
                         slack                                  8.250    

Slack (MET) :             8.256ns  (required time - arrival time)
  Source:                 button_0_inst/counter_inst/count_max_static_reg[8]/C
                            (rising edge-triggered cell FDRE clocked by clock_system  {rise@0.000ns fall@5.000ns period=10.000ns})
  Destination:            button_0_inst/counter_inst/reg_count_reg[40]/R
                            (rising edge-triggered cell FDRE clocked by clock_system  {rise@0.000ns fall@5.000ns period=10.000ns})
  Path Group:             clock_system
  Path Type:              Setup (Max at Slow Process Corner)
  Requirement:            10.000ns  (clock_system rise@10.000ns - clock_system rise@0.000ns)
  Data Path Delay:        1.526ns  (logic 0.357ns (23.394%)  route 1.169ns (76.605%))
  Logic Levels:           5  (CARRY8=3 LUT3=1 LUT4=1)
  Clock Path Skew:        -0.108ns (DCD - SCD + CPR)
    Destination Clock Delay (DCD):    1.816ns = ( 11.816 - 10.000 ) 
    Source Clock Delay      (SCD):    2.141ns
    Clock Pessimism Removal (CPR):    0.216ns
  Clock Uncertainty:      0.035ns  ((TSJ^2 + TIJ^2)^1/2 + DJ) / 2 + PE
    Total System Jitter     (TSJ):    0.071ns
    Total Input Jitter      (TIJ):    0.000ns
    Discrete Jitter          (DJ):    0.000ns
    Phase Error              (PE):    0.000ns
  Clock Net Delay (Source):      1.246ns (routing 0.171ns, distribution 1.075ns)
  Clock Net Delay (Destination): 1.070ns (routing 0.155ns, distribution 0.915ns)

    Location             Delay type                Incr(ns)  Path(ns)    Netlist Resource(s)
  -------------------------------------------------------------------    -------------------
                         (clock clock_system rise edge)
                                                      0.000     0.000 r  
    V24                                               0.000     0.000 r  clk_sys_p (IN)
                         net (fo=0)                   0.000     0.000    clk_differ_to_single/I
    HPIOBDIFFINBUF_X0Y35 DIFFINBUF (Prop_DIFFINBUF_HPIOBDIFFINBUF_DIFF_IN_P_O)
                                                      0.469     0.469 r  clk_differ_to_single/DIFFINBUF_INST/O
                         net (fo=1, routed)           0.050     0.519    clk_differ_to_single/OUT
    V24                  IBUFCTRL (Prop_IBUFCTRL_HPIOB_M_I_O)
                                                      0.000     0.519 r  clk_differ_to_single/IBUFCTRL_INST/O
                         net (fo=1, routed)           0.348     0.867    clk_sys
    BUFGCE_X0Y32         BUFGCE (Prop_BUFCE_BUFGCE_I_O)
                                                      0.028     0.895 r  clk_sys_BUFG_inst/O
    X0Y1 (CLOCK_ROOT)    net (fo=403, routed)         1.246     2.141    button_0_inst/counter_inst/clk_sys_BUFG
    SLICE_X18Y62         FDRE                                         r  button_0_inst/counter_inst/count_max_static_reg[8]/C
  -------------------------------------------------------------------    -------------------
    SLICE_X18Y62         FDRE (Prop_GFF2_SLICEL_C_Q)
                                                      0.081     2.222 r  button_0_inst/counter_inst/count_max_static_reg[8]/Q
                         net (fo=5, routed)           0.521     2.743    button_0_inst/counter_inst/count_max_static[8]
    SLICE_X19Y65         LUT4 (Prop_E6LUT_SLICEL_I1_O)
                                                      0.051     2.794 r  button_0_inst/counter_inst/reg_count0_carry_i_12/O
                         net (fo=1, routed)           0.007     2.801    button_0_inst/counter_inst/reg_count0_carry_i_12_n_0
    SLICE_X19Y65         CARRY8 (Prop_CARRY8_SLICEL_S[4]_CO[7])
                                                      0.153     2.954 r  button_0_inst/counter_inst/reg_count0_carry/CO[7]
                         net (fo=1, routed)           0.026     2.980    button_0_inst/counter_inst/reg_count0_carry_n_0
    SLICE_X19Y66         CARRY8 (Prop_CARRY8_SLICEL_CI_CO[7])
                                                      0.015     2.995 r  button_0_inst/counter_inst/reg_count0_carry__0/CO[7]
                         net (fo=1, routed)           0.026     3.021    button_0_inst/counter_inst/reg_count0_carry__0_n_0
    SLICE_X19Y67         CARRY8 (Prop_CARRY8_SLICEL_CI_CO[7])
                                                      0.022     3.043 r  button_0_inst/counter_inst/reg_count0_carry__1/CO[7]
                         net (fo=1, routed)           0.134     3.177    button_0_inst/counter_inst/reg_count0_carry__1_n_0
    SLICE_X18Y67         LUT3 (Prop_C6LUT_SLICEL_I0_O)
                                                      0.035     3.212 r  button_0_inst/counter_inst/reg_count[0]_i_1/O
                         net (fo=48, routed)          0.455     3.667    button_0_inst/counter_inst/reg_count[0]_i_1_n_0
    SLICE_X17Y69         FDRE                                         r  button_0_inst/counter_inst/reg_count_reg[40]/R
  -------------------------------------------------------------------    -------------------

                         (clock clock_system rise edge)
                                                     10.000    10.000 r  
    V24                                               0.000    10.000 r  clk_sys_p (IN)
                         net (fo=0)                   0.000    10.000    clk_differ_to_single/I
    HPIOBDIFFINBUF_X0Y35 DIFFINBUF (Prop_DIFFINBUF_HPIOBDIFFINBUF_DIFF_IN_P_O)
                                                      0.373    10.373 r  clk_differ_to_single/DIFFINBUF_INST/O
                         net (fo=1, routed)           0.040    10.413    clk_differ_to_single/OUT
    V24                  IBUFCTRL (Prop_IBUFCTRL_HPIOB_M_I_O)
                                                      0.000    10.413 r  clk_differ_to_single/IBUFCTRL_INST/O
                         net (fo=1, routed)           0.309    10.722    clk_sys
    BUFGCE_X0Y32         BUFGCE (Prop_BUFCE_BUFGCE_I_O)
                                                      0.024    10.746 r  clk_sys_BUFG_inst/O
    X0Y1 (CLOCK_ROOT)    net (fo=403, routed)         1.070    11.816    button_0_inst/counter_inst/clk_sys_BUFG
    SLICE_X17Y69         FDRE                                         r  button_0_inst/counter_inst/reg_count_reg[40]/C
                         clock pessimism              0.216    12.032    
                         clock uncertainty           -0.035    11.997    
    SLICE_X17Y69         FDRE (Setup_AFF_SLICEL_C_R)
                                                     -0.074    11.923    button_0_inst/counter_inst/reg_count_reg[40]
  -------------------------------------------------------------------
                         required time                         11.923    
                         arrival time                          -3.667    
  -------------------------------------------------------------------
                         slack                                  8.256    





Min Delay Paths
--------------------------------------------------------------------------------------
Slack (MET) :             0.025ns  (arrival time - required time)
  Source:                 button_0_inst/counter_inst/count_middleware_reg[4][46]/C
                            (rising edge-triggered cell FDRE clocked by clock_system  {rise@0.000ns fall@5.000ns period=10.000ns})
  Destination:            button_0_inst/counter_inst/count_max_dynamic_reg[47]/D
                            (rising edge-triggered cell FDRE clocked by clock_system  {rise@0.000ns fall@5.000ns period=10.000ns})
  Path Group:             clock_system
  Path Type:              Hold (Min at Slow Process Corner)
  Requirement:            0.000ns  (clock_system rise@0.000ns - clock_system rise@0.000ns)
  Data Path Delay:        0.193ns  (logic 0.111ns (57.513%)  route 0.082ns (42.487%))
  Logic Levels:           1  (CARRY8=1)
  Clock Path Skew:        0.108ns (DCD - SCD - CPR)
    Destination Clock Delay (DCD):    2.152ns
    Source Clock Delay      (SCD):    1.827ns
    Clock Pessimism Removal (CPR):    0.216ns
  Clock Net Delay (Source):      1.081ns (routing 0.155ns, distribution 0.926ns)
  Clock Net Delay (Destination): 1.257ns (routing 0.171ns, distribution 1.086ns)

    Location             Delay type                Incr(ns)  Path(ns)    Netlist Resource(s)
  -------------------------------------------------------------------    -------------------
                         (clock clock_system rise edge)
                                                      0.000     0.000 r  
    V24                                               0.000     0.000 r  clk_sys_p (IN)
                         net (fo=0)                   0.000     0.000    clk_differ_to_single/I
    HPIOBDIFFINBUF_X0Y35 DIFFINBUF (Prop_DIFFINBUF_HPIOBDIFFINBUF_DIFF_IN_P_O)
                                                      0.373     0.373 r  clk_differ_to_single/DIFFINBUF_INST/O
                         net (fo=1, routed)           0.040     0.413    clk_differ_to_single/OUT
    V24                  IBUFCTRL (Prop_IBUFCTRL_HPIOB_M_I_O)
                                                      0.000     0.413 r  clk_differ_to_single/IBUFCTRL_INST/O
                         net (fo=1, routed)           0.309     0.722    clk_sys
    BUFGCE_X0Y32         BUFGCE (Prop_BUFCE_BUFGCE_I_O)
                                                      0.024     0.746 r  clk_sys_BUFG_inst/O
    X0Y1 (CLOCK_ROOT)    net (fo=403, routed)         1.081     1.827    button_0_inst/counter_inst/clk_sys_BUFG
    SLICE_X20Y64         FDRE                                         r  button_0_inst/counter_inst/count_middleware_reg[4][46]/C
  -------------------------------------------------------------------    -------------------
    SLICE_X20Y64         FDRE (Prop_GFF_SLICEM_C_Q)
                                                      0.058     1.885 r  button_0_inst/counter_inst/count_middleware_reg[4][46]/Q
                         net (fo=2, routed)           0.072     1.957    button_0_inst/counter_inst/count_middleware_reg[4][46]
    SLICE_X19Y64         CARRY8 (Prop_CARRY8_SLICEL_DI[6]_O[7])
                                                      0.053     2.010 r  button_0_inst/counter_inst/count_max_dynamic_reg[47]_i_1/O[7]
                         net (fo=1, routed)           0.010     2.020    button_0_inst/counter_inst/count_max_dynamic_reg[47]_i_1_n_8
    SLICE_X19Y64         FDRE                                         r  button_0_inst/counter_inst/count_max_dynamic_reg[47]/D
  -------------------------------------------------------------------    -------------------

                         (clock clock_system rise edge)
                                                      0.000     0.000 r  
    V24                                               0.000     0.000 r  clk_sys_p (IN)
                         net (fo=0)                   0.000     0.000    clk_differ_to_single/I
    HPIOBDIFFINBUF_X0Y35 DIFFINBUF (Prop_DIFFINBUF_HPIOBDIFFINBUF_DIFF_IN_P_O)
                                                      0.469     0.469 r  clk_differ_to_single/DIFFINBUF_INST/O
                         net (fo=1, routed)           0.050     0.519    clk_differ_to_single/OUT
    V24                  IBUFCTRL (Prop_IBUFCTRL_HPIOB_M_I_O)
                                                      0.000     0.519 r  clk_differ_to_single/IBUFCTRL_INST/O
                         net (fo=1, routed)           0.348     0.867    clk_sys
    BUFGCE_X0Y32         BUFGCE (Prop_BUFCE_BUFGCE_I_O)
                                                      0.028     0.895 r  clk_sys_BUFG_inst/O
    X0Y1 (CLOCK_ROOT)    net (fo=403, routed)         1.257     2.152    button_0_inst/counter_inst/clk_sys_BUFG
    SLICE_X19Y64         FDRE                                         r  button_0_inst/counter_inst/count_max_dynamic_reg[47]/C
                         clock pessimism             -0.216     1.935    
    SLICE_X19Y64         FDRE (Hold_HFF_SLICEL_C_D)
                                                      0.060     1.995    button_0_inst/counter_inst/count_max_dynamic_reg[47]
  -------------------------------------------------------------------
                         required time                         -1.995    
                         arrival time                           2.020    
  -------------------------------------------------------------------
                         slack                                  0.025    

Slack (MET) :             0.026ns  (arrival time - required time)
  Source:                 button_0_inst/counter_inst/count_middleware_reg[4][41]/C
                            (rising edge-triggered cell FDRE clocked by clock_system  {rise@0.000ns fall@5.000ns period=10.000ns})
  Destination:            button_0_inst/counter_inst/count_max_dynamic_reg[42]/D
                            (rising edge-triggered cell FDRE clocked by clock_system  {rise@0.000ns fall@5.000ns period=10.000ns})
  Path Group:             clock_system
  Path Type:              Hold (Min at Slow Process Corner)
  Requirement:            0.000ns  (clock_system rise@0.000ns - clock_system rise@0.000ns)
  Data Path Delay:        0.188ns  (logic 0.105ns (55.851%)  route 0.083ns (44.149%))
  Logic Levels:           1  (CARRY8=1)
  Clock Path Skew:        0.102ns (DCD - SCD - CPR)
    Destination Clock Delay (DCD):    2.147ns
    Source Clock Delay      (SCD):    1.828ns
    Clock Pessimism Removal (CPR):    0.216ns
  Clock Net Delay (Source):      1.082ns (routing 0.155ns, distribution 0.927ns)
  Clock Net Delay (Destination): 1.252ns (routing 0.171ns, distribution 1.081ns)

    Location             Delay type                Incr(ns)  Path(ns)    Netlist Resource(s)
  -------------------------------------------------------------------    -------------------
                         (clock clock_system rise edge)
                                                      0.000     0.000 r  
    V24                                               0.000     0.000 r  clk_sys_p (IN)
                         net (fo=0)                   0.000     0.000    clk_differ_to_single/I
    HPIOBDIFFINBUF_X0Y35 DIFFINBUF (Prop_DIFFINBUF_HPIOBDIFFINBUF_DIFF_IN_P_O)
                                                      0.373     0.373 r  clk_differ_to_single/DIFFINBUF_INST/O
                         net (fo=1, routed)           0.040     0.413    clk_differ_to_single/OUT
    V24                  IBUFCTRL (Prop_IBUFCTRL_HPIOB_M_I_O)
                                                      0.000     0.413 r  clk_differ_to_single/IBUFCTRL_INST/O
                         net (fo=1, routed)           0.309     0.722    clk_sys
    BUFGCE_X0Y32         BUFGCE (Prop_BUFCE_BUFGCE_I_O)
                                                      0.024     0.746 r  clk_sys_BUFG_inst/O
    X0Y1 (CLOCK_ROOT)    net (fo=403, routed)         1.082     1.828    button_0_inst/counter_inst/clk_sys_BUFG
    SLICE_X20Y64         FDRE                                         r  button_0_inst/counter_inst/count_middleware_reg[4][41]/C
  -------------------------------------------------------------------    -------------------
    SLICE_X20Y64         FDRE (Prop_BFF_SLICEM_C_Q)
                                                      0.058     1.886 r  button_0_inst/counter_inst/count_middleware_reg[4][41]/Q
                         net (fo=2, routed)           0.073     1.959    button_0_inst/counter_inst/count_middleware_reg[4][41]
    SLICE_X19Y64         CARRY8 (Prop_CARRY8_SLICEL_DI[1]_O[2])
                                                      0.047     2.006 r  button_0_inst/counter_inst/count_max_dynamic_reg[47]_i_1/O[2]
                         net (fo=1, routed)           0.010     2.016    button_0_inst/counter_inst/count_max_dynamic_reg[47]_i_1_n_13
    SLICE_X19Y64         FDRE                                         r  button_0_inst/counter_inst/count_max_dynamic_reg[42]/D
  -------------------------------------------------------------------    -------------------

                         (clock clock_system rise edge)
                                                      0.000     0.000 r  
    V24                                               0.000     0.000 r  clk_sys_p (IN)
                         net (fo=0)                   0.000     0.000    clk_differ_to_single/I
    HPIOBDIFFINBUF_X0Y35 DIFFINBUF (Prop_DIFFINBUF_HPIOBDIFFINBUF_DIFF_IN_P_O)
                                                      0.469     0.469 r  clk_differ_to_single/DIFFINBUF_INST/O
                         net (fo=1, routed)           0.050     0.519    clk_differ_to_single/OUT
    V24                  IBUFCTRL (Prop_IBUFCTRL_HPIOB_M_I_O)
                                                      0.000     0.519 r  clk_differ_to_single/IBUFCTRL_INST/O
                         net (fo=1, routed)           0.348     0.867    clk_sys
    BUFGCE_X0Y32         BUFGCE (Prop_BUFCE_BUFGCE_I_O)
                                                      0.028     0.895 r  clk_sys_BUFG_inst/O
    X0Y1 (CLOCK_ROOT)    net (fo=403, routed)         1.252     2.147    button_0_inst/counter_inst/clk_sys_BUFG
    SLICE_X19Y64         FDRE                                         r  button_0_inst/counter_inst/count_max_dynamic_reg[42]/C
                         clock pessimism             -0.216     1.930    
    SLICE_X19Y64         FDRE (Hold_CFF_SLICEL_C_D)
                                                      0.060     1.990    button_0_inst/counter_inst/count_max_dynamic_reg[42]
  -------------------------------------------------------------------
                         required time                         -1.990    
                         arrival time                           2.016    
  -------------------------------------------------------------------
                         slack                                  0.026    

Slack (MET) :             0.028ns  (arrival time - required time)
  Source:                 button_0_inst/counter_inst/count_middleware_reg[4][43]/C
                            (rising edge-triggered cell FDRE clocked by clock_system  {rise@0.000ns fall@5.000ns period=10.000ns})
  Destination:            button_0_inst/counter_inst/count_max_dynamic_reg[43]/D
                            (rising edge-triggered cell FDRE clocked by clock_system  {rise@0.000ns fall@5.000ns period=10.000ns})
  Path Group:             clock_system
  Path Type:              Hold (Min at Slow Process Corner)
  Requirement:            0.000ns  (clock_system rise@0.000ns - clock_system rise@0.000ns)
  Data Path Delay:        0.190ns  (logic 0.106ns (55.790%)  route 0.084ns (44.211%))
  Logic Levels:           2  (CARRY8=1 LUT2=1)
  Clock Path Skew:        0.102ns (DCD - SCD - CPR)
    Destination Clock Delay (DCD):    2.147ns
    Source Clock Delay      (SCD):    1.828ns
    Clock Pessimism Removal (CPR):    0.216ns
  Clock Net Delay (Source):      1.082ns (routing 0.155ns, distribution 0.927ns)
  Clock Net Delay (Destination): 1.252ns (routing 0.171ns, distribution 1.081ns)

    Location             Delay type                Incr(ns)  Path(ns)    Netlist Resource(s)
  -------------------------------------------------------------------    -------------------
                         (clock clock_system rise edge)
                                                      0.000     0.000 r  
    V24                                               0.000     0.000 r  clk_sys_p (IN)
                         net (fo=0)                   0.000     0.000    clk_differ_to_single/I
    HPIOBDIFFINBUF_X0Y35 DIFFINBUF (Prop_DIFFINBUF_HPIOBDIFFINBUF_DIFF_IN_P_O)
                                                      0.373     0.373 r  clk_differ_to_single/DIFFINBUF_INST/O
                         net (fo=1, routed)           0.040     0.413    clk_differ_to_single/OUT
    V24                  IBUFCTRL (Prop_IBUFCTRL_HPIOB_M_I_O)
                                                      0.000     0.413 r  clk_differ_to_single/IBUFCTRL_INST/O
                         net (fo=1, routed)           0.309     0.722    clk_sys
    BUFGCE_X0Y32         BUFGCE (Prop_BUFCE_BUFGCE_I_O)
                                                      0.024     0.746 r  clk_sys_BUFG_inst/O
    X0Y1 (CLOCK_ROOT)    net (fo=403, routed)         1.082     1.828    button_0_inst/counter_inst/clk_sys_BUFG
    SLICE_X20Y64         FDRE                                         r  button_0_inst/counter_inst/count_middleware_reg[4][43]/C
  -------------------------------------------------------------------    -------------------
    SLICE_X20Y64         FDRE (Prop_DFF_SLICEM_C_Q)
                                                      0.058     1.886 r  button_0_inst/counter_inst/count_middleware_reg[4][43]/Q
                         net (fo=2, routed)           0.065     1.951    button_0_inst/counter_inst/count_middleware_reg[4][43]
    SLICE_X19Y64         LUT2 (Prop_D6LUT_SLICEL_I0_O)
                                                      0.022     1.973 r  button_0_inst/counter_inst/count_max_dynamic[47]_i_6/O
                         net (fo=1, routed)           0.009     1.982    button_0_inst/counter_inst/count_max_dynamic[47]_i_6_n_0
    SLICE_X19Y64         CARRY8 (Prop_CARRY8_SLICEL_S[3]_O[3])
                                                      0.026     2.008 r  button_0_inst/counter_inst/count_max_dynamic_reg[47]_i_1/O[3]
                         net (fo=1, routed)           0.010     2.018    button_0_inst/counter_inst/count_max_dynamic_reg[47]_i_1_n_12
    SLICE_X19Y64         FDRE                                         r  button_0_inst/counter_inst/count_max_dynamic_reg[43]/D
  -------------------------------------------------------------------    -------------------

                         (clock clock_system rise edge)
                                                      0.000     0.000 r  
    V24                                               0.000     0.000 r  clk_sys_p (IN)
                         net (fo=0)                   0.000     0.000    clk_differ_to_single/I
    HPIOBDIFFINBUF_X0Y35 DIFFINBUF (Prop_DIFFINBUF_HPIOBDIFFINBUF_DIFF_IN_P_O)
                                                      0.469     0.469 r  clk_differ_to_single/DIFFINBUF_INST/O
                         net (fo=1, routed)           0.050     0.519    clk_differ_to_single/OUT
    V24                  IBUFCTRL (Prop_IBUFCTRL_HPIOB_M_I_O)
                                                      0.000     0.519 r  clk_differ_to_single/IBUFCTRL_INST/O
                         net (fo=1, routed)           0.348     0.867    clk_sys
    BUFGCE_X0Y32         BUFGCE (Prop_BUFCE_BUFGCE_I_O)
                                                      0.028     0.895 r  clk_sys_BUFG_inst/O
    X0Y1 (CLOCK_ROOT)    net (fo=403, routed)         1.252     2.147    button_0_inst/counter_inst/clk_sys_BUFG
    SLICE_X19Y64         FDRE                                         r  button_0_inst/counter_inst/count_max_dynamic_reg[43]/C
                         clock pessimism             -0.216     1.930    
    SLICE_X19Y64         FDRE (Hold_DFF_SLICEL_C_D)
                                                      0.060     1.990    button_0_inst/counter_inst/count_max_dynamic_reg[43]
  -------------------------------------------------------------------
                         required time                         -1.990    
                         arrival time                           2.018    
  -------------------------------------------------------------------
                         slack                                  0.028    

Slack (MET) :             0.031ns  (arrival time - required time)
  Source:                 button_0_inst/counter_inst/count_middleware_reg[4][17]/C
                            (rising edge-triggered cell FDRE clocked by clock_system  {rise@0.000ns fall@5.000ns period=10.000ns})
  Destination:            button_0_inst/counter_inst/count_max_dynamic_reg[18]/D
                            (rising edge-triggered cell FDRE clocked by clock_system  {rise@0.000ns fall@5.000ns period=10.000ns})
  Path Group:             clock_system
  Path Type:              Hold (Min at Slow Process Corner)
  Requirement:            0.000ns  (clock_system rise@0.000ns - clock_system rise@0.000ns)
  Data Path Delay:        0.188ns  (logic 0.105ns (55.851%)  route 0.083ns (44.149%))
  Logic Levels:           1  (CARRY8=1)
  Clock Path Skew:        0.097ns (DCD - SCD - CPR)
    Destination Clock Delay (DCD):    2.147ns
    Source Clock Delay      (SCD):    1.833ns
    Clock Pessimism Removal (CPR):    0.216ns
  Clock Net Delay (Source):      1.087ns (routing 0.155ns, distribution 0.932ns)
  Clock Net Delay (Destination): 1.252ns (routing 0.171ns, distribution 1.081ns)

    Location             Delay type                Incr(ns)  Path(ns)    Netlist Resource(s)
  -------------------------------------------------------------------    -------------------
                         (clock clock_system rise edge)
                                                      0.000     0.000 r  
    V24                                               0.000     0.000 r  clk_sys_p (IN)
                         net (fo=0)                   0.000     0.000    clk_differ_to_single/I
    HPIOBDIFFINBUF_X0Y35 DIFFINBUF (Prop_DIFFINBUF_HPIOBDIFFINBUF_DIFF_IN_P_O)
                                                      0.373     0.373 r  clk_differ_to_single/DIFFINBUF_INST/O
                         net (fo=1, routed)           0.040     0.413    clk_differ_to_single/OUT
    V24                  IBUFCTRL (Prop_IBUFCTRL_HPIOB_M_I_O)
                                                      0.000     0.413 r  clk_differ_to_single/IBUFCTRL_INST/O
                         net (fo=1, routed)           0.309     0.722    clk_sys
    BUFGCE_X0Y32         BUFGCE (Prop_BUFCE_BUFGCE_I_O)
                                                      0.024     0.746 r  clk_sys_BUFG_inst/O
    X0Y1 (CLOCK_ROOT)    net (fo=403, routed)         1.087     1.833    button_0_inst/counter_inst/clk_sys_BUFG
    SLICE_X20Y61         FDRE                                         r  button_0_inst/counter_inst/count_middleware_reg[4][17]/C
  -------------------------------------------------------------------    -------------------
    SLICE_X20Y61         FDRE (Prop_BFF_SLICEM_C_Q)
                                                      0.058     1.891 r  button_0_inst/counter_inst/count_middleware_reg[4][17]/Q
                         net (fo=2, routed)           0.073     1.964    button_0_inst/counter_inst/count_middleware_reg[4][17]
    SLICE_X19Y61         CARRY8 (Prop_CARRY8_SLICEL_DI[1]_O[2])
                                                      0.047     2.011 r  button_0_inst/counter_inst/count_max_dynamic_reg[23]_i_1/O[2]
                         net (fo=1, routed)           0.010     2.021    button_0_inst/counter_inst/count_max_dynamic_reg[23]_i_1_n_13
    SLICE_X19Y61         FDRE                                         r  button_0_inst/counter_inst/count_max_dynamic_reg[18]/D
  -------------------------------------------------------------------    -------------------

                         (clock clock_system rise edge)
                                                      0.000     0.000 r  
    V24                                               0.000     0.000 r  clk_sys_p (IN)
                         net (fo=0)                   0.000     0.000    clk_differ_to_single/I
    HPIOBDIFFINBUF_X0Y35 DIFFINBUF (Prop_DIFFINBUF_HPIOBDIFFINBUF_DIFF_IN_P_O)
                                                      0.469     0.469 r  clk_differ_to_single/DIFFINBUF_INST/O
                         net (fo=1, routed)           0.050     0.519    clk_differ_to_single/OUT
    V24                  IBUFCTRL (Prop_IBUFCTRL_HPIOB_M_I_O)
                                                      0.000     0.519 r  clk_differ_to_single/IBUFCTRL_INST/O
                         net (fo=1, routed)           0.348     0.867    clk_sys
    BUFGCE_X0Y32         BUFGCE (Prop_BUFCE_BUFGCE_I_O)
                                                      0.028     0.895 r  clk_sys_BUFG_inst/O
    X0Y1 (CLOCK_ROOT)    net (fo=403, routed)         1.252     2.147    button_0_inst/counter_inst/clk_sys_BUFG
    SLICE_X19Y61         FDRE                                         r  button_0_inst/counter_inst/count_max_dynamic_reg[18]/C
                         clock pessimism             -0.216     1.930    
    SLICE_X19Y61         FDRE (Hold_CFF_SLICEL_C_D)
                                                      0.060     1.990    button_0_inst/counter_inst/count_max_dynamic_reg[18]
  -------------------------------------------------------------------
                         required time                         -1.990    
                         arrival time                           2.021    
  -------------------------------------------------------------------
                         slack                                  0.031    

Slack (MET) :             0.031ns  (arrival time - required time)
  Source:                 button_0_inst/counter_inst/count_middleware_reg[4][33]/C
                            (rising edge-triggered cell FDRE clocked by clock_system  {rise@0.000ns fall@5.000ns period=10.000ns})
  Destination:            button_0_inst/counter_inst/count_max_dynamic_reg[34]/D
                            (rising edge-triggered cell FDRE clocked by clock_system  {rise@0.000ns fall@5.000ns period=10.000ns})
  Path Group:             clock_system
  Path Type:              Hold (Min at Slow Process Corner)
  Requirement:            0.000ns  (clock_system rise@0.000ns - clock_system rise@0.000ns)
  Data Path Delay:        0.188ns  (logic 0.105ns (55.851%)  route 0.083ns (44.149%))
  Logic Levels:           1  (CARRY8=1)
  Clock Path Skew:        0.097ns (DCD - SCD - CPR)
    Destination Clock Delay (DCD):    2.147ns
    Source Clock Delay      (SCD):    1.833ns
    Clock Pessimism Removal (CPR):    0.216ns
  Clock Net Delay (Source):      1.087ns (routing 0.155ns, distribution 0.932ns)
  Clock Net Delay (Destination): 1.252ns (routing 0.171ns, distribution 1.081ns)

    Location             Delay type                Incr(ns)  Path(ns)    Netlist Resource(s)
  -------------------------------------------------------------------    -------------------
                         (clock clock_system rise edge)
                                                      0.000     0.000 r  
    V24                                               0.000     0.000 r  clk_sys_p (IN)
                         net (fo=0)                   0.000     0.000    clk_differ_to_single/I
    HPIOBDIFFINBUF_X0Y35 DIFFINBUF (Prop_DIFFINBUF_HPIOBDIFFINBUF_DIFF_IN_P_O)
                                                      0.373     0.373 r  clk_differ_to_single/DIFFINBUF_INST/O
                         net (fo=1, routed)           0.040     0.413    clk_differ_to_single/OUT
    V24                  IBUFCTRL (Prop_IBUFCTRL_HPIOB_M_I_O)
                                                      0.000     0.413 r  clk_differ_to_single/IBUFCTRL_INST/O
                         net (fo=1, routed)           0.309     0.722    clk_sys
    BUFGCE_X0Y32         BUFGCE (Prop_BUFCE_BUFGCE_I_O)
                                                      0.024     0.746 r  clk_sys_BUFG_inst/O
    X0Y1 (CLOCK_ROOT)    net (fo=403, routed)         1.087     1.833    button_0_inst/counter_inst/clk_sys_BUFG
    SLICE_X20Y63         FDRE                                         r  button_0_inst/counter_inst/count_middleware_reg[4][33]/C
  -------------------------------------------------------------------    -------------------
    SLICE_X20Y63         FDRE (Prop_BFF_SLICEM_C_Q)
                                                      0.058     1.891 r  button_0_inst/counter_inst/count_middleware_reg[4][33]/Q
                         net (fo=2, routed)           0.073     1.964    button_0_inst/counter_inst/count_middleware_reg[4][33]
    SLICE_X19Y63         CARRY8 (Prop_CARRY8_SLICEL_DI[1]_O[2])
                                                      0.047     2.011 r  button_0_inst/counter_inst/count_max_dynamic_reg[39]_i_1/O[2]
                         net (fo=1, routed)           0.010     2.021    button_0_inst/counter_inst/count_max_dynamic_reg[39]_i_1_n_13
    SLICE_X19Y63         FDRE                                         r  button_0_inst/counter_inst/count_max_dynamic_reg[34]/D
  -------------------------------------------------------------------    -------------------

                         (clock clock_system rise edge)
                                                      0.000     0.000 r  
    V24                                               0.000     0.000 r  clk_sys_p (IN)
                         net (fo=0)                   0.000     0.000    clk_differ_to_single/I
    HPIOBDIFFINBUF_X0Y35 DIFFINBUF (Prop_DIFFINBUF_HPIOBDIFFINBUF_DIFF_IN_P_O)
                                                      0.469     0.469 r  clk_differ_to_single/DIFFINBUF_INST/O
                         net (fo=1, routed)           0.050     0.519    clk_differ_to_single/OUT
    V24                  IBUFCTRL (Prop_IBUFCTRL_HPIOB_M_I_O)
                                                      0.000     0.519 r  clk_differ_to_single/IBUFCTRL_INST/O
                         net (fo=1, routed)           0.348     0.867    clk_sys
    BUFGCE_X0Y32         BUFGCE (Prop_BUFCE_BUFGCE_I_O)
                                                      0.028     0.895 r  clk_sys_BUFG_inst/O
    X0Y1 (CLOCK_ROOT)    net (fo=403, routed)         1.252     2.147    button_0_inst/counter_inst/clk_sys_BUFG
    SLICE_X19Y63         FDRE                                         r  button_0_inst/counter_inst/count_max_dynamic_reg[34]/C
                         clock pessimism             -0.216     1.930    
    SLICE_X19Y63         FDRE (Hold_CFF_SLICEL_C_D)
                                                      0.060     1.990    button_0_inst/counter_inst/count_max_dynamic_reg[34]
  -------------------------------------------------------------------
                         required time                         -1.990    
                         arrival time                           2.021    
  -------------------------------------------------------------------
                         slack                                  0.031    

Slack (MET) :             0.032ns  (arrival time - required time)
  Source:                 button_0_inst/counter_inst/count_middleware_reg[1][23]/C
                            (rising edge-triggered cell FDRE clocked by clock_system  {rise@0.000ns fall@5.000ns period=10.000ns})
  Destination:            button_0_inst/counter_inst/count_middleware_reg[4][23]/D
                            (rising edge-triggered cell FDRE clocked by clock_system  {rise@0.000ns fall@5.000ns period=10.000ns})
  Path Group:             clock_system
  Path Type:              Hold (Min at Slow Process Corner)
  Requirement:            0.000ns  (clock_system rise@0.000ns - clock_system rise@0.000ns)
  Data Path Delay:        0.243ns  (logic 0.110ns (45.267%)  route 0.133ns (54.732%))
  Logic Levels:           2  (CARRY8=1 LUT2=1)
  Clock Path Skew:        0.151ns (DCD - SCD - CPR)
    Destination Clock Delay (DCD):    2.148ns
    Source Clock Delay      (SCD):    1.832ns
    Clock Pessimism Removal (CPR):    0.165ns
  Clock Net Delay (Source):      1.086ns (routing 0.155ns, distribution 0.931ns)
  Clock Net Delay (Destination): 1.253ns (routing 0.171ns, distribution 1.082ns)

    Location             Delay type                Incr(ns)  Path(ns)    Netlist Resource(s)
  -------------------------------------------------------------------    -------------------
                         (clock clock_system rise edge)
                                                      0.000     0.000 r  
    V24                                               0.000     0.000 r  clk_sys_p (IN)
                         net (fo=0)                   0.000     0.000    clk_differ_to_single/I
    HPIOBDIFFINBUF_X0Y35 DIFFINBUF (Prop_DIFFINBUF_HPIOBDIFFINBUF_DIFF_IN_P_O)
                                                      0.373     0.373 r  clk_differ_to_single/DIFFINBUF_INST/O
                         net (fo=1, routed)           0.040     0.413    clk_differ_to_single/OUT
    V24                  IBUFCTRL (Prop_IBUFCTRL_HPIOB_M_I_O)
                                                      0.000     0.413 r  clk_differ_to_single/IBUFCTRL_INST/O
                         net (fo=1, routed)           0.309     0.722    clk_sys
    BUFGCE_X0Y32         BUFGCE (Prop_BUFCE_BUFGCE_I_O)
                                                      0.024     0.746 r  clk_sys_BUFG_inst/O
    X0Y1 (CLOCK_ROOT)    net (fo=403, routed)         1.086     1.832    button_0_inst/counter_inst/clk_sys_BUFG
    SLICE_X20Y57         FDRE                                         r  button_0_inst/counter_inst/count_middleware_reg[1][23]/C
  -------------------------------------------------------------------    -------------------
    SLICE_X20Y57         FDRE (Prop_BFF_SLICEM_C_Q)
                                                      0.058     1.890 r  button_0_inst/counter_inst/count_middleware_reg[1][23]/Q
                         net (fo=1, routed)           0.108     1.998    button_0_inst/counter_inst/count_middleware_reg[1]__0[23]
    SLICE_X20Y61         LUT2 (Prop_H6LUT_SLICEM_I1_O)
                                                      0.023     2.021 r  button_0_inst/counter_inst/count_middleware[4][23]_i_2/O
                         net (fo=1, routed)           0.015     2.036    button_0_inst/counter_inst/count_middleware[4][23]_i_2_n_0
    SLICE_X20Y61         CARRY8 (Prop_CARRY8_SLICEM_S[7]_O[7])
                                                      0.029     2.065 r  button_0_inst/counter_inst/count_middleware_reg[4][23]_i_1/O[7]
                         net (fo=1, routed)           0.010     2.075    button_0_inst/counter_inst/p_0_out[23]
    SLICE_X20Y61         FDRE                                         r  button_0_inst/counter_inst/count_middleware_reg[4][23]/D
  -------------------------------------------------------------------    -------------------

                         (clock clock_system rise edge)
                                                      0.000     0.000 r  
    V24                                               0.000     0.000 r  clk_sys_p (IN)
                         net (fo=0)                   0.000     0.000    clk_differ_to_single/I
    HPIOBDIFFINBUF_X0Y35 DIFFINBUF (Prop_DIFFINBUF_HPIOBDIFFINBUF_DIFF_IN_P_O)
                                                      0.469     0.469 r  clk_differ_to_single/DIFFINBUF_INST/O
                         net (fo=1, routed)           0.050     0.519    clk_differ_to_single/OUT
    V24                  IBUFCTRL (Prop_IBUFCTRL_HPIOB_M_I_O)
                                                      0.000     0.519 r  clk_differ_to_single/IBUFCTRL_INST/O
                         net (fo=1, routed)           0.348     0.867    clk_sys
    BUFGCE_X0Y32         BUFGCE (Prop_BUFCE_BUFGCE_I_O)
                                                      0.028     0.895 r  clk_sys_BUFG_inst/O
    X0Y1 (CLOCK_ROOT)    net (fo=403, routed)         1.253     2.148    button_0_inst/counter_inst/clk_sys_BUFG
    SLICE_X20Y61         FDRE                                         r  button_0_inst/counter_inst/count_middleware_reg[4][23]/C
                         clock pessimism             -0.165     1.983    
    SLICE_X20Y61         FDRE (Hold_HFF_SLICEM_C_D)
                                                      0.060     2.043    button_0_inst/counter_inst/count_middleware_reg[4][23]
  -------------------------------------------------------------------
                         required time                         -2.043    
                         arrival time                           2.075    
  -------------------------------------------------------------------
                         slack                                  0.032    

Slack (MET) :             0.036ns  (arrival time - required time)
  Source:                 button_0_inst/counter_inst/count_max_dynamic_reg[47]/C
                            (rising edge-triggered cell FDRE clocked by clock_system  {rise@0.000ns fall@5.000ns period=10.000ns})
  Destination:            button_0_inst/counter_inst/count_max_static_reg[47]/D
                            (rising edge-triggered cell FDRE clocked by clock_system  {rise@0.000ns fall@5.000ns period=10.000ns})
  Path Group:             clock_system
  Path Type:              Hold (Min at Slow Process Corner)
  Requirement:            0.000ns  (clock_system rise@0.000ns - clock_system rise@0.000ns)
  Data Path Delay:        0.135ns  (logic 0.058ns (42.963%)  route 0.077ns (57.037%))
  Logic Levels:           0  
  Clock Path Skew:        0.039ns (DCD - SCD - CPR)
    Destination Clock Delay (DCD):    2.152ns
    Source Clock Delay      (SCD):    1.830ns
    Clock Pessimism Removal (CPR):    0.283ns
  Clock Net Delay (Source):      1.084ns (routing 0.155ns, distribution 0.929ns)
  Clock Net Delay (Destination): 1.257ns (routing 0.171ns, distribution 1.086ns)

    Location             Delay type                Incr(ns)  Path(ns)    Netlist Resource(s)
  -------------------------------------------------------------------    -------------------
                         (clock clock_system rise edge)
                                                      0.000     0.000 r  
    V24                                               0.000     0.000 r  clk_sys_p (IN)
                         net (fo=0)                   0.000     0.000    clk_differ_to_single/I
    HPIOBDIFFINBUF_X0Y35 DIFFINBUF (Prop_DIFFINBUF_HPIOBDIFFINBUF_DIFF_IN_P_O)
                                                      0.373     0.373 r  clk_differ_to_single/DIFFINBUF_INST/O
                         net (fo=1, routed)           0.040     0.413    clk_differ_to_single/OUT
    V24                  IBUFCTRL (Prop_IBUFCTRL_HPIOB_M_I_O)
                                                      0.000     0.413 r  clk_differ_to_single/IBUFCTRL_INST/O
                         net (fo=1, routed)           0.309     0.722    clk_sys
    BUFGCE_X0Y32         BUFGCE (Prop_BUFCE_BUFGCE_I_O)
                                                      0.024     0.746 r  clk_sys_BUFG_inst/O
    X0Y1 (CLOCK_ROOT)    net (fo=403, routed)         1.084     1.830    button_0_inst/counter_inst/clk_sys_BUFG
    SLICE_X19Y64         FDRE                                         r  button_0_inst/counter_inst/count_max_dynamic_reg[47]/C
  -------------------------------------------------------------------    -------------------
    SLICE_X19Y64         FDRE (Prop_HFF_SLICEL_C_Q)
                                                      0.058     1.888 r  button_0_inst/counter_inst/count_max_dynamic_reg[47]/Q
                         net (fo=1, routed)           0.077     1.965    button_0_inst/counter_inst/count_max_dynamic[47]
    SLICE_X18Y64         FDRE                                         r  button_0_inst/counter_inst/count_max_static_reg[47]/D
  -------------------------------------------------------------------    -------------------

                         (clock clock_system rise edge)
                                                      0.000     0.000 r  
    V24                                               0.000     0.000 r  clk_sys_p (IN)
                         net (fo=0)                   0.000     0.000    clk_differ_to_single/I
    HPIOBDIFFINBUF_X0Y35 DIFFINBUF (Prop_DIFFINBUF_HPIOBDIFFINBUF_DIFF_IN_P_O)
                                                      0.469     0.469 r  clk_differ_to_single/DIFFINBUF_INST/O
                         net (fo=1, routed)           0.050     0.519    clk_differ_to_single/OUT
    V24                  IBUFCTRL (Prop_IBUFCTRL_HPIOB_M_I_O)
                                                      0.000     0.519 r  clk_differ_to_single/IBUFCTRL_INST/O
                         net (fo=1, routed)           0.348     0.867    clk_sys
    BUFGCE_X0Y32         BUFGCE (Prop_BUFCE_BUFGCE_I_O)
                                                      0.028     0.895 r  clk_sys_BUFG_inst/O
    X0Y1 (CLOCK_ROOT)    net (fo=403, routed)         1.257     2.152    button_0_inst/counter_inst/clk_sys_BUFG
    SLICE_X18Y64         FDRE                                         r  button_0_inst/counter_inst/count_max_static_reg[47]/C
                         clock pessimism             -0.283     1.869    
    SLICE_X18Y64         FDRE (Hold_HFF_SLICEL_C_D)
                                                      0.060     1.929    button_0_inst/counter_inst/count_max_static_reg[47]
  -------------------------------------------------------------------
                         required time                         -1.929    
                         arrival time                           1.965    
  -------------------------------------------------------------------
                         slack                                  0.036    

Slack (MET) :             0.037ns  (arrival time - required time)
  Source:                 button_0_inst/counter_inst/count_middleware_reg[4][9]/C
                            (rising edge-triggered cell FDRE clocked by clock_system  {rise@0.000ns fall@5.000ns period=10.000ns})
  Destination:            button_0_inst/counter_inst/count_max_dynamic_reg[10]/D
                            (rising edge-triggered cell FDRE clocked by clock_system  {rise@0.000ns fall@5.000ns period=10.000ns})
  Path Group:             clock_system
  Path Type:              Hold (Min at Slow Process Corner)
  Requirement:            0.000ns  (clock_system rise@0.000ns - clock_system rise@0.000ns)
  Data Path Delay:        0.188ns  (logic 0.105ns (55.851%)  route 0.083ns (44.149%))
  Logic Levels:           1  (CARRY8=1)
  Clock Path Skew:        0.091ns (DCD - SCD - CPR)
    Destination Clock Delay (DCD):    2.136ns
    Source Clock Delay      (SCD):    1.828ns
    Clock Pessimism Removal (CPR):    0.216ns
  Clock Net Delay (Source):      1.082ns (routing 0.155ns, distribution 0.927ns)
  Clock Net Delay (Destination): 1.241ns (routing 0.171ns, distribution 1.070ns)

    Location             Delay type                Incr(ns)  Path(ns)    Netlist Resource(s)
  -------------------------------------------------------------------    -------------------
                         (clock clock_system rise edge)
                                                      0.000     0.000 r  
    V24                                               0.000     0.000 r  clk_sys_p (IN)
                         net (fo=0)                   0.000     0.000    clk_differ_to_single/I
    HPIOBDIFFINBUF_X0Y35 DIFFINBUF (Prop_DIFFINBUF_HPIOBDIFFINBUF_DIFF_IN_P_O)
                                                      0.373     0.373 r  clk_differ_to_single/DIFFINBUF_INST/O
                         net (fo=1, routed)           0.040     0.413    clk_differ_to_single/OUT
    V24                  IBUFCTRL (Prop_IBUFCTRL_HPIOB_M_I_O)
                                                      0.000     0.413 r  clk_differ_to_single/IBUFCTRL_INST/O
                         net (fo=1, routed)           0.309     0.722    clk_sys
    BUFGCE_X0Y32         BUFGCE (Prop_BUFCE_BUFGCE_I_O)
                                                      0.024     0.746 r  clk_sys_BUFG_inst/O
    X0Y1 (CLOCK_ROOT)    net (fo=403, routed)         1.082     1.828    button_0_inst/counter_inst/clk_sys_BUFG
    SLICE_X20Y60         FDRE                                         r  button_0_inst/counter_inst/count_middleware_reg[4][9]/C
  -------------------------------------------------------------------    -------------------
    SLICE_X20Y60         FDRE (Prop_BFF_SLICEM_C_Q)
                                                      0.058     1.886 r  button_0_inst/counter_inst/count_middleware_reg[4][9]/Q
                         net (fo=2, routed)           0.073     1.959    button_0_inst/counter_inst/count_middleware_reg[4][9]
    SLICE_X19Y60         CARRY8 (Prop_CARRY8_SLICEL_DI[1]_O[2])
                                                      0.047     2.006 r  button_0_inst/counter_inst/count_max_dynamic_reg[15]_i_1/O[2]
                         net (fo=1, routed)           0.010     2.016    button_0_inst/counter_inst/count_max_dynamic_reg[15]_i_1_n_13
    SLICE_X19Y60         FDRE                                         r  button_0_inst/counter_inst/count_max_dynamic_reg[10]/D
  -------------------------------------------------------------------    -------------------

                         (clock clock_system rise edge)
                                                      0.000     0.000 r  
    V24                                               0.000     0.000 r  clk_sys_p (IN)
                         net (fo=0)                   0.000     0.000    clk_differ_to_single/I
    HPIOBDIFFINBUF_X0Y35 DIFFINBUF (Prop_DIFFINBUF_HPIOBDIFFINBUF_DIFF_IN_P_O)
                                                      0.469     0.469 r  clk_differ_to_single/DIFFINBUF_INST/O
                         net (fo=1, routed)           0.050     0.519    clk_differ_to_single/OUT
    V24                  IBUFCTRL (Prop_IBUFCTRL_HPIOB_M_I_O)
                                                      0.000     0.519 r  clk_differ_to_single/IBUFCTRL_INST/O
                         net (fo=1, routed)           0.348     0.867    clk_sys
    BUFGCE_X0Y32         BUFGCE (Prop_BUFCE_BUFGCE_I_O)
                                                      0.028     0.895 r  clk_sys_BUFG_inst/O
    X0Y1 (CLOCK_ROOT)    net (fo=403, routed)         1.241     2.136    button_0_inst/counter_inst/clk_sys_BUFG
    SLICE_X19Y60         FDRE                                         r  button_0_inst/counter_inst/count_max_dynamic_reg[10]/C
                         clock pessimism             -0.216     1.919    
    SLICE_X19Y60         FDRE (Hold_CFF_SLICEL_C_D)
                                                      0.060     1.979    button_0_inst/counter_inst/count_max_dynamic_reg[10]
  -------------------------------------------------------------------
                         required time                         -1.979    
                         arrival time                           2.016    
  -------------------------------------------------------------------
                         slack                                  0.037    

Slack (MET) :             0.037ns  (arrival time - required time)
  Source:                 button_0_inst/counter_inst/count_middleware_reg[4][25]/C
                            (rising edge-triggered cell FDRE clocked by clock_system  {rise@0.000ns fall@5.000ns period=10.000ns})
  Destination:            button_0_inst/counter_inst/count_max_dynamic_reg[26]/D
                            (rising edge-triggered cell FDRE clocked by clock_system  {rise@0.000ns fall@5.000ns period=10.000ns})
  Path Group:             clock_system
  Path Type:              Hold (Min at Slow Process Corner)
  Requirement:            0.000ns  (clock_system rise@0.000ns - clock_system rise@0.000ns)
  Data Path Delay:        0.188ns  (logic 0.105ns (55.851%)  route 0.083ns (44.149%))
  Logic Levels:           1  (CARRY8=1)
  Clock Path Skew:        0.091ns (DCD - SCD - CPR)
    Destination Clock Delay (DCD):    2.136ns
    Source Clock Delay      (SCD):    1.828ns
    Clock Pessimism Removal (CPR):    0.216ns
  Clock Net Delay (Source):      1.082ns (routing 0.155ns, distribution 0.927ns)
  Clock Net Delay (Destination): 1.241ns (routing 0.171ns, distribution 1.070ns)

    Location             Delay type                Incr(ns)  Path(ns)    Netlist Resource(s)
  -------------------------------------------------------------------    -------------------
                         (clock clock_system rise edge)
                                                      0.000     0.000 r  
    V24                                               0.000     0.000 r  clk_sys_p (IN)
                         net (fo=0)                   0.000     0.000    clk_differ_to_single/I
    HPIOBDIFFINBUF_X0Y35 DIFFINBUF (Prop_DIFFINBUF_HPIOBDIFFINBUF_DIFF_IN_P_O)
                                                      0.373     0.373 r  clk_differ_to_single/DIFFINBUF_INST/O
                         net (fo=1, routed)           0.040     0.413    clk_differ_to_single/OUT
    V24                  IBUFCTRL (Prop_IBUFCTRL_HPIOB_M_I_O)
                                                      0.000     0.413 r  clk_differ_to_single/IBUFCTRL_INST/O
                         net (fo=1, routed)           0.309     0.722    clk_sys
    BUFGCE_X0Y32         BUFGCE (Prop_BUFCE_BUFGCE_I_O)
                                                      0.024     0.746 r  clk_sys_BUFG_inst/O
    X0Y1 (CLOCK_ROOT)    net (fo=403, routed)         1.082     1.828    button_0_inst/counter_inst/clk_sys_BUFG
    SLICE_X20Y62         FDRE                                         r  button_0_inst/counter_inst/count_middleware_reg[4][25]/C
  -------------------------------------------------------------------    -------------------
    SLICE_X20Y62         FDRE (Prop_BFF_SLICEM_C_Q)
                                                      0.058     1.886 r  button_0_inst/counter_inst/count_middleware_reg[4][25]/Q
                         net (fo=2, routed)           0.073     1.959    button_0_inst/counter_inst/count_middleware_reg[4][25]
    SLICE_X19Y62         CARRY8 (Prop_CARRY8_SLICEL_DI[1]_O[2])
                                                      0.047     2.006 r  button_0_inst/counter_inst/count_max_dynamic_reg[31]_i_1/O[2]
                         net (fo=1, routed)           0.010     2.016    button_0_inst/counter_inst/count_max_dynamic_reg[31]_i_1_n_13
    SLICE_X19Y62         FDRE                                         r  button_0_inst/counter_inst/count_max_dynamic_reg[26]/D
  -------------------------------------------------------------------    -------------------

                         (clock clock_system rise edge)
                                                      0.000     0.000 r  
    V24                                               0.000     0.000 r  clk_sys_p (IN)
                         net (fo=0)                   0.000     0.000    clk_differ_to_single/I
    HPIOBDIFFINBUF_X0Y35 DIFFINBUF (Prop_DIFFINBUF_HPIOBDIFFINBUF_DIFF_IN_P_O)
                                                      0.469     0.469 r  clk_differ_to_single/DIFFINBUF_INST/O
                         net (fo=1, routed)           0.050     0.519    clk_differ_to_single/OUT
    V24                  IBUFCTRL (Prop_IBUFCTRL_HPIOB_M_I_O)
                                                      0.000     0.519 r  clk_differ_to_single/IBUFCTRL_INST/O
                         net (fo=1, routed)           0.348     0.867    clk_sys
    BUFGCE_X0Y32         BUFGCE (Prop_BUFCE_BUFGCE_I_O)
                                                      0.028     0.895 r  clk_sys_BUFG_inst/O
    X0Y1 (CLOCK_ROOT)    net (fo=403, routed)         1.241     2.136    button_0_inst/counter_inst/clk_sys_BUFG
    SLICE_X19Y62         FDRE                                         r  button_0_inst/counter_inst/count_max_dynamic_reg[26]/C
                         clock pessimism             -0.216     1.919    
    SLICE_X19Y62         FDRE (Hold_CFF_SLICEL_C_D)
                                                      0.060     1.979    button_0_inst/counter_inst/count_max_dynamic_reg[26]
  -------------------------------------------------------------------
                         required time                         -1.979    
                         arrival time                           2.016    
  -------------------------------------------------------------------
                         slack                                  0.037    

Slack (MET) :             0.037ns  (arrival time - required time)
  Source:                 button_0_inst/FSM_sequential_reg_state_reg[0]/C
                            (rising edge-triggered cell FDCE clocked by clock_system  {rise@0.000ns fall@5.000ns period=10.000ns})
  Destination:            button_0_inst/FSM_sequential_reg_state_reg[1]/D
                            (rising edge-triggered cell FDCE clocked by clock_system  {rise@0.000ns fall@5.000ns period=10.000ns})
  Path Group:             clock_system
  Path Type:              Hold (Min at Fast Process Corner)
  Requirement:            0.000ns  (clock_system rise@0.000ns - clock_system rise@0.000ns)
  Data Path Delay:        0.090ns  (logic 0.059ns (65.556%)  route 0.031ns (34.444%))
  Logic Levels:           1  (LUT3=1)
  Clock Path Skew:        0.006ns (DCD - SCD - CPR)
    Destination Clock Delay (DCD):    1.376ns
    Source Clock Delay      (SCD):    1.132ns
    Clock Pessimism Removal (CPR):    0.238ns
  Clock Net Delay (Source):      0.691ns (routing 0.096ns, distribution 0.595ns)
  Clock Net Delay (Destination): 0.790ns (routing 0.108ns, distribution 0.682ns)

    Location             Delay type                Incr(ns)  Path(ns)    Netlist Resource(s)
  -------------------------------------------------------------------    -------------------
                         (clock clock_system rise edge)
                                                      0.000     0.000 r  
    V24                                               0.000     0.000 r  clk_sys_p (IN)
                         net (fo=0)                   0.000     0.000    clk_differ_to_single/I
    HPIOBDIFFINBUF_X0Y35 DIFFINBUF (Prop_DIFFINBUF_HPIOBDIFFINBUF_DIFF_IN_P_O)
                                                      0.228     0.228 r  clk_differ_to_single/DIFFINBUF_INST/O
                         net (fo=1, routed)           0.040     0.268    clk_differ_to_single/OUT
    V24                  IBUFCTRL (Prop_IBUFCTRL_HPIOB_M_I_O)
                                                      0.000     0.268 r  clk_differ_to_single/IBUFCTRL_INST/O
                         net (fo=1, routed)           0.156     0.424    clk_sys
    BUFGCE_X0Y32         BUFGCE (Prop_BUFCE_BUFGCE_I_O)
                                                      0.017     0.441 r  clk_sys_BUFG_inst/O
    X0Y1 (CLOCK_ROOT)    net (fo=403, routed)         0.691     1.132    button_0_inst/clk_sys_BUFG
    SLICE_X17Y59         FDCE                                         r  button_0_inst/FSM_sequential_reg_state_reg[0]/C
  -------------------------------------------------------------------    -------------------
    SLICE_X17Y59         FDCE (Prop_HFF_SLICEL_C_Q)
                                                      0.039     1.171 r  button_0_inst/FSM_sequential_reg_state_reg[0]/Q
                         net (fo=4, routed)           0.025     1.196    button_0_inst/reg_state[0]
    SLICE_X17Y59         LUT3 (Prop_H5LUT_SLICEL_I1_O)
                                                      0.020     1.216 r  button_0_inst/FSM_sequential_reg_state[1]_i_1/O
                         net (fo=1, routed)           0.006     1.222    button_0_inst/reg_next[1]
    SLICE_X17Y59         FDCE                                         r  button_0_inst/FSM_sequential_reg_state_reg[1]/D
  -------------------------------------------------------------------    -------------------

                         (clock clock_system rise edge)
                                                      0.000     0.000 r  
    V24                                               0.000     0.000 r  clk_sys_p (IN)
                         net (fo=0)                   0.000     0.000    clk_differ_to_single/I
    HPIOBDIFFINBUF_X0Y35 DIFFINBUF (Prop_DIFFINBUF_HPIOBDIFFINBUF_DIFF_IN_P_O)
                                                      0.326     0.326 r  clk_differ_to_single/DIFFINBUF_INST/O
                         net (fo=1, routed)           0.050     0.376    clk_differ_to_single/OUT
    V24                  IBUFCTRL (Prop_IBUFCTRL_HPIOB_M_I_O)
                                                      0.000     0.376 r  clk_differ_to_single/IBUFCTRL_INST/O
                         net (fo=1, routed)           0.191     0.567    clk_sys
    BUFGCE_X0Y32         BUFGCE (Prop_BUFCE_BUFGCE_I_O)
                                                      0.019     0.586 r  clk_sys_BUFG_inst/O
    X0Y1 (CLOCK_ROOT)    net (fo=403, routed)         0.790     1.376    button_0_inst/clk_sys_BUFG
    SLICE_X17Y59         FDCE                                         r  button_0_inst/FSM_sequential_reg_state_reg[1]/C
                         clock pessimism             -0.238     1.138    
    SLICE_X17Y59         FDCE (Hold_HFF2_SLICEL_C_D)
                                                      0.047     1.185    button_0_inst/FSM_sequential_reg_state_reg[1]
  -------------------------------------------------------------------
                         required time                         -1.185    
                         arrival time                           1.222    
  -------------------------------------------------------------------
                         slack                                  0.037    





Pulse Width Checks
--------------------------------------------------------------------------------------
Clock Name:         clock_system
Waveform(ns):       { 0.000 5.000 }
Period(ns):         10.000
Sources:            { clk_sys_p }

Check Type        Corner  Lib Pin         Reference Pin  Required(ns)  Actual(ns)  Slack(ns)  Location       Pin
Min Period        n/a     BUFGCE/I        n/a            1.290         10.000      8.710      BUFGCE_X0Y32   clk_sys_BUFG_inst/I
Min Period        n/a     DSP_OUTPUT/CLK  n/a            0.650         10.000      9.350      DSP48E2_X3Y26  button_0_inst/counter_inst/count_middleware_reg[0]/DSP_OUTPUT_INST/CLK
Min Period        n/a     DSP_OUTPUT/CLK  n/a            0.650         10.000      9.350      DSP48E2_X3Y24  button_0_inst/counter_inst/count_middleware_reg[1]/DSP_OUTPUT_INST/CLK
Min Period        n/a     DSP_OUTPUT/CLK  n/a            0.650         10.000      9.350      DSP48E2_X2Y26  button_0_inst/counter_inst/count_middleware_reg[2]/DSP_OUTPUT_INST/CLK
Min Period        n/a     DSP_OUTPUT/CLK  n/a            0.650         10.000      9.350      DSP48E2_X2Y27  button_0_inst/counter_inst/count_middleware_reg[3]/DSP_OUTPUT_INST/CLK
Min Period        n/a     FDCE/C          n/a            0.550         10.000      9.450      SLICE_X17Y59   button_0_inst/FSM_sequential_reg_state_reg[0]/C
Min Period        n/a     FDCE/C          n/a            0.550         10.000      9.450      SLICE_X17Y59   button_0_inst/FSM_sequential_reg_state_reg[1]/C
Min Period        n/a     FDRE/C          n/a            0.550         10.000      9.450      SLICE_X15Y59   button_0_inst/counter_inst/count_middleware_reg[5][4]/C
Min Period        n/a     FDRE/C          n/a            0.550         10.000      9.450      SLICE_X15Y59   button_0_inst/counter_inst/count_middleware_reg[5][5]/C
Min Period        n/a     FDRE/C          n/a            0.550         10.000      9.450      SLICE_X15Y59   button_0_inst/counter_inst/count_middleware_reg[5][6]/C
Low Pulse Width   Fast    FDRE/C          n/a            0.275         5.000       4.725      SLICE_X15Y60   button_0_inst/counter_inst/count_middleware_reg[5][8]/C
Low Pulse Width   Fast    FDRE/C          n/a            0.275         5.000       4.725      SLICE_X15Y60   button_0_inst/counter_inst/count_middleware_reg[5][9]/C
Low Pulse Width   Fast    FDRE/C          n/a            0.275         5.000       4.725      SLICE_X20Y58   button_0_inst/counter_inst/count_middleware_reg[1][16]/C
Low Pulse Width   Fast    FDRE/C          n/a            0.275         5.000       4.725      SLICE_X20Y58   button_0_inst/counter_inst/count_middleware_reg[1][17]/C
Low Pulse Width   Fast    FDRE/C          n/a            0.275         5.000       4.725      SLICE_X20Y58   button_0_inst/counter_inst/count_middleware_reg[1][18]/C
Low Pulse Width   Slow    FDRE/C          n/a            0.275         5.000       4.725      SLICE_X14Y59   button_0_inst/counter_inst/count_middleware_reg[2][0]/C
Low Pulse Width   Fast    FDRE/C          n/a            0.275         5.000       4.725      SLICE_X14Y60   button_0_inst/counter_inst/count_middleware_reg[2][10]/C
Low Pulse Width   Fast    FDRE/C          n/a            0.275         5.000       4.725      SLICE_X14Y60   button_0_inst/counter_inst/count_middleware_reg[2][11]/C
Low Pulse Width   Fast    FDRE/C          n/a            0.275         5.000       4.725      SLICE_X14Y60   button_0_inst/counter_inst/count_middleware_reg[2][14]/C
Low Pulse Width   Fast    FDRE/C          n/a            0.275         5.000       4.725      SLICE_X14Y61   button_0_inst/counter_inst/count_middleware_reg[2][16]/C
High Pulse Width  Slow    FDRE/C          n/a            0.275         5.000       4.725      SLICE_X14Y60   button_0_inst/counter_inst/count_middleware_reg[2][10]/C
High Pulse Width  Slow    FDRE/C          n/a            0.275         5.000       4.725      SLICE_X14Y60   button_0_inst/counter_inst/count_middleware_reg[2][11]/C
High Pulse Width  Slow    FDRE/C          n/a            0.275         5.000       4.725      SLICE_X14Y60   button_0_inst/counter_inst/count_middleware_reg[2][14]/C
High Pulse Width  Slow    FDRE/C          n/a            0.275         5.000       4.725      SLICE_X14Y61   button_0_inst/counter_inst/count_middleware_reg[2][16]/C
High Pulse Width  Slow    FDRE/C          n/a            0.275         5.000       4.725      SLICE_X14Y61   button_0_inst/counter_inst/count_middleware_reg[2][17]/C
High Pulse Width  Slow    FDRE/C          n/a            0.275         5.000       4.725      SLICE_X14Y60   button_0_inst/counter_inst/count_middleware_reg[3][11]/C
High Pulse Width  Slow    FDRE/C          n/a            0.275         5.000       4.725      SLICE_X14Y60   button_0_inst/counter_inst/count_middleware_reg[3][13]/C
High Pulse Width  Slow    FDRE/C          n/a            0.275         5.000       4.725      SLICE_X14Y60   button_0_inst/counter_inst/count_middleware_reg[3][15]/C
High Pulse Width  Slow    FDRE/C          n/a            0.275         5.000       4.725      SLICE_X14Y61   button_0_inst/counter_inst/count_middleware_reg[3][16]/C
High Pulse Width  Slow    FDRE/C          n/a            0.275         5.000       4.725      SLICE_X19Y59   button_0_inst/counter_inst/count_max_dynamic_reg[0]/C



