Copyright 1986-2021 Xilinx, Inc. All Rights Reserved.
----------------------------------------------------------------------------------------------------------------------------------------------------------------------------------------------------
| Tool Version      : Vivado v.2020.2.2 (win64) Build 3118627 Tue Feb  9 05:14:06 MST 2021
| Date              : Thu Oct 30 19:55:57 2025
| Host              : DESKTOP-IMB8E6N running 64-bit major release  (build 9200)
| Command           : report_timing_summary -max_paths 10 -file xvii_top_timing_summary_routed.rpt -pb xvii_top_timing_summary_routed.pb -rpx xvii_top_timing_summary_routed.rpx -warn_on_violation
| Design            : xvii_top
| Device            : xczu19eg-ffvc1760
| Speed File        : -2  PRODUCTION 1.29 08-03-2020
| Temperature Grade : I
----------------------------------------------------------------------------------------------------------------------------------------------------------------------------------------------------

Timing Summary Report

------------------------------------------------------------------------------------------------
| Timer Settings
| --------------
------------------------------------------------------------------------------------------------

  Enable Multi Corner Analysis               :  Yes
  Enable Pessimism Removal                   :  Yes
  Pessimism Removal Resolution               :  Nearest Common Node
  Enable Input Delay Default Clock           :  No
  Enable Preset / Clear Arcs                 :  No
  Disable Flight Delays                      :  No
  Ignore I/O Paths                           :  No
  Timing Early Launch at Borrowing Latches   :  No
  Borrow Time for Max Delay Exceptions       :  Yes
  Merge Timing Exceptions                    :  Yes

  Corner  Analyze    Analyze    
  Name    Max Paths  Min Paths  
  ------  ---------  ---------  
  Slow    Yes        Yes        
  Fast    Yes        Yes        



check_timing report

Table of Contents
-----------------
1. checking no_clock (0)
2. checking constant_clock (0)
3. checking pulse_width_clock (0)
4. checking unconstrained_internal_endpoints (0)
5. checking no_input_delay (1)
6. checking no_output_delay (4)
7. checking multiple_clock (0)
8. checking generated_clocks (0)
9. checking loops (0)
10. checking partial_input_delay (0)
11. checking partial_output_delay (0)
12. checking latch_loops (0)

1. checking no_clock (0)
------------------------
 There are 0 register/latch pins with no clock.


2. checking constant_clock (0)
------------------------------
 There are 0 register/latch pins with constant_clock.


3. checking pulse_width_clock (0)
---------------------------------
 There are 0 register/latch pins which need pulse_width check


4. checking unconstrained_internal_endpoints (0)
------------------------------------------------
 There are 0 pins that are not constrained for maximum delay.

 There are 0 pins that are not constrained for maximum delay due to constant clock.


5. checking no_input_delay (1)
------------------------------
 There is 1 input port with no input delay specified. (HIGH)

 There are 0 input ports with no input delay but user has a false path constraint.


6. checking no_output_delay (4)
-------------------------------
 There are 4 ports with no output delay specified. (HIGH)

 There are 0 ports with no output delay but user has a false path constraint

 There are 0 ports with no output delay but with a timing clock defined on it or propagating through it


7. checking multiple_clock (0)
------------------------------
 There are 0 register/latch pins with multiple clocks.


8. checking generated_clocks (0)
--------------------------------
 There are 0 generated clocks that are not connected to a clock source.


9. checking loops (0)
---------------------
 There are 0 combinational loops in the design.


10. checking partial_input_delay (0)
------------------------------------
 There are 0 input ports with partial input delay specified.


11. checking partial_output_delay (0)
-------------------------------------
 There are 0 ports with partial output delay specified.


12. checking latch_loops (0)
----------------------------
 There are 0 combinational latch loops in the design through latch input



------------------------------------------------------------------------------------------------
| Design Timing Summary
| ---------------------
------------------------------------------------------------------------------------------------

    WNS(ns)      TNS(ns)  TNS Failing Endpoints  TNS Total Endpoints      WHS(ns)      THS(ns)  THS Failing Endpoints  THS Total Endpoints     WPWS(ns)     TPWS(ns)  TPWS Failing Endpoints  TPWS Total Endpoints  
    -------      -------  ---------------------  -------------------      -------      -------  ---------------------  -------------------     --------     --------  ----------------------  --------------------  
      2.787        0.000                      0                  495        0.029        0.000                      0                  495        2.225        0.000                       0                   360  


All user specified timing constraints are met.


------------------------------------------------------------------------------------------------
| Clock Summary
| -------------
------------------------------------------------------------------------------------------------

Clock    Waveform(ns)         Period(ns)      Frequency(MHz)
-----    ------------         ----------      --------------
sys_clk  {0.000 2.500}        5.000           200.000         


------------------------------------------------------------------------------------------------
| Intra Clock Table
| -----------------
------------------------------------------------------------------------------------------------

Clock             WNS(ns)      TNS(ns)  TNS Failing Endpoints  TNS Total Endpoints      WHS(ns)      THS(ns)  THS Failing Endpoints  THS Total Endpoints     WPWS(ns)     TPWS(ns)  TPWS Failing Endpoints  TPWS Total Endpoints  
-----             -------      -------  ---------------------  -------------------      -------      -------  ---------------------  -------------------     --------     --------  ----------------------  --------------------  
sys_clk             2.787        0.000                      0                  495        0.029        0.000                      0                  495        2.225        0.000                       0                   360  


------------------------------------------------------------------------------------------------
| Inter Clock Table
| -----------------
------------------------------------------------------------------------------------------------

From Clock    To Clock          WNS(ns)      TNS(ns)  TNS Failing Endpoints  TNS Total Endpoints      WHS(ns)      THS(ns)  THS Failing Endpoints  THS Total Endpoints  
----------    --------          -------      -------  ---------------------  -------------------      -------      -------  ---------------------  -------------------  


------------------------------------------------------------------------------------------------
| Other Path Groups Table
| -----------------------
------------------------------------------------------------------------------------------------

Path Group    From Clock    To Clock          WNS(ns)      TNS(ns)  TNS Failing Endpoints  TNS Total Endpoints      WHS(ns)      THS(ns)  THS Failing Endpoints  THS Total Endpoints  
----------    ----------    --------          -------      -------  ---------------------  -------------------      -------      -------  ---------------------  -------------------  


------------------------------------------------------------------------------------------------
| Timing Details
| --------------
------------------------------------------------------------------------------------------------


---------------------------------------------------------------------------------------------------
From Clock:  sys_clk
  To Clock:  sys_clk

Setup :            0  Failing Endpoints,  Worst Slack        2.787ns,  Total Violation        0.000ns
Hold  :            0  Failing Endpoints,  Worst Slack        0.029ns,  Total Violation        0.000ns
PW    :            0  Failing Endpoints,  Worst Slack        2.225ns,  Total Violation        0.000ns
---------------------------------------------------------------------------------------------------


Max Delay Paths
--------------------------------------------------------------------------------------
Slack (MET) :             2.787ns  (required time - arrival time)
  Source:                 one_ms_counter/count_max_static_reg[33]/C
                            (rising edge-triggered cell FDRE clocked by sys_clk  {rise@0.000ns fall@2.500ns period=5.000ns})
  Destination:            one_ms_counter/reg_event_counter_reg/D
                            (rising edge-triggered cell FDRE clocked by sys_clk  {rise@0.000ns fall@2.500ns period=5.000ns})
  Path Group:             sys_clk
  Path Type:              Setup (Max at Slow Process Corner)
  Requirement:            5.000ns  (sys_clk rise@5.000ns - sys_clk rise@0.000ns)
  Data Path Delay:        2.130ns  (logic 0.767ns (36.009%)  route 1.363ns (63.991%))
  Logic Levels:           6  (CARRY8=3 LUT1=1 LUT5=1 LUT6=1)
  Clock Path Skew:        -0.073ns (DCD - SCD + CPR)
    Destination Clock Delay (DCD):    2.604ns = ( 7.604 - 5.000 ) 
    Source Clock Delay      (SCD):    2.972ns
    Clock Pessimism Removal (CPR):    0.294ns
  Clock Uncertainty:      0.035ns  ((TSJ^2 + TIJ^2)^1/2 + DJ) / 2 + PE
    Total System Jitter     (TSJ):    0.071ns
    Total Input Jitter      (TIJ):    0.000ns
    Discrete Jitter          (DJ):    0.000ns
    Phase Error              (PE):    0.000ns
  Clock Net Delay (Source):      2.028ns (routing 1.165ns, distribution 0.863ns)
  Clock Net Delay (Destination): 1.810ns (routing 1.055ns, distribution 0.755ns)

    Location             Delay type                Incr(ns)  Path(ns)    Netlist Resource(s)
  -------------------------------------------------------------------    -------------------
                         (clock sys_clk rise edge)    0.000     0.000 r  
    H24                                               0.000     0.000 r  sys_clk_p (IN)
                         net (fo=0)                   0.000     0.000    IBUFDS_u0/I
    HPIOBDIFFINBUF_X0Y155
                         DIFFINBUF (Prop_DIFFINBUF_HPIOBDIFFINBUF_DIFF_IN_P_O)
                                                      0.530     0.530 r  IBUFDS_u0/DIFFINBUF_INST/O
                         net (fo=1, routed)           0.050     0.580    IBUFDS_u0/OUT
    H24                  IBUFCTRL (Prop_IBUFCTRL_HPIOB_M_I_O)
                                                      0.000     0.580 r  IBUFDS_u0/IBUFCTRL_INST/O
                         net (fo=1, routed)           0.336     0.916    wire_clk
    BUFGCE_X0Y148        BUFGCE (Prop_BUFCE_BUFGCE_I_O)
                                                      0.028     0.944 r  wire_clk_BUFG_inst/O
    X3Y9 (CLOCK_ROOT)    net (fo=403, routed)         2.028     2.972    one_ms_counter/wire_clk_BUFG
    SLICE_X95Y552        FDRE                                         r  one_ms_counter/count_max_static_reg[33]/C
  -------------------------------------------------------------------    -------------------
    SLICE_X95Y552        FDRE (Prop_EFF2_SLICEL_C_Q)
                                                      0.081     3.053 f  one_ms_counter/count_max_static_reg[33]/Q
                         net (fo=5, routed)           0.547     3.600    one_ms_counter/count_max_static[33]
    SLICE_X98Y553        LUT1 (Prop_A6LUT_SLICEM_I0_O)
                                                      0.053     3.653 r  one_ms_counter/i__carry__0_i_26/O
                         net (fo=1, routed)           0.013     3.666    one_ms_counter/i__carry__0_i_26_n_0
    SLICE_X98Y553        CARRY8 (Prop_CARRY8_SLICEM_S[0]_CO[7])
                                                      0.192     3.858 r  one_ms_counter/i__carry__0_i_10/CO[7]
                         net (fo=1, routed)           0.026     3.884    one_ms_counter/i__carry__0_i_10_n_0
    SLICE_X98Y554        CARRY8 (Prop_CARRY8_SLICEM_CI_O[6])
                                                      0.103     3.987 r  one_ms_counter/i__carry__0_i_9/O[6]
                         net (fo=1, routed)           0.553     4.540    one_ms_counter/reg_event_counter1[47]
    SLICE_X99Y553        LUT6 (Prop_H6LUT_SLICEL_I2_O)
                                                      0.150     4.690 r  one_ms_counter/i__carry__0_i_1/O
                         net (fo=1, routed)           0.010     4.700    one_ms_counter/i__carry__0_i_1_n_0
    SLICE_X99Y553        CARRY8 (Prop_CARRY8_SLICEL_S[7]_CO[7])
                                                      0.122     4.822 r  one_ms_counter/reg_event_counter0_inferred__0/i__carry__0/CO[7]
                         net (fo=1, routed)           0.199     5.021    one_ms_counter/reg_event_counter0_inferred__0/i__carry__0_n_0
    SLICE_X101Y551       LUT5 (Prop_D5LUT_SLICEL_I0_O)
                                                      0.066     5.087 r  one_ms_counter/reg_event_counter_i_1/O
                         net (fo=1, routed)           0.015     5.102    one_ms_counter/reg_event_counter_i_1_n_0
    SLICE_X101Y551       FDRE                                         r  one_ms_counter/reg_event_counter_reg/D
  -------------------------------------------------------------------    -------------------

                         (clock sys_clk rise edge)    5.000     5.000 r  
    H24                                               0.000     5.000 r  sys_clk_p (IN)
                         net (fo=0)                   0.000     5.000    IBUFDS_u0/I
    HPIOBDIFFINBUF_X0Y155
                         DIFFINBUF (Prop_DIFFINBUF_HPIOBDIFFINBUF_DIFF_IN_P_O)
                                                      0.433     5.433 r  IBUFDS_u0/DIFFINBUF_INST/O
                         net (fo=1, routed)           0.040     5.473    IBUFDS_u0/OUT
    H24                  IBUFCTRL (Prop_IBUFCTRL_HPIOB_M_I_O)
                                                      0.000     5.473 r  IBUFDS_u0/IBUFCTRL_INST/O
                         net (fo=1, routed)           0.297     5.770    wire_clk
    BUFGCE_X0Y148        BUFGCE (Prop_BUFCE_BUFGCE_I_O)
                                                      0.024     5.794 r  wire_clk_BUFG_inst/O
    X3Y9 (CLOCK_ROOT)    net (fo=403, routed)         1.810     7.604    one_ms_counter/wire_clk_BUFG
    SLICE_X101Y551       FDRE                                         r  one_ms_counter/reg_event_counter_reg/C
                         clock pessimism              0.294     7.899    
                         clock uncertainty           -0.035     7.863    
    SLICE_X101Y551       FDRE (Setup_DFF2_SLICEL_C_D)
                                                      0.025     7.888    one_ms_counter/reg_event_counter_reg
  -------------------------------------------------------------------
                         required time                          7.888    
                         arrival time                          -5.102    
  -------------------------------------------------------------------
                         slack                                  2.787    

Slack (MET) :             3.008ns  (required time - arrival time)
  Source:                 one_ms_counter/count_max_static_reg[33]/C
                            (rising edge-triggered cell FDRE clocked by sys_clk  {rise@0.000ns fall@2.500ns period=5.000ns})
  Destination:            one_ms_counter/reg_count_reg[32]/R
                            (rising edge-triggered cell FDRE clocked by sys_clk  {rise@0.000ns fall@2.500ns period=5.000ns})
  Path Group:             sys_clk
  Path Type:              Setup (Max at Slow Process Corner)
  Requirement:            5.000ns  (sys_clk rise@5.000ns - sys_clk rise@0.000ns)
  Data Path Delay:        1.801ns  (logic 0.550ns (30.539%)  route 1.251ns (69.461%))
  Logic Levels:           3  (CARRY8=1 LUT3=1 LUT4=1)
  Clock Path Skew:        -0.082ns (DCD - SCD + CPR)
    Destination Clock Delay (DCD):    2.595ns = ( 7.595 - 5.000 ) 
    Source Clock Delay      (SCD):    2.972ns
    Clock Pessimism Removal (CPR):    0.294ns
  Clock Uncertainty:      0.035ns  ((TSJ^2 + TIJ^2)^1/2 + DJ) / 2 + PE
    Total System Jitter     (TSJ):    0.071ns
    Total Input Jitter      (TIJ):    0.000ns
    Discrete Jitter          (DJ):    0.000ns
    Phase Error              (PE):    0.000ns
  Clock Net Delay (Source):      2.028ns (routing 1.165ns, distribution 0.863ns)
  Clock Net Delay (Destination): 1.801ns (routing 1.055ns, distribution 0.746ns)

    Location             Delay type                Incr(ns)  Path(ns)    Netlist Resource(s)
  -------------------------------------------------------------------    -------------------
                         (clock sys_clk rise edge)    0.000     0.000 r  
    H24                                               0.000     0.000 r  sys_clk_p (IN)
                         net (fo=0)                   0.000     0.000    IBUFDS_u0/I
    HPIOBDIFFINBUF_X0Y155
                         DIFFINBUF (Prop_DIFFINBUF_HPIOBDIFFINBUF_DIFF_IN_P_O)
                                                      0.530     0.530 r  IBUFDS_u0/DIFFINBUF_INST/O
                         net (fo=1, routed)           0.050     0.580    IBUFDS_u0/OUT
    H24                  IBUFCTRL (Prop_IBUFCTRL_HPIOB_M_I_O)
                                                      0.000     0.580 r  IBUFDS_u0/IBUFCTRL_INST/O
                         net (fo=1, routed)           0.336     0.916    wire_clk
    BUFGCE_X0Y148        BUFGCE (Prop_BUFCE_BUFGCE_I_O)
                                                      0.028     0.944 r  wire_clk_BUFG_inst/O
    X3Y9 (CLOCK_ROOT)    net (fo=403, routed)         2.028     2.972    one_ms_counter/wire_clk_BUFG
    SLICE_X95Y552        FDRE                                         r  one_ms_counter/count_max_static_reg[33]/C
  -------------------------------------------------------------------    -------------------
    SLICE_X95Y552        FDRE (Prop_EFF2_SLICEL_C_Q)
                                                      0.081     3.053 r  one_ms_counter/count_max_static_reg[33]/Q
                         net (fo=5, routed)           0.557     3.610    one_ms_counter/count_max_static[33]
    SLICE_X99Y551        LUT4 (Prop_A6LUT_SLICEL_I3_O)
                                                      0.124     3.734 r  one_ms_counter/reg_count0_carry__1_i_16/O
                         net (fo=1, routed)           0.009     3.743    one_ms_counter/reg_count0_carry__1_i_16_n_0
    SLICE_X99Y551        CARRY8 (Prop_CARRY8_SLICEL_S[0]_CO[7])
                                                      0.197     3.940 r  one_ms_counter/reg_count0_carry__1/CO[7]
                         net (fo=1, routed)           0.205     4.145    one_ms_counter/reg_count0_carry__1_n_0
    SLICE_X99Y548        LUT3 (Prop_F6LUT_SLICEL_I0_O)
                                                      0.148     4.293 r  one_ms_counter/reg_count[0]_i_1/O
                         net (fo=48, routed)          0.480     4.773    one_ms_counter/reg_count[0]_i_1_n_0
    SLICE_X100Y552       FDRE                                         r  one_ms_counter/reg_count_reg[32]/R
  -------------------------------------------------------------------    -------------------

                         (clock sys_clk rise edge)    5.000     5.000 r  
    H24                                               0.000     5.000 r  sys_clk_p (IN)
                         net (fo=0)                   0.000     5.000    IBUFDS_u0/I
    HPIOBDIFFINBUF_X0Y155
                         DIFFINBUF (Prop_DIFFINBUF_HPIOBDIFFINBUF_DIFF_IN_P_O)
                                                      0.433     5.433 r  IBUFDS_u0/DIFFINBUF_INST/O
                         net (fo=1, routed)           0.040     5.473    IBUFDS_u0/OUT
    H24                  IBUFCTRL (Prop_IBUFCTRL_HPIOB_M_I_O)
                                                      0.000     5.473 r  IBUFDS_u0/IBUFCTRL_INST/O
                         net (fo=1, routed)           0.297     5.770    wire_clk
    BUFGCE_X0Y148        BUFGCE (Prop_BUFCE_BUFGCE_I_O)
                                                      0.024     5.794 r  wire_clk_BUFG_inst/O
    X3Y9 (CLOCK_ROOT)    net (fo=403, routed)         1.801     7.595    one_ms_counter/wire_clk_BUFG
    SLICE_X100Y552       FDRE                                         r  one_ms_counter/reg_count_reg[32]/C
                         clock pessimism              0.294     7.890    
                         clock uncertainty           -0.035     7.854    
    SLICE_X100Y552       FDRE (Setup_AFF_SLICEL_C_R)
                                                     -0.074     7.780    one_ms_counter/reg_count_reg[32]
  -------------------------------------------------------------------
                         required time                          7.780    
                         arrival time                          -4.773    
  -------------------------------------------------------------------
                         slack                                  3.008    

Slack (MET) :             3.008ns  (required time - arrival time)
  Source:                 one_ms_counter/count_max_static_reg[33]/C
                            (rising edge-triggered cell FDRE clocked by sys_clk  {rise@0.000ns fall@2.500ns period=5.000ns})
  Destination:            one_ms_counter/reg_count_reg[33]/R
                            (rising edge-triggered cell FDRE clocked by sys_clk  {rise@0.000ns fall@2.500ns period=5.000ns})
  Path Group:             sys_clk
  Path Type:              Setup (Max at Slow Process Corner)
  Requirement:            5.000ns  (sys_clk rise@5.000ns - sys_clk rise@0.000ns)
  Data Path Delay:        1.801ns  (logic 0.550ns (30.539%)  route 1.251ns (69.461%))
  Logic Levels:           3  (CARRY8=1 LUT3=1 LUT4=1)
  Clock Path Skew:        -0.082ns (DCD - SCD + CPR)
    Destination Clock Delay (DCD):    2.595ns = ( 7.595 - 5.000 ) 
    Source Clock Delay      (SCD):    2.972ns
    Clock Pessimism Removal (CPR):    0.294ns
  Clock Uncertainty:      0.035ns  ((TSJ^2 + TIJ^2)^1/2 + DJ) / 2 + PE
    Total System Jitter     (TSJ):    0.071ns
    Total Input Jitter      (TIJ):    0.000ns
    Discrete Jitter          (DJ):    0.000ns
    Phase Error              (PE):    0.000ns
  Clock Net Delay (Source):      2.028ns (routing 1.165ns, distribution 0.863ns)
  Clock Net Delay (Destination): 1.801ns (routing 1.055ns, distribution 0.746ns)

    Location             Delay type                Incr(ns)  Path(ns)    Netlist Resource(s)
  -------------------------------------------------------------------    -------------------
                         (clock sys_clk rise edge)    0.000     0.000 r  
    H24                                               0.000     0.000 r  sys_clk_p (IN)
                         net (fo=0)                   0.000     0.000    IBUFDS_u0/I
    HPIOBDIFFINBUF_X0Y155
                         DIFFINBUF (Prop_DIFFINBUF_HPIOBDIFFINBUF_DIFF_IN_P_O)
                                                      0.530     0.530 r  IBUFDS_u0/DIFFINBUF_INST/O
                         net (fo=1, routed)           0.050     0.580    IBUFDS_u0/OUT
    H24                  IBUFCTRL (Prop_IBUFCTRL_HPIOB_M_I_O)
                                                      0.000     0.580 r  IBUFDS_u0/IBUFCTRL_INST/O
                         net (fo=1, routed)           0.336     0.916    wire_clk
    BUFGCE_X0Y148        BUFGCE (Prop_BUFCE_BUFGCE_I_O)
                                                      0.028     0.944 r  wire_clk_BUFG_inst/O
    X3Y9 (CLOCK_ROOT)    net (fo=403, routed)         2.028     2.972    one_ms_counter/wire_clk_BUFG
    SLICE_X95Y552        FDRE                                         r  one_ms_counter/count_max_static_reg[33]/C
  -------------------------------------------------------------------    -------------------
    SLICE_X95Y552        FDRE (Prop_EFF2_SLICEL_C_Q)
                                                      0.081     3.053 r  one_ms_counter/count_max_static_reg[33]/Q
                         net (fo=5, routed)           0.557     3.610    one_ms_counter/count_max_static[33]
    SLICE_X99Y551        LUT4 (Prop_A6LUT_SLICEL_I3_O)
                                                      0.124     3.734 r  one_ms_counter/reg_count0_carry__1_i_16/O
                         net (fo=1, routed)           0.009     3.743    one_ms_counter/reg_count0_carry__1_i_16_n_0
    SLICE_X99Y551        CARRY8 (Prop_CARRY8_SLICEL_S[0]_CO[7])
                                                      0.197     3.940 r  one_ms_counter/reg_count0_carry__1/CO[7]
                         net (fo=1, routed)           0.205     4.145    one_ms_counter/reg_count0_carry__1_n_0
    SLICE_X99Y548        LUT3 (Prop_F6LUT_SLICEL_I0_O)
                                                      0.148     4.293 r  one_ms_counter/reg_count[0]_i_1/O
                         net (fo=48, routed)          0.480     4.773    one_ms_counter/reg_count[0]_i_1_n_0
    SLICE_X100Y552       FDRE                                         r  one_ms_counter/reg_count_reg[33]/R
  -------------------------------------------------------------------    -------------------

                         (clock sys_clk rise edge)    5.000     5.000 r  
    H24                                               0.000     5.000 r  sys_clk_p (IN)
                         net (fo=0)                   0.000     5.000    IBUFDS_u0/I
    HPIOBDIFFINBUF_X0Y155
                         DIFFINBUF (Prop_DIFFINBUF_HPIOBDIFFINBUF_DIFF_IN_P_O)
                                                      0.433     5.433 r  IBUFDS_u0/DIFFINBUF_INST/O
                         net (fo=1, routed)           0.040     5.473    IBUFDS_u0/OUT
    H24                  IBUFCTRL (Prop_IBUFCTRL_HPIOB_M_I_O)
                                                      0.000     5.473 r  IBUFDS_u0/IBUFCTRL_INST/O
                         net (fo=1, routed)           0.297     5.770    wire_clk
    BUFGCE_X0Y148        BUFGCE (Prop_BUFCE_BUFGCE_I_O)
                                                      0.024     5.794 r  wire_clk_BUFG_inst/O
    X3Y9 (CLOCK_ROOT)    net (fo=403, routed)         1.801     7.595    one_ms_counter/wire_clk_BUFG
    SLICE_X100Y552       FDRE                                         r  one_ms_counter/reg_count_reg[33]/C
                         clock pessimism              0.294     7.890    
                         clock uncertainty           -0.035     7.854    
    SLICE_X100Y552       FDRE (Setup_BFF_SLICEL_C_R)
                                                     -0.074     7.780    one_ms_counter/reg_count_reg[33]
  -------------------------------------------------------------------
                         required time                          7.780    
                         arrival time                          -4.773    
  -------------------------------------------------------------------
                         slack                                  3.008    

Slack (MET) :             3.008ns  (required time - arrival time)
  Source:                 one_ms_counter/count_max_static_reg[33]/C
                            (rising edge-triggered cell FDRE clocked by sys_clk  {rise@0.000ns fall@2.500ns period=5.000ns})
  Destination:            one_ms_counter/reg_count_reg[34]/R
                            (rising edge-triggered cell FDRE clocked by sys_clk  {rise@0.000ns fall@2.500ns period=5.000ns})
  Path Group:             sys_clk
  Path Type:              Setup (Max at Slow Process Corner)
  Requirement:            5.000ns  (sys_clk rise@5.000ns - sys_clk rise@0.000ns)
  Data Path Delay:        1.801ns  (logic 0.550ns (30.539%)  route 1.251ns (69.461%))
  Logic Levels:           3  (CARRY8=1 LUT3=1 LUT4=1)
  Clock Path Skew:        -0.082ns (DCD - SCD + CPR)
    Destination Clock Delay (DCD):    2.595ns = ( 7.595 - 5.000 ) 
    Source Clock Delay      (SCD):    2.972ns
    Clock Pessimism Removal (CPR):    0.294ns
  Clock Uncertainty:      0.035ns  ((TSJ^2 + TIJ^2)^1/2 + DJ) / 2 + PE
    Total System Jitter     (TSJ):    0.071ns
    Total Input Jitter      (TIJ):    0.000ns
    Discrete Jitter          (DJ):    0.000ns
    Phase Error              (PE):    0.000ns
  Clock Net Delay (Source):      2.028ns (routing 1.165ns, distribution 0.863ns)
  Clock Net Delay (Destination): 1.801ns (routing 1.055ns, distribution 0.746ns)

    Location             Delay type                Incr(ns)  Path(ns)    Netlist Resource(s)
  -------------------------------------------------------------------    -------------------
                         (clock sys_clk rise edge)    0.000     0.000 r  
    H24                                               0.000     0.000 r  sys_clk_p (IN)
                         net (fo=0)                   0.000     0.000    IBUFDS_u0/I
    HPIOBDIFFINBUF_X0Y155
                         DIFFINBUF (Prop_DIFFINBUF_HPIOBDIFFINBUF_DIFF_IN_P_O)
                                                      0.530     0.530 r  IBUFDS_u0/DIFFINBUF_INST/O
                         net (fo=1, routed)           0.050     0.580    IBUFDS_u0/OUT
    H24                  IBUFCTRL (Prop_IBUFCTRL_HPIOB_M_I_O)
                                                      0.000     0.580 r  IBUFDS_u0/IBUFCTRL_INST/O
                         net (fo=1, routed)           0.336     0.916    wire_clk
    BUFGCE_X0Y148        BUFGCE (Prop_BUFCE_BUFGCE_I_O)
                                                      0.028     0.944 r  wire_clk_BUFG_inst/O
    X3Y9 (CLOCK_ROOT)    net (fo=403, routed)         2.028     2.972    one_ms_counter/wire_clk_BUFG
    SLICE_X95Y552        FDRE                                         r  one_ms_counter/count_max_static_reg[33]/C
  -------------------------------------------------------------------    -------------------
    SLICE_X95Y552        FDRE (Prop_EFF2_SLICEL_C_Q)
                                                      0.081     3.053 r  one_ms_counter/count_max_static_reg[33]/Q
                         net (fo=5, routed)           0.557     3.610    one_ms_counter/count_max_static[33]
    SLICE_X99Y551        LUT4 (Prop_A6LUT_SLICEL_I3_O)
                                                      0.124     3.734 r  one_ms_counter/reg_count0_carry__1_i_16/O
                         net (fo=1, routed)           0.009     3.743    one_ms_counter/reg_count0_carry__1_i_16_n_0
    SLICE_X99Y551        CARRY8 (Prop_CARRY8_SLICEL_S[0]_CO[7])
                                                      0.197     3.940 r  one_ms_counter/reg_count0_carry__1/CO[7]
                         net (fo=1, routed)           0.205     4.145    one_ms_counter/reg_count0_carry__1_n_0
    SLICE_X99Y548        LUT3 (Prop_F6LUT_SLICEL_I0_O)
                                                      0.148     4.293 r  one_ms_counter/reg_count[0]_i_1/O
                         net (fo=48, routed)          0.480     4.773    one_ms_counter/reg_count[0]_i_1_n_0
    SLICE_X100Y552       FDRE                                         r  one_ms_counter/reg_count_reg[34]/R
  -------------------------------------------------------------------    -------------------

                         (clock sys_clk rise edge)    5.000     5.000 r  
    H24                                               0.000     5.000 r  sys_clk_p (IN)
                         net (fo=0)                   0.000     5.000    IBUFDS_u0/I
    HPIOBDIFFINBUF_X0Y155
                         DIFFINBUF (Prop_DIFFINBUF_HPIOBDIFFINBUF_DIFF_IN_P_O)
                                                      0.433     5.433 r  IBUFDS_u0/DIFFINBUF_INST/O
                         net (fo=1, routed)           0.040     5.473    IBUFDS_u0/OUT
    H24                  IBUFCTRL (Prop_IBUFCTRL_HPIOB_M_I_O)
                                                      0.000     5.473 r  IBUFDS_u0/IBUFCTRL_INST/O
                         net (fo=1, routed)           0.297     5.770    wire_clk
    BUFGCE_X0Y148        BUFGCE (Prop_BUFCE_BUFGCE_I_O)
                                                      0.024     5.794 r  wire_clk_BUFG_inst/O
    X3Y9 (CLOCK_ROOT)    net (fo=403, routed)         1.801     7.595    one_ms_counter/wire_clk_BUFG
    SLICE_X100Y552       FDRE                                         r  one_ms_counter/reg_count_reg[34]/C
                         clock pessimism              0.294     7.890    
                         clock uncertainty           -0.035     7.854    
    SLICE_X100Y552       FDRE (Setup_CFF_SLICEL_C_R)
                                                     -0.074     7.780    one_ms_counter/reg_count_reg[34]
  -------------------------------------------------------------------
                         required time                          7.780    
                         arrival time                          -4.773    
  -------------------------------------------------------------------
                         slack                                  3.008    

Slack (MET) :             3.008ns  (required time - arrival time)
  Source:                 one_ms_counter/count_max_static_reg[33]/C
                            (rising edge-triggered cell FDRE clocked by sys_clk  {rise@0.000ns fall@2.500ns period=5.000ns})
  Destination:            one_ms_counter/reg_count_reg[35]/R
                            (rising edge-triggered cell FDRE clocked by sys_clk  {rise@0.000ns fall@2.500ns period=5.000ns})
  Path Group:             sys_clk
  Path Type:              Setup (Max at Slow Process Corner)
  Requirement:            5.000ns  (sys_clk rise@5.000ns - sys_clk rise@0.000ns)
  Data Path Delay:        1.801ns  (logic 0.550ns (30.539%)  route 1.251ns (69.461%))
  Logic Levels:           3  (CARRY8=1 LUT3=1 LUT4=1)
  Clock Path Skew:        -0.082ns (DCD - SCD + CPR)
    Destination Clock Delay (DCD):    2.595ns = ( 7.595 - 5.000 ) 
    Source Clock Delay      (SCD):    2.972ns
    Clock Pessimism Removal (CPR):    0.294ns
  Clock Uncertainty:      0.035ns  ((TSJ^2 + TIJ^2)^1/2 + DJ) / 2 + PE
    Total System Jitter     (TSJ):    0.071ns
    Total Input Jitter      (TIJ):    0.000ns
    Discrete Jitter          (DJ):    0.000ns
    Phase Error              (PE):    0.000ns
  Clock Net Delay (Source):      2.028ns (routing 1.165ns, distribution 0.863ns)
  Clock Net Delay (Destination): 1.801ns (routing 1.055ns, distribution 0.746ns)

    Location             Delay type                Incr(ns)  Path(ns)    Netlist Resource(s)
  -------------------------------------------------------------------    -------------------
                         (clock sys_clk rise edge)    0.000     0.000 r  
    H24                                               0.000     0.000 r  sys_clk_p (IN)
                         net (fo=0)                   0.000     0.000    IBUFDS_u0/I
    HPIOBDIFFINBUF_X0Y155
                         DIFFINBUF (Prop_DIFFINBUF_HPIOBDIFFINBUF_DIFF_IN_P_O)
                                                      0.530     0.530 r  IBUFDS_u0/DIFFINBUF_INST/O
                         net (fo=1, routed)           0.050     0.580    IBUFDS_u0/OUT
    H24                  IBUFCTRL (Prop_IBUFCTRL_HPIOB_M_I_O)
                                                      0.000     0.580 r  IBUFDS_u0/IBUFCTRL_INST/O
                         net (fo=1, routed)           0.336     0.916    wire_clk
    BUFGCE_X0Y148        BUFGCE (Prop_BUFCE_BUFGCE_I_O)
                                                      0.028     0.944 r  wire_clk_BUFG_inst/O
    X3Y9 (CLOCK_ROOT)    net (fo=403, routed)         2.028     2.972    one_ms_counter/wire_clk_BUFG
    SLICE_X95Y552        FDRE                                         r  one_ms_counter/count_max_static_reg[33]/C
  -------------------------------------------------------------------    -------------------
    SLICE_X95Y552        FDRE (Prop_EFF2_SLICEL_C_Q)
                                                      0.081     3.053 r  one_ms_counter/count_max_static_reg[33]/Q
                         net (fo=5, routed)           0.557     3.610    one_ms_counter/count_max_static[33]
    SLICE_X99Y551        LUT4 (Prop_A6LUT_SLICEL_I3_O)
                                                      0.124     3.734 r  one_ms_counter/reg_count0_carry__1_i_16/O
                         net (fo=1, routed)           0.009     3.743    one_ms_counter/reg_count0_carry__1_i_16_n_0
    SLICE_X99Y551        CARRY8 (Prop_CARRY8_SLICEL_S[0]_CO[7])
                                                      0.197     3.940 r  one_ms_counter/reg_count0_carry__1/CO[7]
                         net (fo=1, routed)           0.205     4.145    one_ms_counter/reg_count0_carry__1_n_0
    SLICE_X99Y548        LUT3 (Prop_F6LUT_SLICEL_I0_O)
                                                      0.148     4.293 r  one_ms_counter/reg_count[0]_i_1/O
                         net (fo=48, routed)          0.480     4.773    one_ms_counter/reg_count[0]_i_1_n_0
    SLICE_X100Y552       FDRE                                         r  one_ms_counter/reg_count_reg[35]/R
  -------------------------------------------------------------------    -------------------

                         (clock sys_clk rise edge)    5.000     5.000 r  
    H24                                               0.000     5.000 r  sys_clk_p (IN)
                         net (fo=0)                   0.000     5.000    IBUFDS_u0/I
    HPIOBDIFFINBUF_X0Y155
                         DIFFINBUF (Prop_DIFFINBUF_HPIOBDIFFINBUF_DIFF_IN_P_O)
                                                      0.433     5.433 r  IBUFDS_u0/DIFFINBUF_INST/O
                         net (fo=1, routed)           0.040     5.473    IBUFDS_u0/OUT
    H24                  IBUFCTRL (Prop_IBUFCTRL_HPIOB_M_I_O)
                                                      0.000     5.473 r  IBUFDS_u0/IBUFCTRL_INST/O
                         net (fo=1, routed)           0.297     5.770    wire_clk
    BUFGCE_X0Y148        BUFGCE (Prop_BUFCE_BUFGCE_I_O)
                                                      0.024     5.794 r  wire_clk_BUFG_inst/O
    X3Y9 (CLOCK_ROOT)    net (fo=403, routed)         1.801     7.595    one_ms_counter/wire_clk_BUFG
    SLICE_X100Y552       FDRE                                         r  one_ms_counter/reg_count_reg[35]/C
                         clock pessimism              0.294     7.890    
                         clock uncertainty           -0.035     7.854    
    SLICE_X100Y552       FDRE (Setup_DFF_SLICEL_C_R)
                                                     -0.074     7.780    one_ms_counter/reg_count_reg[35]
  -------------------------------------------------------------------
                         required time                          7.780    
                         arrival time                          -4.773    
  -------------------------------------------------------------------
                         slack                                  3.008    

Slack (MET) :             3.011ns  (required time - arrival time)
  Source:                 one_ms_counter/count_max_static_reg[33]/C
                            (rising edge-triggered cell FDRE clocked by sys_clk  {rise@0.000ns fall@2.500ns period=5.000ns})
  Destination:            one_ms_counter/reg_count_reg[36]/R
                            (rising edge-triggered cell FDRE clocked by sys_clk  {rise@0.000ns fall@2.500ns period=5.000ns})
  Path Group:             sys_clk
  Path Type:              Setup (Max at Slow Process Corner)
  Requirement:            5.000ns  (sys_clk rise@5.000ns - sys_clk rise@0.000ns)
  Data Path Delay:        1.800ns  (logic 0.550ns (30.556%)  route 1.250ns (69.444%))
  Logic Levels:           3  (CARRY8=1 LUT3=1 LUT4=1)
  Clock Path Skew:        -0.080ns (DCD - SCD + CPR)
    Destination Clock Delay (DCD):    2.597ns = ( 7.597 - 5.000 ) 
    Source Clock Delay      (SCD):    2.972ns
    Clock Pessimism Removal (CPR):    0.294ns
  Clock Uncertainty:      0.035ns  ((TSJ^2 + TIJ^2)^1/2 + DJ) / 2 + PE
    Total System Jitter     (TSJ):    0.071ns
    Total Input Jitter      (TIJ):    0.000ns
    Discrete Jitter          (DJ):    0.000ns
    Phase Error              (PE):    0.000ns
  Clock Net Delay (Source):      2.028ns (routing 1.165ns, distribution 0.863ns)
  Clock Net Delay (Destination): 1.803ns (routing 1.055ns, distribution 0.748ns)

    Location             Delay type                Incr(ns)  Path(ns)    Netlist Resource(s)
  -------------------------------------------------------------------    -------------------
                         (clock sys_clk rise edge)    0.000     0.000 r  
    H24                                               0.000     0.000 r  sys_clk_p (IN)
                         net (fo=0)                   0.000     0.000    IBUFDS_u0/I
    HPIOBDIFFINBUF_X0Y155
                         DIFFINBUF (Prop_DIFFINBUF_HPIOBDIFFINBUF_DIFF_IN_P_O)
                                                      0.530     0.530 r  IBUFDS_u0/DIFFINBUF_INST/O
                         net (fo=1, routed)           0.050     0.580    IBUFDS_u0/OUT
    H24                  IBUFCTRL (Prop_IBUFCTRL_HPIOB_M_I_O)
                                                      0.000     0.580 r  IBUFDS_u0/IBUFCTRL_INST/O
                         net (fo=1, routed)           0.336     0.916    wire_clk
    BUFGCE_X0Y148        BUFGCE (Prop_BUFCE_BUFGCE_I_O)
                                                      0.028     0.944 r  wire_clk_BUFG_inst/O
    X3Y9 (CLOCK_ROOT)    net (fo=403, routed)         2.028     2.972    one_ms_counter/wire_clk_BUFG
    SLICE_X95Y552        FDRE                                         r  one_ms_counter/count_max_static_reg[33]/C
  -------------------------------------------------------------------    -------------------
    SLICE_X95Y552        FDRE (Prop_EFF2_SLICEL_C_Q)
                                                      0.081     3.053 r  one_ms_counter/count_max_static_reg[33]/Q
                         net (fo=5, routed)           0.557     3.610    one_ms_counter/count_max_static[33]
    SLICE_X99Y551        LUT4 (Prop_A6LUT_SLICEL_I3_O)
                                                      0.124     3.734 r  one_ms_counter/reg_count0_carry__1_i_16/O
                         net (fo=1, routed)           0.009     3.743    one_ms_counter/reg_count0_carry__1_i_16_n_0
    SLICE_X99Y551        CARRY8 (Prop_CARRY8_SLICEL_S[0]_CO[7])
                                                      0.197     3.940 r  one_ms_counter/reg_count0_carry__1/CO[7]
                         net (fo=1, routed)           0.205     4.145    one_ms_counter/reg_count0_carry__1_n_0
    SLICE_X99Y548        LUT3 (Prop_F6LUT_SLICEL_I0_O)
                                                      0.148     4.293 r  one_ms_counter/reg_count[0]_i_1/O
                         net (fo=48, routed)          0.479     4.772    one_ms_counter/reg_count[0]_i_1_n_0
    SLICE_X100Y552       FDRE                                         r  one_ms_counter/reg_count_reg[36]/R
  -------------------------------------------------------------------    -------------------

                         (clock sys_clk rise edge)    5.000     5.000 r  
    H24                                               0.000     5.000 r  sys_clk_p (IN)
                         net (fo=0)                   0.000     5.000    IBUFDS_u0/I
    HPIOBDIFFINBUF_X0Y155
                         DIFFINBUF (Prop_DIFFINBUF_HPIOBDIFFINBUF_DIFF_IN_P_O)
                                                      0.433     5.433 r  IBUFDS_u0/DIFFINBUF_INST/O
                         net (fo=1, routed)           0.040     5.473    IBUFDS_u0/OUT
    H24                  IBUFCTRL (Prop_IBUFCTRL_HPIOB_M_I_O)
                                                      0.000     5.473 r  IBUFDS_u0/IBUFCTRL_INST/O
                         net (fo=1, routed)           0.297     5.770    wire_clk
    BUFGCE_X0Y148        BUFGCE (Prop_BUFCE_BUFGCE_I_O)
                                                      0.024     5.794 r  wire_clk_BUFG_inst/O
    X3Y9 (CLOCK_ROOT)    net (fo=403, routed)         1.803     7.597    one_ms_counter/wire_clk_BUFG
    SLICE_X100Y552       FDRE                                         r  one_ms_counter/reg_count_reg[36]/C
                         clock pessimism              0.294     7.892    
                         clock uncertainty           -0.035     7.856    
    SLICE_X100Y552       FDRE (Setup_EFF_SLICEL_C_R)
                                                     -0.074     7.782    one_ms_counter/reg_count_reg[36]
  -------------------------------------------------------------------
                         required time                          7.782    
                         arrival time                          -4.772    
  -------------------------------------------------------------------
                         slack                                  3.011    

Slack (MET) :             3.011ns  (required time - arrival time)
  Source:                 one_ms_counter/count_max_static_reg[33]/C
                            (rising edge-triggered cell FDRE clocked by sys_clk  {rise@0.000ns fall@2.500ns period=5.000ns})
  Destination:            one_ms_counter/reg_count_reg[37]/R
                            (rising edge-triggered cell FDRE clocked by sys_clk  {rise@0.000ns fall@2.500ns period=5.000ns})
  Path Group:             sys_clk
  Path Type:              Setup (Max at Slow Process Corner)
  Requirement:            5.000ns  (sys_clk rise@5.000ns - sys_clk rise@0.000ns)
  Data Path Delay:        1.800ns  (logic 0.550ns (30.556%)  route 1.250ns (69.444%))
  Logic Levels:           3  (CARRY8=1 LUT3=1 LUT4=1)
  Clock Path Skew:        -0.080ns (DCD - SCD + CPR)
    Destination Clock Delay (DCD):    2.597ns = ( 7.597 - 5.000 ) 
    Source Clock Delay      (SCD):    2.972ns
    Clock Pessimism Removal (CPR):    0.294ns
  Clock Uncertainty:      0.035ns  ((TSJ^2 + TIJ^2)^1/2 + DJ) / 2 + PE
    Total System Jitter     (TSJ):    0.071ns
    Total Input Jitter      (TIJ):    0.000ns
    Discrete Jitter          (DJ):    0.000ns
    Phase Error              (PE):    0.000ns
  Clock Net Delay (Source):      2.028ns (routing 1.165ns, distribution 0.863ns)
  Clock Net Delay (Destination): 1.803ns (routing 1.055ns, distribution 0.748ns)

    Location             Delay type                Incr(ns)  Path(ns)    Netlist Resource(s)
  -------------------------------------------------------------------    -------------------
                         (clock sys_clk rise edge)    0.000     0.000 r  
    H24                                               0.000     0.000 r  sys_clk_p (IN)
                         net (fo=0)                   0.000     0.000    IBUFDS_u0/I
    HPIOBDIFFINBUF_X0Y155
                         DIFFINBUF (Prop_DIFFINBUF_HPIOBDIFFINBUF_DIFF_IN_P_O)
                                                      0.530     0.530 r  IBUFDS_u0/DIFFINBUF_INST/O
                         net (fo=1, routed)           0.050     0.580    IBUFDS_u0/OUT
    H24                  IBUFCTRL (Prop_IBUFCTRL_HPIOB_M_I_O)
                                                      0.000     0.580 r  IBUFDS_u0/IBUFCTRL_INST/O
                         net (fo=1, routed)           0.336     0.916    wire_clk
    BUFGCE_X0Y148        BUFGCE (Prop_BUFCE_BUFGCE_I_O)
                                                      0.028     0.944 r  wire_clk_BUFG_inst/O
    X3Y9 (CLOCK_ROOT)    net (fo=403, routed)         2.028     2.972    one_ms_counter/wire_clk_BUFG
    SLICE_X95Y552        FDRE                                         r  one_ms_counter/count_max_static_reg[33]/C
  -------------------------------------------------------------------    -------------------
    SLICE_X95Y552        FDRE (Prop_EFF2_SLICEL_C_Q)
                                                      0.081     3.053 r  one_ms_counter/count_max_static_reg[33]/Q
                         net (fo=5, routed)           0.557     3.610    one_ms_counter/count_max_static[33]
    SLICE_X99Y551        LUT4 (Prop_A6LUT_SLICEL_I3_O)
                                                      0.124     3.734 r  one_ms_counter/reg_count0_carry__1_i_16/O
                         net (fo=1, routed)           0.009     3.743    one_ms_counter/reg_count0_carry__1_i_16_n_0
    SLICE_X99Y551        CARRY8 (Prop_CARRY8_SLICEL_S[0]_CO[7])
                                                      0.197     3.940 r  one_ms_counter/reg_count0_carry__1/CO[7]
                         net (fo=1, routed)           0.205     4.145    one_ms_counter/reg_count0_carry__1_n_0
    SLICE_X99Y548        LUT3 (Prop_F6LUT_SLICEL_I0_O)
                                                      0.148     4.293 r  one_ms_counter/reg_count[0]_i_1/O
                         net (fo=48, routed)          0.479     4.772    one_ms_counter/reg_count[0]_i_1_n_0
    SLICE_X100Y552       FDRE                                         r  one_ms_counter/reg_count_reg[37]/R
  -------------------------------------------------------------------    -------------------

                         (clock sys_clk rise edge)    5.000     5.000 r  
    H24                                               0.000     5.000 r  sys_clk_p (IN)
                         net (fo=0)                   0.000     5.000    IBUFDS_u0/I
    HPIOBDIFFINBUF_X0Y155
                         DIFFINBUF (Prop_DIFFINBUF_HPIOBDIFFINBUF_DIFF_IN_P_O)
                                                      0.433     5.433 r  IBUFDS_u0/DIFFINBUF_INST/O
                         net (fo=1, routed)           0.040     5.473    IBUFDS_u0/OUT
    H24                  IBUFCTRL (Prop_IBUFCTRL_HPIOB_M_I_O)
                                                      0.000     5.473 r  IBUFDS_u0/IBUFCTRL_INST/O
                         net (fo=1, routed)           0.297     5.770    wire_clk
    BUFGCE_X0Y148        BUFGCE (Prop_BUFCE_BUFGCE_I_O)
                                                      0.024     5.794 r  wire_clk_BUFG_inst/O
    X3Y9 (CLOCK_ROOT)    net (fo=403, routed)         1.803     7.597    one_ms_counter/wire_clk_BUFG
    SLICE_X100Y552       FDRE                                         r  one_ms_counter/reg_count_reg[37]/C
                         clock pessimism              0.294     7.892    
                         clock uncertainty           -0.035     7.856    
    SLICE_X100Y552       FDRE (Setup_FFF_SLICEL_C_R)
                                                     -0.074     7.782    one_ms_counter/reg_count_reg[37]
  -------------------------------------------------------------------
                         required time                          7.782    
                         arrival time                          -4.772    
  -------------------------------------------------------------------
                         slack                                  3.011    

Slack (MET) :             3.011ns  (required time - arrival time)
  Source:                 one_ms_counter/count_max_static_reg[33]/C
                            (rising edge-triggered cell FDRE clocked by sys_clk  {rise@0.000ns fall@2.500ns period=5.000ns})
  Destination:            one_ms_counter/reg_count_reg[38]/R
                            (rising edge-triggered cell FDRE clocked by sys_clk  {rise@0.000ns fall@2.500ns period=5.000ns})
  Path Group:             sys_clk
  Path Type:              Setup (Max at Slow Process Corner)
  Requirement:            5.000ns  (sys_clk rise@5.000ns - sys_clk rise@0.000ns)
  Data Path Delay:        1.800ns  (logic 0.550ns (30.556%)  route 1.250ns (69.444%))
  Logic Levels:           3  (CARRY8=1 LUT3=1 LUT4=1)
  Clock Path Skew:        -0.080ns (DCD - SCD + CPR)
    Destination Clock Delay (DCD):    2.597ns = ( 7.597 - 5.000 ) 
    Source Clock Delay      (SCD):    2.972ns
    Clock Pessimism Removal (CPR):    0.294ns
  Clock Uncertainty:      0.035ns  ((TSJ^2 + TIJ^2)^1/2 + DJ) / 2 + PE
    Total System Jitter     (TSJ):    0.071ns
    Total Input Jitter      (TIJ):    0.000ns
    Discrete Jitter          (DJ):    0.000ns
    Phase Error              (PE):    0.000ns
  Clock Net Delay (Source):      2.028ns (routing 1.165ns, distribution 0.863ns)
  Clock Net Delay (Destination): 1.803ns (routing 1.055ns, distribution 0.748ns)

    Location             Delay type                Incr(ns)  Path(ns)    Netlist Resource(s)
  -------------------------------------------------------------------    -------------------
                         (clock sys_clk rise edge)    0.000     0.000 r  
    H24                                               0.000     0.000 r  sys_clk_p (IN)
                         net (fo=0)                   0.000     0.000    IBUFDS_u0/I
    HPIOBDIFFINBUF_X0Y155
                         DIFFINBUF (Prop_DIFFINBUF_HPIOBDIFFINBUF_DIFF_IN_P_O)
                                                      0.530     0.530 r  IBUFDS_u0/DIFFINBUF_INST/O
                         net (fo=1, routed)           0.050     0.580    IBUFDS_u0/OUT
    H24                  IBUFCTRL (Prop_IBUFCTRL_HPIOB_M_I_O)
                                                      0.000     0.580 r  IBUFDS_u0/IBUFCTRL_INST/O
                         net (fo=1, routed)           0.336     0.916    wire_clk
    BUFGCE_X0Y148        BUFGCE (Prop_BUFCE_BUFGCE_I_O)
                                                      0.028     0.944 r  wire_clk_BUFG_inst/O
    X3Y9 (CLOCK_ROOT)    net (fo=403, routed)         2.028     2.972    one_ms_counter/wire_clk_BUFG
    SLICE_X95Y552        FDRE                                         r  one_ms_counter/count_max_static_reg[33]/C
  -------------------------------------------------------------------    -------------------
    SLICE_X95Y552        FDRE (Prop_EFF2_SLICEL_C_Q)
                                                      0.081     3.053 r  one_ms_counter/count_max_static_reg[33]/Q
                         net (fo=5, routed)           0.557     3.610    one_ms_counter/count_max_static[33]
    SLICE_X99Y551        LUT4 (Prop_A6LUT_SLICEL_I3_O)
                                                      0.124     3.734 r  one_ms_counter/reg_count0_carry__1_i_16/O
                         net (fo=1, routed)           0.009     3.743    one_ms_counter/reg_count0_carry__1_i_16_n_0
    SLICE_X99Y551        CARRY8 (Prop_CARRY8_SLICEL_S[0]_CO[7])
                                                      0.197     3.940 r  one_ms_counter/reg_count0_carry__1/CO[7]
                         net (fo=1, routed)           0.205     4.145    one_ms_counter/reg_count0_carry__1_n_0
    SLICE_X99Y548        LUT3 (Prop_F6LUT_SLICEL_I0_O)
                                                      0.148     4.293 r  one_ms_counter/reg_count[0]_i_1/O
                         net (fo=48, routed)          0.479     4.772    one_ms_counter/reg_count[0]_i_1_n_0
    SLICE_X100Y552       FDRE                                         r  one_ms_counter/reg_count_reg[38]/R
  -------------------------------------------------------------------    -------------------

                         (clock sys_clk rise edge)    5.000     5.000 r  
    H24                                               0.000     5.000 r  sys_clk_p (IN)
                         net (fo=0)                   0.000     5.000    IBUFDS_u0/I
    HPIOBDIFFINBUF_X0Y155
                         DIFFINBUF (Prop_DIFFINBUF_HPIOBDIFFINBUF_DIFF_IN_P_O)
                                                      0.433     5.433 r  IBUFDS_u0/DIFFINBUF_INST/O
                         net (fo=1, routed)           0.040     5.473    IBUFDS_u0/OUT
    H24                  IBUFCTRL (Prop_IBUFCTRL_HPIOB_M_I_O)
                                                      0.000     5.473 r  IBUFDS_u0/IBUFCTRL_INST/O
                         net (fo=1, routed)           0.297     5.770    wire_clk
    BUFGCE_X0Y148        BUFGCE (Prop_BUFCE_BUFGCE_I_O)
                                                      0.024     5.794 r  wire_clk_BUFG_inst/O
    X3Y9 (CLOCK_ROOT)    net (fo=403, routed)         1.803     7.597    one_ms_counter/wire_clk_BUFG
    SLICE_X100Y552       FDRE                                         r  one_ms_counter/reg_count_reg[38]/C
                         clock pessimism              0.294     7.892    
                         clock uncertainty           -0.035     7.856    
    SLICE_X100Y552       FDRE (Setup_GFF_SLICEL_C_R)
                                                     -0.074     7.782    one_ms_counter/reg_count_reg[38]
  -------------------------------------------------------------------
                         required time                          7.782    
                         arrival time                          -4.772    
  -------------------------------------------------------------------
                         slack                                  3.011    

Slack (MET) :             3.011ns  (required time - arrival time)
  Source:                 one_ms_counter/count_max_static_reg[33]/C
                            (rising edge-triggered cell FDRE clocked by sys_clk  {rise@0.000ns fall@2.500ns period=5.000ns})
  Destination:            one_ms_counter/reg_count_reg[39]/R
                            (rising edge-triggered cell FDRE clocked by sys_clk  {rise@0.000ns fall@2.500ns period=5.000ns})
  Path Group:             sys_clk
  Path Type:              Setup (Max at Slow Process Corner)
  Requirement:            5.000ns  (sys_clk rise@5.000ns - sys_clk rise@0.000ns)
  Data Path Delay:        1.800ns  (logic 0.550ns (30.556%)  route 1.250ns (69.444%))
  Logic Levels:           3  (CARRY8=1 LUT3=1 LUT4=1)
  Clock Path Skew:        -0.080ns (DCD - SCD + CPR)
    Destination Clock Delay (DCD):    2.597ns = ( 7.597 - 5.000 ) 
    Source Clock Delay      (SCD):    2.972ns
    Clock Pessimism Removal (CPR):    0.294ns
  Clock Uncertainty:      0.035ns  ((TSJ^2 + TIJ^2)^1/2 + DJ) / 2 + PE
    Total System Jitter     (TSJ):    0.071ns
    Total Input Jitter      (TIJ):    0.000ns
    Discrete Jitter          (DJ):    0.000ns
    Phase Error              (PE):    0.000ns
  Clock Net Delay (Source):      2.028ns (routing 1.165ns, distribution 0.863ns)
  Clock Net Delay (Destination): 1.803ns (routing 1.055ns, distribution 0.748ns)

    Location             Delay type                Incr(ns)  Path(ns)    Netlist Resource(s)
  -------------------------------------------------------------------    -------------------
                         (clock sys_clk rise edge)    0.000     0.000 r  
    H24                                               0.000     0.000 r  sys_clk_p (IN)
                         net (fo=0)                   0.000     0.000    IBUFDS_u0/I
    HPIOBDIFFINBUF_X0Y155
                         DIFFINBUF (Prop_DIFFINBUF_HPIOBDIFFINBUF_DIFF_IN_P_O)
                                                      0.530     0.530 r  IBUFDS_u0/DIFFINBUF_INST/O
                         net (fo=1, routed)           0.050     0.580    IBUFDS_u0/OUT
    H24                  IBUFCTRL (Prop_IBUFCTRL_HPIOB_M_I_O)
                                                      0.000     0.580 r  IBUFDS_u0/IBUFCTRL_INST/O
                         net (fo=1, routed)           0.336     0.916    wire_clk
    BUFGCE_X0Y148        BUFGCE (Prop_BUFCE_BUFGCE_I_O)
                                                      0.028     0.944 r  wire_clk_BUFG_inst/O
    X3Y9 (CLOCK_ROOT)    net (fo=403, routed)         2.028     2.972    one_ms_counter/wire_clk_BUFG
    SLICE_X95Y552        FDRE                                         r  one_ms_counter/count_max_static_reg[33]/C
  -------------------------------------------------------------------    -------------------
    SLICE_X95Y552        FDRE (Prop_EFF2_SLICEL_C_Q)
                                                      0.081     3.053 r  one_ms_counter/count_max_static_reg[33]/Q
                         net (fo=5, routed)           0.557     3.610    one_ms_counter/count_max_static[33]
    SLICE_X99Y551        LUT4 (Prop_A6LUT_SLICEL_I3_O)
                                                      0.124     3.734 r  one_ms_counter/reg_count0_carry__1_i_16/O
                         net (fo=1, routed)           0.009     3.743    one_ms_counter/reg_count0_carry__1_i_16_n_0
    SLICE_X99Y551        CARRY8 (Prop_CARRY8_SLICEL_S[0]_CO[7])
                                                      0.197     3.940 r  one_ms_counter/reg_count0_carry__1/CO[7]
                         net (fo=1, routed)           0.205     4.145    one_ms_counter/reg_count0_carry__1_n_0
    SLICE_X99Y548        LUT3 (Prop_F6LUT_SLICEL_I0_O)
                                                      0.148     4.293 r  one_ms_counter/reg_count[0]_i_1/O
                         net (fo=48, routed)          0.479     4.772    one_ms_counter/reg_count[0]_i_1_n_0
    SLICE_X100Y552       FDRE                                         r  one_ms_counter/reg_count_reg[39]/R
  -------------------------------------------------------------------    -------------------

                         (clock sys_clk rise edge)    5.000     5.000 r  
    H24                                               0.000     5.000 r  sys_clk_p (IN)
                         net (fo=0)                   0.000     5.000    IBUFDS_u0/I
    HPIOBDIFFINBUF_X0Y155
                         DIFFINBUF (Prop_DIFFINBUF_HPIOBDIFFINBUF_DIFF_IN_P_O)
                                                      0.433     5.433 r  IBUFDS_u0/DIFFINBUF_INST/O
                         net (fo=1, routed)           0.040     5.473    IBUFDS_u0/OUT
    H24                  IBUFCTRL (Prop_IBUFCTRL_HPIOB_M_I_O)
                                                      0.000     5.473 r  IBUFDS_u0/IBUFCTRL_INST/O
                         net (fo=1, routed)           0.297     5.770    wire_clk
    BUFGCE_X0Y148        BUFGCE (Prop_BUFCE_BUFGCE_I_O)
                                                      0.024     5.794 r  wire_clk_BUFG_inst/O
    X3Y9 (CLOCK_ROOT)    net (fo=403, routed)         1.803     7.597    one_ms_counter/wire_clk_BUFG
    SLICE_X100Y552       FDRE                                         r  one_ms_counter/reg_count_reg[39]/C
                         clock pessimism              0.294     7.892    
                         clock uncertainty           -0.035     7.856    
    SLICE_X100Y552       FDRE (Setup_HFF_SLICEL_C_R)
                                                     -0.074     7.782    one_ms_counter/reg_count_reg[39]
  -------------------------------------------------------------------
                         required time                          7.782    
                         arrival time                          -4.772    
  -------------------------------------------------------------------
                         slack                                  3.011    

Slack (MET) :             3.044ns  (required time - arrival time)
  Source:                 one_ms_counter/count_max_static_reg[33]/C
                            (rising edge-triggered cell FDRE clocked by sys_clk  {rise@0.000ns fall@2.500ns period=5.000ns})
  Destination:            one_ms_counter/reg_count_reg[40]/R
                            (rising edge-triggered cell FDRE clocked by sys_clk  {rise@0.000ns fall@2.500ns period=5.000ns})
  Path Group:             sys_clk
  Path Type:              Setup (Max at Slow Process Corner)
  Requirement:            5.000ns  (sys_clk rise@5.000ns - sys_clk rise@0.000ns)
  Data Path Delay:        1.764ns  (logic 0.550ns (31.179%)  route 1.214ns (68.821%))
  Logic Levels:           3  (CARRY8=1 LUT3=1 LUT4=1)
  Clock Path Skew:        -0.083ns (DCD - SCD + CPR)
    Destination Clock Delay (DCD):    2.594ns = ( 7.594 - 5.000 ) 
    Source Clock Delay      (SCD):    2.972ns
    Clock Pessimism Removal (CPR):    0.294ns
  Clock Uncertainty:      0.035ns  ((TSJ^2 + TIJ^2)^1/2 + DJ) / 2 + PE
    Total System Jitter     (TSJ):    0.071ns
    Total Input Jitter      (TIJ):    0.000ns
    Discrete Jitter          (DJ):    0.000ns
    Phase Error              (PE):    0.000ns
  Clock Net Delay (Source):      2.028ns (routing 1.165ns, distribution 0.863ns)
  Clock Net Delay (Destination): 1.800ns (routing 1.055ns, distribution 0.745ns)

    Location             Delay type                Incr(ns)  Path(ns)    Netlist Resource(s)
  -------------------------------------------------------------------    -------------------
                         (clock sys_clk rise edge)    0.000     0.000 r  
    H24                                               0.000     0.000 r  sys_clk_p (IN)
                         net (fo=0)                   0.000     0.000    IBUFDS_u0/I
    HPIOBDIFFINBUF_X0Y155
                         DIFFINBUF (Prop_DIFFINBUF_HPIOBDIFFINBUF_DIFF_IN_P_O)
                                                      0.530     0.530 r  IBUFDS_u0/DIFFINBUF_INST/O
                         net (fo=1, routed)           0.050     0.580    IBUFDS_u0/OUT
    H24                  IBUFCTRL (Prop_IBUFCTRL_HPIOB_M_I_O)
                                                      0.000     0.580 r  IBUFDS_u0/IBUFCTRL_INST/O
                         net (fo=1, routed)           0.336     0.916    wire_clk
    BUFGCE_X0Y148        BUFGCE (Prop_BUFCE_BUFGCE_I_O)
                                                      0.028     0.944 r  wire_clk_BUFG_inst/O
    X3Y9 (CLOCK_ROOT)    net (fo=403, routed)         2.028     2.972    one_ms_counter/wire_clk_BUFG
    SLICE_X95Y552        FDRE                                         r  one_ms_counter/count_max_static_reg[33]/C
  -------------------------------------------------------------------    -------------------
    SLICE_X95Y552        FDRE (Prop_EFF2_SLICEL_C_Q)
                                                      0.081     3.053 r  one_ms_counter/count_max_static_reg[33]/Q
                         net (fo=5, routed)           0.557     3.610    one_ms_counter/count_max_static[33]
    SLICE_X99Y551        LUT4 (Prop_A6LUT_SLICEL_I3_O)
                                                      0.124     3.734 r  one_ms_counter/reg_count0_carry__1_i_16/O
                         net (fo=1, routed)           0.009     3.743    one_ms_counter/reg_count0_carry__1_i_16_n_0
    SLICE_X99Y551        CARRY8 (Prop_CARRY8_SLICEL_S[0]_CO[7])
                                                      0.197     3.940 r  one_ms_counter/reg_count0_carry__1/CO[7]
                         net (fo=1, routed)           0.205     4.145    one_ms_counter/reg_count0_carry__1_n_0
    SLICE_X99Y548        LUT3 (Prop_F6LUT_SLICEL_I0_O)
                                                      0.148     4.293 r  one_ms_counter/reg_count[0]_i_1/O
                         net (fo=48, routed)          0.443     4.736    one_ms_counter/reg_count[0]_i_1_n_0
    SLICE_X100Y553       FDRE                                         r  one_ms_counter/reg_count_reg[40]/R
  -------------------------------------------------------------------    -------------------

                         (clock sys_clk rise edge)    5.000     5.000 r  
    H24                                               0.000     5.000 r  sys_clk_p (IN)
                         net (fo=0)                   0.000     5.000    IBUFDS_u0/I
    HPIOBDIFFINBUF_X0Y155
                         DIFFINBUF (Prop_DIFFINBUF_HPIOBDIFFINBUF_DIFF_IN_P_O)
                                                      0.433     5.433 r  IBUFDS_u0/DIFFINBUF_INST/O
                         net (fo=1, routed)           0.040     5.473    IBUFDS_u0/OUT
    H24                  IBUFCTRL (Prop_IBUFCTRL_HPIOB_M_I_O)
                                                      0.000     5.473 r  IBUFDS_u0/IBUFCTRL_INST/O
                         net (fo=1, routed)           0.297     5.770    wire_clk
    BUFGCE_X0Y148        BUFGCE (Prop_BUFCE_BUFGCE_I_O)
                                                      0.024     5.794 r  wire_clk_BUFG_inst/O
    X3Y9 (CLOCK_ROOT)    net (fo=403, routed)         1.800     7.594    one_ms_counter/wire_clk_BUFG
    SLICE_X100Y553       FDRE                                         r  one_ms_counter/reg_count_reg[40]/C
                         clock pessimism              0.294     7.889    
                         clock uncertainty           -0.035     7.853    
    SLICE_X100Y553       FDRE (Setup_AFF_SLICEL_C_R)
                                                     -0.074     7.779    one_ms_counter/reg_count_reg[40]
  -------------------------------------------------------------------
                         required time                          7.779    
                         arrival time                          -4.736    
  -------------------------------------------------------------------
                         slack                                  3.044    





Min Delay Paths
--------------------------------------------------------------------------------------
Slack (MET) :             0.029ns  (arrival time - required time)
  Source:                 one_ms_counter/count_max_dynamic_reg[19]/C
                            (rising edge-triggered cell FDRE clocked by sys_clk  {rise@0.000ns fall@2.500ns period=5.000ns})
  Destination:            one_ms_counter/count_max_static_reg[19]/D
                            (rising edge-triggered cell FDRE clocked by sys_clk  {rise@0.000ns fall@2.500ns period=5.000ns})
  Path Group:             sys_clk
  Path Type:              Hold (Min at Slow Process Corner)
  Requirement:            0.000ns  (sys_clk rise@0.000ns - sys_clk rise@0.000ns)
  Data Path Delay:        0.204ns  (logic 0.059ns (28.922%)  route 0.145ns (71.078%))
  Logic Levels:           0  
  Clock Path Skew:        0.115ns (DCD - SCD - CPR)
    Destination Clock Delay (DCD):    3.003ns
    Source Clock Delay      (SCD):    2.593ns
    Clock Pessimism Removal (CPR):    0.294ns
  Clock Net Delay (Source):      1.799ns (routing 1.055ns, distribution 0.744ns)
  Clock Net Delay (Destination): 2.059ns (routing 1.165ns, distribution 0.894ns)

    Location             Delay type                Incr(ns)  Path(ns)    Netlist Resource(s)
  -------------------------------------------------------------------    -------------------
                         (clock sys_clk rise edge)    0.000     0.000 r  
    H24                                               0.000     0.000 r  sys_clk_p (IN)
                         net (fo=0)                   0.000     0.000    IBUFDS_u0/I
    HPIOBDIFFINBUF_X0Y155
                         DIFFINBUF (Prop_DIFFINBUF_HPIOBDIFFINBUF_DIFF_IN_P_O)
                                                      0.433     0.433 r  IBUFDS_u0/DIFFINBUF_INST/O
                         net (fo=1, routed)           0.040     0.473    IBUFDS_u0/OUT
    H24                  IBUFCTRL (Prop_IBUFCTRL_HPIOB_M_I_O)
                                                      0.000     0.473 r  IBUFDS_u0/IBUFCTRL_INST/O
                         net (fo=1, routed)           0.297     0.770    wire_clk
    BUFGCE_X0Y148        BUFGCE (Prop_BUFCE_BUFGCE_I_O)
                                                      0.024     0.794 r  wire_clk_BUFG_inst/O
    X3Y9 (CLOCK_ROOT)    net (fo=403, routed)         1.799     2.593    one_ms_counter/wire_clk_BUFG
    SLICE_X96Y550        FDRE                                         r  one_ms_counter/count_max_dynamic_reg[19]/C
  -------------------------------------------------------------------    -------------------
    SLICE_X96Y550        FDRE (Prop_DFF_SLICEL_C_Q)
                                                      0.059     2.652 r  one_ms_counter/count_max_dynamic_reg[19]/Q
                         net (fo=1, routed)           0.145     2.797    one_ms_counter/count_max_dynamic[19]
    SLICE_X101Y550       FDRE                                         r  one_ms_counter/count_max_static_reg[19]/D
  -------------------------------------------------------------------    -------------------

                         (clock sys_clk rise edge)    0.000     0.000 r  
    H24                                               0.000     0.000 r  sys_clk_p (IN)
                         net (fo=0)                   0.000     0.000    IBUFDS_u0/I
    HPIOBDIFFINBUF_X0Y155
                         DIFFINBUF (Prop_DIFFINBUF_HPIOBDIFFINBUF_DIFF_IN_P_O)
                                                      0.530     0.530 r  IBUFDS_u0/DIFFINBUF_INST/O
                         net (fo=1, routed)           0.050     0.580    IBUFDS_u0/OUT
    H24                  IBUFCTRL (Prop_IBUFCTRL_HPIOB_M_I_O)
                                                      0.000     0.580 r  IBUFDS_u0/IBUFCTRL_INST/O
                         net (fo=1, routed)           0.336     0.916    wire_clk
    BUFGCE_X0Y148        BUFGCE (Prop_BUFCE_BUFGCE_I_O)
                                                      0.028     0.944 r  wire_clk_BUFG_inst/O
    X3Y9 (CLOCK_ROOT)    net (fo=403, routed)         2.059     3.003    one_ms_counter/wire_clk_BUFG
    SLICE_X101Y550       FDRE                                         r  one_ms_counter/count_max_static_reg[19]/C
                         clock pessimism             -0.294     2.708    
    SLICE_X101Y550       FDRE (Hold_EFF_SLICEL_C_D)
                                                      0.060     2.768    one_ms_counter/count_max_static_reg[19]
  -------------------------------------------------------------------
                         required time                         -2.768    
                         arrival time                           2.797    
  -------------------------------------------------------------------
                         slack                                  0.029    

Slack (MET) :             0.039ns  (arrival time - required time)
  Source:                 one_ms_counter/count_max_dynamic_reg[4]/C
                            (rising edge-triggered cell FDRE clocked by sys_clk  {rise@0.000ns fall@2.500ns period=5.000ns})
  Destination:            one_ms_counter/count_max_static_reg[4]/D
                            (rising edge-triggered cell FDRE clocked by sys_clk  {rise@0.000ns fall@2.500ns period=5.000ns})
  Path Group:             sys_clk
  Path Type:              Hold (Min at Slow Process Corner)
  Requirement:            0.000ns  (sys_clk rise@0.000ns - sys_clk rise@0.000ns)
  Data Path Delay:        0.197ns  (logic 0.059ns (29.949%)  route 0.138ns (70.051%))
  Logic Levels:           0  
  Clock Path Skew:        0.096ns (DCD - SCD - CPR)
    Destination Clock Delay (DCD):    2.986ns
    Source Clock Delay      (SCD):    2.595ns
    Clock Pessimism Removal (CPR):    0.294ns
  Clock Net Delay (Source):      1.801ns (routing 1.055ns, distribution 0.746ns)
  Clock Net Delay (Destination): 2.042ns (routing 1.165ns, distribution 0.877ns)

    Location             Delay type                Incr(ns)  Path(ns)    Netlist Resource(s)
  -------------------------------------------------------------------    -------------------
                         (clock sys_clk rise edge)    0.000     0.000 r  
    H24                                               0.000     0.000 r  sys_clk_p (IN)
                         net (fo=0)                   0.000     0.000    IBUFDS_u0/I
    HPIOBDIFFINBUF_X0Y155
                         DIFFINBUF (Prop_DIFFINBUF_HPIOBDIFFINBUF_DIFF_IN_P_O)
                                                      0.433     0.433 r  IBUFDS_u0/DIFFINBUF_INST/O
                         net (fo=1, routed)           0.040     0.473    IBUFDS_u0/OUT
    H24                  IBUFCTRL (Prop_IBUFCTRL_HPIOB_M_I_O)
                                                      0.000     0.473 r  IBUFDS_u0/IBUFCTRL_INST/O
                         net (fo=1, routed)           0.297     0.770    wire_clk
    BUFGCE_X0Y148        BUFGCE (Prop_BUFCE_BUFGCE_I_O)
                                                      0.024     0.794 r  wire_clk_BUFG_inst/O
    X3Y9 (CLOCK_ROOT)    net (fo=403, routed)         1.801     2.595    one_ms_counter/wire_clk_BUFG
    SLICE_X96Y548        FDRE                                         r  one_ms_counter/count_max_dynamic_reg[4]/C
  -------------------------------------------------------------------    -------------------
    SLICE_X96Y548        FDRE (Prop_EFF_SLICEL_C_Q)
                                                      0.059     2.654 r  one_ms_counter/count_max_dynamic_reg[4]/Q
                         net (fo=1, routed)           0.138     2.792    one_ms_counter/count_max_dynamic[4]
    SLICE_X98Y548        FDRE                                         r  one_ms_counter/count_max_static_reg[4]/D
  -------------------------------------------------------------------    -------------------

                         (clock sys_clk rise edge)    0.000     0.000 r  
    H24                                               0.000     0.000 r  sys_clk_p (IN)
                         net (fo=0)                   0.000     0.000    IBUFDS_u0/I
    HPIOBDIFFINBUF_X0Y155
                         DIFFINBUF (Prop_DIFFINBUF_HPIOBDIFFINBUF_DIFF_IN_P_O)
                                                      0.530     0.530 r  IBUFDS_u0/DIFFINBUF_INST/O
                         net (fo=1, routed)           0.050     0.580    IBUFDS_u0/OUT
    H24                  IBUFCTRL (Prop_IBUFCTRL_HPIOB_M_I_O)
                                                      0.000     0.580 r  IBUFDS_u0/IBUFCTRL_INST/O
                         net (fo=1, routed)           0.336     0.916    wire_clk
    BUFGCE_X0Y148        BUFGCE (Prop_BUFCE_BUFGCE_I_O)
                                                      0.028     0.944 r  wire_clk_BUFG_inst/O
    X3Y9 (CLOCK_ROOT)    net (fo=403, routed)         2.042     2.986    one_ms_counter/wire_clk_BUFG
    SLICE_X98Y548        FDRE                                         r  one_ms_counter/count_max_static_reg[4]/C
                         clock pessimism             -0.294     2.691    
    SLICE_X98Y548        FDRE (Hold_GFF2_SLICEM_C_D)
                                                      0.062     2.753    one_ms_counter/count_max_static_reg[4]
  -------------------------------------------------------------------
                         required time                         -2.753    
                         arrival time                           2.792    
  -------------------------------------------------------------------
                         slack                                  0.039    

Slack (MET) :             0.040ns  (arrival time - required time)
  Source:                 one_ms_counter/count_middleware_reg[2][22]/C
                            (rising edge-triggered cell FDRE clocked by sys_clk  {rise@0.000ns fall@2.500ns period=5.000ns})
  Destination:            one_ms_counter/count_middleware_reg[5][22]/D
                            (rising edge-triggered cell FDRE clocked by sys_clk  {rise@0.000ns fall@2.500ns period=5.000ns})
  Path Group:             sys_clk
  Path Type:              Hold (Min at Slow Process Corner)
  Requirement:            0.000ns  (sys_clk rise@0.000ns - sys_clk rise@0.000ns)
  Data Path Delay:        0.212ns  (logic 0.121ns (57.075%)  route 0.091ns (42.924%))
  Logic Levels:           2  (CARRY8=1 LUT2=1)
  Clock Path Skew:        0.112ns (DCD - SCD - CPR)
    Destination Clock Delay (DCD):    2.998ns
    Source Clock Delay      (SCD):    2.591ns
    Clock Pessimism Removal (CPR):    0.294ns
  Clock Net Delay (Source):      1.797ns (routing 1.055ns, distribution 0.742ns)
  Clock Net Delay (Destination): 2.054ns (routing 1.165ns, distribution 0.889ns)

    Location             Delay type                Incr(ns)  Path(ns)    Netlist Resource(s)
  -------------------------------------------------------------------    -------------------
                         (clock sys_clk rise edge)    0.000     0.000 r  
    H24                                               0.000     0.000 r  sys_clk_p (IN)
                         net (fo=0)                   0.000     0.000    IBUFDS_u0/I
    HPIOBDIFFINBUF_X0Y155
                         DIFFINBUF (Prop_DIFFINBUF_HPIOBDIFFINBUF_DIFF_IN_P_O)
                                                      0.433     0.433 r  IBUFDS_u0/DIFFINBUF_INST/O
                         net (fo=1, routed)           0.040     0.473    IBUFDS_u0/OUT
    H24                  IBUFCTRL (Prop_IBUFCTRL_HPIOB_M_I_O)
                                                      0.000     0.473 r  IBUFDS_u0/IBUFCTRL_INST/O
                         net (fo=1, routed)           0.297     0.770    wire_clk
    BUFGCE_X0Y148        BUFGCE (Prop_BUFCE_BUFGCE_I_O)
                                                      0.024     0.794 r  wire_clk_BUFG_inst/O
    X3Y9 (CLOCK_ROOT)    net (fo=403, routed)         1.797     2.591    one_ms_counter/wire_clk_BUFG
    SLICE_X96Y546        FDRE                                         r  one_ms_counter/count_middleware_reg[2][22]/C
  -------------------------------------------------------------------    -------------------
    SLICE_X96Y546        FDRE (Prop_HFF_SLICEL_C_Q)
                                                      0.058     2.649 r  one_ms_counter/count_middleware_reg[2][22]/Q
                         net (fo=2, routed)           0.066     2.715    one_ms_counter/count_middleware_reg[2]__0[22]
    SLICE_X97Y546        LUT2 (Prop_G6LUT_SLICEM_I0_O)
                                                      0.035     2.750 r  one_ms_counter/count_middleware[5][23]_i_3/O
                         net (fo=1, routed)           0.015     2.765    one_ms_counter/count_middleware[5][23]_i_3_n_0
    SLICE_X97Y546        CARRY8 (Prop_CARRY8_SLICEM_S[6]_O[6])
                                                      0.028     2.793 r  one_ms_counter/count_middleware_reg[5][23]_i_1/O[6]
                         net (fo=1, routed)           0.010     2.803    one_ms_counter/count_middleware_reg[5][23]_i_1_n_9
    SLICE_X97Y546        FDRE                                         r  one_ms_counter/count_middleware_reg[5][22]/D
  -------------------------------------------------------------------    -------------------

                         (clock sys_clk rise edge)    0.000     0.000 r  
    H24                                               0.000     0.000 r  sys_clk_p (IN)
                         net (fo=0)                   0.000     0.000    IBUFDS_u0/I
    HPIOBDIFFINBUF_X0Y155
                         DIFFINBUF (Prop_DIFFINBUF_HPIOBDIFFINBUF_DIFF_IN_P_O)
                                                      0.530     0.530 r  IBUFDS_u0/DIFFINBUF_INST/O
                         net (fo=1, routed)           0.050     0.580    IBUFDS_u0/OUT
    H24                  IBUFCTRL (Prop_IBUFCTRL_HPIOB_M_I_O)
                                                      0.000     0.580 r  IBUFDS_u0/IBUFCTRL_INST/O
                         net (fo=1, routed)           0.336     0.916    wire_clk
    BUFGCE_X0Y148        BUFGCE (Prop_BUFCE_BUFGCE_I_O)
                                                      0.028     0.944 r  wire_clk_BUFG_inst/O
    X3Y9 (CLOCK_ROOT)    net (fo=403, routed)         2.054     2.998    one_ms_counter/wire_clk_BUFG
    SLICE_X97Y546        FDRE                                         r  one_ms_counter/count_middleware_reg[5][22]/C
                         clock pessimism             -0.294     2.703    
    SLICE_X97Y546        FDRE (Hold_GFF_SLICEM_C_D)
                                                      0.060     2.763    one_ms_counter/count_middleware_reg[5][22]
  -------------------------------------------------------------------
                         required time                         -2.763    
                         arrival time                           2.803    
  -------------------------------------------------------------------
                         slack                                  0.040    

Slack (MET) :             0.046ns  (arrival time - required time)
  Source:                 one_ms_counter/count_middleware_reg[2][11]/C
                            (rising edge-triggered cell FDRE clocked by sys_clk  {rise@0.000ns fall@2.500ns period=5.000ns})
  Destination:            one_ms_counter/count_middleware_reg[5][11]/D
                            (rising edge-triggered cell FDRE clocked by sys_clk  {rise@0.000ns fall@2.500ns period=5.000ns})
  Path Group:             sys_clk
  Path Type:              Hold (Min at Fast Process Corner)
  Requirement:            0.000ns  (sys_clk rise@0.000ns - sys_clk rise@0.000ns)
  Data Path Delay:        0.149ns  (logic 0.074ns (49.664%)  route 0.075ns (50.336%))
  Logic Levels:           2  (CARRY8=1 LUT2=1)
  Clock Path Skew:        0.057ns (DCD - SCD - CPR)
    Destination Clock Delay (DCD):    1.915ns
    Source Clock Delay      (SCD):    1.616ns
    Clock Pessimism Removal (CPR):    0.241ns
  Clock Net Delay (Source):      1.120ns (routing 0.641ns, distribution 0.479ns)
  Clock Net Delay (Destination): 1.270ns (routing 0.711ns, distribution 0.559ns)

    Location             Delay type                Incr(ns)  Path(ns)    Netlist Resource(s)
  -------------------------------------------------------------------    -------------------
                         (clock sys_clk rise edge)    0.000     0.000 r  
    H24                                               0.000     0.000 r  sys_clk_p (IN)
                         net (fo=0)                   0.000     0.000    IBUFDS_u0/I
    HPIOBDIFFINBUF_X0Y155
                         DIFFINBUF (Prop_DIFFINBUF_HPIOBDIFFINBUF_DIFF_IN_P_O)
                                                      0.288     0.288 r  IBUFDS_u0/DIFFINBUF_INST/O
                         net (fo=1, routed)           0.040     0.328    IBUFDS_u0/OUT
    H24                  IBUFCTRL (Prop_IBUFCTRL_HPIOB_M_I_O)
                                                      0.000     0.328 r  IBUFDS_u0/IBUFCTRL_INST/O
                         net (fo=1, routed)           0.151     0.479    wire_clk
    BUFGCE_X0Y148        BUFGCE (Prop_BUFCE_BUFGCE_I_O)
                                                      0.017     0.496 r  wire_clk_BUFG_inst/O
    X3Y9 (CLOCK_ROOT)    net (fo=403, routed)         1.120     1.616    one_ms_counter/wire_clk_BUFG
    SLICE_X96Y545        FDRE                                         r  one_ms_counter/count_middleware_reg[2][11]/C
  -------------------------------------------------------------------    -------------------
    SLICE_X96Y545        FDRE (Prop_EFF2_SLICEL_C_Q)
                                                      0.040     1.656 r  one_ms_counter/count_middleware_reg[2][11]/Q
                         net (fo=2, routed)           0.052     1.708    one_ms_counter/count_middleware_reg[2]__0[11]
    SLICE_X97Y545        LUT2 (Prop_D6LUT_SLICEM_I0_O)
                                                      0.014     1.722 r  one_ms_counter/count_middleware[5][15]_i_6/O
                         net (fo=1, routed)           0.016     1.738    one_ms_counter/count_middleware[5][15]_i_6_n_0
    SLICE_X97Y545        CARRY8 (Prop_CARRY8_SLICEM_S[3]_O[3])
                                                      0.020     1.758 r  one_ms_counter/count_middleware_reg[5][15]_i_1/O[3]
                         net (fo=1, routed)           0.007     1.765    one_ms_counter/count_middleware_reg[5][15]_i_1_n_12
    SLICE_X97Y545        FDRE                                         r  one_ms_counter/count_middleware_reg[5][11]/D
  -------------------------------------------------------------------    -------------------

                         (clock sys_clk rise edge)    0.000     0.000 r  
    H24                                               0.000     0.000 r  sys_clk_p (IN)
                         net (fo=0)                   0.000     0.000    IBUFDS_u0/I
    HPIOBDIFFINBUF_X0Y155
                         DIFFINBUF (Prop_DIFFINBUF_HPIOBDIFFINBUF_DIFF_IN_P_O)
                                                      0.387     0.387 r  IBUFDS_u0/DIFFINBUF_INST/O
                         net (fo=1, routed)           0.050     0.437    IBUFDS_u0/OUT
    H24                  IBUFCTRL (Prop_IBUFCTRL_HPIOB_M_I_O)
                                                      0.000     0.437 r  IBUFDS_u0/IBUFCTRL_INST/O
                         net (fo=1, routed)           0.189     0.626    wire_clk
    BUFGCE_X0Y148        BUFGCE (Prop_BUFCE_BUFGCE_I_O)
                                                      0.019     0.645 r  wire_clk_BUFG_inst/O
    X3Y9 (CLOCK_ROOT)    net (fo=403, routed)         1.270     1.915    one_ms_counter/wire_clk_BUFG
    SLICE_X97Y545        FDRE                                         r  one_ms_counter/count_middleware_reg[5][11]/C
                         clock pessimism             -0.241     1.673    
    SLICE_X97Y545        FDRE (Hold_DFF_SLICEM_C_D)
                                                      0.046     1.719    one_ms_counter/count_middleware_reg[5][11]
  -------------------------------------------------------------------
                         required time                         -1.719    
                         arrival time                           1.765    
  -------------------------------------------------------------------
                         slack                                  0.046    

Slack (MET) :             0.046ns  (arrival time - required time)
  Source:                 one_ms_counter/count_max_dynamic_reg[41]/C
                            (rising edge-triggered cell FDRE clocked by sys_clk  {rise@0.000ns fall@2.500ns period=5.000ns})
  Destination:            one_ms_counter/count_max_static_reg[41]/D
                            (rising edge-triggered cell FDRE clocked by sys_clk  {rise@0.000ns fall@2.500ns period=5.000ns})
  Path Group:             sys_clk
  Path Type:              Hold (Min at Slow Process Corner)
  Requirement:            0.000ns  (sys_clk rise@0.000ns - sys_clk rise@0.000ns)
  Data Path Delay:        0.192ns  (logic 0.059ns (30.729%)  route 0.133ns (69.271%))
  Logic Levels:           0  
  Clock Path Skew:        0.086ns (DCD - SCD - CPR)
    Destination Clock Delay (DCD):    2.972ns
    Source Clock Delay      (SCD):    2.591ns
    Clock Pessimism Removal (CPR):    0.294ns
  Clock Net Delay (Source):      1.797ns (routing 1.055ns, distribution 0.742ns)
  Clock Net Delay (Destination): 2.028ns (routing 1.165ns, distribution 0.863ns)

    Location             Delay type                Incr(ns)  Path(ns)    Netlist Resource(s)
  -------------------------------------------------------------------    -------------------
                         (clock sys_clk rise edge)    0.000     0.000 r  
    H24                                               0.000     0.000 r  sys_clk_p (IN)
                         net (fo=0)                   0.000     0.000    IBUFDS_u0/I
    HPIOBDIFFINBUF_X0Y155
                         DIFFINBUF (Prop_DIFFINBUF_HPIOBDIFFINBUF_DIFF_IN_P_O)
                                                      0.433     0.433 r  IBUFDS_u0/DIFFINBUF_INST/O
                         net (fo=1, routed)           0.040     0.473    IBUFDS_u0/OUT
    H24                  IBUFCTRL (Prop_IBUFCTRL_HPIOB_M_I_O)
                                                      0.000     0.473 r  IBUFDS_u0/IBUFCTRL_INST/O
                         net (fo=1, routed)           0.297     0.770    wire_clk
    BUFGCE_X0Y148        BUFGCE (Prop_BUFCE_BUFGCE_I_O)
                                                      0.024     0.794 r  wire_clk_BUFG_inst/O
    X3Y9 (CLOCK_ROOT)    net (fo=403, routed)         1.797     2.591    one_ms_counter/wire_clk_BUFG
    SLICE_X96Y553        FDRE                                         r  one_ms_counter/count_max_dynamic_reg[41]/C
  -------------------------------------------------------------------    -------------------
    SLICE_X96Y553        FDRE (Prop_BFF_SLICEL_C_Q)
                                                      0.059     2.650 r  one_ms_counter/count_max_dynamic_reg[41]/Q
                         net (fo=1, routed)           0.133     2.783    one_ms_counter/count_max_dynamic[41]
    SLICE_X95Y553        FDRE                                         r  one_ms_counter/count_max_static_reg[41]/D
  -------------------------------------------------------------------    -------------------

                         (clock sys_clk rise edge)    0.000     0.000 r  
    H24                                               0.000     0.000 r  sys_clk_p (IN)
                         net (fo=0)                   0.000     0.000    IBUFDS_u0/I
    HPIOBDIFFINBUF_X0Y155
                         DIFFINBUF (Prop_DIFFINBUF_HPIOBDIFFINBUF_DIFF_IN_P_O)
                                                      0.530     0.530 r  IBUFDS_u0/DIFFINBUF_INST/O
                         net (fo=1, routed)           0.050     0.580    IBUFDS_u0/OUT
    H24                  IBUFCTRL (Prop_IBUFCTRL_HPIOB_M_I_O)
                                                      0.000     0.580 r  IBUFDS_u0/IBUFCTRL_INST/O
                         net (fo=1, routed)           0.336     0.916    wire_clk
    BUFGCE_X0Y148        BUFGCE (Prop_BUFCE_BUFGCE_I_O)
                                                      0.028     0.944 r  wire_clk_BUFG_inst/O
    X3Y9 (CLOCK_ROOT)    net (fo=403, routed)         2.028     2.972    one_ms_counter/wire_clk_BUFG
    SLICE_X95Y553        FDRE                                         r  one_ms_counter/count_max_static_reg[41]/C
                         clock pessimism             -0.294     2.677    
    SLICE_X95Y553        FDRE (Hold_EFF_SLICEL_C_D)
                                                      0.060     2.737    one_ms_counter/count_max_static_reg[41]
  -------------------------------------------------------------------
                         required time                         -2.737    
                         arrival time                           2.783    
  -------------------------------------------------------------------
                         slack                                  0.046    

Slack (MET) :             0.049ns  (arrival time - required time)
  Source:                 one_ms_counter/count_max_dynamic_reg[11]/C
                            (rising edge-triggered cell FDRE clocked by sys_clk  {rise@0.000ns fall@2.500ns period=5.000ns})
  Destination:            one_ms_counter/count_max_static_reg[11]/D
                            (rising edge-triggered cell FDRE clocked by sys_clk  {rise@0.000ns fall@2.500ns period=5.000ns})
  Path Group:             sys_clk
  Path Type:              Hold (Min at Slow Process Corner)
  Requirement:            0.000ns  (sys_clk rise@0.000ns - sys_clk rise@0.000ns)
  Data Path Delay:        0.186ns  (logic 0.059ns (31.720%)  route 0.127ns (68.280%))
  Logic Levels:           0  
  Clock Path Skew:        0.075ns (DCD - SCD - CPR)
    Destination Clock Delay (DCD):    2.963ns
    Source Clock Delay      (SCD):    2.593ns
    Clock Pessimism Removal (CPR):    0.294ns
  Clock Net Delay (Source):      1.799ns (routing 1.055ns, distribution 0.744ns)
  Clock Net Delay (Destination): 2.019ns (routing 1.165ns, distribution 0.854ns)

    Location             Delay type                Incr(ns)  Path(ns)    Netlist Resource(s)
  -------------------------------------------------------------------    -------------------
                         (clock sys_clk rise edge)    0.000     0.000 r  
    H24                                               0.000     0.000 r  sys_clk_p (IN)
                         net (fo=0)                   0.000     0.000    IBUFDS_u0/I
    HPIOBDIFFINBUF_X0Y155
                         DIFFINBUF (Prop_DIFFINBUF_HPIOBDIFFINBUF_DIFF_IN_P_O)
                                                      0.433     0.433 r  IBUFDS_u0/DIFFINBUF_INST/O
                         net (fo=1, routed)           0.040     0.473    IBUFDS_u0/OUT
    H24                  IBUFCTRL (Prop_IBUFCTRL_HPIOB_M_I_O)
                                                      0.000     0.473 r  IBUFDS_u0/IBUFCTRL_INST/O
                         net (fo=1, routed)           0.297     0.770    wire_clk
    BUFGCE_X0Y148        BUFGCE (Prop_BUFCE_BUFGCE_I_O)
                                                      0.024     0.794 r  wire_clk_BUFG_inst/O
    X3Y9 (CLOCK_ROOT)    net (fo=403, routed)         1.799     2.593    one_ms_counter/wire_clk_BUFG
    SLICE_X96Y549        FDRE                                         r  one_ms_counter/count_max_dynamic_reg[11]/C
  -------------------------------------------------------------------    -------------------
    SLICE_X96Y549        FDRE (Prop_DFF_SLICEL_C_Q)
                                                      0.059     2.652 r  one_ms_counter/count_max_dynamic_reg[11]/Q
                         net (fo=1, routed)           0.127     2.779    one_ms_counter/count_max_dynamic[11]
    SLICE_X95Y549        FDRE                                         r  one_ms_counter/count_max_static_reg[11]/D
  -------------------------------------------------------------------    -------------------

                         (clock sys_clk rise edge)    0.000     0.000 r  
    H24                                               0.000     0.000 r  sys_clk_p (IN)
                         net (fo=0)                   0.000     0.000    IBUFDS_u0/I
    HPIOBDIFFINBUF_X0Y155
                         DIFFINBUF (Prop_DIFFINBUF_HPIOBDIFFINBUF_DIFF_IN_P_O)
                                                      0.530     0.530 r  IBUFDS_u0/DIFFINBUF_INST/O
                         net (fo=1, routed)           0.050     0.580    IBUFDS_u0/OUT
    H24                  IBUFCTRL (Prop_IBUFCTRL_HPIOB_M_I_O)
                                                      0.000     0.580 r  IBUFDS_u0/IBUFCTRL_INST/O
                         net (fo=1, routed)           0.336     0.916    wire_clk
    BUFGCE_X0Y148        BUFGCE (Prop_BUFCE_BUFGCE_I_O)
                                                      0.028     0.944 r  wire_clk_BUFG_inst/O
    X3Y9 (CLOCK_ROOT)    net (fo=403, routed)         2.019     2.963    one_ms_counter/wire_clk_BUFG
    SLICE_X95Y549        FDRE                                         r  one_ms_counter/count_max_static_reg[11]/C
                         clock pessimism             -0.294     2.668    
    SLICE_X95Y549        FDRE (Hold_EFF2_SLICEL_C_D)
                                                      0.062     2.730    one_ms_counter/count_max_static_reg[11]
  -------------------------------------------------------------------
                         required time                         -2.730    
                         arrival time                           2.779    
  -------------------------------------------------------------------
                         slack                                  0.049    

Slack (MET) :             0.050ns  (arrival time - required time)
  Source:                 one_ms_counter/count_max_dynamic_reg[17]/C
                            (rising edge-triggered cell FDRE clocked by sys_clk  {rise@0.000ns fall@2.500ns period=5.000ns})
  Destination:            one_ms_counter/count_max_static_reg[17]/D
                            (rising edge-triggered cell FDRE clocked by sys_clk  {rise@0.000ns fall@2.500ns period=5.000ns})
  Path Group:             sys_clk
  Path Type:              Hold (Min at Slow Process Corner)
  Requirement:            0.000ns  (sys_clk rise@0.000ns - sys_clk rise@0.000ns)
  Data Path Delay:        0.225ns  (logic 0.059ns (26.222%)  route 0.166ns (73.778%))
  Logic Levels:           0  
  Clock Path Skew:        0.115ns (DCD - SCD - CPR)
    Destination Clock Delay (DCD):    3.003ns
    Source Clock Delay      (SCD):    2.593ns
    Clock Pessimism Removal (CPR):    0.294ns
  Clock Net Delay (Source):      1.799ns (routing 1.055ns, distribution 0.744ns)
  Clock Net Delay (Destination): 2.059ns (routing 1.165ns, distribution 0.894ns)

    Location             Delay type                Incr(ns)  Path(ns)    Netlist Resource(s)
  -------------------------------------------------------------------    -------------------
                         (clock sys_clk rise edge)    0.000     0.000 r  
    H24                                               0.000     0.000 r  sys_clk_p (IN)
                         net (fo=0)                   0.000     0.000    IBUFDS_u0/I
    HPIOBDIFFINBUF_X0Y155
                         DIFFINBUF (Prop_DIFFINBUF_HPIOBDIFFINBUF_DIFF_IN_P_O)
                                                      0.433     0.433 r  IBUFDS_u0/DIFFINBUF_INST/O
                         net (fo=1, routed)           0.040     0.473    IBUFDS_u0/OUT
    H24                  IBUFCTRL (Prop_IBUFCTRL_HPIOB_M_I_O)
                                                      0.000     0.473 r  IBUFDS_u0/IBUFCTRL_INST/O
                         net (fo=1, routed)           0.297     0.770    wire_clk
    BUFGCE_X0Y148        BUFGCE (Prop_BUFCE_BUFGCE_I_O)
                                                      0.024     0.794 r  wire_clk_BUFG_inst/O
    X3Y9 (CLOCK_ROOT)    net (fo=403, routed)         1.799     2.593    one_ms_counter/wire_clk_BUFG
    SLICE_X96Y550        FDRE                                         r  one_ms_counter/count_max_dynamic_reg[17]/C
  -------------------------------------------------------------------    -------------------
    SLICE_X96Y550        FDRE (Prop_BFF_SLICEL_C_Q)
                                                      0.059     2.652 r  one_ms_counter/count_max_dynamic_reg[17]/Q
                         net (fo=1, routed)           0.166     2.818    one_ms_counter/count_max_dynamic[17]
    SLICE_X101Y550       FDRE                                         r  one_ms_counter/count_max_static_reg[17]/D
  -------------------------------------------------------------------    -------------------

                         (clock sys_clk rise edge)    0.000     0.000 r  
    H24                                               0.000     0.000 r  sys_clk_p (IN)
                         net (fo=0)                   0.000     0.000    IBUFDS_u0/I
    HPIOBDIFFINBUF_X0Y155
                         DIFFINBUF (Prop_DIFFINBUF_HPIOBDIFFINBUF_DIFF_IN_P_O)
                                                      0.530     0.530 r  IBUFDS_u0/DIFFINBUF_INST/O
                         net (fo=1, routed)           0.050     0.580    IBUFDS_u0/OUT
    H24                  IBUFCTRL (Prop_IBUFCTRL_HPIOB_M_I_O)
                                                      0.000     0.580 r  IBUFDS_u0/IBUFCTRL_INST/O
                         net (fo=1, routed)           0.336     0.916    wire_clk
    BUFGCE_X0Y148        BUFGCE (Prop_BUFCE_BUFGCE_I_O)
                                                      0.028     0.944 r  wire_clk_BUFG_inst/O
    X3Y9 (CLOCK_ROOT)    net (fo=403, routed)         2.059     3.003    one_ms_counter/wire_clk_BUFG
    SLICE_X101Y550       FDRE                                         r  one_ms_counter/count_max_static_reg[17]/C
                         clock pessimism             -0.294     2.708    
    SLICE_X101Y550       FDRE (Hold_GFF_SLICEL_C_D)
                                                      0.060     2.768    one_ms_counter/count_max_static_reg[17]
  -------------------------------------------------------------------
                         required time                         -2.768    
                         arrival time                           2.818    
  -------------------------------------------------------------------
                         slack                                  0.050    

Slack (MET) :             0.051ns  (arrival time - required time)
  Source:                 one_ms_counter/count_max_dynamic_reg[21]/C
                            (rising edge-triggered cell FDRE clocked by sys_clk  {rise@0.000ns fall@2.500ns period=5.000ns})
  Destination:            one_ms_counter/count_max_static_reg[21]/D
                            (rising edge-triggered cell FDRE clocked by sys_clk  {rise@0.000ns fall@2.500ns period=5.000ns})
  Path Group:             sys_clk
  Path Type:              Hold (Min at Slow Process Corner)
  Requirement:            0.000ns  (sys_clk rise@0.000ns - sys_clk rise@0.000ns)
  Data Path Delay:        0.221ns  (logic 0.058ns (26.244%)  route 0.163ns (73.756%))
  Logic Levels:           0  
  Clock Path Skew:        0.108ns (DCD - SCD - CPR)
    Destination Clock Delay (DCD):    2.998ns
    Source Clock Delay      (SCD):    2.595ns
    Clock Pessimism Removal (CPR):    0.294ns
  Clock Net Delay (Source):      1.801ns (routing 1.055ns, distribution 0.746ns)
  Clock Net Delay (Destination): 2.054ns (routing 1.165ns, distribution 0.889ns)

    Location             Delay type                Incr(ns)  Path(ns)    Netlist Resource(s)
  -------------------------------------------------------------------    -------------------
                         (clock sys_clk rise edge)    0.000     0.000 r  
    H24                                               0.000     0.000 r  sys_clk_p (IN)
                         net (fo=0)                   0.000     0.000    IBUFDS_u0/I
    HPIOBDIFFINBUF_X0Y155
                         DIFFINBUF (Prop_DIFFINBUF_HPIOBDIFFINBUF_DIFF_IN_P_O)
                                                      0.433     0.433 r  IBUFDS_u0/DIFFINBUF_INST/O
                         net (fo=1, routed)           0.040     0.473    IBUFDS_u0/OUT
    H24                  IBUFCTRL (Prop_IBUFCTRL_HPIOB_M_I_O)
                                                      0.000     0.473 r  IBUFDS_u0/IBUFCTRL_INST/O
                         net (fo=1, routed)           0.297     0.770    wire_clk
    BUFGCE_X0Y148        BUFGCE (Prop_BUFCE_BUFGCE_I_O)
                                                      0.024     0.794 r  wire_clk_BUFG_inst/O
    X3Y9 (CLOCK_ROOT)    net (fo=403, routed)         1.801     2.595    one_ms_counter/wire_clk_BUFG
    SLICE_X96Y550        FDRE                                         r  one_ms_counter/count_max_dynamic_reg[21]/C
  -------------------------------------------------------------------    -------------------
    SLICE_X96Y550        FDRE (Prop_FFF_SLICEL_C_Q)
                                                      0.058     2.653 r  one_ms_counter/count_max_dynamic_reg[21]/Q
                         net (fo=1, routed)           0.163     2.816    one_ms_counter/count_max_dynamic[21]
    SLICE_X101Y550       FDRE                                         r  one_ms_counter/count_max_static_reg[21]/D
  -------------------------------------------------------------------    -------------------

                         (clock sys_clk rise edge)    0.000     0.000 r  
    H24                                               0.000     0.000 r  sys_clk_p (IN)
                         net (fo=0)                   0.000     0.000    IBUFDS_u0/I
    HPIOBDIFFINBUF_X0Y155
                         DIFFINBUF (Prop_DIFFINBUF_HPIOBDIFFINBUF_DIFF_IN_P_O)
                                                      0.530     0.530 r  IBUFDS_u0/DIFFINBUF_INST/O
                         net (fo=1, routed)           0.050     0.580    IBUFDS_u0/OUT
    H24                  IBUFCTRL (Prop_IBUFCTRL_HPIOB_M_I_O)
                                                      0.000     0.580 r  IBUFDS_u0/IBUFCTRL_INST/O
                         net (fo=1, routed)           0.336     0.916    wire_clk
    BUFGCE_X0Y148        BUFGCE (Prop_BUFCE_BUFGCE_I_O)
                                                      0.028     0.944 r  wire_clk_BUFG_inst/O
    X3Y9 (CLOCK_ROOT)    net (fo=403, routed)         2.054     2.998    one_ms_counter/wire_clk_BUFG
    SLICE_X101Y550       FDRE                                         r  one_ms_counter/count_max_static_reg[21]/C
                         clock pessimism             -0.294     2.703    
    SLICE_X101Y550       FDRE (Hold_CFF2_SLICEL_C_D)
                                                      0.062     2.765    one_ms_counter/count_max_static_reg[21]
  -------------------------------------------------------------------
                         required time                         -2.765    
                         arrival time                           2.816    
  -------------------------------------------------------------------
                         slack                                  0.051    

Slack (MET) :             0.053ns  (arrival time - required time)
  Source:                 one_ms_counter/count_max_dynamic_reg[8]/C
                            (rising edge-triggered cell FDRE clocked by sys_clk  {rise@0.000ns fall@2.500ns period=5.000ns})
  Destination:            one_ms_counter/count_max_static_reg[8]/D
                            (rising edge-triggered cell FDRE clocked by sys_clk  {rise@0.000ns fall@2.500ns period=5.000ns})
  Path Group:             sys_clk
  Path Type:              Hold (Min at Fast Process Corner)
  Requirement:            0.000ns  (sys_clk rise@0.000ns - sys_clk rise@0.000ns)
  Data Path Delay:        0.158ns  (logic 0.039ns (24.684%)  route 0.119ns (75.316%))
  Logic Levels:           0  
  Clock Path Skew:        0.058ns (DCD - SCD - CPR)
    Destination Clock Delay (DCD):    1.916ns
    Source Clock Delay      (SCD):    1.616ns
    Clock Pessimism Removal (CPR):    0.241ns
  Clock Net Delay (Source):      1.120ns (routing 0.641ns, distribution 0.479ns)
  Clock Net Delay (Destination): 1.271ns (routing 0.711ns, distribution 0.560ns)

    Location             Delay type                Incr(ns)  Path(ns)    Netlist Resource(s)
  -------------------------------------------------------------------    -------------------
                         (clock sys_clk rise edge)    0.000     0.000 r  
    H24                                               0.000     0.000 r  sys_clk_p (IN)
                         net (fo=0)                   0.000     0.000    IBUFDS_u0/I
    HPIOBDIFFINBUF_X0Y155
                         DIFFINBUF (Prop_DIFFINBUF_HPIOBDIFFINBUF_DIFF_IN_P_O)
                                                      0.288     0.288 r  IBUFDS_u0/DIFFINBUF_INST/O
                         net (fo=1, routed)           0.040     0.328    IBUFDS_u0/OUT
    H24                  IBUFCTRL (Prop_IBUFCTRL_HPIOB_M_I_O)
                                                      0.000     0.328 r  IBUFDS_u0/IBUFCTRL_INST/O
                         net (fo=1, routed)           0.151     0.479    wire_clk
    BUFGCE_X0Y148        BUFGCE (Prop_BUFCE_BUFGCE_I_O)
                                                      0.017     0.496 r  wire_clk_BUFG_inst/O
    X3Y9 (CLOCK_ROOT)    net (fo=403, routed)         1.120     1.616    one_ms_counter/wire_clk_BUFG
    SLICE_X96Y549        FDRE                                         r  one_ms_counter/count_max_dynamic_reg[8]/C
  -------------------------------------------------------------------    -------------------
    SLICE_X96Y549        FDRE (Prop_AFF_SLICEL_C_Q)
                                                      0.039     1.655 r  one_ms_counter/count_max_dynamic_reg[8]/Q
                         net (fo=1, routed)           0.119     1.774    one_ms_counter/count_max_dynamic[8]
    SLICE_X98Y548        FDRE                                         r  one_ms_counter/count_max_static_reg[8]/D
  -------------------------------------------------------------------    -------------------

                         (clock sys_clk rise edge)    0.000     0.000 r  
    H24                                               0.000     0.000 r  sys_clk_p (IN)
                         net (fo=0)                   0.000     0.000    IBUFDS_u0/I
    HPIOBDIFFINBUF_X0Y155
                         DIFFINBUF (Prop_DIFFINBUF_HPIOBDIFFINBUF_DIFF_IN_P_O)
                                                      0.387     0.387 r  IBUFDS_u0/DIFFINBUF_INST/O
                         net (fo=1, routed)           0.050     0.437    IBUFDS_u0/OUT
    H24                  IBUFCTRL (Prop_IBUFCTRL_HPIOB_M_I_O)
                                                      0.000     0.437 r  IBUFDS_u0/IBUFCTRL_INST/O
                         net (fo=1, routed)           0.189     0.626    wire_clk
    BUFGCE_X0Y148        BUFGCE (Prop_BUFCE_BUFGCE_I_O)
                                                      0.019     0.645 r  wire_clk_BUFG_inst/O
    X3Y9 (CLOCK_ROOT)    net (fo=403, routed)         1.271     1.916    one_ms_counter/wire_clk_BUFG
    SLICE_X98Y548        FDRE                                         r  one_ms_counter/count_max_static_reg[8]/C
                         clock pessimism             -0.241     1.674    
    SLICE_X98Y548        FDRE (Hold_BFF2_SLICEM_C_D)
                                                      0.047     1.721    one_ms_counter/count_max_static_reg[8]
  -------------------------------------------------------------------
                         required time                         -1.721    
                         arrival time                           1.774    
  -------------------------------------------------------------------
                         slack                                  0.053    

Slack (MET) :             0.054ns  (arrival time - required time)
  Source:                 one_ms_counter/count_middleware_reg[2][22]/C
                            (rising edge-triggered cell FDRE clocked by sys_clk  {rise@0.000ns fall@2.500ns period=5.000ns})
  Destination:            one_ms_counter/count_middleware_reg[5][23]/D
                            (rising edge-triggered cell FDRE clocked by sys_clk  {rise@0.000ns fall@2.500ns period=5.000ns})
  Path Group:             sys_clk
  Path Type:              Hold (Min at Fast Process Corner)
  Requirement:            0.000ns  (sys_clk rise@0.000ns - sys_clk rise@0.000ns)
  Data Path Delay:        0.160ns  (logic 0.089ns (55.625%)  route 0.071ns (44.375%))
  Logic Levels:           2  (CARRY8=1 LUT2=1)
  Clock Path Skew:        0.060ns (DCD - SCD - CPR)
    Destination Clock Delay (DCD):    1.918ns
    Source Clock Delay      (SCD):    1.616ns
    Clock Pessimism Removal (CPR):    0.241ns
  Clock Net Delay (Source):      1.120ns (routing 0.641ns, distribution 0.479ns)
  Clock Net Delay (Destination): 1.273ns (routing 0.711ns, distribution 0.562ns)

    Location             Delay type                Incr(ns)  Path(ns)    Netlist Resource(s)
  -------------------------------------------------------------------    -------------------
                         (clock sys_clk rise edge)    0.000     0.000 r  
    H24                                               0.000     0.000 r  sys_clk_p (IN)
                         net (fo=0)                   0.000     0.000    IBUFDS_u0/I
    HPIOBDIFFINBUF_X0Y155
                         DIFFINBUF (Prop_DIFFINBUF_HPIOBDIFFINBUF_DIFF_IN_P_O)
                                                      0.288     0.288 r  IBUFDS_u0/DIFFINBUF_INST/O
                         net (fo=1, routed)           0.040     0.328    IBUFDS_u0/OUT
    H24                  IBUFCTRL (Prop_IBUFCTRL_HPIOB_M_I_O)
                                                      0.000     0.328 r  IBUFDS_u0/IBUFCTRL_INST/O
                         net (fo=1, routed)           0.151     0.479    wire_clk
    BUFGCE_X0Y148        BUFGCE (Prop_BUFCE_BUFGCE_I_O)
                                                      0.017     0.496 r  wire_clk_BUFG_inst/O
    X3Y9 (CLOCK_ROOT)    net (fo=403, routed)         1.120     1.616    one_ms_counter/wire_clk_BUFG
    SLICE_X96Y546        FDRE                                         r  one_ms_counter/count_middleware_reg[2][22]/C
  -------------------------------------------------------------------    -------------------
    SLICE_X96Y546        FDRE (Prop_HFF_SLICEL_C_Q)
                                                      0.039     1.655 r  one_ms_counter/count_middleware_reg[2][22]/Q
                         net (fo=2, routed)           0.052     1.707    one_ms_counter/count_middleware_reg[2]__0[22]
    SLICE_X97Y546        LUT2 (Prop_G6LUT_SLICEM_I0_O)
                                                      0.022     1.729 r  one_ms_counter/count_middleware[5][23]_i_3/O
                         net (fo=1, routed)           0.012     1.741    one_ms_counter/count_middleware[5][23]_i_3_n_0
    SLICE_X97Y546        CARRY8 (Prop_CARRY8_SLICEM_S[6]_O[7])
                                                      0.028     1.769 r  one_ms_counter/count_middleware_reg[5][23]_i_1/O[7]
                         net (fo=1, routed)           0.007     1.776    one_ms_counter/count_middleware_reg[5][23]_i_1_n_8
    SLICE_X97Y546        FDRE                                         r  one_ms_counter/count_middleware_reg[5][23]/D
  -------------------------------------------------------------------    -------------------

                         (clock sys_clk rise edge)    0.000     0.000 r  
    H24                                               0.000     0.000 r  sys_clk_p (IN)
                         net (fo=0)                   0.000     0.000    IBUFDS_u0/I
    HPIOBDIFFINBUF_X0Y155
                         DIFFINBUF (Prop_DIFFINBUF_HPIOBDIFFINBUF_DIFF_IN_P_O)
                                                      0.387     0.387 r  IBUFDS_u0/DIFFINBUF_INST/O
                         net (fo=1, routed)           0.050     0.437    IBUFDS_u0/OUT
    H24                  IBUFCTRL (Prop_IBUFCTRL_HPIOB_M_I_O)
                                                      0.000     0.437 r  IBUFDS_u0/IBUFCTRL_INST/O
                         net (fo=1, routed)           0.189     0.626    wire_clk
    BUFGCE_X0Y148        BUFGCE (Prop_BUFCE_BUFGCE_I_O)
                                                      0.019     0.645 r  wire_clk_BUFG_inst/O
    X3Y9 (CLOCK_ROOT)    net (fo=403, routed)         1.273     1.918    one_ms_counter/wire_clk_BUFG
    SLICE_X97Y546        FDRE                                         r  one_ms_counter/count_middleware_reg[5][23]/C
                         clock pessimism             -0.241     1.676    
    SLICE_X97Y546        FDRE (Hold_HFF_SLICEM_C_D)
                                                      0.046     1.722    one_ms_counter/count_middleware_reg[5][23]
  -------------------------------------------------------------------
                         required time                         -1.722    
                         arrival time                           1.776    
  -------------------------------------------------------------------
                         slack                                  0.054    





Pulse Width Checks
--------------------------------------------------------------------------------------
Clock Name:         sys_clk
Waveform(ns):       { 0.000 2.500 }
Period(ns):         5.000
Sources:            { sys_clk_p }

Check Type        Corner  Lib Pin         Reference Pin  Required(ns)  Actual(ns)  Slack(ns)  Location        Pin
Min Period        n/a     BUFGCE/I        n/a            1.290         5.000       3.710      BUFGCE_X0Y148   wire_clk_BUFG_inst/I
Min Period        n/a     DSP_OUTPUT/CLK  n/a            0.650         5.000       4.350      DSP48E2_X7Y220  one_ms_counter/count_middleware_reg[0]/DSP_OUTPUT_INST/CLK
Min Period        n/a     DSP_OUTPUT/CLK  n/a            0.650         5.000       4.350      DSP48E2_X7Y223  one_ms_counter/count_middleware_reg[1]/DSP_OUTPUT_INST/CLK
Min Period        n/a     DSP_OUTPUT/CLK  n/a            0.650         5.000       4.350      DSP48E2_X7Y218  one_ms_counter/count_middleware_reg[2]/DSP_OUTPUT_INST/CLK
Min Period        n/a     DSP_OUTPUT/CLK  n/a            0.650         5.000       4.350      DSP48E2_X7Y217  one_ms_counter/count_middleware_reg[3]/DSP_OUTPUT_INST/CLK
Min Period        n/a     FDRE/C          n/a            0.550         5.000       4.450      SLICE_X97Y544   one_ms_counter/count_middleware_reg[5][4]/C
Min Period        n/a     FDRE/C          n/a            0.550         5.000       4.450      SLICE_X97Y544   one_ms_counter/count_middleware_reg[5][5]/C
Min Period        n/a     FDRE/C          n/a            0.550         5.000       4.450      SLICE_X97Y544   one_ms_counter/count_middleware_reg[5][6]/C
Min Period        n/a     FDRE/C          n/a            0.550         5.000       4.450      SLICE_X97Y544   one_ms_counter/count_middleware_reg[5][7]/C
Min Period        n/a     FDRE/C          n/a            0.550         5.000       4.450      SLICE_X97Y545   one_ms_counter/count_middleware_reg[5][8]/C
Low Pulse Width   Slow    FDRE/C          n/a            0.275         2.500       2.225      SLICE_X97Y556   one_ms_counter/count_middleware_reg[1][10]/C
Low Pulse Width   Slow    FDRE/C          n/a            0.275         2.500       2.225      SLICE_X97Y556   one_ms_counter/count_middleware_reg[1][11]/C
Low Pulse Width   Slow    FDRE/C          n/a            0.275         2.500       2.225      SLICE_X97Y556   one_ms_counter/count_middleware_reg[1][12]/C
Low Pulse Width   Slow    FDRE/C          n/a            0.275         2.500       2.225      SLICE_X97Y556   one_ms_counter/count_middleware_reg[1][13]/C
Low Pulse Width   Slow    FDRE/C          n/a            0.275         2.500       2.225      SLICE_X97Y556   one_ms_counter/count_middleware_reg[1][14]/C
Low Pulse Width   Slow    FDRE/C          n/a            0.275         2.500       2.225      SLICE_X97Y556   one_ms_counter/count_middleware_reg[1][15]/C
Low Pulse Width   Slow    FDRE/C          n/a            0.275         2.500       2.225      SLICE_X97Y556   one_ms_counter/count_middleware_reg[1][16]/C
Low Pulse Width   Slow    FDRE/C          n/a            0.275         2.500       2.225      SLICE_X97Y556   one_ms_counter/count_middleware_reg[1][22]/C
Low Pulse Width   Slow    FDRE/C          n/a            0.275         2.500       2.225      SLICE_X97Y556   one_ms_counter/count_middleware_reg[1][8]/C
Low Pulse Width   Slow    FDRE/C          n/a            0.275         2.500       2.225      SLICE_X97Y556   one_ms_counter/count_middleware_reg[1][9]/C
High Pulse Width  Fast    FDRE/C          n/a            0.275         2.500       2.225      SLICE_X96Y554   one_ms_counter/count_middleware_reg[1][2]/C
High Pulse Width  Fast    FDRE/C          n/a            0.275         2.500       2.225      SLICE_X96Y554   one_ms_counter/count_middleware_reg[1][3]/C
High Pulse Width  Fast    FDRE/C          n/a            0.275         2.500       2.225      SLICE_X96Y554   one_ms_counter/count_middleware_reg[1][4]/C
High Pulse Width  Fast    FDRE/C          n/a            0.275         2.500       2.225      SLICE_X96Y554   one_ms_counter/count_middleware_reg[1][5]/C
High Pulse Width  Fast    FDRE/C          n/a            0.275         2.500       2.225      SLICE_X96Y554   one_ms_counter/count_middleware_reg[1][6]/C
High Pulse Width  Fast    FDRE/C          n/a            0.275         2.500       2.225      SLICE_X96Y554   one_ms_counter/count_middleware_reg[1][7]/C
High Pulse Width  Fast    FDRE/C          n/a            0.275         2.500       2.225      SLICE_X97Y550   one_ms_counter/count_middleware_reg[4][0]/C
High Pulse Width  Fast    FDRE/C          n/a            0.275         2.500       2.225      SLICE_X97Y552   one_ms_counter/count_middleware_reg[4][16]/C
High Pulse Width  Fast    FDRE/C          n/a            0.275         2.500       2.225      SLICE_X97Y552   one_ms_counter/count_middleware_reg[4][17]/C
High Pulse Width  Fast    FDRE/C          n/a            0.275         2.500       2.225      SLICE_X97Y552   one_ms_counter/count_middleware_reg[4][18]/C



