
*** Running vivado
    with args -log xviii_top.vdi -applog -m64 -product Vivado -messageDb vivado.pb -mode batch -source xviii_top.tcl -notrace



****** Vivado v2022.2.2 (64-bit)
  **** SW Build 3788238 on Tue Feb 21 20:00:34 MST 2023
  **** IP Build 3783773 on Tue Feb 21 23:41:56 MST 2023
    ** Copyright 1986-2023 Xilinx, Inc. All Rights Reserved.

source xviii_top.tcl -notrace
create_project: Time (s): cpu = 00:00:06 ; elapsed = 00:00:06 . Memory (MB): peak = 1539.199 ; gain = 122.938
Command: link_design -top xviii_top -part xczu19eg-ffvc1760-2-i
Design is defaulting to srcset: sources_1
Design is defaulting to constrset: constrs_1
INFO: [Device 21-403] Loading part xczu19eg-ffvc1760-2-i
Netlist sorting complete. Time (s): cpu = 00:00:00 ; elapsed = 00:00:00.388 . Memory (MB): peak = 2800.441 ; gain = 0.000
INFO: [Netlist 29-17] Analyzing 1463 Unisim elements for replacement
INFO: [Netlist 29-28] Unisim Transformation completed in 29 CPU seconds
INFO: [Project 1-479] Netlist was created with Vivado 2022.2.2
INFO: [Project 1-570] Preparing netlist for logic optimization
Parsing XDC File [D:/GitHub/fpga_learing/xviii_beep_piano/xviii_beep_piano.srcs/constrs_1/new/beep_piano.xdc]
create_clock: Time (s): cpu = 00:00:05 ; elapsed = 00:00:05 . Memory (MB): peak = 3062.195 ; gain = 31.641
Finished Parsing XDC File [D:/GitHub/fpga_learing/xviii_beep_piano/xviii_beep_piano.srcs/constrs_1/new/beep_piano.xdc]
INFO: [Opt 31-138] Pushed 0 inverter(s) to 0 load pin(s).
Netlist sorting complete. Time (s): cpu = 00:00:00 ; elapsed = 00:00:00.006 . Memory (MB): peak = 3064.184 ; gain = 0.000
INFO: [Project 1-111] Unisim Transformation Summary:
  A total of 292 instances were transformed.
  DSP48E2 => DSP48E2 (DSP_ALU, DSP_A_B_DATA, DSP_C_DATA, DSP_MULTIPLIER, DSP_M_DATA, DSP_OUTPUT, DSP_PREADD, DSP_PREADD_DATA): 264 instances
  IBUF => IBUF (IBUFCTRL, INBUF): 27 instances
  IBUFGDS => IBUFDS (DIFFINBUF, IBUFCTRL): 1 instance 

7 Infos, 0 Warnings, 0 Critical Warnings and 0 Errors encountered.
link_design completed successfully
link_design: Time (s): cpu = 00:00:53 ; elapsed = 00:00:54 . Memory (MB): peak = 3064.184 ; gain = 1520.289
Command: opt_design
Attempting to get a license for feature 'Implementation' and/or device 'xczu19eg'
INFO: [Common 17-349] Got license for feature 'Implementation' and/or device 'xczu19eg'
Running DRC as a precondition to command opt_design

Starting DRC Task
INFO: [DRC 23-27] Running DRC with 2 threads
INFO: [Project 1-461] DRC finished with 0 Errors
INFO: [Project 1-462] Please refer to the DRC report (report_drc) for more information.

Time (s): cpu = 00:00:04 ; elapsed = 00:00:02 . Memory (MB): peak = 3082.191 ; gain = 18.008

Starting Cache Timing Information Task
INFO: [Timing 38-35] Done setting XDC timing constraints.
Ending Cache Timing Information Task | Checksum: 198058219

Time (s): cpu = 00:00:25 ; elapsed = 00:00:16 . Memory (MB): peak = 3484.973 ; gain = 402.781

Starting Logic Optimization Task

Phase 1 Retarget
INFO: [Opt 31-138] Pushed 1 inverter(s) to 2302 load pin(s).
INFO: [Opt 31-49] Retargeted 0 cell(s).
Phase 1 Retarget | Checksum: 1b6e05d1e

Time (s): cpu = 00:00:09 ; elapsed = 00:00:05 . Memory (MB): peak = 3843.836 ; gain = 0.000
INFO: [Opt 31-389] Phase Retarget created 0 cells and removed 1 cells

Phase 2 Constant propagation
INFO: [Opt 31-138] Pushed 0 inverter(s) to 0 load pin(s).
Phase 2 Constant propagation | Checksum: 1b6e05d1e

Time (s): cpu = 00:00:09 ; elapsed = 00:00:06 . Memory (MB): peak = 3843.836 ; gain = 0.000
INFO: [Opt 31-389] Phase Constant propagation created 0 cells and removed 0 cells

Phase 3 Sweep
Phase 3 Sweep | Checksum: fab0ace1

Time (s): cpu = 00:00:09 ; elapsed = 00:00:06 . Memory (MB): peak = 3843.836 ; gain = 0.000
INFO: [Opt 31-389] Phase Sweep created 0 cells and removed 0 cells

Phase 4 BUFG optimization
INFO: [Opt 31-1077] Phase BUFG optimization inserted 0 global clock buffer(s) for CLOCK_LOW_FANOUT.
Phase 4 BUFG optimization | Checksum: fab0ace1

Time (s): cpu = 00:00:14 ; elapsed = 00:00:08 . Memory (MB): peak = 3843.836 ; gain = 0.000
INFO: [Opt 31-662] Phase BUFG optimization created 0 cells of which 0 are BUFGs and removed 0 cells.

Phase 5 Shift Register Optimization
INFO: [Opt 31-1064] SRL Remap converted 0 SRLs to 0 registers and converted 0 registers of register chains to 0 SRLs
Phase 5 Shift Register Optimization | Checksum: fab0ace1

Time (s): cpu = 00:00:14 ; elapsed = 00:00:08 . Memory (MB): peak = 3843.836 ; gain = 0.000
INFO: [Opt 31-389] Phase Shift Register Optimization created 0 cells and removed 0 cells

Phase 6 Post Processing Netlist
Phase 6 Post Processing Netlist | Checksum: fab0ace1

Time (s): cpu = 00:00:15 ; elapsed = 00:00:08 . Memory (MB): peak = 3843.836 ; gain = 0.000
INFO: [Opt 31-389] Phase Post Processing Netlist created 0 cells and removed 0 cells
Opt_design Change Summary
=========================


-------------------------------------------------------------------------------------------------------------------------
|  Phase                        |  #Cells created  |  #Cells Removed  |  #Constrained objects preventing optimizations  |
-------------------------------------------------------------------------------------------------------------------------
|  Retarget                     |               0  |               1  |                                              0  |
|  Constant propagation         |               0  |               0  |                                              0  |
|  Sweep                        |               0  |               0  |                                              0  |
|  BUFG optimization            |               0  |               0  |                                              0  |
|  Shift Register Optimization  |               0  |               0  |                                              0  |
|  Post Processing Netlist      |               0  |               0  |                                              0  |
-------------------------------------------------------------------------------------------------------------------------



Starting Connectivity Check Task

Time (s): cpu = 00:00:00 ; elapsed = 00:00:00.026 . Memory (MB): peak = 3843.836 ; gain = 0.000
Ending Logic Optimization Task | Checksum: fbcc9001

Time (s): cpu = 00:00:17 ; elapsed = 00:00:10 . Memory (MB): peak = 3843.836 ; gain = 0.000

Starting Power Optimization Task
INFO: [Pwropt 34-132] Skipping clock gating for clocks with a period < 2.00 ns.
Ending Power Optimization Task | Checksum: fbcc9001

Time (s): cpu = 00:00:00 ; elapsed = 00:00:00.035 . Memory (MB): peak = 3843.836 ; gain = 0.000

Starting Final Cleanup Task
Ending Final Cleanup Task | Checksum: fbcc9001

Time (s): cpu = 00:00:00 ; elapsed = 00:00:00.004 . Memory (MB): peak = 3843.836 ; gain = 0.000

Starting Netlist Obfuscation Task
Netlist sorting complete. Time (s): cpu = 00:00:00 ; elapsed = 00:00:00.007 . Memory (MB): peak = 3843.836 ; gain = 0.000
Ending Netlist Obfuscation Task | Checksum: fbcc9001

Time (s): cpu = 00:00:00 ; elapsed = 00:00:00.011 . Memory (MB): peak = 3843.836 ; gain = 0.000
INFO: [Common 17-83] Releasing license: Implementation
25 Infos, 0 Warnings, 0 Critical Warnings and 0 Errors encountered.
opt_design completed successfully
opt_design: Time (s): cpu = 00:00:49 ; elapsed = 00:00:32 . Memory (MB): peak = 3843.836 ; gain = 779.652
INFO: [Timing 38-480] Writing timing data to binary archive.
Writing XDEF routing.
Writing XDEF routing logical nets.
Writing XDEF routing special nets.
Write XDEF Complete: Time (s): cpu = 00:00:01 ; elapsed = 00:00:00.141 . Memory (MB): peak = 3843.836 ; gain = 0.000
INFO: [Common 17-1381] The checkpoint 'D:/GitHub/fpga_learing/xviii_beep_piano/xviii_beep_piano.runs/impl_1/xviii_top_opt.dcp' has been generated.
INFO: [runtcl-4] Executing : report_drc -file xviii_top_drc_opted.rpt -pb xviii_top_drc_opted.pb -rpx xviii_top_drc_opted.rpx
Command: report_drc -file xviii_top_drc_opted.rpt -pb xviii_top_drc_opted.pb -rpx xviii_top_drc_opted.rpx
INFO: [IP_Flow 19-234] Refreshing IP repositories
INFO: [IP_Flow 19-1704] No user IP repositories specified
INFO: [IP_Flow 19-2313] Loaded Vivado IP repository 'D:/Xilinx/Vivado/2022.2/data/ip'.
INFO: [DRC 23-27] Running DRC with 2 threads
INFO: [Vivado_Tcl 2-168] The results of DRC are in file D:/GitHub/fpga_learing/xviii_beep_piano/xviii_beep_piano.runs/impl_1/xviii_top_drc_opted.rpt.
report_drc completed successfully
Command: place_design
Attempting to get a license for feature 'Implementation' and/or device 'xczu19eg'
INFO: [Common 17-349] Got license for feature 'Implementation' and/or device 'xczu19eg'
INFO: [DRC 23-27] Running DRC with 2 threads
INFO: [Vivado_Tcl 4-198] DRC finished with 0 Errors
INFO: [Vivado_Tcl 4-199] Please refer to the DRC report (report_drc) for more information.
Running DRC as a precondition to command place_design
INFO: [DRC 23-27] Running DRC with 2 threads
INFO: [Vivado_Tcl 4-198] DRC finished with 0 Errors
INFO: [Vivado_Tcl 4-199] Please refer to the DRC report (report_drc) for more information.

Starting Placer Task
INFO: [Place 30-611] Multithreading enabled for place_design using a maximum of 2 CPUs

Phase 1 Placer Initialization

Phase 1.1 Placer Initialization Netlist Sorting
Netlist sorting complete. Time (s): cpu = 00:00:00 ; elapsed = 00:00:00.007 . Memory (MB): peak = 3843.836 ; gain = 0.000
Phase 1.1 Placer Initialization Netlist Sorting | Checksum: df1f5171

Time (s): cpu = 00:00:00 ; elapsed = 00:00:00.031 . Memory (MB): peak = 3843.836 ; gain = 0.000
Netlist sorting complete. Time (s): cpu = 00:00:00 ; elapsed = 00:00:00.006 . Memory (MB): peak = 3843.836 ; gain = 0.000

Phase 1.2 IO Placement/ Clock Placement/ Build Placer Device
INFO: [Timing 38-35] Done setting XDC timing constraints.
Phase 1.2 IO Placement/ Clock Placement/ Build Placer Device | Checksum: b6cfc7a5

Time (s): cpu = 00:00:56 ; elapsed = 00:00:57 . Memory (MB): peak = 5306.719 ; gain = 1462.883

Phase 1.3 Build Placer Netlist Model
Phase 1.3 Build Placer Netlist Model | Checksum: 1288c63f8

Time (s): cpu = 00:01:22 ; elapsed = 00:01:13 . Memory (MB): peak = 5385.648 ; gain = 1541.812

Phase 1.4 Constrain Clocks/Macros
Phase 1.4 Constrain Clocks/Macros | Checksum: 1288c63f8

Time (s): cpu = 00:01:22 ; elapsed = 00:01:13 . Memory (MB): peak = 5385.648 ; gain = 1541.812
Phase 1 Placer Initialization | Checksum: 1288c63f8

Time (s): cpu = 00:01:22 ; elapsed = 00:01:14 . Memory (MB): peak = 5385.648 ; gain = 1541.812

Phase 2 Global Placement

Phase 2.1 Floorplanning

Phase 2.1.1 Partition Driven Placement

Phase 2.1.1.1 PBP: Partition Driven Placement
Phase 2.1.1.1 PBP: Partition Driven Placement | Checksum: 1722e51a9

Time (s): cpu = 00:01:28 ; elapsed = 00:01:17 . Memory (MB): peak = 5385.648 ; gain = 1541.812

Phase 2.1.1.2 PBP: Clock Region Placement
Phase 2.1.1.2 PBP: Clock Region Placement | Checksum: 158ea25e6

Time (s): cpu = 00:01:29 ; elapsed = 00:01:18 . Memory (MB): peak = 5385.648 ; gain = 1541.812

Phase 2.1.1.3 PBP: Compute Congestion
Phase 2.1.1.3 PBP: Compute Congestion | Checksum: 158ea25e6

Time (s): cpu = 00:01:30 ; elapsed = 00:01:19 . Memory (MB): peak = 5385.648 ; gain = 1541.812

Phase 2.1.1.4 PBP: UpdateTiming
Phase 2.1.1.4 PBP: UpdateTiming | Checksum: d76aca07

Time (s): cpu = 00:01:32 ; elapsed = 00:01:20 . Memory (MB): peak = 5385.648 ; gain = 1541.812

Phase 2.1.1.5 PBP: Add part constraints
Phase 2.1.1.5 PBP: Add part constraints | Checksum: d76aca07

Time (s): cpu = 00:01:32 ; elapsed = 00:01:20 . Memory (MB): peak = 5385.648 ; gain = 1541.812
Phase 2.1.1 Partition Driven Placement | Checksum: d76aca07

Time (s): cpu = 00:01:32 ; elapsed = 00:01:20 . Memory (MB): peak = 5385.648 ; gain = 1541.812
Phase 2.1 Floorplanning | Checksum: bfab992c

Time (s): cpu = 00:01:32 ; elapsed = 00:01:20 . Memory (MB): peak = 5385.648 ; gain = 1541.812

Phase 2.2 Update Timing before SLR Path Opt
Phase 2.2 Update Timing before SLR Path Opt | Checksum: bfab992c

Time (s): cpu = 00:01:32 ; elapsed = 00:01:20 . Memory (MB): peak = 5385.648 ; gain = 1541.812

Phase 2.3 Post-Processing in Floorplanning
Phase 2.3 Post-Processing in Floorplanning | Checksum: bfab992c

Time (s): cpu = 00:01:32 ; elapsed = 00:01:20 . Memory (MB): peak = 5385.648 ; gain = 1541.812

Phase 2.4 Global Placement Core

Phase 2.4.1 UpdateTiming Before Physical Synthesis
Phase 2.4.1 UpdateTiming Before Physical Synthesis | Checksum: 215d4d538

Time (s): cpu = 00:02:09 ; elapsed = 00:01:44 . Memory (MB): peak = 5385.648 ; gain = 1541.812

Phase 2.4.2 Physical Synthesis In Placer
INFO: [Physopt 32-1035] Found 0 LUTNM shape to break, 6 LUT instances to create LUTNM shape
INFO: [Physopt 32-1044] Break lutnm for timing: one critical 0, two critical 0, total 0, new lutff created 0
INFO: [Physopt 32-1138] End 1 Pass. Optimized 3 nets or LUTs. Breaked 0 LUT, combined 3 existing LUTs and moved 0 existing LUT
INFO: [Physopt 32-69] No nets found for rewiring optimization.
INFO: [Physopt 32-661] Optimized 0 net.  Re-placed 0 instance.
INFO: [Physopt 32-775] End 1 Pass. Optimized 0 net or cell. Created 0 new cell, deleted 0 existing cell and moved 0 existing cell
INFO: [Physopt 32-65] No nets found for high-fanout optimization.
INFO: [Physopt 32-232] Optimized 0 net. Created 0 new instance.
INFO: [Physopt 32-775] End 1 Pass. Optimized 0 net or cell. Created 0 new cell, deleted 0 existing cell and moved 0 existing cell
INFO: [Physopt 32-670] No setup violation found.  DSP Register Optimization was not performed.
INFO: [Physopt 32-670] No setup violation found.  Shift Register to Pipeline Optimization was not performed.
INFO: [Physopt 32-670] No setup violation found.  Shift Register Optimization was not performed.
INFO: [Physopt 32-670] No setup violation found.  BRAM Register Optimization was not performed.
INFO: [Physopt 32-670] No setup violation found.  URAM Register Optimization was not performed.
INFO: [Physopt 32-949] No candidate nets found for dynamic/static region interface net replication
INFO: [Physopt 32-775] End 1 Pass. Optimized 0 net or cell. Created 0 new cell, deleted 0 existing cell and moved 0 existing cell
Netlist sorting complete. Time (s): cpu = 00:00:00 ; elapsed = 00:00:00.007 . Memory (MB): peak = 5385.648 ; gain = 0.000

Summary of Physical Synthesis Optimizations
============================================


-----------------------------------------------------------------------------------------------------------------------------------------------------------
|  Optimization                                     |  Added Cells  |  Removed Cells  |  Optimized Cells/Nets  |  Dont Touch  |  Iterations  |  Elapsed   |
-----------------------------------------------------------------------------------------------------------------------------------------------------------
|  LUT Combining                                    |            0  |              3  |                     3  |           0  |           1  |  00:00:00  |
|  Retime                                           |            0  |              0  |                     0  |           0  |           1  |  00:00:00  |
|  Equivalent Driver Rewiring                       |            0  |              0  |                     0  |           0  |           1  |  00:00:00  |
|  Very High Fanout                                 |            0  |              0  |                     0  |           0  |           1  |  00:00:00  |
|  DSP Register                                     |            0  |              0  |                     0  |           0  |           0  |  00:00:00  |
|  Shift Register to Pipeline                       |            0  |              0  |                     0  |           0  |           0  |  00:00:00  |
|  Shift Register                                   |            0  |              0  |                     0  |           0  |           0  |  00:00:00  |
|  BRAM Register                                    |            0  |              0  |                     0  |           0  |           0  |  00:00:00  |
|  URAM Register                                    |            0  |              0  |                     0  |           0  |           0  |  00:00:00  |
|  Dynamic/Static Region Interface Net Replication  |            0  |              0  |                     0  |           0  |           1  |  00:00:00  |
|  Total                                            |            0  |              3  |                     3  |           0  |           5  |  00:00:00  |
-----------------------------------------------------------------------------------------------------------------------------------------------------------


Phase 2.4.2 Physical Synthesis In Placer | Checksum: 271b13b32

Time (s): cpu = 00:02:14 ; elapsed = 00:01:48 . Memory (MB): peak = 5385.648 ; gain = 1541.812
Phase 2.4 Global Placement Core | Checksum: 21d1eed79

Time (s): cpu = 00:02:18 ; elapsed = 00:01:51 . Memory (MB): peak = 5385.648 ; gain = 1541.812
Phase 2 Global Placement | Checksum: 21d1eed79

Time (s): cpu = 00:02:18 ; elapsed = 00:01:52 . Memory (MB): peak = 5385.648 ; gain = 1541.812

Phase 3 Detail Placement

Phase 3.1 Commit Multi Column Macros
Phase 3.1 Commit Multi Column Macros | Checksum: 1fd3d1a88

Time (s): cpu = 00:02:20 ; elapsed = 00:01:53 . Memory (MB): peak = 5385.648 ; gain = 1541.812

Phase 3.2 Commit Most Macros & LUTRAMs
Phase 3.2 Commit Most Macros & LUTRAMs | Checksum: 16661a491

Time (s): cpu = 00:02:24 ; elapsed = 00:01:56 . Memory (MB): peak = 5385.648 ; gain = 1541.812

Phase 3.3 Small Shape DP

Phase 3.3.1 Small Shape Clustering
Phase 3.3.1 Small Shape Clustering | Checksum: efb8992c

Time (s): cpu = 00:02:26 ; elapsed = 00:01:58 . Memory (MB): peak = 5385.648 ; gain = 1541.812

Phase 3.3.2 Flow Legalize Slice Clusters
Phase 3.3.2 Flow Legalize Slice Clusters | Checksum: e8c948e9

Time (s): cpu = 00:02:27 ; elapsed = 00:01:59 . Memory (MB): peak = 5385.648 ; gain = 1541.812

Phase 3.3.3 Slice Area Swap

Phase 3.3.3.1 Slice Area Swap Initial
Phase 3.3.3.1 Slice Area Swap Initial | Checksum: 17086a1a4

Time (s): cpu = 00:02:28 ; elapsed = 00:02:00 . Memory (MB): peak = 5385.648 ; gain = 1541.812
Phase 3.3.3 Slice Area Swap | Checksum: 17086a1a4

Time (s): cpu = 00:02:28 ; elapsed = 00:02:01 . Memory (MB): peak = 5385.648 ; gain = 1541.812
Phase 3.3 Small Shape DP | Checksum: 1c4441ba8

Time (s): cpu = 00:02:31 ; elapsed = 00:02:03 . Memory (MB): peak = 5385.648 ; gain = 1541.812

Phase 3.4 Re-assign LUT pins
Phase 3.4 Re-assign LUT pins | Checksum: 15adaa7c5

Time (s): cpu = 00:02:32 ; elapsed = 00:02:04 . Memory (MB): peak = 5385.648 ; gain = 1541.812

Phase 3.5 Pipeline Register Optimization
Phase 3.5 Pipeline Register Optimization | Checksum: 1b3b914b3

Time (s): cpu = 00:02:33 ; elapsed = 00:02:05 . Memory (MB): peak = 5385.648 ; gain = 1541.812
Phase 3 Detail Placement | Checksum: 1b3b914b3

Time (s): cpu = 00:02:33 ; elapsed = 00:02:05 . Memory (MB): peak = 5385.648 ; gain = 1541.812

Phase 4 Post Placement Optimization and Clean-Up

Phase 4.1 Post Commit Optimization
INFO: [Timing 38-35] Done setting XDC timing constraints.

Phase 4.1.1 Post Placement Optimization
Post Placement Optimization Initialization | Checksum: 206f4ba3e

Phase 4.1.1.1 BUFG Insertion

Starting Physical Synthesis Task

Phase 1 Physical Synthesis Initialization
INFO: [Physopt 32-721] Multithreading enabled for phys_opt_design using a maximum of 2 CPUs
INFO: [Physopt 32-619] Estimated Timing Summary | WNS=1.586 | TNS=0.000 |
Phase 1 Physical Synthesis Initialization | Checksum: 13fef6f8e

Time (s): cpu = 00:00:03 ; elapsed = 00:00:02 . Memory (MB): peak = 5457.559 ; gain = 0.000
INFO: [Place 46-56] BUFG insertion identified 0 candidate nets. Inserted BUFG: 0, Replicated BUFG Driver: 0, Skipped due to Placement/Routing Conflicts: 0, Skipped due to Timing Degradation: 0, Skipped due to Illegal Netlist: 0.
Ending Physical Synthesis Task | Checksum: 1cf15e1e0

Time (s): cpu = 00:00:03 ; elapsed = 00:00:02 . Memory (MB): peak = 5457.559 ; gain = 0.000
Phase 4.1.1.1 BUFG Insertion | Checksum: 206f4ba3e

Time (s): cpu = 00:03:14 ; elapsed = 00:02:38 . Memory (MB): peak = 5457.559 ; gain = 1613.723

Phase 4.1.1.2 Post Placement Timing Optimization
INFO: [Place 30-746] Post Placement Timing Summary WNS=1.586. For the most accurate timing information please run report_timing.
Phase 4.1.1.2 Post Placement Timing Optimization | Checksum: 28573cc85

Time (s): cpu = 00:03:16 ; elapsed = 00:02:39 . Memory (MB): peak = 5457.559 ; gain = 1613.723

Time (s): cpu = 00:03:16 ; elapsed = 00:02:39 . Memory (MB): peak = 5457.559 ; gain = 1613.723
Phase 4.1 Post Commit Optimization | Checksum: 28573cc85

Time (s): cpu = 00:03:16 ; elapsed = 00:02:39 . Memory (MB): peak = 5457.559 ; gain = 1613.723
Netlist sorting complete. Time (s): cpu = 00:00:00 ; elapsed = 00:00:00.007 . Memory (MB): peak = 5479.969 ; gain = 0.000

Phase 4.2 Post Placement Cleanup
Phase 4.2 Post Placement Cleanup | Checksum: 3263940bc

Time (s): cpu = 00:03:29 ; elapsed = 00:02:52 . Memory (MB): peak = 5479.969 ; gain = 1636.133

Phase 4.3 Placer Reporting

Phase 4.3.1 Print Estimated Congestion
INFO: [Place 30-612] Post-Placement Estimated Congestion 
 ________________________________________________________________________
|           | Global Congestion | Long Congestion   | Short Congestion  |
| Direction | Region Size       | Region Size       | Region Size       |
|___________|___________________|___________________|___________________|
|      North|                1x1|                1x1|                2x2|
|___________|___________________|___________________|___________________|
|      South|                1x1|                1x1|                2x2|
|___________|___________________|___________________|___________________|
|       East|                1x1|                1x1|                2x2|
|___________|___________________|___________________|___________________|
|       West|                1x1|                1x1|                2x2|
|___________|___________________|___________________|___________________|

Phase 4.3.1 Print Estimated Congestion | Checksum: 3263940bc

Time (s): cpu = 00:03:29 ; elapsed = 00:02:53 . Memory (MB): peak = 5479.969 ; gain = 1636.133
Phase 4.3 Placer Reporting | Checksum: 3263940bc

Time (s): cpu = 00:03:30 ; elapsed = 00:02:53 . Memory (MB): peak = 5479.969 ; gain = 1636.133

Phase 4.4 Final Placement Cleanup
Netlist sorting complete. Time (s): cpu = 00:00:00 ; elapsed = 00:00:00.006 . Memory (MB): peak = 5479.969 ; gain = 0.000

Time (s): cpu = 00:03:30 ; elapsed = 00:02:53 . Memory (MB): peak = 5479.969 ; gain = 1636.133
Phase 4 Post Placement Optimization and Clean-Up | Checksum: 2ee952f56

Time (s): cpu = 00:03:30 ; elapsed = 00:02:53 . Memory (MB): peak = 5479.969 ; gain = 1636.133
Ending Placer Task | Checksum: 21b8a0621

Time (s): cpu = 00:03:30 ; elapsed = 00:02:53 . Memory (MB): peak = 5479.969 ; gain = 1636.133
INFO: [Common 17-83] Releasing license: Implementation
65 Infos, 0 Warnings, 0 Critical Warnings and 0 Errors encountered.
place_design completed successfully
place_design: Time (s): cpu = 00:03:36 ; elapsed = 00:02:57 . Memory (MB): peak = 5479.969 ; gain = 1636.133
INFO: [Timing 38-480] Writing timing data to binary archive.
Writing XDEF routing.
Writing XDEF routing logical nets.
Writing XDEF routing special nets.
Write XDEF Complete: Time (s): cpu = 00:00:08 ; elapsed = 00:00:04 . Memory (MB): peak = 5479.969 ; gain = 0.000
INFO: [Common 17-1381] The checkpoint 'D:/GitHub/fpga_learing/xviii_beep_piano/xviii_beep_piano.runs/impl_1/xviii_top_placed.dcp' has been generated.
write_checkpoint: Time (s): cpu = 00:00:13 ; elapsed = 00:00:09 . Memory (MB): peak = 5479.969 ; gain = 0.000
INFO: [runtcl-4] Executing : report_io -file xviii_top_io_placed.rpt
report_io: Time (s): cpu = 00:00:00 ; elapsed = 00:00:00.274 . Memory (MB): peak = 5479.969 ; gain = 0.000
INFO: [runtcl-4] Executing : report_utilization -file xviii_top_utilization_placed.rpt -pb xviii_top_utilization_placed.pb
INFO: [runtcl-4] Executing : report_control_sets -verbose -file xviii_top_control_sets_placed.rpt
report_control_sets: Time (s): cpu = 00:00:00 ; elapsed = 00:00:00.044 . Memory (MB): peak = 5479.969 ; gain = 0.000
Command: phys_opt_design
Attempting to get a license for feature 'Implementation' and/or device 'xczu19eg'
INFO: [Common 17-349] Got license for feature 'Implementation' and/or device 'xczu19eg'

Starting Initial Update Timing Task

Time (s): cpu = 00:00:14 ; elapsed = 00:00:08 . Memory (MB): peak = 5479.969 ; gain = 0.000
INFO: [Vivado_Tcl 4-383] Design worst setup slack (WNS) is greater than or equal to 0.000 ns. Skipping all physical synthesis optimizations.
INFO: [Vivado_Tcl 4-232] No setup violation found. The netlist was not modified.
INFO: [Common 17-83] Releasing license: Implementation
74 Infos, 0 Warnings, 0 Critical Warnings and 0 Errors encountered.
phys_opt_design completed successfully
phys_opt_design: Time (s): cpu = 00:00:15 ; elapsed = 00:00:10 . Memory (MB): peak = 5479.969 ; gain = 0.000
INFO: [Timing 38-480] Writing timing data to binary archive.
Writing XDEF routing.
Writing XDEF routing logical nets.
Writing XDEF routing special nets.
Write XDEF Complete: Time (s): cpu = 00:00:08 ; elapsed = 00:00:04 . Memory (MB): peak = 5479.969 ; gain = 0.000
INFO: [Common 17-1381] The checkpoint 'D:/GitHub/fpga_learing/xviii_beep_piano/xviii_beep_piano.runs/impl_1/xviii_top_physopt.dcp' has been generated.
write_checkpoint: Time (s): cpu = 00:00:11 ; elapsed = 00:00:07 . Memory (MB): peak = 5479.969 ; gain = 0.000
Command: route_design
Attempting to get a license for feature 'Implementation' and/or device 'xczu19eg'
INFO: [Common 17-349] Got license for feature 'Implementation' and/or device 'xczu19eg'
Running DRC as a precondition to command route_design
INFO: [DRC 23-27] Running DRC with 2 threads
INFO: [Vivado_Tcl 4-198] DRC finished with 0 Errors
INFO: [Vivado_Tcl 4-199] Please refer to the DRC report (report_drc) for more information.


Starting Routing Task
INFO: [Route 35-254] Multithreading enabled for route_design using a maximum of 2 CPUs

Phase 1 Build RT Design
Checksum: PlaceDB: e3b28940 ConstDB: 0 ShapeSum: 971208aa RouteDB: a0c57437
Nodegraph reading from file.  Time (s): cpu = 00:00:01 ; elapsed = 00:00:02 . Memory (MB): peak = 5479.969 ; gain = 0.000
Post Restoration Checksum: NetGraph: 56931fc9 NumContArr: 51b9aac6 Constraints: 2840bce1 Timing: 0
Phase 1 Build RT Design | Checksum: d08d8770

Time (s): cpu = 00:00:21 ; elapsed = 00:00:16 . Memory (MB): peak = 5479.969 ; gain = 0.000

Phase 2 Router Initialization

Phase 2.1 Fix Topology Constraints
Phase 2.1 Fix Topology Constraints | Checksum: d08d8770

Time (s): cpu = 00:00:22 ; elapsed = 00:00:17 . Memory (MB): peak = 5479.969 ; gain = 0.000

Phase 2.2 Pre Route Cleanup
Phase 2.2 Pre Route Cleanup | Checksum: d08d8770

Time (s): cpu = 00:00:22 ; elapsed = 00:00:17 . Memory (MB): peak = 5479.969 ; gain = 0.000

Phase 2.3 Global Clock Net Routing
 Number of Nodes with overlaps = 0
Phase 2.3 Global Clock Net Routing | Checksum: 193a571bf

Time (s): cpu = 00:00:25 ; elapsed = 00:00:19 . Memory (MB): peak = 5687.254 ; gain = 207.285

Phase 2.4 Update Timing
Phase 2.4 Update Timing | Checksum: 1233a79fc

Time (s): cpu = 00:00:32 ; elapsed = 00:00:23 . Memory (MB): peak = 5687.254 ; gain = 207.285
INFO: [Route 35-416] Intermediate Timing Summary | WNS=1.679  | TNS=0.000  | WHS=-0.047 | THS=-0.554 |


Router Utilization Summary
  Global Vertical Routing Utilization    = 0 %
  Global Horizontal Routing Utilization  = 0 %
  Routable Net Status*
  *Does not include unroutable nets such as driverless and loadless.
  Run report_route_status for detailed report.
  Number of Failed Nets               = 24164
    (Failed Nets is the sum of unrouted and partially routed nets)
  Number of Unrouted Nets             = 23563
  Number of Partially Routed Nets     = 601
  Number of Node Overlaps             = 0

Phase 2 Router Initialization | Checksum: 104efe985

Time (s): cpu = 00:00:55 ; elapsed = 00:00:37 . Memory (MB): peak = 5712.879 ; gain = 232.910

Phase 3 Initial Routing

Phase 3.1 Global Routing
Phase 3.1 Global Routing | Checksum: 104efe985

Time (s): cpu = 00:00:55 ; elapsed = 00:00:37 . Memory (MB): peak = 5712.879 ; gain = 232.910
Phase 3 Initial Routing | Checksum: 1651b3b87

Time (s): cpu = 00:01:03 ; elapsed = 00:00:41 . Memory (MB): peak = 5712.879 ; gain = 232.910

Phase 4 Rip-up And Reroute

Phase 4.1 Global Iteration 0
 Number of Nodes with overlaps = 1691
 Number of Nodes with overlaps = 115
 Number of Nodes with overlaps = 19
 Number of Nodes with overlaps = 9
 Number of Nodes with overlaps = 5
 Number of Nodes with overlaps = 1
 Number of Nodes with overlaps = 2
 Number of Nodes with overlaps = 1
 Number of Nodes with overlaps = 0
INFO: [Route 35-416] Intermediate Timing Summary | WNS=1.002  | TNS=0.000  | WHS=-0.007 | THS=-0.009 |

Phase 4.1 Global Iteration 0 | Checksum: 18e463c32

Time (s): cpu = 00:01:49 ; elapsed = 00:01:18 . Memory (MB): peak = 5712.879 ; gain = 232.910

Phase 4.2 Additional Iteration for Hold
Phase 4.2 Additional Iteration for Hold | Checksum: 188a93994

Time (s): cpu = 00:01:49 ; elapsed = 00:01:18 . Memory (MB): peak = 5712.879 ; gain = 232.910
Phase 4 Rip-up And Reroute | Checksum: 188a93994

Time (s): cpu = 00:01:50 ; elapsed = 00:01:18 . Memory (MB): peak = 5712.879 ; gain = 232.910

Phase 5 Delay and Skew Optimization

Phase 5.1 Delay CleanUp

Phase 5.1.1 Update Timing
Phase 5.1.1 Update Timing | Checksum: 18fc81843

Time (s): cpu = 00:01:58 ; elapsed = 00:01:23 . Memory (MB): peak = 5712.879 ; gain = 232.910
INFO: [Route 35-416] Intermediate Timing Summary | WNS=1.002  | TNS=0.000  | WHS=0.010  | THS=0.000  |


Phase 5.1.2 Update Timing
Phase 5.1.2 Update Timing | Checksum: 1929bcbdd

Time (s): cpu = 00:02:05 ; elapsed = 00:01:27 . Memory (MB): peak = 5712.879 ; gain = 232.910
INFO: [Route 35-416] Intermediate Timing Summary | WNS=1.002  | TNS=0.000  | WHS=0.010  | THS=0.000  |

Phase 5.1 Delay CleanUp | Checksum: 1929bcbdd

Time (s): cpu = 00:02:05 ; elapsed = 00:01:27 . Memory (MB): peak = 5712.879 ; gain = 232.910

Phase 5.2 Clock Skew Optimization
Phase 5.2 Clock Skew Optimization | Checksum: 1929bcbdd

Time (s): cpu = 00:02:05 ; elapsed = 00:01:27 . Memory (MB): peak = 5712.879 ; gain = 232.910
Phase 5 Delay and Skew Optimization | Checksum: 1929bcbdd

Time (s): cpu = 00:02:05 ; elapsed = 00:01:27 . Memory (MB): peak = 5712.879 ; gain = 232.910

Phase 6 Post Hold Fix

Phase 6.1 Hold Fix Iter

Phase 6.1.1 Update Timing
Phase 6.1.1 Update Timing | Checksum: 1a6819081

Time (s): cpu = 00:02:12 ; elapsed = 00:01:31 . Memory (MB): peak = 5712.879 ; gain = 232.910
INFO: [Route 35-416] Intermediate Timing Summary | WNS=1.002  | TNS=0.000  | WHS=0.010  | THS=0.000  |

Phase 6.1 Hold Fix Iter | Checksum: 14173c638

Time (s): cpu = 00:02:12 ; elapsed = 00:01:31 . Memory (MB): peak = 5712.879 ; gain = 232.910
Phase 6 Post Hold Fix | Checksum: 14173c638

Time (s): cpu = 00:02:12 ; elapsed = 00:01:31 . Memory (MB): peak = 5712.879 ; gain = 232.910

Phase 7 Route finalize

Router Utilization Summary
  Global Vertical Routing Utilization    = 0.384479 %
  Global Horizontal Routing Utilization  = 0.538151 %
  Routable Net Status*
  *Does not include unroutable nets such as driverless and loadless.
  Run report_route_status for detailed report.
  Number of Failed Nets               = 0
    (Failed Nets is the sum of unrouted and partially routed nets)
  Number of Unrouted Nets             = 0
  Number of Partially Routed Nets     = 0
  Number of Node Overlaps             = 0

Phase 7 Route finalize | Checksum: fb0df117

Time (s): cpu = 00:02:14 ; elapsed = 00:01:32 . Memory (MB): peak = 5712.879 ; gain = 232.910

Phase 8 Verifying routed nets

 Verification completed successfully
Phase 8 Verifying routed nets | Checksum: fb0df117

Time (s): cpu = 00:02:14 ; elapsed = 00:01:32 . Memory (MB): peak = 5712.879 ; gain = 232.910

Phase 9 Depositing Routes
Phase 9 Depositing Routes | Checksum: fb0df117

Time (s): cpu = 00:02:15 ; elapsed = 00:01:34 . Memory (MB): peak = 5712.879 ; gain = 232.910

Phase 10 Resolve XTalk
Phase 10 Resolve XTalk | Checksum: fb0df117

Time (s): cpu = 00:02:16 ; elapsed = 00:01:34 . Memory (MB): peak = 5712.879 ; gain = 232.910

Phase 11 Post Router Timing
INFO: [Route 35-57] Estimated Timing Summary | WNS=1.002  | TNS=0.000  | WHS=0.010  | THS=0.000  |

INFO: [Route 35-327] The final timing numbers are based on the router estimated timing analysis. For a complete and accurate timing signoff, please run report_timing_summary.
Phase 11 Post Router Timing | Checksum: fb0df117

Time (s): cpu = 00:02:20 ; elapsed = 00:01:36 . Memory (MB): peak = 5712.879 ; gain = 232.910
INFO: [Route 35-16] Router Completed Successfully

Time (s): cpu = 00:02:20 ; elapsed = 00:01:37 . Memory (MB): peak = 5712.879 ; gain = 232.910

Routing Is Done.
INFO: [Common 17-83] Releasing license: Implementation
90 Infos, 0 Warnings, 0 Critical Warnings and 0 Errors encountered.
route_design completed successfully
route_design: Time (s): cpu = 00:02:26 ; elapsed = 00:01:40 . Memory (MB): peak = 5712.879 ; gain = 232.910
INFO: [Timing 38-480] Writing timing data to binary archive.
Writing XDEF routing.
Writing XDEF routing logical nets.
Writing XDEF routing special nets.
Write XDEF Complete: Time (s): cpu = 00:00:08 ; elapsed = 00:00:04 . Memory (MB): peak = 5712.879 ; gain = 0.000
INFO: [Common 17-1381] The checkpoint 'D:/GitHub/fpga_learing/xviii_beep_piano/xviii_beep_piano.runs/impl_1/xviii_top_routed.dcp' has been generated.
write_checkpoint: Time (s): cpu = 00:00:15 ; elapsed = 00:00:12 . Memory (MB): peak = 5712.879 ; gain = 0.000
INFO: [runtcl-4] Executing : report_drc -file xviii_top_drc_routed.rpt -pb xviii_top_drc_routed.pb -rpx xviii_top_drc_routed.rpx
Command: report_drc -file xviii_top_drc_routed.rpt -pb xviii_top_drc_routed.pb -rpx xviii_top_drc_routed.rpx
INFO: [IP_Flow 19-1839] IP Catalog is up to date.
INFO: [DRC 23-27] Running DRC with 2 threads
INFO: [Vivado_Tcl 2-168] The results of DRC are in file D:/GitHub/fpga_learing/xviii_beep_piano/xviii_beep_piano.runs/impl_1/xviii_top_drc_routed.rpt.
report_drc completed successfully
INFO: [runtcl-4] Executing : report_methodology -file xviii_top_methodology_drc_routed.rpt -pb xviii_top_methodology_drc_routed.pb -rpx xviii_top_methodology_drc_routed.rpx
Command: report_methodology -file xviii_top_methodology_drc_routed.rpt -pb xviii_top_methodology_drc_routed.pb -rpx xviii_top_methodology_drc_routed.rpx
INFO: [Timing 38-35] Done setting XDC timing constraints.
INFO: [DRC 23-133] Running Methodology with 2 threads
INFO: [Vivado_Tcl 2-1520] The results of Report Methodology are in file D:/GitHub/fpga_learing/xviii_beep_piano/xviii_beep_piano.runs/impl_1/xviii_top_methodology_drc_routed.rpt.
report_methodology completed successfully
report_methodology: Time (s): cpu = 00:00:38 ; elapsed = 00:00:21 . Memory (MB): peak = 5712.879 ; gain = 0.000
INFO: [runtcl-4] Executing : report_power -file xviii_top_power_routed.rpt -pb xviii_top_power_summary_routed.pb -rpx xviii_top_power_routed.rpx
Command: report_power -file xviii_top_power_routed.rpt -pb xviii_top_power_summary_routed.pb -rpx xviii_top_power_routed.rpx
INFO: [Timing 38-35] Done setting XDC timing constraints.
Running Vector-less Activity Propagation...

Finished Running Vector-less Activity Propagation
102 Infos, 0 Warnings, 0 Critical Warnings and 0 Errors encountered.
report_power completed successfully
report_power: Time (s): cpu = 00:00:24 ; elapsed = 00:00:13 . Memory (MB): peak = 5712.879 ; gain = 0.000
INFO: [runtcl-4] Executing : report_route_status -file xviii_top_route_status.rpt -pb xviii_top_route_status.pb
INFO: [runtcl-4] Executing : report_timing_summary -max_paths 10 -file xviii_top_timing_summary_routed.rpt -pb xviii_top_timing_summary_routed.pb -rpx xviii_top_timing_summary_routed.rpx -warn_on_violation 
INFO: [Timing 38-91] UpdateTimingParams: Speed grade: -2, Temperature grade: I, Delay Type: min_max.
INFO: [Timing 38-191] Multithreading enabled for timing update using a maximum of 2 CPUs
INFO: [runtcl-4] Executing : report_incremental_reuse -file xviii_top_incremental_reuse_routed.rpt
INFO: [Vivado_Tcl 4-1062] Incremental flow is disabled. No incremental reuse Info to report.
INFO: [runtcl-4] Executing : report_clock_utilization -file xviii_top_clock_utilization_routed.rpt
report_clock_utilization: Time (s): cpu = 00:00:13 ; elapsed = 00:00:12 . Memory (MB): peak = 5712.879 ; gain = 0.000
INFO: [runtcl-4] Executing : report_bus_skew -warn_on_violation -file xviii_top_bus_skew_routed.rpt -pb xviii_top_bus_skew_routed.pb -rpx xviii_top_bus_skew_routed.rpx
INFO: [Timing 38-91] UpdateTimingParams: Speed grade: -2, Temperature grade: I, Delay Type: min_max.
INFO: [Timing 38-191] Multithreading enabled for timing update using a maximum of 2 CPUs
Command: write_bitstream -force xviii_top.bit
Attempting to get a license for feature 'Implementation' and/or device 'xczu19eg'
INFO: [Common 17-349] Got license for feature 'Implementation' and/or device 'xczu19eg'
Running DRC as a precondition to command write_bitstream
INFO: [IP_Flow 19-1839] IP Catalog is up to date.
INFO: [DRC 23-27] Running DRC with 2 threads
WARNING: [DRC DPIP-2] Input pipelining: DSP button_top_inst/button_debounce_array[0].button_debounce_inst/counter_inst/count_middleware_reg[0] input button_top_inst/button_debounce_array[0].button_debounce_inst/counter_inst/count_middleware_reg[0]/C[47:0] is not pipelined. Pipelining DSP48 input will improve performance.
WARNING: [DRC DPIP-2] Input pipelining: DSP button_top_inst/button_debounce_array[0].button_debounce_inst/counter_inst/count_middleware_reg[1] input button_top_inst/button_debounce_array[0].button_debounce_inst/counter_inst/count_middleware_reg[1]/C[47:0] is not pipelined. Pipelining DSP48 input will improve performance.
WARNING: [DRC DPIP-2] Input pipelining: DSP button_top_inst/button_debounce_array[0].button_debounce_inst/counter_inst/count_middleware_reg[2] input button_top_inst/button_debounce_array[0].button_debounce_inst/counter_inst/count_middleware_reg[2]/C[47:0] is not pipelined. Pipelining DSP48 input will improve performance.
WARNING: [DRC DPIP-2] Input pipelining: DSP button_top_inst/button_debounce_array[0].button_debounce_inst/counter_inst/count_middleware_reg[3] input button_top_inst/button_debounce_array[0].button_debounce_inst/counter_inst/count_middleware_reg[3]/C[47:0] is not pipelined. Pipelining DSP48 input will improve performance.
WARNING: [DRC DPIP-2] Input pipelining: DSP button_top_inst/button_debounce_array[10].button_debounce_inst/counter_inst/count_middleware_reg[0] input button_top_inst/button_debounce_array[10].button_debounce_inst/counter_inst/count_middleware_reg[0]/C[47:0] is not pipelined. Pipelining DSP48 input will improve performance.
WARNING: [DRC DPIP-2] Input pipelining: DSP button_top_inst/button_debounce_array[10].button_debounce_inst/counter_inst/count_middleware_reg[1] input button_top_inst/button_debounce_array[10].button_debounce_inst/counter_inst/count_middleware_reg[1]/C[47:0] is not pipelined. Pipelining DSP48 input will improve performance.
WARNING: [DRC DPIP-2] Input pipelining: DSP button_top_inst/button_debounce_array[10].button_debounce_inst/counter_inst/count_middleware_reg[2] input button_top_inst/button_debounce_array[10].button_debounce_inst/counter_inst/count_middleware_reg[2]/C[47:0] is not pipelined. Pipelining DSP48 input will improve performance.
WARNING: [DRC DPIP-2] Input pipelining: DSP button_top_inst/button_debounce_array[10].button_debounce_inst/counter_inst/count_middleware_reg[3] input button_top_inst/button_debounce_array[10].button_debounce_inst/counter_inst/count_middleware_reg[3]/C[47:0] is not pipelined. Pipelining DSP48 input will improve performance.
WARNING: [DRC DPIP-2] Input pipelining: DSP button_top_inst/button_debounce_array[11].button_debounce_inst/counter_inst/count_middleware_reg[0] input button_top_inst/button_debounce_array[11].button_debounce_inst/counter_inst/count_middleware_reg[0]/C[47:0] is not pipelined. Pipelining DSP48 input will improve performance.
WARNING: [DRC DPIP-2] Input pipelining: DSP button_top_inst/button_debounce_array[11].button_debounce_inst/counter_inst/count_middleware_reg[1] input button_top_inst/button_debounce_array[11].button_debounce_inst/counter_inst/count_middleware_reg[1]/C[47:0] is not pipelined. Pipelining DSP48 input will improve performance.
WARNING: [DRC DPIP-2] Input pipelining: DSP button_top_inst/button_debounce_array[11].button_debounce_inst/counter_inst/count_middleware_reg[2] input button_top_inst/button_debounce_array[11].button_debounce_inst/counter_inst/count_middleware_reg[2]/C[47:0] is not pipelined. Pipelining DSP48 input will improve performance.
WARNING: [DRC DPIP-2] Input pipelining: DSP button_top_inst/button_debounce_array[11].button_debounce_inst/counter_inst/count_middleware_reg[3] input button_top_inst/button_debounce_array[11].button_debounce_inst/counter_inst/count_middleware_reg[3]/C[47:0] is not pipelined. Pipelining DSP48 input will improve performance.
WARNING: [DRC DPIP-2] Input pipelining: DSP button_top_inst/button_debounce_array[12].button_debounce_inst/counter_inst/count_middleware_reg[0] input button_top_inst/button_debounce_array[12].button_debounce_inst/counter_inst/count_middleware_reg[0]/C[47:0] is not pipelined. Pipelining DSP48 input will improve performance.
WARNING: [DRC DPIP-2] Input pipelining: DSP button_top_inst/button_debounce_array[12].button_debounce_inst/counter_inst/count_middleware_reg[1] input button_top_inst/button_debounce_array[12].button_debounce_inst/counter_inst/count_middleware_reg[1]/C[47:0] is not pipelined. Pipelining DSP48 input will improve performance.
WARNING: [DRC DPIP-2] Input pipelining: DSP button_top_inst/button_debounce_array[12].button_debounce_inst/counter_inst/count_middleware_reg[2] input button_top_inst/button_debounce_array[12].button_debounce_inst/counter_inst/count_middleware_reg[2]/C[47:0] is not pipelined. Pipelining DSP48 input will improve performance.
WARNING: [DRC DPIP-2] Input pipelining: DSP button_top_inst/button_debounce_array[12].button_debounce_inst/counter_inst/count_middleware_reg[3] input button_top_inst/button_debounce_array[12].button_debounce_inst/counter_inst/count_middleware_reg[3]/C[47:0] is not pipelined. Pipelining DSP48 input will improve performance.
WARNING: [DRC DPIP-2] Input pipelining: DSP button_top_inst/button_debounce_array[13].button_debounce_inst/counter_inst/count_middleware_reg[0] input button_top_inst/button_debounce_array[13].button_debounce_inst/counter_inst/count_middleware_reg[0]/C[47:0] is not pipelined. Pipelining DSP48 input will improve performance.
WARNING: [DRC DPIP-2] Input pipelining: DSP button_top_inst/button_debounce_array[13].button_debounce_inst/counter_inst/count_middleware_reg[1] input button_top_inst/button_debounce_array[13].button_debounce_inst/counter_inst/count_middleware_reg[1]/C[47:0] is not pipelined. Pipelining DSP48 input will improve performance.
WARNING: [DRC DPIP-2] Input pipelining: DSP button_top_inst/button_debounce_array[13].button_debounce_inst/counter_inst/count_middleware_reg[2] input button_top_inst/button_debounce_array[13].button_debounce_inst/counter_inst/count_middleware_reg[2]/C[47:0] is not pipelined. Pipelining DSP48 input will improve performance.
WARNING: [DRC DPIP-2] Input pipelining: DSP button_top_inst/button_debounce_array[13].button_debounce_inst/counter_inst/count_middleware_reg[3] input button_top_inst/button_debounce_array[13].button_debounce_inst/counter_inst/count_middleware_reg[3]/C[47:0] is not pipelined. Pipelining DSP48 input will improve performance.
WARNING: [DRC DPIP-2] Input pipelining: DSP button_top_inst/button_debounce_array[14].button_debounce_inst/counter_inst/count_middleware_reg[0] input button_top_inst/button_debounce_array[14].button_debounce_inst/counter_inst/count_middleware_reg[0]/C[47:0] is not pipelined. Pipelining DSP48 input will improve performance.
WARNING: [DRC DPIP-2] Input pipelining: DSP button_top_inst/button_debounce_array[14].button_debounce_inst/counter_inst/count_middleware_reg[1] input button_top_inst/button_debounce_array[14].button_debounce_inst/counter_inst/count_middleware_reg[1]/C[47:0] is not pipelined. Pipelining DSP48 input will improve performance.
WARNING: [DRC DPIP-2] Input pipelining: DSP button_top_inst/button_debounce_array[14].button_debounce_inst/counter_inst/count_middleware_reg[2] input button_top_inst/button_debounce_array[14].button_debounce_inst/counter_inst/count_middleware_reg[2]/C[47:0] is not pipelined. Pipelining DSP48 input will improve performance.
WARNING: [DRC DPIP-2] Input pipelining: DSP button_top_inst/button_debounce_array[14].button_debounce_inst/counter_inst/count_middleware_reg[3] input button_top_inst/button_debounce_array[14].button_debounce_inst/counter_inst/count_middleware_reg[3]/C[47:0] is not pipelined. Pipelining DSP48 input will improve performance.
WARNING: [DRC DPIP-2] Input pipelining: DSP button_top_inst/button_debounce_array[15].button_debounce_inst/counter_inst/count_middleware_reg[0] input button_top_inst/button_debounce_array[15].button_debounce_inst/counter_inst/count_middleware_reg[0]/C[47:0] is not pipelined. Pipelining DSP48 input will improve performance.
WARNING: [DRC DPIP-2] Input pipelining: DSP button_top_inst/button_debounce_array[15].button_debounce_inst/counter_inst/count_middleware_reg[1] input button_top_inst/button_debounce_array[15].button_debounce_inst/counter_inst/count_middleware_reg[1]/C[47:0] is not pipelined. Pipelining DSP48 input will improve performance.
WARNING: [DRC DPIP-2] Input pipelining: DSP button_top_inst/button_debounce_array[15].button_debounce_inst/counter_inst/count_middleware_reg[2] input button_top_inst/button_debounce_array[15].button_debounce_inst/counter_inst/count_middleware_reg[2]/C[47:0] is not pipelined. Pipelining DSP48 input will improve performance.
WARNING: [DRC DPIP-2] Input pipelining: DSP button_top_inst/button_debounce_array[15].button_debounce_inst/counter_inst/count_middleware_reg[3] input button_top_inst/button_debounce_array[15].button_debounce_inst/counter_inst/count_middleware_reg[3]/C[47:0] is not pipelined. Pipelining DSP48 input will improve performance.
WARNING: [DRC DPIP-2] Input pipelining: DSP button_top_inst/button_debounce_array[16].button_debounce_inst/counter_inst/count_middleware_reg[0] input button_top_inst/button_debounce_array[16].button_debounce_inst/counter_inst/count_middleware_reg[0]/C[47:0] is not pipelined. Pipelining DSP48 input will improve performance.
WARNING: [DRC DPIP-2] Input pipelining: DSP button_top_inst/button_debounce_array[16].button_debounce_inst/counter_inst/count_middleware_reg[1] input button_top_inst/button_debounce_array[16].button_debounce_inst/counter_inst/count_middleware_reg[1]/C[47:0] is not pipelined. Pipelining DSP48 input will improve performance.
WARNING: [DRC DPIP-2] Input pipelining: DSP button_top_inst/button_debounce_array[16].button_debounce_inst/counter_inst/count_middleware_reg[2] input button_top_inst/button_debounce_array[16].button_debounce_inst/counter_inst/count_middleware_reg[2]/C[47:0] is not pipelined. Pipelining DSP48 input will improve performance.
WARNING: [DRC DPIP-2] Input pipelining: DSP button_top_inst/button_debounce_array[16].button_debounce_inst/counter_inst/count_middleware_reg[3] input button_top_inst/button_debounce_array[16].button_debounce_inst/counter_inst/count_middleware_reg[3]/C[47:0] is not pipelined. Pipelining DSP48 input will improve performance.
WARNING: [DRC DPIP-2] Input pipelining: DSP button_top_inst/button_debounce_array[17].button_debounce_inst/counter_inst/count_middleware_reg[0] input button_top_inst/button_debounce_array[17].button_debounce_inst/counter_inst/count_middleware_reg[0]/C[47:0] is not pipelined. Pipelining DSP48 input will improve performance.
WARNING: [DRC DPIP-2] Input pipelining: DSP button_top_inst/button_debounce_array[17].button_debounce_inst/counter_inst/count_middleware_reg[1] input button_top_inst/button_debounce_array[17].button_debounce_inst/counter_inst/count_middleware_reg[1]/C[47:0] is not pipelined. Pipelining DSP48 input will improve performance.
WARNING: [DRC DPIP-2] Input pipelining: DSP button_top_inst/button_debounce_array[17].button_debounce_inst/counter_inst/count_middleware_reg[2] input button_top_inst/button_debounce_array[17].button_debounce_inst/counter_inst/count_middleware_reg[2]/C[47:0] is not pipelined. Pipelining DSP48 input will improve performance.
WARNING: [DRC DPIP-2] Input pipelining: DSP button_top_inst/button_debounce_array[17].button_debounce_inst/counter_inst/count_middleware_reg[3] input button_top_inst/button_debounce_array[17].button_debounce_inst/counter_inst/count_middleware_reg[3]/C[47:0] is not pipelined. Pipelining DSP48 input will improve performance.
WARNING: [DRC DPIP-2] Input pipelining: DSP button_top_inst/button_debounce_array[18].button_debounce_inst/counter_inst/count_middleware_reg[0] input button_top_inst/button_debounce_array[18].button_debounce_inst/counter_inst/count_middleware_reg[0]/C[47:0] is not pipelined. Pipelining DSP48 input will improve performance.
WARNING: [DRC DPIP-2] Input pipelining: DSP button_top_inst/button_debounce_array[18].button_debounce_inst/counter_inst/count_middleware_reg[1] input button_top_inst/button_debounce_array[18].button_debounce_inst/counter_inst/count_middleware_reg[1]/C[47:0] is not pipelined. Pipelining DSP48 input will improve performance.
WARNING: [DRC DPIP-2] Input pipelining: DSP button_top_inst/button_debounce_array[18].button_debounce_inst/counter_inst/count_middleware_reg[2] input button_top_inst/button_debounce_array[18].button_debounce_inst/counter_inst/count_middleware_reg[2]/C[47:0] is not pipelined. Pipelining DSP48 input will improve performance.
WARNING: [DRC DPIP-2] Input pipelining: DSP button_top_inst/button_debounce_array[18].button_debounce_inst/counter_inst/count_middleware_reg[3] input button_top_inst/button_debounce_array[18].button_debounce_inst/counter_inst/count_middleware_reg[3]/C[47:0] is not pipelined. Pipelining DSP48 input will improve performance.
WARNING: [DRC DPIP-2] Input pipelining: DSP button_top_inst/button_debounce_array[19].button_debounce_inst/counter_inst/count_middleware_reg[0] input button_top_inst/button_debounce_array[19].button_debounce_inst/counter_inst/count_middleware_reg[0]/C[47:0] is not pipelined. Pipelining DSP48 input will improve performance.
WARNING: [DRC DPIP-2] Input pipelining: DSP button_top_inst/button_debounce_array[19].button_debounce_inst/counter_inst/count_middleware_reg[1] input button_top_inst/button_debounce_array[19].button_debounce_inst/counter_inst/count_middleware_reg[1]/C[47:0] is not pipelined. Pipelining DSP48 input will improve performance.
WARNING: [DRC DPIP-2] Input pipelining: DSP button_top_inst/button_debounce_array[19].button_debounce_inst/counter_inst/count_middleware_reg[2] input button_top_inst/button_debounce_array[19].button_debounce_inst/counter_inst/count_middleware_reg[2]/C[47:0] is not pipelined. Pipelining DSP48 input will improve performance.
WARNING: [DRC DPIP-2] Input pipelining: DSP button_top_inst/button_debounce_array[19].button_debounce_inst/counter_inst/count_middleware_reg[3] input button_top_inst/button_debounce_array[19].button_debounce_inst/counter_inst/count_middleware_reg[3]/C[47:0] is not pipelined. Pipelining DSP48 input will improve performance.
WARNING: [DRC DPIP-2] Input pipelining: DSP button_top_inst/button_debounce_array[1].button_debounce_inst/counter_inst/count_middleware_reg[0] input button_top_inst/button_debounce_array[1].button_debounce_inst/counter_inst/count_middleware_reg[0]/C[47:0] is not pipelined. Pipelining DSP48 input will improve performance.
WARNING: [DRC DPIP-2] Input pipelining: DSP button_top_inst/button_debounce_array[1].button_debounce_inst/counter_inst/count_middleware_reg[1] input button_top_inst/button_debounce_array[1].button_debounce_inst/counter_inst/count_middleware_reg[1]/C[47:0] is not pipelined. Pipelining DSP48 input will improve performance.
WARNING: [DRC DPIP-2] Input pipelining: DSP button_top_inst/button_debounce_array[1].button_debounce_inst/counter_inst/count_middleware_reg[2] input button_top_inst/button_debounce_array[1].button_debounce_inst/counter_inst/count_middleware_reg[2]/C[47:0] is not pipelined. Pipelining DSP48 input will improve performance.
WARNING: [DRC DPIP-2] Input pipelining: DSP button_top_inst/button_debounce_array[1].button_debounce_inst/counter_inst/count_middleware_reg[3] input button_top_inst/button_debounce_array[1].button_debounce_inst/counter_inst/count_middleware_reg[3]/C[47:0] is not pipelined. Pipelining DSP48 input will improve performance.
WARNING: [DRC DPIP-2] Input pipelining: DSP button_top_inst/button_debounce_array[20].button_debounce_inst/counter_inst/count_middleware_reg[0] input button_top_inst/button_debounce_array[20].button_debounce_inst/counter_inst/count_middleware_reg[0]/C[47:0] is not pipelined. Pipelining DSP48 input will improve performance.
WARNING: [DRC DPIP-2] Input pipelining: DSP button_top_inst/button_debounce_array[20].button_debounce_inst/counter_inst/count_middleware_reg[1] input button_top_inst/button_debounce_array[20].button_debounce_inst/counter_inst/count_middleware_reg[1]/C[47:0] is not pipelined. Pipelining DSP48 input will improve performance.
WARNING: [DRC DPIP-2] Input pipelining: DSP button_top_inst/button_debounce_array[20].button_debounce_inst/counter_inst/count_middleware_reg[2] input button_top_inst/button_debounce_array[20].button_debounce_inst/counter_inst/count_middleware_reg[2]/C[47:0] is not pipelined. Pipelining DSP48 input will improve performance.
WARNING: [DRC DPIP-2] Input pipelining: DSP button_top_inst/button_debounce_array[20].button_debounce_inst/counter_inst/count_middleware_reg[3] input button_top_inst/button_debounce_array[20].button_debounce_inst/counter_inst/count_middleware_reg[3]/C[47:0] is not pipelined. Pipelining DSP48 input will improve performance.
WARNING: [DRC DPIP-2] Input pipelining: DSP button_top_inst/button_debounce_array[21].button_debounce_inst/counter_inst/count_middleware_reg[0] input button_top_inst/button_debounce_array[21].button_debounce_inst/counter_inst/count_middleware_reg[0]/C[47:0] is not pipelined. Pipelining DSP48 input will improve performance.
WARNING: [DRC DPIP-2] Input pipelining: DSP button_top_inst/button_debounce_array[21].button_debounce_inst/counter_inst/count_middleware_reg[1] input button_top_inst/button_debounce_array[21].button_debounce_inst/counter_inst/count_middleware_reg[1]/C[47:0] is not pipelined. Pipelining DSP48 input will improve performance.
WARNING: [DRC DPIP-2] Input pipelining: DSP button_top_inst/button_debounce_array[21].button_debounce_inst/counter_inst/count_middleware_reg[2] input button_top_inst/button_debounce_array[21].button_debounce_inst/counter_inst/count_middleware_reg[2]/C[47:0] is not pipelined. Pipelining DSP48 input will improve performance.
WARNING: [DRC DPIP-2] Input pipelining: DSP button_top_inst/button_debounce_array[21].button_debounce_inst/counter_inst/count_middleware_reg[3] input button_top_inst/button_debounce_array[21].button_debounce_inst/counter_inst/count_middleware_reg[3]/C[47:0] is not pipelined. Pipelining DSP48 input will improve performance.
WARNING: [DRC DPIP-2] Input pipelining: DSP button_top_inst/button_debounce_array[22].button_debounce_inst/counter_inst/count_middleware_reg[0] input button_top_inst/button_debounce_array[22].button_debounce_inst/counter_inst/count_middleware_reg[0]/C[47:0] is not pipelined. Pipelining DSP48 input will improve performance.
WARNING: [DRC DPIP-2] Input pipelining: DSP button_top_inst/button_debounce_array[22].button_debounce_inst/counter_inst/count_middleware_reg[1] input button_top_inst/button_debounce_array[22].button_debounce_inst/counter_inst/count_middleware_reg[1]/C[47:0] is not pipelined. Pipelining DSP48 input will improve performance.
WARNING: [DRC DPIP-2] Input pipelining: DSP button_top_inst/button_debounce_array[22].button_debounce_inst/counter_inst/count_middleware_reg[2] input button_top_inst/button_debounce_array[22].button_debounce_inst/counter_inst/count_middleware_reg[2]/C[47:0] is not pipelined. Pipelining DSP48 input will improve performance.
WARNING: [DRC DPIP-2] Input pipelining: DSP button_top_inst/button_debounce_array[22].button_debounce_inst/counter_inst/count_middleware_reg[3] input button_top_inst/button_debounce_array[22].button_debounce_inst/counter_inst/count_middleware_reg[3]/C[47:0] is not pipelined. Pipelining DSP48 input will improve performance.
WARNING: [DRC DPIP-2] Input pipelining: DSP button_top_inst/button_debounce_array[23].button_debounce_inst/counter_inst/count_middleware_reg[0] input button_top_inst/button_debounce_array[23].button_debounce_inst/counter_inst/count_middleware_reg[0]/C[47:0] is not pipelined. Pipelining DSP48 input will improve performance.
WARNING: [DRC DPIP-2] Input pipelining: DSP button_top_inst/button_debounce_array[23].button_debounce_inst/counter_inst/count_middleware_reg[1] input button_top_inst/button_debounce_array[23].button_debounce_inst/counter_inst/count_middleware_reg[1]/C[47:0] is not pipelined. Pipelining DSP48 input will improve performance.
WARNING: [DRC DPIP-2] Input pipelining: DSP button_top_inst/button_debounce_array[23].button_debounce_inst/counter_inst/count_middleware_reg[2] input button_top_inst/button_debounce_array[23].button_debounce_inst/counter_inst/count_middleware_reg[2]/C[47:0] is not pipelined. Pipelining DSP48 input will improve performance.
WARNING: [DRC DPIP-2] Input pipelining: DSP button_top_inst/button_debounce_array[23].button_debounce_inst/counter_inst/count_middleware_reg[3] input button_top_inst/button_debounce_array[23].button_debounce_inst/counter_inst/count_middleware_reg[3]/C[47:0] is not pipelined. Pipelining DSP48 input will improve performance.
WARNING: [DRC DPIP-2] Input pipelining: DSP button_top_inst/button_debounce_array[24].button_debounce_inst/counter_inst/count_middleware_reg[0] input button_top_inst/button_debounce_array[24].button_debounce_inst/counter_inst/count_middleware_reg[0]/C[47:0] is not pipelined. Pipelining DSP48 input will improve performance.
WARNING: [DRC DPIP-2] Input pipelining: DSP button_top_inst/button_debounce_array[24].button_debounce_inst/counter_inst/count_middleware_reg[1] input button_top_inst/button_debounce_array[24].button_debounce_inst/counter_inst/count_middleware_reg[1]/C[47:0] is not pipelined. Pipelining DSP48 input will improve performance.
WARNING: [DRC DPIP-2] Input pipelining: DSP button_top_inst/button_debounce_array[24].button_debounce_inst/counter_inst/count_middleware_reg[2] input button_top_inst/button_debounce_array[24].button_debounce_inst/counter_inst/count_middleware_reg[2]/C[47:0] is not pipelined. Pipelining DSP48 input will improve performance.
WARNING: [DRC DPIP-2] Input pipelining: DSP button_top_inst/button_debounce_array[24].button_debounce_inst/counter_inst/count_middleware_reg[3] input button_top_inst/button_debounce_array[24].button_debounce_inst/counter_inst/count_middleware_reg[3]/C[47:0] is not pipelined. Pipelining DSP48 input will improve performance.
WARNING: [DRC DPIP-2] Input pipelining: DSP button_top_inst/button_debounce_array[25].button_debounce_inst/counter_inst/count_middleware_reg[0] input button_top_inst/button_debounce_array[25].button_debounce_inst/counter_inst/count_middleware_reg[0]/C[47:0] is not pipelined. Pipelining DSP48 input will improve performance.
WARNING: [DRC DPIP-2] Input pipelining: DSP button_top_inst/button_debounce_array[25].button_debounce_inst/counter_inst/count_middleware_reg[1] input button_top_inst/button_debounce_array[25].button_debounce_inst/counter_inst/count_middleware_reg[1]/C[47:0] is not pipelined. Pipelining DSP48 input will improve performance.
WARNING: [DRC DPIP-2] Input pipelining: DSP button_top_inst/button_debounce_array[25].button_debounce_inst/counter_inst/count_middleware_reg[2] input button_top_inst/button_debounce_array[25].button_debounce_inst/counter_inst/count_middleware_reg[2]/C[47:0] is not pipelined. Pipelining DSP48 input will improve performance.
WARNING: [DRC DPIP-2] Input pipelining: DSP button_top_inst/button_debounce_array[25].button_debounce_inst/counter_inst/count_middleware_reg[3] input button_top_inst/button_debounce_array[25].button_debounce_inst/counter_inst/count_middleware_reg[3]/C[47:0] is not pipelined. Pipelining DSP48 input will improve performance.
WARNING: [DRC DPIP-2] Input pipelining: DSP button_top_inst/button_debounce_array[2].button_debounce_inst/counter_inst/count_middleware_reg[0] input button_top_inst/button_debounce_array[2].button_debounce_inst/counter_inst/count_middleware_reg[0]/C[47:0] is not pipelined. Pipelining DSP48 input will improve performance.
WARNING: [DRC DPIP-2] Input pipelining: DSP button_top_inst/button_debounce_array[2].button_debounce_inst/counter_inst/count_middleware_reg[1] input button_top_inst/button_debounce_array[2].button_debounce_inst/counter_inst/count_middleware_reg[1]/C[47:0] is not pipelined. Pipelining DSP48 input will improve performance.
WARNING: [DRC DPIP-2] Input pipelining: DSP button_top_inst/button_debounce_array[2].button_debounce_inst/counter_inst/count_middleware_reg[2] input button_top_inst/button_debounce_array[2].button_debounce_inst/counter_inst/count_middleware_reg[2]/C[47:0] is not pipelined. Pipelining DSP48 input will improve performance.
WARNING: [DRC DPIP-2] Input pipelining: DSP button_top_inst/button_debounce_array[2].button_debounce_inst/counter_inst/count_middleware_reg[3] input button_top_inst/button_debounce_array[2].button_debounce_inst/counter_inst/count_middleware_reg[3]/C[47:0] is not pipelined. Pipelining DSP48 input will improve performance.
WARNING: [DRC DPIP-2] Input pipelining: DSP button_top_inst/button_debounce_array[3].button_debounce_inst/counter_inst/count_middleware_reg[0] input button_top_inst/button_debounce_array[3].button_debounce_inst/counter_inst/count_middleware_reg[0]/C[47:0] is not pipelined. Pipelining DSP48 input will improve performance.
WARNING: [DRC DPIP-2] Input pipelining: DSP button_top_inst/button_debounce_array[3].button_debounce_inst/counter_inst/count_middleware_reg[1] input button_top_inst/button_debounce_array[3].button_debounce_inst/counter_inst/count_middleware_reg[1]/C[47:0] is not pipelined. Pipelining DSP48 input will improve performance.
WARNING: [DRC DPIP-2] Input pipelining: DSP button_top_inst/button_debounce_array[3].button_debounce_inst/counter_inst/count_middleware_reg[2] input button_top_inst/button_debounce_array[3].button_debounce_inst/counter_inst/count_middleware_reg[2]/C[47:0] is not pipelined. Pipelining DSP48 input will improve performance.
WARNING: [DRC DPIP-2] Input pipelining: DSP button_top_inst/button_debounce_array[3].button_debounce_inst/counter_inst/count_middleware_reg[3] input button_top_inst/button_debounce_array[3].button_debounce_inst/counter_inst/count_middleware_reg[3]/C[47:0] is not pipelined. Pipelining DSP48 input will improve performance.
WARNING: [DRC DPIP-2] Input pipelining: DSP button_top_inst/button_debounce_array[4].button_debounce_inst/counter_inst/count_middleware_reg[0] input button_top_inst/button_debounce_array[4].button_debounce_inst/counter_inst/count_middleware_reg[0]/C[47:0] is not pipelined. Pipelining DSP48 input will improve performance.
WARNING: [DRC DPIP-2] Input pipelining: DSP button_top_inst/button_debounce_array[4].button_debounce_inst/counter_inst/count_middleware_reg[1] input button_top_inst/button_debounce_array[4].button_debounce_inst/counter_inst/count_middleware_reg[1]/C[47:0] is not pipelined. Pipelining DSP48 input will improve performance.
WARNING: [DRC DPIP-2] Input pipelining: DSP button_top_inst/button_debounce_array[4].button_debounce_inst/counter_inst/count_middleware_reg[2] input button_top_inst/button_debounce_array[4].button_debounce_inst/counter_inst/count_middleware_reg[2]/C[47:0] is not pipelined. Pipelining DSP48 input will improve performance.
WARNING: [DRC DPIP-2] Input pipelining: DSP button_top_inst/button_debounce_array[4].button_debounce_inst/counter_inst/count_middleware_reg[3] input button_top_inst/button_debounce_array[4].button_debounce_inst/counter_inst/count_middleware_reg[3]/C[47:0] is not pipelined. Pipelining DSP48 input will improve performance.
WARNING: [DRC DPIP-2] Input pipelining: DSP button_top_inst/button_debounce_array[5].button_debounce_inst/counter_inst/count_middleware_reg[0] input button_top_inst/button_debounce_array[5].button_debounce_inst/counter_inst/count_middleware_reg[0]/C[47:0] is not pipelined. Pipelining DSP48 input will improve performance.
WARNING: [DRC DPIP-2] Input pipelining: DSP button_top_inst/button_debounce_array[5].button_debounce_inst/counter_inst/count_middleware_reg[1] input button_top_inst/button_debounce_array[5].button_debounce_inst/counter_inst/count_middleware_reg[1]/C[47:0] is not pipelined. Pipelining DSP48 input will improve performance.
WARNING: [DRC DPIP-2] Input pipelining: DSP button_top_inst/button_debounce_array[5].button_debounce_inst/counter_inst/count_middleware_reg[2] input button_top_inst/button_debounce_array[5].button_debounce_inst/counter_inst/count_middleware_reg[2]/C[47:0] is not pipelined. Pipelining DSP48 input will improve performance.
WARNING: [DRC DPIP-2] Input pipelining: DSP button_top_inst/button_debounce_array[5].button_debounce_inst/counter_inst/count_middleware_reg[3] input button_top_inst/button_debounce_array[5].button_debounce_inst/counter_inst/count_middleware_reg[3]/C[47:0] is not pipelined. Pipelining DSP48 input will improve performance.
WARNING: [DRC DPIP-2] Input pipelining: DSP button_top_inst/button_debounce_array[6].button_debounce_inst/counter_inst/count_middleware_reg[0] input button_top_inst/button_debounce_array[6].button_debounce_inst/counter_inst/count_middleware_reg[0]/C[47:0] is not pipelined. Pipelining DSP48 input will improve performance.
WARNING: [DRC DPIP-2] Input pipelining: DSP button_top_inst/button_debounce_array[6].button_debounce_inst/counter_inst/count_middleware_reg[1] input button_top_inst/button_debounce_array[6].button_debounce_inst/counter_inst/count_middleware_reg[1]/C[47:0] is not pipelined. Pipelining DSP48 input will improve performance.
WARNING: [DRC DPIP-2] Input pipelining: DSP button_top_inst/button_debounce_array[6].button_debounce_inst/counter_inst/count_middleware_reg[2] input button_top_inst/button_debounce_array[6].button_debounce_inst/counter_inst/count_middleware_reg[2]/C[47:0] is not pipelined. Pipelining DSP48 input will improve performance.
WARNING: [DRC DPIP-2] Input pipelining: DSP button_top_inst/button_debounce_array[6].button_debounce_inst/counter_inst/count_middleware_reg[3] input button_top_inst/button_debounce_array[6].button_debounce_inst/counter_inst/count_middleware_reg[3]/C[47:0] is not pipelined. Pipelining DSP48 input will improve performance.
WARNING: [DRC DPIP-2] Input pipelining: DSP button_top_inst/button_debounce_array[7].button_debounce_inst/counter_inst/count_middleware_reg[0] input button_top_inst/button_debounce_array[7].button_debounce_inst/counter_inst/count_middleware_reg[0]/C[47:0] is not pipelined. Pipelining DSP48 input will improve performance.
WARNING: [DRC DPIP-2] Input pipelining: DSP button_top_inst/button_debounce_array[7].button_debounce_inst/counter_inst/count_middleware_reg[1] input button_top_inst/button_debounce_array[7].button_debounce_inst/counter_inst/count_middleware_reg[1]/C[47:0] is not pipelined. Pipelining DSP48 input will improve performance.
WARNING: [DRC DPIP-2] Input pipelining: DSP button_top_inst/button_debounce_array[7].button_debounce_inst/counter_inst/count_middleware_reg[2] input button_top_inst/button_debounce_array[7].button_debounce_inst/counter_inst/count_middleware_reg[2]/C[47:0] is not pipelined. Pipelining DSP48 input will improve performance.
WARNING: [DRC DPIP-2] Input pipelining: DSP button_top_inst/button_debounce_array[7].button_debounce_inst/counter_inst/count_middleware_reg[3] input button_top_inst/button_debounce_array[7].button_debounce_inst/counter_inst/count_middleware_reg[3]/C[47:0] is not pipelined. Pipelining DSP48 input will improve performance.
WARNING: [DRC DPIP-2] Input pipelining: DSP button_top_inst/button_debounce_array[8].button_debounce_inst/counter_inst/count_middleware_reg[0] input button_top_inst/button_debounce_array[8].button_debounce_inst/counter_inst/count_middleware_reg[0]/C[47:0] is not pipelined. Pipelining DSP48 input will improve performance.
WARNING: [DRC DPIP-2] Input pipelining: DSP button_top_inst/button_debounce_array[8].button_debounce_inst/counter_inst/count_middleware_reg[1] input button_top_inst/button_debounce_array[8].button_debounce_inst/counter_inst/count_middleware_reg[1]/C[47:0] is not pipelined. Pipelining DSP48 input will improve performance.
WARNING: [DRC DPIP-2] Input pipelining: DSP button_top_inst/button_debounce_array[8].button_debounce_inst/counter_inst/count_middleware_reg[2] input button_top_inst/button_debounce_array[8].button_debounce_inst/counter_inst/count_middleware_reg[2]/C[47:0] is not pipelined. Pipelining DSP48 input will improve performance.
WARNING: [DRC DPIP-2] Input pipelining: DSP button_top_inst/button_debounce_array[8].button_debounce_inst/counter_inst/count_middleware_reg[3] input button_top_inst/button_debounce_array[8].button_debounce_inst/counter_inst/count_middleware_reg[3]/C[47:0] is not pipelined. Pipelining DSP48 input will improve performance.
INFO: [Common 17-14] Message 'DRC DPIP-2' appears 100 times and further instances of the messages will be disabled. Use the Tcl command set_msg_config to change the current settings.
WARNING: [DRC DPOP-3] PREG Output pipelining: DSP button_top_inst/button_debounce_array[0].button_debounce_inst/counter_inst/ output button_top_inst/button_debounce_array[0].button_debounce_inst/counter_inst//P[47:0] is not pipelined (PREG=0). Pipelining the DSP48 output will improve performance and often saves power so it is suggested whenever possible to fully pipeline this function.  If this DSP48 function was inferred, it is suggested to describe an additional register stage after this function.  If the DSP48 was instantiated in the design, it is suggested to set the PREG attribute to 1.
WARNING: [DRC DPOP-3] PREG Output pipelining: DSP button_top_inst/button_debounce_array[0].button_debounce_inst/counter_inst/__0 output button_top_inst/button_debounce_array[0].button_debounce_inst/counter_inst/__0/P[47:0] is not pipelined (PREG=0). Pipelining the DSP48 output will improve performance and often saves power so it is suggested whenever possible to fully pipeline this function.  If this DSP48 function was inferred, it is suggested to describe an additional register stage after this function.  If the DSP48 was instantiated in the design, it is suggested to set the PREG attribute to 1.
WARNING: [DRC DPOP-3] PREG Output pipelining: DSP button_top_inst/button_debounce_array[0].button_debounce_inst/counter_inst/__1 output button_top_inst/button_debounce_array[0].button_debounce_inst/counter_inst/__1/P[47:0] is not pipelined (PREG=0). Pipelining the DSP48 output will improve performance and often saves power so it is suggested whenever possible to fully pipeline this function.  If this DSP48 function was inferred, it is suggested to describe an additional register stage after this function.  If the DSP48 was instantiated in the design, it is suggested to set the PREG attribute to 1.
WARNING: [DRC DPOP-3] PREG Output pipelining: DSP button_top_inst/button_debounce_array[0].button_debounce_inst/counter_inst/__2 output button_top_inst/button_debounce_array[0].button_debounce_inst/counter_inst/__2/P[47:0] is not pipelined (PREG=0). Pipelining the DSP48 output will improve performance and often saves power so it is suggested whenever possible to fully pipeline this function.  If this DSP48 function was inferred, it is suggested to describe an additional register stage after this function.  If the DSP48 was instantiated in the design, it is suggested to set the PREG attribute to 1.
WARNING: [DRC DPOP-3] PREG Output pipelining: DSP button_top_inst/button_debounce_array[10].button_debounce_inst/counter_inst/ output button_top_inst/button_debounce_array[10].button_debounce_inst/counter_inst//P[47:0] is not pipelined (PREG=0). Pipelining the DSP48 output will improve performance and often saves power so it is suggested whenever possible to fully pipeline this function.  If this DSP48 function was inferred, it is suggested to describe an additional register stage after this function.  If the DSP48 was instantiated in the design, it is suggested to set the PREG attribute to 1.
WARNING: [DRC DPOP-3] PREG Output pipelining: DSP button_top_inst/button_debounce_array[10].button_debounce_inst/counter_inst/__0 output button_top_inst/button_debounce_array[10].button_debounce_inst/counter_inst/__0/P[47:0] is not pipelined (PREG=0). Pipelining the DSP48 output will improve performance and often saves power so it is suggested whenever possible to fully pipeline this function.  If this DSP48 function was inferred, it is suggested to describe an additional register stage after this function.  If the DSP48 was instantiated in the design, it is suggested to set the PREG attribute to 1.
WARNING: [DRC DPOP-3] PREG Output pipelining: DSP button_top_inst/button_debounce_array[10].button_debounce_inst/counter_inst/__1 output button_top_inst/button_debounce_array[10].button_debounce_inst/counter_inst/__1/P[47:0] is not pipelined (PREG=0). Pipelining the DSP48 output will improve performance and often saves power so it is suggested whenever possible to fully pipeline this function.  If this DSP48 function was inferred, it is suggested to describe an additional register stage after this function.  If the DSP48 was instantiated in the design, it is suggested to set the PREG attribute to 1.
WARNING: [DRC DPOP-3] PREG Output pipelining: DSP button_top_inst/button_debounce_array[10].button_debounce_inst/counter_inst/__2 output button_top_inst/button_debounce_array[10].button_debounce_inst/counter_inst/__2/P[47:0] is not pipelined (PREG=0). Pipelining the DSP48 output will improve performance and often saves power so it is suggested whenever possible to fully pipeline this function.  If this DSP48 function was inferred, it is suggested to describe an additional register stage after this function.  If the DSP48 was instantiated in the design, it is suggested to set the PREG attribute to 1.
WARNING: [DRC DPOP-3] PREG Output pipelining: DSP button_top_inst/button_debounce_array[11].button_debounce_inst/counter_inst/ output button_top_inst/button_debounce_array[11].button_debounce_inst/counter_inst//P[47:0] is not pipelined (PREG=0). Pipelining the DSP48 output will improve performance and often saves power so it is suggested whenever possible to fully pipeline this function.  If this DSP48 function was inferred, it is suggested to describe an additional register stage after this function.  If the DSP48 was instantiated in the design, it is suggested to set the PREG attribute to 1.
WARNING: [DRC DPOP-3] PREG Output pipelining: DSP button_top_inst/button_debounce_array[11].button_debounce_inst/counter_inst/__0 output button_top_inst/button_debounce_array[11].button_debounce_inst/counter_inst/__0/P[47:0] is not pipelined (PREG=0). Pipelining the DSP48 output will improve performance and often saves power so it is suggested whenever possible to fully pipeline this function.  If this DSP48 function was inferred, it is suggested to describe an additional register stage after this function.  If the DSP48 was instantiated in the design, it is suggested to set the PREG attribute to 1.
WARNING: [DRC DPOP-3] PREG Output pipelining: DSP button_top_inst/button_debounce_array[11].button_debounce_inst/counter_inst/__1 output button_top_inst/button_debounce_array[11].button_debounce_inst/counter_inst/__1/P[47:0] is not pipelined (PREG=0). Pipelining the DSP48 output will improve performance and often saves power so it is suggested whenever possible to fully pipeline this function.  If this DSP48 function was inferred, it is suggested to describe an additional register stage after this function.  If the DSP48 was instantiated in the design, it is suggested to set the PREG attribute to 1.
WARNING: [DRC DPOP-3] PREG Output pipelining: DSP button_top_inst/button_debounce_array[11].button_debounce_inst/counter_inst/__2 output button_top_inst/button_debounce_array[11].button_debounce_inst/counter_inst/__2/P[47:0] is not pipelined (PREG=0). Pipelining the DSP48 output will improve performance and often saves power so it is suggested whenever possible to fully pipeline this function.  If this DSP48 function was inferred, it is suggested to describe an additional register stage after this function.  If the DSP48 was instantiated in the design, it is suggested to set the PREG attribute to 1.
WARNING: [DRC DPOP-3] PREG Output pipelining: DSP button_top_inst/button_debounce_array[12].button_debounce_inst/counter_inst/ output button_top_inst/button_debounce_array[12].button_debounce_inst/counter_inst//P[47:0] is not pipelined (PREG=0). Pipelining the DSP48 output will improve performance and often saves power so it is suggested whenever possible to fully pipeline this function.  If this DSP48 function was inferred, it is suggested to describe an additional register stage after this function.  If the DSP48 was instantiated in the design, it is suggested to set the PREG attribute to 1.
WARNING: [DRC DPOP-3] PREG Output pipelining: DSP button_top_inst/button_debounce_array[12].button_debounce_inst/counter_inst/__0 output button_top_inst/button_debounce_array[12].button_debounce_inst/counter_inst/__0/P[47:0] is not pipelined (PREG=0). Pipelining the DSP48 output will improve performance and often saves power so it is suggested whenever possible to fully pipeline this function.  If this DSP48 function was inferred, it is suggested to describe an additional register stage after this function.  If the DSP48 was instantiated in the design, it is suggested to set the PREG attribute to 1.
WARNING: [DRC DPOP-3] PREG Output pipelining: DSP button_top_inst/button_debounce_array[12].button_debounce_inst/counter_inst/__1 output button_top_inst/button_debounce_array[12].button_debounce_inst/counter_inst/__1/P[47:0] is not pipelined (PREG=0). Pipelining the DSP48 output will improve performance and often saves power so it is suggested whenever possible to fully pipeline this function.  If this DSP48 function was inferred, it is suggested to describe an additional register stage after this function.  If the DSP48 was instantiated in the design, it is suggested to set the PREG attribute to 1.
WARNING: [DRC DPOP-3] PREG Output pipelining: DSP button_top_inst/button_debounce_array[12].button_debounce_inst/counter_inst/__2 output button_top_inst/button_debounce_array[12].button_debounce_inst/counter_inst/__2/P[47:0] is not pipelined (PREG=0). Pipelining the DSP48 output will improve performance and often saves power so it is suggested whenever possible to fully pipeline this function.  If this DSP48 function was inferred, it is suggested to describe an additional register stage after this function.  If the DSP48 was instantiated in the design, it is suggested to set the PREG attribute to 1.
WARNING: [DRC DPOP-3] PREG Output pipelining: DSP button_top_inst/button_debounce_array[13].button_debounce_inst/counter_inst/ output button_top_inst/button_debounce_array[13].button_debounce_inst/counter_inst//P[47:0] is not pipelined (PREG=0). Pipelining the DSP48 output will improve performance and often saves power so it is suggested whenever possible to fully pipeline this function.  If this DSP48 function was inferred, it is suggested to describe an additional register stage after this function.  If the DSP48 was instantiated in the design, it is suggested to set the PREG attribute to 1.
WARNING: [DRC DPOP-3] PREG Output pipelining: DSP button_top_inst/button_debounce_array[13].button_debounce_inst/counter_inst/__0 output button_top_inst/button_debounce_array[13].button_debounce_inst/counter_inst/__0/P[47:0] is not pipelined (PREG=0). Pipelining the DSP48 output will improve performance and often saves power so it is suggested whenever possible to fully pipeline this function.  If this DSP48 function was inferred, it is suggested to describe an additional register stage after this function.  If the DSP48 was instantiated in the design, it is suggested to set the PREG attribute to 1.
WARNING: [DRC DPOP-3] PREG Output pipelining: DSP button_top_inst/button_debounce_array[13].button_debounce_inst/counter_inst/__1 output button_top_inst/button_debounce_array[13].button_debounce_inst/counter_inst/__1/P[47:0] is not pipelined (PREG=0). Pipelining the DSP48 output will improve performance and often saves power so it is suggested whenever possible to fully pipeline this function.  If this DSP48 function was inferred, it is suggested to describe an additional register stage after this function.  If the DSP48 was instantiated in the design, it is suggested to set the PREG attribute to 1.
WARNING: [DRC DPOP-3] PREG Output pipelining: DSP button_top_inst/button_debounce_array[13].button_debounce_inst/counter_inst/__2 output button_top_inst/button_debounce_array[13].button_debounce_inst/counter_inst/__2/P[47:0] is not pipelined (PREG=0). Pipelining the DSP48 output will improve performance and often saves power so it is suggested whenever possible to fully pipeline this function.  If this DSP48 function was inferred, it is suggested to describe an additional register stage after this function.  If the DSP48 was instantiated in the design, it is suggested to set the PREG attribute to 1.
WARNING: [DRC DPOP-3] PREG Output pipelining: DSP button_top_inst/button_debounce_array[14].button_debounce_inst/counter_inst/ output button_top_inst/button_debounce_array[14].button_debounce_inst/counter_inst//P[47:0] is not pipelined (PREG=0). Pipelining the DSP48 output will improve performance and often saves power so it is suggested whenever possible to fully pipeline this function.  If this DSP48 function was inferred, it is suggested to describe an additional register stage after this function.  If the DSP48 was instantiated in the design, it is suggested to set the PREG attribute to 1.
WARNING: [DRC DPOP-3] PREG Output pipelining: DSP button_top_inst/button_debounce_array[14].button_debounce_inst/counter_inst/__0 output button_top_inst/button_debounce_array[14].button_debounce_inst/counter_inst/__0/P[47:0] is not pipelined (PREG=0). Pipelining the DSP48 output will improve performance and often saves power so it is suggested whenever possible to fully pipeline this function.  If this DSP48 function was inferred, it is suggested to describe an additional register stage after this function.  If the DSP48 was instantiated in the design, it is suggested to set the PREG attribute to 1.
WARNING: [DRC DPOP-3] PREG Output pipelining: DSP button_top_inst/button_debounce_array[14].button_debounce_inst/counter_inst/__1 output button_top_inst/button_debounce_array[14].button_debounce_inst/counter_inst/__1/P[47:0] is not pipelined (PREG=0). Pipelining the DSP48 output will improve performance and often saves power so it is suggested whenever possible to fully pipeline this function.  If this DSP48 function was inferred, it is suggested to describe an additional register stage after this function.  If the DSP48 was instantiated in the design, it is suggested to set the PREG attribute to 1.
WARNING: [DRC DPOP-3] PREG Output pipelining: DSP button_top_inst/button_debounce_array[14].button_debounce_inst/counter_inst/__2 output button_top_inst/button_debounce_array[14].button_debounce_inst/counter_inst/__2/P[47:0] is not pipelined (PREG=0). Pipelining the DSP48 output will improve performance and often saves power so it is suggested whenever possible to fully pipeline this function.  If this DSP48 function was inferred, it is suggested to describe an additional register stage after this function.  If the DSP48 was instantiated in the design, it is suggested to set the PREG attribute to 1.
WARNING: [DRC DPOP-3] PREG Output pipelining: DSP button_top_inst/button_debounce_array[15].button_debounce_inst/counter_inst/ output button_top_inst/button_debounce_array[15].button_debounce_inst/counter_inst//P[47:0] is not pipelined (PREG=0). Pipelining the DSP48 output will improve performance and often saves power so it is suggested whenever possible to fully pipeline this function.  If this DSP48 function was inferred, it is suggested to describe an additional register stage after this function.  If the DSP48 was instantiated in the design, it is suggested to set the PREG attribute to 1.
WARNING: [DRC DPOP-3] PREG Output pipelining: DSP button_top_inst/button_debounce_array[15].button_debounce_inst/counter_inst/__0 output button_top_inst/button_debounce_array[15].button_debounce_inst/counter_inst/__0/P[47:0] is not pipelined (PREG=0). Pipelining the DSP48 output will improve performance and often saves power so it is suggested whenever possible to fully pipeline this function.  If this DSP48 function was inferred, it is suggested to describe an additional register stage after this function.  If the DSP48 was instantiated in the design, it is suggested to set the PREG attribute to 1.
WARNING: [DRC DPOP-3] PREG Output pipelining: DSP button_top_inst/button_debounce_array[15].button_debounce_inst/counter_inst/__1 output button_top_inst/button_debounce_array[15].button_debounce_inst/counter_inst/__1/P[47:0] is not pipelined (PREG=0). Pipelining the DSP48 output will improve performance and often saves power so it is suggested whenever possible to fully pipeline this function.  If this DSP48 function was inferred, it is suggested to describe an additional register stage after this function.  If the DSP48 was instantiated in the design, it is suggested to set the PREG attribute to 1.
WARNING: [DRC DPOP-3] PREG Output pipelining: DSP button_top_inst/button_debounce_array[15].button_debounce_inst/counter_inst/__2 output button_top_inst/button_debounce_array[15].button_debounce_inst/counter_inst/__2/P[47:0] is not pipelined (PREG=0). Pipelining the DSP48 output will improve performance and often saves power so it is suggested whenever possible to fully pipeline this function.  If this DSP48 function was inferred, it is suggested to describe an additional register stage after this function.  If the DSP48 was instantiated in the design, it is suggested to set the PREG attribute to 1.
WARNING: [DRC DPOP-3] PREG Output pipelining: DSP button_top_inst/button_debounce_array[16].button_debounce_inst/counter_inst/ output button_top_inst/button_debounce_array[16].button_debounce_inst/counter_inst//P[47:0] is not pipelined (PREG=0). Pipelining the DSP48 output will improve performance and often saves power so it is suggested whenever possible to fully pipeline this function.  If this DSP48 function was inferred, it is suggested to describe an additional register stage after this function.  If the DSP48 was instantiated in the design, it is suggested to set the PREG attribute to 1.
WARNING: [DRC DPOP-3] PREG Output pipelining: DSP button_top_inst/button_debounce_array[16].button_debounce_inst/counter_inst/__0 output button_top_inst/button_debounce_array[16].button_debounce_inst/counter_inst/__0/P[47:0] is not pipelined (PREG=0). Pipelining the DSP48 output will improve performance and often saves power so it is suggested whenever possible to fully pipeline this function.  If this DSP48 function was inferred, it is suggested to describe an additional register stage after this function.  If the DSP48 was instantiated in the design, it is suggested to set the PREG attribute to 1.
WARNING: [DRC DPOP-3] PREG Output pipelining: DSP button_top_inst/button_debounce_array[16].button_debounce_inst/counter_inst/__1 output button_top_inst/button_debounce_array[16].button_debounce_inst/counter_inst/__1/P[47:0] is not pipelined (PREG=0). Pipelining the DSP48 output will improve performance and often saves power so it is suggested whenever possible to fully pipeline this function.  If this DSP48 function was inferred, it is suggested to describe an additional register stage after this function.  If the DSP48 was instantiated in the design, it is suggested to set the PREG attribute to 1.
WARNING: [DRC DPOP-3] PREG Output pipelining: DSP button_top_inst/button_debounce_array[16].button_debounce_inst/counter_inst/__2 output button_top_inst/button_debounce_array[16].button_debounce_inst/counter_inst/__2/P[47:0] is not pipelined (PREG=0). Pipelining the DSP48 output will improve performance and often saves power so it is suggested whenever possible to fully pipeline this function.  If this DSP48 function was inferred, it is suggested to describe an additional register stage after this function.  If the DSP48 was instantiated in the design, it is suggested to set the PREG attribute to 1.
WARNING: [DRC DPOP-3] PREG Output pipelining: DSP button_top_inst/button_debounce_array[17].button_debounce_inst/counter_inst/ output button_top_inst/button_debounce_array[17].button_debounce_inst/counter_inst//P[47:0] is not pipelined (PREG=0). Pipelining the DSP48 output will improve performance and often saves power so it is suggested whenever possible to fully pipeline this function.  If this DSP48 function was inferred, it is suggested to describe an additional register stage after this function.  If the DSP48 was instantiated in the design, it is suggested to set the PREG attribute to 1.
WARNING: [DRC DPOP-3] PREG Output pipelining: DSP button_top_inst/button_debounce_array[17].button_debounce_inst/counter_inst/__0 output button_top_inst/button_debounce_array[17].button_debounce_inst/counter_inst/__0/P[47:0] is not pipelined (PREG=0). Pipelining the DSP48 output will improve performance and often saves power so it is suggested whenever possible to fully pipeline this function.  If this DSP48 function was inferred, it is suggested to describe an additional register stage after this function.  If the DSP48 was instantiated in the design, it is suggested to set the PREG attribute to 1.
WARNING: [DRC DPOP-3] PREG Output pipelining: DSP button_top_inst/button_debounce_array[17].button_debounce_inst/counter_inst/__1 output button_top_inst/button_debounce_array[17].button_debounce_inst/counter_inst/__1/P[47:0] is not pipelined (PREG=0). Pipelining the DSP48 output will improve performance and often saves power so it is suggested whenever possible to fully pipeline this function.  If this DSP48 function was inferred, it is suggested to describe an additional register stage after this function.  If the DSP48 was instantiated in the design, it is suggested to set the PREG attribute to 1.
WARNING: [DRC DPOP-3] PREG Output pipelining: DSP button_top_inst/button_debounce_array[17].button_debounce_inst/counter_inst/__2 output button_top_inst/button_debounce_array[17].button_debounce_inst/counter_inst/__2/P[47:0] is not pipelined (PREG=0). Pipelining the DSP48 output will improve performance and often saves power so it is suggested whenever possible to fully pipeline this function.  If this DSP48 function was inferred, it is suggested to describe an additional register stage after this function.  If the DSP48 was instantiated in the design, it is suggested to set the PREG attribute to 1.
WARNING: [DRC DPOP-3] PREG Output pipelining: DSP button_top_inst/button_debounce_array[18].button_debounce_inst/counter_inst/ output button_top_inst/button_debounce_array[18].button_debounce_inst/counter_inst//P[47:0] is not pipelined (PREG=0). Pipelining the DSP48 output will improve performance and often saves power so it is suggested whenever possible to fully pipeline this function.  If this DSP48 function was inferred, it is suggested to describe an additional register stage after this function.  If the DSP48 was instantiated in the design, it is suggested to set the PREG attribute to 1.
WARNING: [DRC DPOP-3] PREG Output pipelining: DSP button_top_inst/button_debounce_array[18].button_debounce_inst/counter_inst/__0 output button_top_inst/button_debounce_array[18].button_debounce_inst/counter_inst/__0/P[47:0] is not pipelined (PREG=0). Pipelining the DSP48 output will improve performance and often saves power so it is suggested whenever possible to fully pipeline this function.  If this DSP48 function was inferred, it is suggested to describe an additional register stage after this function.  If the DSP48 was instantiated in the design, it is suggested to set the PREG attribute to 1.
WARNING: [DRC DPOP-3] PREG Output pipelining: DSP button_top_inst/button_debounce_array[18].button_debounce_inst/counter_inst/__1 output button_top_inst/button_debounce_array[18].button_debounce_inst/counter_inst/__1/P[47:0] is not pipelined (PREG=0). Pipelining the DSP48 output will improve performance and often saves power so it is suggested whenever possible to fully pipeline this function.  If this DSP48 function was inferred, it is suggested to describe an additional register stage after this function.  If the DSP48 was instantiated in the design, it is suggested to set the PREG attribute to 1.
WARNING: [DRC DPOP-3] PREG Output pipelining: DSP button_top_inst/button_debounce_array[18].button_debounce_inst/counter_inst/__2 output button_top_inst/button_debounce_array[18].button_debounce_inst/counter_inst/__2/P[47:0] is not pipelined (PREG=0). Pipelining the DSP48 output will improve performance and often saves power so it is suggested whenever possible to fully pipeline this function.  If this DSP48 function was inferred, it is suggested to describe an additional register stage after this function.  If the DSP48 was instantiated in the design, it is suggested to set the PREG attribute to 1.
WARNING: [DRC DPOP-3] PREG Output pipelining: DSP button_top_inst/button_debounce_array[19].button_debounce_inst/counter_inst/ output button_top_inst/button_debounce_array[19].button_debounce_inst/counter_inst//P[47:0] is not pipelined (PREG=0). Pipelining the DSP48 output will improve performance and often saves power so it is suggested whenever possible to fully pipeline this function.  If this DSP48 function was inferred, it is suggested to describe an additional register stage after this function.  If the DSP48 was instantiated in the design, it is suggested to set the PREG attribute to 1.
WARNING: [DRC DPOP-3] PREG Output pipelining: DSP button_top_inst/button_debounce_array[19].button_debounce_inst/counter_inst/__0 output button_top_inst/button_debounce_array[19].button_debounce_inst/counter_inst/__0/P[47:0] is not pipelined (PREG=0). Pipelining the DSP48 output will improve performance and often saves power so it is suggested whenever possible to fully pipeline this function.  If this DSP48 function was inferred, it is suggested to describe an additional register stage after this function.  If the DSP48 was instantiated in the design, it is suggested to set the PREG attribute to 1.
WARNING: [DRC DPOP-3] PREG Output pipelining: DSP button_top_inst/button_debounce_array[19].button_debounce_inst/counter_inst/__1 output button_top_inst/button_debounce_array[19].button_debounce_inst/counter_inst/__1/P[47:0] is not pipelined (PREG=0). Pipelining the DSP48 output will improve performance and often saves power so it is suggested whenever possible to fully pipeline this function.  If this DSP48 function was inferred, it is suggested to describe an additional register stage after this function.  If the DSP48 was instantiated in the design, it is suggested to set the PREG attribute to 1.
WARNING: [DRC DPOP-3] PREG Output pipelining: DSP button_top_inst/button_debounce_array[19].button_debounce_inst/counter_inst/__2 output button_top_inst/button_debounce_array[19].button_debounce_inst/counter_inst/__2/P[47:0] is not pipelined (PREG=0). Pipelining the DSP48 output will improve performance and often saves power so it is suggested whenever possible to fully pipeline this function.  If this DSP48 function was inferred, it is suggested to describe an additional register stage after this function.  If the DSP48 was instantiated in the design, it is suggested to set the PREG attribute to 1.
WARNING: [DRC DPOP-3] PREG Output pipelining: DSP button_top_inst/button_debounce_array[1].button_debounce_inst/counter_inst/ output button_top_inst/button_debounce_array[1].button_debounce_inst/counter_inst//P[47:0] is not pipelined (PREG=0). Pipelining the DSP48 output will improve performance and often saves power so it is suggested whenever possible to fully pipeline this function.  If this DSP48 function was inferred, it is suggested to describe an additional register stage after this function.  If the DSP48 was instantiated in the design, it is suggested to set the PREG attribute to 1.
WARNING: [DRC DPOP-3] PREG Output pipelining: DSP button_top_inst/button_debounce_array[1].button_debounce_inst/counter_inst/__0 output button_top_inst/button_debounce_array[1].button_debounce_inst/counter_inst/__0/P[47:0] is not pipelined (PREG=0). Pipelining the DSP48 output will improve performance and often saves power so it is suggested whenever possible to fully pipeline this function.  If this DSP48 function was inferred, it is suggested to describe an additional register stage after this function.  If the DSP48 was instantiated in the design, it is suggested to set the PREG attribute to 1.
WARNING: [DRC DPOP-3] PREG Output pipelining: DSP button_top_inst/button_debounce_array[1].button_debounce_inst/counter_inst/__1 output button_top_inst/button_debounce_array[1].button_debounce_inst/counter_inst/__1/P[47:0] is not pipelined (PREG=0). Pipelining the DSP48 output will improve performance and often saves power so it is suggested whenever possible to fully pipeline this function.  If this DSP48 function was inferred, it is suggested to describe an additional register stage after this function.  If the DSP48 was instantiated in the design, it is suggested to set the PREG attribute to 1.
WARNING: [DRC DPOP-3] PREG Output pipelining: DSP button_top_inst/button_debounce_array[1].button_debounce_inst/counter_inst/__2 output button_top_inst/button_debounce_array[1].button_debounce_inst/counter_inst/__2/P[47:0] is not pipelined (PREG=0). Pipelining the DSP48 output will improve performance and often saves power so it is suggested whenever possible to fully pipeline this function.  If this DSP48 function was inferred, it is suggested to describe an additional register stage after this function.  If the DSP48 was instantiated in the design, it is suggested to set the PREG attribute to 1.
WARNING: [DRC DPOP-3] PREG Output pipelining: DSP button_top_inst/button_debounce_array[20].button_debounce_inst/counter_inst/ output button_top_inst/button_debounce_array[20].button_debounce_inst/counter_inst//P[47:0] is not pipelined (PREG=0). Pipelining the DSP48 output will improve performance and often saves power so it is suggested whenever possible to fully pipeline this function.  If this DSP48 function was inferred, it is suggested to describe an additional register stage after this function.  If the DSP48 was instantiated in the design, it is suggested to set the PREG attribute to 1.
WARNING: [DRC DPOP-3] PREG Output pipelining: DSP button_top_inst/button_debounce_array[20].button_debounce_inst/counter_inst/__0 output button_top_inst/button_debounce_array[20].button_debounce_inst/counter_inst/__0/P[47:0] is not pipelined (PREG=0). Pipelining the DSP48 output will improve performance and often saves power so it is suggested whenever possible to fully pipeline this function.  If this DSP48 function was inferred, it is suggested to describe an additional register stage after this function.  If the DSP48 was instantiated in the design, it is suggested to set the PREG attribute to 1.
WARNING: [DRC DPOP-3] PREG Output pipelining: DSP button_top_inst/button_debounce_array[20].button_debounce_inst/counter_inst/__1 output button_top_inst/button_debounce_array[20].button_debounce_inst/counter_inst/__1/P[47:0] is not pipelined (PREG=0). Pipelining the DSP48 output will improve performance and often saves power so it is suggested whenever possible to fully pipeline this function.  If this DSP48 function was inferred, it is suggested to describe an additional register stage after this function.  If the DSP48 was instantiated in the design, it is suggested to set the PREG attribute to 1.
WARNING: [DRC DPOP-3] PREG Output pipelining: DSP button_top_inst/button_debounce_array[20].button_debounce_inst/counter_inst/__2 output button_top_inst/button_debounce_array[20].button_debounce_inst/counter_inst/__2/P[47:0] is not pipelined (PREG=0). Pipelining the DSP48 output will improve performance and often saves power so it is suggested whenever possible to fully pipeline this function.  If this DSP48 function was inferred, it is suggested to describe an additional register stage after this function.  If the DSP48 was instantiated in the design, it is suggested to set the PREG attribute to 1.
WARNING: [DRC DPOP-3] PREG Output pipelining: DSP button_top_inst/button_debounce_array[21].button_debounce_inst/counter_inst/ output button_top_inst/button_debounce_array[21].button_debounce_inst/counter_inst//P[47:0] is not pipelined (PREG=0). Pipelining the DSP48 output will improve performance and often saves power so it is suggested whenever possible to fully pipeline this function.  If this DSP48 function was inferred, it is suggested to describe an additional register stage after this function.  If the DSP48 was instantiated in the design, it is suggested to set the PREG attribute to 1.
WARNING: [DRC DPOP-3] PREG Output pipelining: DSP button_top_inst/button_debounce_array[21].button_debounce_inst/counter_inst/__0 output button_top_inst/button_debounce_array[21].button_debounce_inst/counter_inst/__0/P[47:0] is not pipelined (PREG=0). Pipelining the DSP48 output will improve performance and often saves power so it is suggested whenever possible to fully pipeline this function.  If this DSP48 function was inferred, it is suggested to describe an additional register stage after this function.  If the DSP48 was instantiated in the design, it is suggested to set the PREG attribute to 1.
WARNING: [DRC DPOP-3] PREG Output pipelining: DSP button_top_inst/button_debounce_array[21].button_debounce_inst/counter_inst/__1 output button_top_inst/button_debounce_array[21].button_debounce_inst/counter_inst/__1/P[47:0] is not pipelined (PREG=0). Pipelining the DSP48 output will improve performance and often saves power so it is suggested whenever possible to fully pipeline this function.  If this DSP48 function was inferred, it is suggested to describe an additional register stage after this function.  If the DSP48 was instantiated in the design, it is suggested to set the PREG attribute to 1.
WARNING: [DRC DPOP-3] PREG Output pipelining: DSP button_top_inst/button_debounce_array[21].button_debounce_inst/counter_inst/__2 output button_top_inst/button_debounce_array[21].button_debounce_inst/counter_inst/__2/P[47:0] is not pipelined (PREG=0). Pipelining the DSP48 output will improve performance and often saves power so it is suggested whenever possible to fully pipeline this function.  If this DSP48 function was inferred, it is suggested to describe an additional register stage after this function.  If the DSP48 was instantiated in the design, it is suggested to set the PREG attribute to 1.
WARNING: [DRC DPOP-3] PREG Output pipelining: DSP button_top_inst/button_debounce_array[22].button_debounce_inst/counter_inst/ output button_top_inst/button_debounce_array[22].button_debounce_inst/counter_inst//P[47:0] is not pipelined (PREG=0). Pipelining the DSP48 output will improve performance and often saves power so it is suggested whenever possible to fully pipeline this function.  If this DSP48 function was inferred, it is suggested to describe an additional register stage after this function.  If the DSP48 was instantiated in the design, it is suggested to set the PREG attribute to 1.
WARNING: [DRC DPOP-3] PREG Output pipelining: DSP button_top_inst/button_debounce_array[22].button_debounce_inst/counter_inst/__0 output button_top_inst/button_debounce_array[22].button_debounce_inst/counter_inst/__0/P[47:0] is not pipelined (PREG=0). Pipelining the DSP48 output will improve performance and often saves power so it is suggested whenever possible to fully pipeline this function.  If this DSP48 function was inferred, it is suggested to describe an additional register stage after this function.  If the DSP48 was instantiated in the design, it is suggested to set the PREG attribute to 1.
WARNING: [DRC DPOP-3] PREG Output pipelining: DSP button_top_inst/button_debounce_array[22].button_debounce_inst/counter_inst/__1 output button_top_inst/button_debounce_array[22].button_debounce_inst/counter_inst/__1/P[47:0] is not pipelined (PREG=0). Pipelining the DSP48 output will improve performance and often saves power so it is suggested whenever possible to fully pipeline this function.  If this DSP48 function was inferred, it is suggested to describe an additional register stage after this function.  If the DSP48 was instantiated in the design, it is suggested to set the PREG attribute to 1.
WARNING: [DRC DPOP-3] PREG Output pipelining: DSP button_top_inst/button_debounce_array[22].button_debounce_inst/counter_inst/__2 output button_top_inst/button_debounce_array[22].button_debounce_inst/counter_inst/__2/P[47:0] is not pipelined (PREG=0). Pipelining the DSP48 output will improve performance and often saves power so it is suggested whenever possible to fully pipeline this function.  If this DSP48 function was inferred, it is suggested to describe an additional register stage after this function.  If the DSP48 was instantiated in the design, it is suggested to set the PREG attribute to 1.
WARNING: [DRC DPOP-3] PREG Output pipelining: DSP button_top_inst/button_debounce_array[23].button_debounce_inst/counter_inst/ output button_top_inst/button_debounce_array[23].button_debounce_inst/counter_inst//P[47:0] is not pipelined (PREG=0). Pipelining the DSP48 output will improve performance and often saves power so it is suggested whenever possible to fully pipeline this function.  If this DSP48 function was inferred, it is suggested to describe an additional register stage after this function.  If the DSP48 was instantiated in the design, it is suggested to set the PREG attribute to 1.
WARNING: [DRC DPOP-3] PREG Output pipelining: DSP button_top_inst/button_debounce_array[23].button_debounce_inst/counter_inst/__0 output button_top_inst/button_debounce_array[23].button_debounce_inst/counter_inst/__0/P[47:0] is not pipelined (PREG=0). Pipelining the DSP48 output will improve performance and often saves power so it is suggested whenever possible to fully pipeline this function.  If this DSP48 function was inferred, it is suggested to describe an additional register stage after this function.  If the DSP48 was instantiated in the design, it is suggested to set the PREG attribute to 1.
WARNING: [DRC DPOP-3] PREG Output pipelining: DSP button_top_inst/button_debounce_array[23].button_debounce_inst/counter_inst/__1 output button_top_inst/button_debounce_array[23].button_debounce_inst/counter_inst/__1/P[47:0] is not pipelined (PREG=0). Pipelining the DSP48 output will improve performance and often saves power so it is suggested whenever possible to fully pipeline this function.  If this DSP48 function was inferred, it is suggested to describe an additional register stage after this function.  If the DSP48 was instantiated in the design, it is suggested to set the PREG attribute to 1.
WARNING: [DRC DPOP-3] PREG Output pipelining: DSP button_top_inst/button_debounce_array[23].button_debounce_inst/counter_inst/__2 output button_top_inst/button_debounce_array[23].button_debounce_inst/counter_inst/__2/P[47:0] is not pipelined (PREG=0). Pipelining the DSP48 output will improve performance and often saves power so it is suggested whenever possible to fully pipeline this function.  If this DSP48 function was inferred, it is suggested to describe an additional register stage after this function.  If the DSP48 was instantiated in the design, it is suggested to set the PREG attribute to 1.
WARNING: [DRC DPOP-3] PREG Output pipelining: DSP button_top_inst/button_debounce_array[24].button_debounce_inst/counter_inst/ output button_top_inst/button_debounce_array[24].button_debounce_inst/counter_inst//P[47:0] is not pipelined (PREG=0). Pipelining the DSP48 output will improve performance and often saves power so it is suggested whenever possible to fully pipeline this function.  If this DSP48 function was inferred, it is suggested to describe an additional register stage after this function.  If the DSP48 was instantiated in the design, it is suggested to set the PREG attribute to 1.
WARNING: [DRC DPOP-3] PREG Output pipelining: DSP button_top_inst/button_debounce_array[24].button_debounce_inst/counter_inst/__0 output button_top_inst/button_debounce_array[24].button_debounce_inst/counter_inst/__0/P[47:0] is not pipelined (PREG=0). Pipelining the DSP48 output will improve performance and often saves power so it is suggested whenever possible to fully pipeline this function.  If this DSP48 function was inferred, it is suggested to describe an additional register stage after this function.  If the DSP48 was instantiated in the design, it is suggested to set the PREG attribute to 1.
WARNING: [DRC DPOP-3] PREG Output pipelining: DSP button_top_inst/button_debounce_array[24].button_debounce_inst/counter_inst/__1 output button_top_inst/button_debounce_array[24].button_debounce_inst/counter_inst/__1/P[47:0] is not pipelined (PREG=0). Pipelining the DSP48 output will improve performance and often saves power so it is suggested whenever possible to fully pipeline this function.  If this DSP48 function was inferred, it is suggested to describe an additional register stage after this function.  If the DSP48 was instantiated in the design, it is suggested to set the PREG attribute to 1.
WARNING: [DRC DPOP-3] PREG Output pipelining: DSP button_top_inst/button_debounce_array[24].button_debounce_inst/counter_inst/__2 output button_top_inst/button_debounce_array[24].button_debounce_inst/counter_inst/__2/P[47:0] is not pipelined (PREG=0). Pipelining the DSP48 output will improve performance and often saves power so it is suggested whenever possible to fully pipeline this function.  If this DSP48 function was inferred, it is suggested to describe an additional register stage after this function.  If the DSP48 was instantiated in the design, it is suggested to set the PREG attribute to 1.
WARNING: [DRC DPOP-3] PREG Output pipelining: DSP button_top_inst/button_debounce_array[25].button_debounce_inst/counter_inst/ output button_top_inst/button_debounce_array[25].button_debounce_inst/counter_inst//P[47:0] is not pipelined (PREG=0). Pipelining the DSP48 output will improve performance and often saves power so it is suggested whenever possible to fully pipeline this function.  If this DSP48 function was inferred, it is suggested to describe an additional register stage after this function.  If the DSP48 was instantiated in the design, it is suggested to set the PREG attribute to 1.
WARNING: [DRC DPOP-3] PREG Output pipelining: DSP button_top_inst/button_debounce_array[25].button_debounce_inst/counter_inst/__0 output button_top_inst/button_debounce_array[25].button_debounce_inst/counter_inst/__0/P[47:0] is not pipelined (PREG=0). Pipelining the DSP48 output will improve performance and often saves power so it is suggested whenever possible to fully pipeline this function.  If this DSP48 function was inferred, it is suggested to describe an additional register stage after this function.  If the DSP48 was instantiated in the design, it is suggested to set the PREG attribute to 1.
WARNING: [DRC DPOP-3] PREG Output pipelining: DSP button_top_inst/button_debounce_array[25].button_debounce_inst/counter_inst/__1 output button_top_inst/button_debounce_array[25].button_debounce_inst/counter_inst/__1/P[47:0] is not pipelined (PREG=0). Pipelining the DSP48 output will improve performance and often saves power so it is suggested whenever possible to fully pipeline this function.  If this DSP48 function was inferred, it is suggested to describe an additional register stage after this function.  If the DSP48 was instantiated in the design, it is suggested to set the PREG attribute to 1.
WARNING: [DRC DPOP-3] PREG Output pipelining: DSP button_top_inst/button_debounce_array[25].button_debounce_inst/counter_inst/__2 output button_top_inst/button_debounce_array[25].button_debounce_inst/counter_inst/__2/P[47:0] is not pipelined (PREG=0). Pipelining the DSP48 output will improve performance and often saves power so it is suggested whenever possible to fully pipeline this function.  If this DSP48 function was inferred, it is suggested to describe an additional register stage after this function.  If the DSP48 was instantiated in the design, it is suggested to set the PREG attribute to 1.
WARNING: [DRC DPOP-3] PREG Output pipelining: DSP button_top_inst/button_debounce_array[2].button_debounce_inst/counter_inst/ output button_top_inst/button_debounce_array[2].button_debounce_inst/counter_inst//P[47:0] is not pipelined (PREG=0). Pipelining the DSP48 output will improve performance and often saves power so it is suggested whenever possible to fully pipeline this function.  If this DSP48 function was inferred, it is suggested to describe an additional register stage after this function.  If the DSP48 was instantiated in the design, it is suggested to set the PREG attribute to 1.
WARNING: [DRC DPOP-3] PREG Output pipelining: DSP button_top_inst/button_debounce_array[2].button_debounce_inst/counter_inst/__0 output button_top_inst/button_debounce_array[2].button_debounce_inst/counter_inst/__0/P[47:0] is not pipelined (PREG=0). Pipelining the DSP48 output will improve performance and often saves power so it is suggested whenever possible to fully pipeline this function.  If this DSP48 function was inferred, it is suggested to describe an additional register stage after this function.  If the DSP48 was instantiated in the design, it is suggested to set the PREG attribute to 1.
WARNING: [DRC DPOP-3] PREG Output pipelining: DSP button_top_inst/button_debounce_array[2].button_debounce_inst/counter_inst/__1 output button_top_inst/button_debounce_array[2].button_debounce_inst/counter_inst/__1/P[47:0] is not pipelined (PREG=0). Pipelining the DSP48 output will improve performance and often saves power so it is suggested whenever possible to fully pipeline this function.  If this DSP48 function was inferred, it is suggested to describe an additional register stage after this function.  If the DSP48 was instantiated in the design, it is suggested to set the PREG attribute to 1.
WARNING: [DRC DPOP-3] PREG Output pipelining: DSP button_top_inst/button_debounce_array[2].button_debounce_inst/counter_inst/__2 output button_top_inst/button_debounce_array[2].button_debounce_inst/counter_inst/__2/P[47:0] is not pipelined (PREG=0). Pipelining the DSP48 output will improve performance and often saves power so it is suggested whenever possible to fully pipeline this function.  If this DSP48 function was inferred, it is suggested to describe an additional register stage after this function.  If the DSP48 was instantiated in the design, it is suggested to set the PREG attribute to 1.
WARNING: [DRC DPOP-3] PREG Output pipelining: DSP button_top_inst/button_debounce_array[3].button_debounce_inst/counter_inst/ output button_top_inst/button_debounce_array[3].button_debounce_inst/counter_inst//P[47:0] is not pipelined (PREG=0). Pipelining the DSP48 output will improve performance and often saves power so it is suggested whenever possible to fully pipeline this function.  If this DSP48 function was inferred, it is suggested to describe an additional register stage after this function.  If the DSP48 was instantiated in the design, it is suggested to set the PREG attribute to 1.
WARNING: [DRC DPOP-3] PREG Output pipelining: DSP button_top_inst/button_debounce_array[3].button_debounce_inst/counter_inst/__0 output button_top_inst/button_debounce_array[3].button_debounce_inst/counter_inst/__0/P[47:0] is not pipelined (PREG=0). Pipelining the DSP48 output will improve performance and often saves power so it is suggested whenever possible to fully pipeline this function.  If this DSP48 function was inferred, it is suggested to describe an additional register stage after this function.  If the DSP48 was instantiated in the design, it is suggested to set the PREG attribute to 1.
WARNING: [DRC DPOP-3] PREG Output pipelining: DSP button_top_inst/button_debounce_array[3].button_debounce_inst/counter_inst/__1 output button_top_inst/button_debounce_array[3].button_debounce_inst/counter_inst/__1/P[47:0] is not pipelined (PREG=0). Pipelining the DSP48 output will improve performance and often saves power so it is suggested whenever possible to fully pipeline this function.  If this DSP48 function was inferred, it is suggested to describe an additional register stage after this function.  If the DSP48 was instantiated in the design, it is suggested to set the PREG attribute to 1.
WARNING: [DRC DPOP-3] PREG Output pipelining: DSP button_top_inst/button_debounce_array[3].button_debounce_inst/counter_inst/__2 output button_top_inst/button_debounce_array[3].button_debounce_inst/counter_inst/__2/P[47:0] is not pipelined (PREG=0). Pipelining the DSP48 output will improve performance and often saves power so it is suggested whenever possible to fully pipeline this function.  If this DSP48 function was inferred, it is suggested to describe an additional register stage after this function.  If the DSP48 was instantiated in the design, it is suggested to set the PREG attribute to 1.
WARNING: [DRC DPOP-3] PREG Output pipelining: DSP button_top_inst/button_debounce_array[4].button_debounce_inst/counter_inst/ output button_top_inst/button_debounce_array[4].button_debounce_inst/counter_inst//P[47:0] is not pipelined (PREG=0). Pipelining the DSP48 output will improve performance and often saves power so it is suggested whenever possible to fully pipeline this function.  If this DSP48 function was inferred, it is suggested to describe an additional register stage after this function.  If the DSP48 was instantiated in the design, it is suggested to set the PREG attribute to 1.
WARNING: [DRC DPOP-3] PREG Output pipelining: DSP button_top_inst/button_debounce_array[4].button_debounce_inst/counter_inst/__0 output button_top_inst/button_debounce_array[4].button_debounce_inst/counter_inst/__0/P[47:0] is not pipelined (PREG=0). Pipelining the DSP48 output will improve performance and often saves power so it is suggested whenever possible to fully pipeline this function.  If this DSP48 function was inferred, it is suggested to describe an additional register stage after this function.  If the DSP48 was instantiated in the design, it is suggested to set the PREG attribute to 1.
WARNING: [DRC DPOP-3] PREG Output pipelining: DSP button_top_inst/button_debounce_array[4].button_debounce_inst/counter_inst/__1 output button_top_inst/button_debounce_array[4].button_debounce_inst/counter_inst/__1/P[47:0] is not pipelined (PREG=0). Pipelining the DSP48 output will improve performance and often saves power so it is suggested whenever possible to fully pipeline this function.  If this DSP48 function was inferred, it is suggested to describe an additional register stage after this function.  If the DSP48 was instantiated in the design, it is suggested to set the PREG attribute to 1.
WARNING: [DRC DPOP-3] PREG Output pipelining: DSP button_top_inst/button_debounce_array[4].button_debounce_inst/counter_inst/__2 output button_top_inst/button_debounce_array[4].button_debounce_inst/counter_inst/__2/P[47:0] is not pipelined (PREG=0). Pipelining the DSP48 output will improve performance and often saves power so it is suggested whenever possible to fully pipeline this function.  If this DSP48 function was inferred, it is suggested to describe an additional register stage after this function.  If the DSP48 was instantiated in the design, it is suggested to set the PREG attribute to 1.
WARNING: [DRC DPOP-3] PREG Output pipelining: DSP button_top_inst/button_debounce_array[5].button_debounce_inst/counter_inst/ output button_top_inst/button_debounce_array[5].button_debounce_inst/counter_inst//P[47:0] is not pipelined (PREG=0). Pipelining the DSP48 output will improve performance and often saves power so it is suggested whenever possible to fully pipeline this function.  If this DSP48 function was inferred, it is suggested to describe an additional register stage after this function.  If the DSP48 was instantiated in the design, it is suggested to set the PREG attribute to 1.
WARNING: [DRC DPOP-3] PREG Output pipelining: DSP button_top_inst/button_debounce_array[5].button_debounce_inst/counter_inst/__0 output button_top_inst/button_debounce_array[5].button_debounce_inst/counter_inst/__0/P[47:0] is not pipelined (PREG=0). Pipelining the DSP48 output will improve performance and often saves power so it is suggested whenever possible to fully pipeline this function.  If this DSP48 function was inferred, it is suggested to describe an additional register stage after this function.  If the DSP48 was instantiated in the design, it is suggested to set the PREG attribute to 1.
WARNING: [DRC DPOP-3] PREG Output pipelining: DSP button_top_inst/button_debounce_array[5].button_debounce_inst/counter_inst/__1 output button_top_inst/button_debounce_array[5].button_debounce_inst/counter_inst/__1/P[47:0] is not pipelined (PREG=0). Pipelining the DSP48 output will improve performance and often saves power so it is suggested whenever possible to fully pipeline this function.  If this DSP48 function was inferred, it is suggested to describe an additional register stage after this function.  If the DSP48 was instantiated in the design, it is suggested to set the PREG attribute to 1.
WARNING: [DRC DPOP-3] PREG Output pipelining: DSP button_top_inst/button_debounce_array[5].button_debounce_inst/counter_inst/__2 output button_top_inst/button_debounce_array[5].button_debounce_inst/counter_inst/__2/P[47:0] is not pipelined (PREG=0). Pipelining the DSP48 output will improve performance and often saves power so it is suggested whenever possible to fully pipeline this function.  If this DSP48 function was inferred, it is suggested to describe an additional register stage after this function.  If the DSP48 was instantiated in the design, it is suggested to set the PREG attribute to 1.
WARNING: [DRC DPOP-3] PREG Output pipelining: DSP button_top_inst/button_debounce_array[6].button_debounce_inst/counter_inst/ output button_top_inst/button_debounce_array[6].button_debounce_inst/counter_inst//P[47:0] is not pipelined (PREG=0). Pipelining the DSP48 output will improve performance and often saves power so it is suggested whenever possible to fully pipeline this function.  If this DSP48 function was inferred, it is suggested to describe an additional register stage after this function.  If the DSP48 was instantiated in the design, it is suggested to set the PREG attribute to 1.
WARNING: [DRC DPOP-3] PREG Output pipelining: DSP button_top_inst/button_debounce_array[6].button_debounce_inst/counter_inst/__0 output button_top_inst/button_debounce_array[6].button_debounce_inst/counter_inst/__0/P[47:0] is not pipelined (PREG=0). Pipelining the DSP48 output will improve performance and often saves power so it is suggested whenever possible to fully pipeline this function.  If this DSP48 function was inferred, it is suggested to describe an additional register stage after this function.  If the DSP48 was instantiated in the design, it is suggested to set the PREG attribute to 1.
WARNING: [DRC DPOP-3] PREG Output pipelining: DSP button_top_inst/button_debounce_array[6].button_debounce_inst/counter_inst/__1 output button_top_inst/button_debounce_array[6].button_debounce_inst/counter_inst/__1/P[47:0] is not pipelined (PREG=0). Pipelining the DSP48 output will improve performance and often saves power so it is suggested whenever possible to fully pipeline this function.  If this DSP48 function was inferred, it is suggested to describe an additional register stage after this function.  If the DSP48 was instantiated in the design, it is suggested to set the PREG attribute to 1.
WARNING: [DRC DPOP-3] PREG Output pipelining: DSP button_top_inst/button_debounce_array[6].button_debounce_inst/counter_inst/__2 output button_top_inst/button_debounce_array[6].button_debounce_inst/counter_inst/__2/P[47:0] is not pipelined (PREG=0). Pipelining the DSP48 output will improve performance and often saves power so it is suggested whenever possible to fully pipeline this function.  If this DSP48 function was inferred, it is suggested to describe an additional register stage after this function.  If the DSP48 was instantiated in the design, it is suggested to set the PREG attribute to 1.
WARNING: [DRC DPOP-3] PREG Output pipelining: DSP button_top_inst/button_debounce_array[7].button_debounce_inst/counter_inst/ output button_top_inst/button_debounce_array[7].button_debounce_inst/counter_inst//P[47:0] is not pipelined (PREG=0). Pipelining the DSP48 output will improve performance and often saves power so it is suggested whenever possible to fully pipeline this function.  If this DSP48 function was inferred, it is suggested to describe an additional register stage after this function.  If the DSP48 was instantiated in the design, it is suggested to set the PREG attribute to 1.
WARNING: [DRC DPOP-3] PREG Output pipelining: DSP button_top_inst/button_debounce_array[7].button_debounce_inst/counter_inst/__0 output button_top_inst/button_debounce_array[7].button_debounce_inst/counter_inst/__0/P[47:0] is not pipelined (PREG=0). Pipelining the DSP48 output will improve performance and often saves power so it is suggested whenever possible to fully pipeline this function.  If this DSP48 function was inferred, it is suggested to describe an additional register stage after this function.  If the DSP48 was instantiated in the design, it is suggested to set the PREG attribute to 1.
WARNING: [DRC DPOP-3] PREG Output pipelining: DSP button_top_inst/button_debounce_array[7].button_debounce_inst/counter_inst/__1 output button_top_inst/button_debounce_array[7].button_debounce_inst/counter_inst/__1/P[47:0] is not pipelined (PREG=0). Pipelining the DSP48 output will improve performance and often saves power so it is suggested whenever possible to fully pipeline this function.  If this DSP48 function was inferred, it is suggested to describe an additional register stage after this function.  If the DSP48 was instantiated in the design, it is suggested to set the PREG attribute to 1.
WARNING: [DRC DPOP-3] PREG Output pipelining: DSP button_top_inst/button_debounce_array[7].button_debounce_inst/counter_inst/__2 output button_top_inst/button_debounce_array[7].button_debounce_inst/counter_inst/__2/P[47:0] is not pipelined (PREG=0). Pipelining the DSP48 output will improve performance and often saves power so it is suggested whenever possible to fully pipeline this function.  If this DSP48 function was inferred, it is suggested to describe an additional register stage after this function.  If the DSP48 was instantiated in the design, it is suggested to set the PREG attribute to 1.
WARNING: [DRC DPOP-3] PREG Output pipelining: DSP button_top_inst/button_debounce_array[8].button_debounce_inst/counter_inst/ output button_top_inst/button_debounce_array[8].button_debounce_inst/counter_inst//P[47:0] is not pipelined (PREG=0). Pipelining the DSP48 output will improve performance and often saves power so it is suggested whenever possible to fully pipeline this function.  If this DSP48 function was inferred, it is suggested to describe an additional register stage after this function.  If the DSP48 was instantiated in the design, it is suggested to set the PREG attribute to 1.
WARNING: [DRC DPOP-3] PREG Output pipelining: DSP button_top_inst/button_debounce_array[8].button_debounce_inst/counter_inst/__0 output button_top_inst/button_debounce_array[8].button_debounce_inst/counter_inst/__0/P[47:0] is not pipelined (PREG=0). Pipelining the DSP48 output will improve performance and often saves power so it is suggested whenever possible to fully pipeline this function.  If this DSP48 function was inferred, it is suggested to describe an additional register stage after this function.  If the DSP48 was instantiated in the design, it is suggested to set the PREG attribute to 1.
WARNING: [DRC DPOP-3] PREG Output pipelining: DSP button_top_inst/button_debounce_array[8].button_debounce_inst/counter_inst/__1 output button_top_inst/button_debounce_array[8].button_debounce_inst/counter_inst/__1/P[47:0] is not pipelined (PREG=0). Pipelining the DSP48 output will improve performance and often saves power so it is suggested whenever possible to fully pipeline this function.  If this DSP48 function was inferred, it is suggested to describe an additional register stage after this function.  If the DSP48 was instantiated in the design, it is suggested to set the PREG attribute to 1.
WARNING: [DRC DPOP-3] PREG Output pipelining: DSP button_top_inst/button_debounce_array[8].button_debounce_inst/counter_inst/__2 output button_top_inst/button_debounce_array[8].button_debounce_inst/counter_inst/__2/P[47:0] is not pipelined (PREG=0). Pipelining the DSP48 output will improve performance and often saves power so it is suggested whenever possible to fully pipeline this function.  If this DSP48 function was inferred, it is suggested to describe an additional register stage after this function.  If the DSP48 was instantiated in the design, it is suggested to set the PREG attribute to 1.
INFO: [Common 17-14] Message 'DRC DPOP-3' appears 100 times and further instances of the messages will be disabled. Use the Tcl command set_msg_config to change the current settings.
WARNING: [DRC DPOP-4] MREG Output pipelining: DSP button_top_inst/button_debounce_array[0].button_debounce_inst/counter_inst/ multiplier stage button_top_inst/button_debounce_array[0].button_debounce_inst/counter_inst//P[47:0] is not pipelined (MREG=0). Pipelining the multiplier function will improve performance and will save significant power so it is suggested whenever possible to fully pipeline this function.  If this multiplier was inferred, it is suggested to describe an additional register stage after this function.  If there is no registered adder/accumulator following the multiply function, two pipeline stages are suggested to allow both the MREG and PREG registers to be used.  If the DSP48 was instantiated in the design, it is suggested to set both the MREG and PREG attributes to 1 when performing multiply functions.
WARNING: [DRC DPOP-4] MREG Output pipelining: DSP button_top_inst/button_debounce_array[0].button_debounce_inst/counter_inst/__0 multiplier stage button_top_inst/button_debounce_array[0].button_debounce_inst/counter_inst/__0/P[47:0] is not pipelined (MREG=0). Pipelining the multiplier function will improve performance and will save significant power so it is suggested whenever possible to fully pipeline this function.  If this multiplier was inferred, it is suggested to describe an additional register stage after this function.  If there is no registered adder/accumulator following the multiply function, two pipeline stages are suggested to allow both the MREG and PREG registers to be used.  If the DSP48 was instantiated in the design, it is suggested to set both the MREG and PREG attributes to 1 when performing multiply functions.
WARNING: [DRC DPOP-4] MREG Output pipelining: DSP button_top_inst/button_debounce_array[0].button_debounce_inst/counter_inst/__1 multiplier stage button_top_inst/button_debounce_array[0].button_debounce_inst/counter_inst/__1/P[47:0] is not pipelined (MREG=0). Pipelining the multiplier function will improve performance and will save significant power so it is suggested whenever possible to fully pipeline this function.  If this multiplier was inferred, it is suggested to describe an additional register stage after this function.  If there is no registered adder/accumulator following the multiply function, two pipeline stages are suggested to allow both the MREG and PREG registers to be used.  If the DSP48 was instantiated in the design, it is suggested to set both the MREG and PREG attributes to 1 when performing multiply functions.
WARNING: [DRC DPOP-4] MREG Output pipelining: DSP button_top_inst/button_debounce_array[0].button_debounce_inst/counter_inst/__2 multiplier stage button_top_inst/button_debounce_array[0].button_debounce_inst/counter_inst/__2/P[47:0] is not pipelined (MREG=0). Pipelining the multiplier function will improve performance and will save significant power so it is suggested whenever possible to fully pipeline this function.  If this multiplier was inferred, it is suggested to describe an additional register stage after this function.  If there is no registered adder/accumulator following the multiply function, two pipeline stages are suggested to allow both the MREG and PREG registers to be used.  If the DSP48 was instantiated in the design, it is suggested to set both the MREG and PREG attributes to 1 when performing multiply functions.
WARNING: [DRC DPOP-4] MREG Output pipelining: DSP button_top_inst/button_debounce_array[0].button_debounce_inst/counter_inst/count_middleware_reg[0] multiplier stage button_top_inst/button_debounce_array[0].button_debounce_inst/counter_inst/count_middleware_reg[0]/P[47:0] is not pipelined (MREG=0). Pipelining the multiplier function will improve performance and will save significant power so it is suggested whenever possible to fully pipeline this function.  If this multiplier was inferred, it is suggested to describe an additional register stage after this function.  If there is no registered adder/accumulator following the multiply function, two pipeline stages are suggested to allow both the MREG and PREG registers to be used.  If the DSP48 was instantiated in the design, it is suggested to set both the MREG and PREG attributes to 1 when performing multiply functions.
WARNING: [DRC DPOP-4] MREG Output pipelining: DSP button_top_inst/button_debounce_array[0].button_debounce_inst/counter_inst/count_middleware_reg[1] multiplier stage button_top_inst/button_debounce_array[0].button_debounce_inst/counter_inst/count_middleware_reg[1]/P[47:0] is not pipelined (MREG=0). Pipelining the multiplier function will improve performance and will save significant power so it is suggested whenever possible to fully pipeline this function.  If this multiplier was inferred, it is suggested to describe an additional register stage after this function.  If there is no registered adder/accumulator following the multiply function, two pipeline stages are suggested to allow both the MREG and PREG registers to be used.  If the DSP48 was instantiated in the design, it is suggested to set both the MREG and PREG attributes to 1 when performing multiply functions.
WARNING: [DRC DPOP-4] MREG Output pipelining: DSP button_top_inst/button_debounce_array[0].button_debounce_inst/counter_inst/count_middleware_reg[2] multiplier stage button_top_inst/button_debounce_array[0].button_debounce_inst/counter_inst/count_middleware_reg[2]/P[47:0] is not pipelined (MREG=0). Pipelining the multiplier function will improve performance and will save significant power so it is suggested whenever possible to fully pipeline this function.  If this multiplier was inferred, it is suggested to describe an additional register stage after this function.  If there is no registered adder/accumulator following the multiply function, two pipeline stages are suggested to allow both the MREG and PREG registers to be used.  If the DSP48 was instantiated in the design, it is suggested to set both the MREG and PREG attributes to 1 when performing multiply functions.
WARNING: [DRC DPOP-4] MREG Output pipelining: DSP button_top_inst/button_debounce_array[0].button_debounce_inst/counter_inst/count_middleware_reg[3] multiplier stage button_top_inst/button_debounce_array[0].button_debounce_inst/counter_inst/count_middleware_reg[3]/P[47:0] is not pipelined (MREG=0). Pipelining the multiplier function will improve performance and will save significant power so it is suggested whenever possible to fully pipeline this function.  If this multiplier was inferred, it is suggested to describe an additional register stage after this function.  If there is no registered adder/accumulator following the multiply function, two pipeline stages are suggested to allow both the MREG and PREG registers to be used.  If the DSP48 was instantiated in the design, it is suggested to set both the MREG and PREG attributes to 1 when performing multiply functions.
WARNING: [DRC DPOP-4] MREG Output pipelining: DSP button_top_inst/button_debounce_array[10].button_debounce_inst/counter_inst/ multiplier stage button_top_inst/button_debounce_array[10].button_debounce_inst/counter_inst//P[47:0] is not pipelined (MREG=0). Pipelining the multiplier function will improve performance and will save significant power so it is suggested whenever possible to fully pipeline this function.  If this multiplier was inferred, it is suggested to describe an additional register stage after this function.  If there is no registered adder/accumulator following the multiply function, two pipeline stages are suggested to allow both the MREG and PREG registers to be used.  If the DSP48 was instantiated in the design, it is suggested to set both the MREG and PREG attributes to 1 when performing multiply functions.
WARNING: [DRC DPOP-4] MREG Output pipelining: DSP button_top_inst/button_debounce_array[10].button_debounce_inst/counter_inst/__0 multiplier stage button_top_inst/button_debounce_array[10].button_debounce_inst/counter_inst/__0/P[47:0] is not pipelined (MREG=0). Pipelining the multiplier function will improve performance and will save significant power so it is suggested whenever possible to fully pipeline this function.  If this multiplier was inferred, it is suggested to describe an additional register stage after this function.  If there is no registered adder/accumulator following the multiply function, two pipeline stages are suggested to allow both the MREG and PREG registers to be used.  If the DSP48 was instantiated in the design, it is suggested to set both the MREG and PREG attributes to 1 when performing multiply functions.
WARNING: [DRC DPOP-4] MREG Output pipelining: DSP button_top_inst/button_debounce_array[10].button_debounce_inst/counter_inst/__1 multiplier stage button_top_inst/button_debounce_array[10].button_debounce_inst/counter_inst/__1/P[47:0] is not pipelined (MREG=0). Pipelining the multiplier function will improve performance and will save significant power so it is suggested whenever possible to fully pipeline this function.  If this multiplier was inferred, it is suggested to describe an additional register stage after this function.  If there is no registered adder/accumulator following the multiply function, two pipeline stages are suggested to allow both the MREG and PREG registers to be used.  If the DSP48 was instantiated in the design, it is suggested to set both the MREG and PREG attributes to 1 when performing multiply functions.
WARNING: [DRC DPOP-4] MREG Output pipelining: DSP button_top_inst/button_debounce_array[10].button_debounce_inst/counter_inst/__2 multiplier stage button_top_inst/button_debounce_array[10].button_debounce_inst/counter_inst/__2/P[47:0] is not pipelined (MREG=0). Pipelining the multiplier function will improve performance and will save significant power so it is suggested whenever possible to fully pipeline this function.  If this multiplier was inferred, it is suggested to describe an additional register stage after this function.  If there is no registered adder/accumulator following the multiply function, two pipeline stages are suggested to allow both the MREG and PREG registers to be used.  If the DSP48 was instantiated in the design, it is suggested to set both the MREG and PREG attributes to 1 when performing multiply functions.
WARNING: [DRC DPOP-4] MREG Output pipelining: DSP button_top_inst/button_debounce_array[10].button_debounce_inst/counter_inst/count_middleware_reg[0] multiplier stage button_top_inst/button_debounce_array[10].button_debounce_inst/counter_inst/count_middleware_reg[0]/P[47:0] is not pipelined (MREG=0). Pipelining the multiplier function will improve performance and will save significant power so it is suggested whenever possible to fully pipeline this function.  If this multiplier was inferred, it is suggested to describe an additional register stage after this function.  If there is no registered adder/accumulator following the multiply function, two pipeline stages are suggested to allow both the MREG and PREG registers to be used.  If the DSP48 was instantiated in the design, it is suggested to set both the MREG and PREG attributes to 1 when performing multiply functions.
WARNING: [DRC DPOP-4] MREG Output pipelining: DSP button_top_inst/button_debounce_array[10].button_debounce_inst/counter_inst/count_middleware_reg[1] multiplier stage button_top_inst/button_debounce_array[10].button_debounce_inst/counter_inst/count_middleware_reg[1]/P[47:0] is not pipelined (MREG=0). Pipelining the multiplier function will improve performance and will save significant power so it is suggested whenever possible to fully pipeline this function.  If this multiplier was inferred, it is suggested to describe an additional register stage after this function.  If there is no registered adder/accumulator following the multiply function, two pipeline stages are suggested to allow both the MREG and PREG registers to be used.  If the DSP48 was instantiated in the design, it is suggested to set both the MREG and PREG attributes to 1 when performing multiply functions.
WARNING: [DRC DPOP-4] MREG Output pipelining: DSP button_top_inst/button_debounce_array[10].button_debounce_inst/counter_inst/count_middleware_reg[2] multiplier stage button_top_inst/button_debounce_array[10].button_debounce_inst/counter_inst/count_middleware_reg[2]/P[47:0] is not pipelined (MREG=0). Pipelining the multiplier function will improve performance and will save significant power so it is suggested whenever possible to fully pipeline this function.  If this multiplier was inferred, it is suggested to describe an additional register stage after this function.  If there is no registered adder/accumulator following the multiply function, two pipeline stages are suggested to allow both the MREG and PREG registers to be used.  If the DSP48 was instantiated in the design, it is suggested to set both the MREG and PREG attributes to 1 when performing multiply functions.
WARNING: [DRC DPOP-4] MREG Output pipelining: DSP button_top_inst/button_debounce_array[10].button_debounce_inst/counter_inst/count_middleware_reg[3] multiplier stage button_top_inst/button_debounce_array[10].button_debounce_inst/counter_inst/count_middleware_reg[3]/P[47:0] is not pipelined (MREG=0). Pipelining the multiplier function will improve performance and will save significant power so it is suggested whenever possible to fully pipeline this function.  If this multiplier was inferred, it is suggested to describe an additional register stage after this function.  If there is no registered adder/accumulator following the multiply function, two pipeline stages are suggested to allow both the MREG and PREG registers to be used.  If the DSP48 was instantiated in the design, it is suggested to set both the MREG and PREG attributes to 1 when performing multiply functions.
WARNING: [DRC DPOP-4] MREG Output pipelining: DSP button_top_inst/button_debounce_array[11].button_debounce_inst/counter_inst/ multiplier stage button_top_inst/button_debounce_array[11].button_debounce_inst/counter_inst//P[47:0] is not pipelined (MREG=0). Pipelining the multiplier function will improve performance and will save significant power so it is suggested whenever possible to fully pipeline this function.  If this multiplier was inferred, it is suggested to describe an additional register stage after this function.  If there is no registered adder/accumulator following the multiply function, two pipeline stages are suggested to allow both the MREG and PREG registers to be used.  If the DSP48 was instantiated in the design, it is suggested to set both the MREG and PREG attributes to 1 when performing multiply functions.
WARNING: [DRC DPOP-4] MREG Output pipelining: DSP button_top_inst/button_debounce_array[11].button_debounce_inst/counter_inst/__0 multiplier stage button_top_inst/button_debounce_array[11].button_debounce_inst/counter_inst/__0/P[47:0] is not pipelined (MREG=0). Pipelining the multiplier function will improve performance and will save significant power so it is suggested whenever possible to fully pipeline this function.  If this multiplier was inferred, it is suggested to describe an additional register stage after this function.  If there is no registered adder/accumulator following the multiply function, two pipeline stages are suggested to allow both the MREG and PREG registers to be used.  If the DSP48 was instantiated in the design, it is suggested to set both the MREG and PREG attributes to 1 when performing multiply functions.
WARNING: [DRC DPOP-4] MREG Output pipelining: DSP button_top_inst/button_debounce_array[11].button_debounce_inst/counter_inst/__1 multiplier stage button_top_inst/button_debounce_array[11].button_debounce_inst/counter_inst/__1/P[47:0] is not pipelined (MREG=0). Pipelining the multiplier function will improve performance and will save significant power so it is suggested whenever possible to fully pipeline this function.  If this multiplier was inferred, it is suggested to describe an additional register stage after this function.  If there is no registered adder/accumulator following the multiply function, two pipeline stages are suggested to allow both the MREG and PREG registers to be used.  If the DSP48 was instantiated in the design, it is suggested to set both the MREG and PREG attributes to 1 when performing multiply functions.
WARNING: [DRC DPOP-4] MREG Output pipelining: DSP button_top_inst/button_debounce_array[11].button_debounce_inst/counter_inst/__2 multiplier stage button_top_inst/button_debounce_array[11].button_debounce_inst/counter_inst/__2/P[47:0] is not pipelined (MREG=0). Pipelining the multiplier function will improve performance and will save significant power so it is suggested whenever possible to fully pipeline this function.  If this multiplier was inferred, it is suggested to describe an additional register stage after this function.  If there is no registered adder/accumulator following the multiply function, two pipeline stages are suggested to allow both the MREG and PREG registers to be used.  If the DSP48 was instantiated in the design, it is suggested to set both the MREG and PREG attributes to 1 when performing multiply functions.
WARNING: [DRC DPOP-4] MREG Output pipelining: DSP button_top_inst/button_debounce_array[11].button_debounce_inst/counter_inst/count_middleware_reg[0] multiplier stage button_top_inst/button_debounce_array[11].button_debounce_inst/counter_inst/count_middleware_reg[0]/P[47:0] is not pipelined (MREG=0). Pipelining the multiplier function will improve performance and will save significant power so it is suggested whenever possible to fully pipeline this function.  If this multiplier was inferred, it is suggested to describe an additional register stage after this function.  If there is no registered adder/accumulator following the multiply function, two pipeline stages are suggested to allow both the MREG and PREG registers to be used.  If the DSP48 was instantiated in the design, it is suggested to set both the MREG and PREG attributes to 1 when performing multiply functions.
WARNING: [DRC DPOP-4] MREG Output pipelining: DSP button_top_inst/button_debounce_array[11].button_debounce_inst/counter_inst/count_middleware_reg[1] multiplier stage button_top_inst/button_debounce_array[11].button_debounce_inst/counter_inst/count_middleware_reg[1]/P[47:0] is not pipelined (MREG=0). Pipelining the multiplier function will improve performance and will save significant power so it is suggested whenever possible to fully pipeline this function.  If this multiplier was inferred, it is suggested to describe an additional register stage after this function.  If there is no registered adder/accumulator following the multiply function, two pipeline stages are suggested to allow both the MREG and PREG registers to be used.  If the DSP48 was instantiated in the design, it is suggested to set both the MREG and PREG attributes to 1 when performing multiply functions.
WARNING: [DRC DPOP-4] MREG Output pipelining: DSP button_top_inst/button_debounce_array[11].button_debounce_inst/counter_inst/count_middleware_reg[2] multiplier stage button_top_inst/button_debounce_array[11].button_debounce_inst/counter_inst/count_middleware_reg[2]/P[47:0] is not pipelined (MREG=0). Pipelining the multiplier function will improve performance and will save significant power so it is suggested whenever possible to fully pipeline this function.  If this multiplier was inferred, it is suggested to describe an additional register stage after this function.  If there is no registered adder/accumulator following the multiply function, two pipeline stages are suggested to allow both the MREG and PREG registers to be used.  If the DSP48 was instantiated in the design, it is suggested to set both the MREG and PREG attributes to 1 when performing multiply functions.
WARNING: [DRC DPOP-4] MREG Output pipelining: DSP button_top_inst/button_debounce_array[11].button_debounce_inst/counter_inst/count_middleware_reg[3] multiplier stage button_top_inst/button_debounce_array[11].button_debounce_inst/counter_inst/count_middleware_reg[3]/P[47:0] is not pipelined (MREG=0). Pipelining the multiplier function will improve performance and will save significant power so it is suggested whenever possible to fully pipeline this function.  If this multiplier was inferred, it is suggested to describe an additional register stage after this function.  If there is no registered adder/accumulator following the multiply function, two pipeline stages are suggested to allow both the MREG and PREG registers to be used.  If the DSP48 was instantiated in the design, it is suggested to set both the MREG and PREG attributes to 1 when performing multiply functions.
WARNING: [DRC DPOP-4] MREG Output pipelining: DSP button_top_inst/button_debounce_array[12].button_debounce_inst/counter_inst/ multiplier stage button_top_inst/button_debounce_array[12].button_debounce_inst/counter_inst//P[47:0] is not pipelined (MREG=0). Pipelining the multiplier function will improve performance and will save significant power so it is suggested whenever possible to fully pipeline this function.  If this multiplier was inferred, it is suggested to describe an additional register stage after this function.  If there is no registered adder/accumulator following the multiply function, two pipeline stages are suggested to allow both the MREG and PREG registers to be used.  If the DSP48 was instantiated in the design, it is suggested to set both the MREG and PREG attributes to 1 when performing multiply functions.
WARNING: [DRC DPOP-4] MREG Output pipelining: DSP button_top_inst/button_debounce_array[12].button_debounce_inst/counter_inst/__0 multiplier stage button_top_inst/button_debounce_array[12].button_debounce_inst/counter_inst/__0/P[47:0] is not pipelined (MREG=0). Pipelining the multiplier function will improve performance and will save significant power so it is suggested whenever possible to fully pipeline this function.  If this multiplier was inferred, it is suggested to describe an additional register stage after this function.  If there is no registered adder/accumulator following the multiply function, two pipeline stages are suggested to allow both the MREG and PREG registers to be used.  If the DSP48 was instantiated in the design, it is suggested to set both the MREG and PREG attributes to 1 when performing multiply functions.
WARNING: [DRC DPOP-4] MREG Output pipelining: DSP button_top_inst/button_debounce_array[12].button_debounce_inst/counter_inst/__1 multiplier stage button_top_inst/button_debounce_array[12].button_debounce_inst/counter_inst/__1/P[47:0] is not pipelined (MREG=0). Pipelining the multiplier function will improve performance and will save significant power so it is suggested whenever possible to fully pipeline this function.  If this multiplier was inferred, it is suggested to describe an additional register stage after this function.  If there is no registered adder/accumulator following the multiply function, two pipeline stages are suggested to allow both the MREG and PREG registers to be used.  If the DSP48 was instantiated in the design, it is suggested to set both the MREG and PREG attributes to 1 when performing multiply functions.
WARNING: [DRC DPOP-4] MREG Output pipelining: DSP button_top_inst/button_debounce_array[12].button_debounce_inst/counter_inst/__2 multiplier stage button_top_inst/button_debounce_array[12].button_debounce_inst/counter_inst/__2/P[47:0] is not pipelined (MREG=0). Pipelining the multiplier function will improve performance and will save significant power so it is suggested whenever possible to fully pipeline this function.  If this multiplier was inferred, it is suggested to describe an additional register stage after this function.  If there is no registered adder/accumulator following the multiply function, two pipeline stages are suggested to allow both the MREG and PREG registers to be used.  If the DSP48 was instantiated in the design, it is suggested to set both the MREG and PREG attributes to 1 when performing multiply functions.
WARNING: [DRC DPOP-4] MREG Output pipelining: DSP button_top_inst/button_debounce_array[12].button_debounce_inst/counter_inst/count_middleware_reg[0] multiplier stage button_top_inst/button_debounce_array[12].button_debounce_inst/counter_inst/count_middleware_reg[0]/P[47:0] is not pipelined (MREG=0). Pipelining the multiplier function will improve performance and will save significant power so it is suggested whenever possible to fully pipeline this function.  If this multiplier was inferred, it is suggested to describe an additional register stage after this function.  If there is no registered adder/accumulator following the multiply function, two pipeline stages are suggested to allow both the MREG and PREG registers to be used.  If the DSP48 was instantiated in the design, it is suggested to set both the MREG and PREG attributes to 1 when performing multiply functions.
WARNING: [DRC DPOP-4] MREG Output pipelining: DSP button_top_inst/button_debounce_array[12].button_debounce_inst/counter_inst/count_middleware_reg[1] multiplier stage button_top_inst/button_debounce_array[12].button_debounce_inst/counter_inst/count_middleware_reg[1]/P[47:0] is not pipelined (MREG=0). Pipelining the multiplier function will improve performance and will save significant power so it is suggested whenever possible to fully pipeline this function.  If this multiplier was inferred, it is suggested to describe an additional register stage after this function.  If there is no registered adder/accumulator following the multiply function, two pipeline stages are suggested to allow both the MREG and PREG registers to be used.  If the DSP48 was instantiated in the design, it is suggested to set both the MREG and PREG attributes to 1 when performing multiply functions.
WARNING: [DRC DPOP-4] MREG Output pipelining: DSP button_top_inst/button_debounce_array[12].button_debounce_inst/counter_inst/count_middleware_reg[2] multiplier stage button_top_inst/button_debounce_array[12].button_debounce_inst/counter_inst/count_middleware_reg[2]/P[47:0] is not pipelined (MREG=0). Pipelining the multiplier function will improve performance and will save significant power so it is suggested whenever possible to fully pipeline this function.  If this multiplier was inferred, it is suggested to describe an additional register stage after this function.  If there is no registered adder/accumulator following the multiply function, two pipeline stages are suggested to allow both the MREG and PREG registers to be used.  If the DSP48 was instantiated in the design, it is suggested to set both the MREG and PREG attributes to 1 when performing multiply functions.
WARNING: [DRC DPOP-4] MREG Output pipelining: DSP button_top_inst/button_debounce_array[12].button_debounce_inst/counter_inst/count_middleware_reg[3] multiplier stage button_top_inst/button_debounce_array[12].button_debounce_inst/counter_inst/count_middleware_reg[3]/P[47:0] is not pipelined (MREG=0). Pipelining the multiplier function will improve performance and will save significant power so it is suggested whenever possible to fully pipeline this function.  If this multiplier was inferred, it is suggested to describe an additional register stage after this function.  If there is no registered adder/accumulator following the multiply function, two pipeline stages are suggested to allow both the MREG and PREG registers to be used.  If the DSP48 was instantiated in the design, it is suggested to set both the MREG and PREG attributes to 1 when performing multiply functions.
WARNING: [DRC DPOP-4] MREG Output pipelining: DSP button_top_inst/button_debounce_array[13].button_debounce_inst/counter_inst/ multiplier stage button_top_inst/button_debounce_array[13].button_debounce_inst/counter_inst//P[47:0] is not pipelined (MREG=0). Pipelining the multiplier function will improve performance and will save significant power so it is suggested whenever possible to fully pipeline this function.  If this multiplier was inferred, it is suggested to describe an additional register stage after this function.  If there is no registered adder/accumulator following the multiply function, two pipeline stages are suggested to allow both the MREG and PREG registers to be used.  If the DSP48 was instantiated in the design, it is suggested to set both the MREG and PREG attributes to 1 when performing multiply functions.
WARNING: [DRC DPOP-4] MREG Output pipelining: DSP button_top_inst/button_debounce_array[13].button_debounce_inst/counter_inst/__0 multiplier stage button_top_inst/button_debounce_array[13].button_debounce_inst/counter_inst/__0/P[47:0] is not pipelined (MREG=0). Pipelining the multiplier function will improve performance and will save significant power so it is suggested whenever possible to fully pipeline this function.  If this multiplier was inferred, it is suggested to describe an additional register stage after this function.  If there is no registered adder/accumulator following the multiply function, two pipeline stages are suggested to allow both the MREG and PREG registers to be used.  If the DSP48 was instantiated in the design, it is suggested to set both the MREG and PREG attributes to 1 when performing multiply functions.
WARNING: [DRC DPOP-4] MREG Output pipelining: DSP button_top_inst/button_debounce_array[13].button_debounce_inst/counter_inst/__1 multiplier stage button_top_inst/button_debounce_array[13].button_debounce_inst/counter_inst/__1/P[47:0] is not pipelined (MREG=0). Pipelining the multiplier function will improve performance and will save significant power so it is suggested whenever possible to fully pipeline this function.  If this multiplier was inferred, it is suggested to describe an additional register stage after this function.  If there is no registered adder/accumulator following the multiply function, two pipeline stages are suggested to allow both the MREG and PREG registers to be used.  If the DSP48 was instantiated in the design, it is suggested to set both the MREG and PREG attributes to 1 when performing multiply functions.
WARNING: [DRC DPOP-4] MREG Output pipelining: DSP button_top_inst/button_debounce_array[13].button_debounce_inst/counter_inst/__2 multiplier stage button_top_inst/button_debounce_array[13].button_debounce_inst/counter_inst/__2/P[47:0] is not pipelined (MREG=0). Pipelining the multiplier function will improve performance and will save significant power so it is suggested whenever possible to fully pipeline this function.  If this multiplier was inferred, it is suggested to describe an additional register stage after this function.  If there is no registered adder/accumulator following the multiply function, two pipeline stages are suggested to allow both the MREG and PREG registers to be used.  If the DSP48 was instantiated in the design, it is suggested to set both the MREG and PREG attributes to 1 when performing multiply functions.
WARNING: [DRC DPOP-4] MREG Output pipelining: DSP button_top_inst/button_debounce_array[13].button_debounce_inst/counter_inst/count_middleware_reg[0] multiplier stage button_top_inst/button_debounce_array[13].button_debounce_inst/counter_inst/count_middleware_reg[0]/P[47:0] is not pipelined (MREG=0). Pipelining the multiplier function will improve performance and will save significant power so it is suggested whenever possible to fully pipeline this function.  If this multiplier was inferred, it is suggested to describe an additional register stage after this function.  If there is no registered adder/accumulator following the multiply function, two pipeline stages are suggested to allow both the MREG and PREG registers to be used.  If the DSP48 was instantiated in the design, it is suggested to set both the MREG and PREG attributes to 1 when performing multiply functions.
WARNING: [DRC DPOP-4] MREG Output pipelining: DSP button_top_inst/button_debounce_array[13].button_debounce_inst/counter_inst/count_middleware_reg[1] multiplier stage button_top_inst/button_debounce_array[13].button_debounce_inst/counter_inst/count_middleware_reg[1]/P[47:0] is not pipelined (MREG=0). Pipelining the multiplier function will improve performance and will save significant power so it is suggested whenever possible to fully pipeline this function.  If this multiplier was inferred, it is suggested to describe an additional register stage after this function.  If there is no registered adder/accumulator following the multiply function, two pipeline stages are suggested to allow both the MREG and PREG registers to be used.  If the DSP48 was instantiated in the design, it is suggested to set both the MREG and PREG attributes to 1 when performing multiply functions.
WARNING: [DRC DPOP-4] MREG Output pipelining: DSP button_top_inst/button_debounce_array[13].button_debounce_inst/counter_inst/count_middleware_reg[2] multiplier stage button_top_inst/button_debounce_array[13].button_debounce_inst/counter_inst/count_middleware_reg[2]/P[47:0] is not pipelined (MREG=0). Pipelining the multiplier function will improve performance and will save significant power so it is suggested whenever possible to fully pipeline this function.  If this multiplier was inferred, it is suggested to describe an additional register stage after this function.  If there is no registered adder/accumulator following the multiply function, two pipeline stages are suggested to allow both the MREG and PREG registers to be used.  If the DSP48 was instantiated in the design, it is suggested to set both the MREG and PREG attributes to 1 when performing multiply functions.
WARNING: [DRC DPOP-4] MREG Output pipelining: DSP button_top_inst/button_debounce_array[13].button_debounce_inst/counter_inst/count_middleware_reg[3] multiplier stage button_top_inst/button_debounce_array[13].button_debounce_inst/counter_inst/count_middleware_reg[3]/P[47:0] is not pipelined (MREG=0). Pipelining the multiplier function will improve performance and will save significant power so it is suggested whenever possible to fully pipeline this function.  If this multiplier was inferred, it is suggested to describe an additional register stage after this function.  If there is no registered adder/accumulator following the multiply function, two pipeline stages are suggested to allow both the MREG and PREG registers to be used.  If the DSP48 was instantiated in the design, it is suggested to set both the MREG and PREG attributes to 1 when performing multiply functions.
WARNING: [DRC DPOP-4] MREG Output pipelining: DSP button_top_inst/button_debounce_array[14].button_debounce_inst/counter_inst/ multiplier stage button_top_inst/button_debounce_array[14].button_debounce_inst/counter_inst//P[47:0] is not pipelined (MREG=0). Pipelining the multiplier function will improve performance and will save significant power so it is suggested whenever possible to fully pipeline this function.  If this multiplier was inferred, it is suggested to describe an additional register stage after this function.  If there is no registered adder/accumulator following the multiply function, two pipeline stages are suggested to allow both the MREG and PREG registers to be used.  If the DSP48 was instantiated in the design, it is suggested to set both the MREG and PREG attributes to 1 when performing multiply functions.
WARNING: [DRC DPOP-4] MREG Output pipelining: DSP button_top_inst/button_debounce_array[14].button_debounce_inst/counter_inst/__0 multiplier stage button_top_inst/button_debounce_array[14].button_debounce_inst/counter_inst/__0/P[47:0] is not pipelined (MREG=0). Pipelining the multiplier function will improve performance and will save significant power so it is suggested whenever possible to fully pipeline this function.  If this multiplier was inferred, it is suggested to describe an additional register stage after this function.  If there is no registered adder/accumulator following the multiply function, two pipeline stages are suggested to allow both the MREG and PREG registers to be used.  If the DSP48 was instantiated in the design, it is suggested to set both the MREG and PREG attributes to 1 when performing multiply functions.
WARNING: [DRC DPOP-4] MREG Output pipelining: DSP button_top_inst/button_debounce_array[14].button_debounce_inst/counter_inst/__1 multiplier stage button_top_inst/button_debounce_array[14].button_debounce_inst/counter_inst/__1/P[47:0] is not pipelined (MREG=0). Pipelining the multiplier function will improve performance and will save significant power so it is suggested whenever possible to fully pipeline this function.  If this multiplier was inferred, it is suggested to describe an additional register stage after this function.  If there is no registered adder/accumulator following the multiply function, two pipeline stages are suggested to allow both the MREG and PREG registers to be used.  If the DSP48 was instantiated in the design, it is suggested to set both the MREG and PREG attributes to 1 when performing multiply functions.
WARNING: [DRC DPOP-4] MREG Output pipelining: DSP button_top_inst/button_debounce_array[14].button_debounce_inst/counter_inst/__2 multiplier stage button_top_inst/button_debounce_array[14].button_debounce_inst/counter_inst/__2/P[47:0] is not pipelined (MREG=0). Pipelining the multiplier function will improve performance and will save significant power so it is suggested whenever possible to fully pipeline this function.  If this multiplier was inferred, it is suggested to describe an additional register stage after this function.  If there is no registered adder/accumulator following the multiply function, two pipeline stages are suggested to allow both the MREG and PREG registers to be used.  If the DSP48 was instantiated in the design, it is suggested to set both the MREG and PREG attributes to 1 when performing multiply functions.
WARNING: [DRC DPOP-4] MREG Output pipelining: DSP button_top_inst/button_debounce_array[14].button_debounce_inst/counter_inst/count_middleware_reg[0] multiplier stage button_top_inst/button_debounce_array[14].button_debounce_inst/counter_inst/count_middleware_reg[0]/P[47:0] is not pipelined (MREG=0). Pipelining the multiplier function will improve performance and will save significant power so it is suggested whenever possible to fully pipeline this function.  If this multiplier was inferred, it is suggested to describe an additional register stage after this function.  If there is no registered adder/accumulator following the multiply function, two pipeline stages are suggested to allow both the MREG and PREG registers to be used.  If the DSP48 was instantiated in the design, it is suggested to set both the MREG and PREG attributes to 1 when performing multiply functions.
WARNING: [DRC DPOP-4] MREG Output pipelining: DSP button_top_inst/button_debounce_array[14].button_debounce_inst/counter_inst/count_middleware_reg[1] multiplier stage button_top_inst/button_debounce_array[14].button_debounce_inst/counter_inst/count_middleware_reg[1]/P[47:0] is not pipelined (MREG=0). Pipelining the multiplier function will improve performance and will save significant power so it is suggested whenever possible to fully pipeline this function.  If this multiplier was inferred, it is suggested to describe an additional register stage after this function.  If there is no registered adder/accumulator following the multiply function, two pipeline stages are suggested to allow both the MREG and PREG registers to be used.  If the DSP48 was instantiated in the design, it is suggested to set both the MREG and PREG attributes to 1 when performing multiply functions.
WARNING: [DRC DPOP-4] MREG Output pipelining: DSP button_top_inst/button_debounce_array[14].button_debounce_inst/counter_inst/count_middleware_reg[2] multiplier stage button_top_inst/button_debounce_array[14].button_debounce_inst/counter_inst/count_middleware_reg[2]/P[47:0] is not pipelined (MREG=0). Pipelining the multiplier function will improve performance and will save significant power so it is suggested whenever possible to fully pipeline this function.  If this multiplier was inferred, it is suggested to describe an additional register stage after this function.  If there is no registered adder/accumulator following the multiply function, two pipeline stages are suggested to allow both the MREG and PREG registers to be used.  If the DSP48 was instantiated in the design, it is suggested to set both the MREG and PREG attributes to 1 when performing multiply functions.
WARNING: [DRC DPOP-4] MREG Output pipelining: DSP button_top_inst/button_debounce_array[14].button_debounce_inst/counter_inst/count_middleware_reg[3] multiplier stage button_top_inst/button_debounce_array[14].button_debounce_inst/counter_inst/count_middleware_reg[3]/P[47:0] is not pipelined (MREG=0). Pipelining the multiplier function will improve performance and will save significant power so it is suggested whenever possible to fully pipeline this function.  If this multiplier was inferred, it is suggested to describe an additional register stage after this function.  If there is no registered adder/accumulator following the multiply function, two pipeline stages are suggested to allow both the MREG and PREG registers to be used.  If the DSP48 was instantiated in the design, it is suggested to set both the MREG and PREG attributes to 1 when performing multiply functions.
WARNING: [DRC DPOP-4] MREG Output pipelining: DSP button_top_inst/button_debounce_array[15].button_debounce_inst/counter_inst/ multiplier stage button_top_inst/button_debounce_array[15].button_debounce_inst/counter_inst//P[47:0] is not pipelined (MREG=0). Pipelining the multiplier function will improve performance and will save significant power so it is suggested whenever possible to fully pipeline this function.  If this multiplier was inferred, it is suggested to describe an additional register stage after this function.  If there is no registered adder/accumulator following the multiply function, two pipeline stages are suggested to allow both the MREG and PREG registers to be used.  If the DSP48 was instantiated in the design, it is suggested to set both the MREG and PREG attributes to 1 when performing multiply functions.
WARNING: [DRC DPOP-4] MREG Output pipelining: DSP button_top_inst/button_debounce_array[15].button_debounce_inst/counter_inst/__0 multiplier stage button_top_inst/button_debounce_array[15].button_debounce_inst/counter_inst/__0/P[47:0] is not pipelined (MREG=0). Pipelining the multiplier function will improve performance and will save significant power so it is suggested whenever possible to fully pipeline this function.  If this multiplier was inferred, it is suggested to describe an additional register stage after this function.  If there is no registered adder/accumulator following the multiply function, two pipeline stages are suggested to allow both the MREG and PREG registers to be used.  If the DSP48 was instantiated in the design, it is suggested to set both the MREG and PREG attributes to 1 when performing multiply functions.
WARNING: [DRC DPOP-4] MREG Output pipelining: DSP button_top_inst/button_debounce_array[15].button_debounce_inst/counter_inst/__1 multiplier stage button_top_inst/button_debounce_array[15].button_debounce_inst/counter_inst/__1/P[47:0] is not pipelined (MREG=0). Pipelining the multiplier function will improve performance and will save significant power so it is suggested whenever possible to fully pipeline this function.  If this multiplier was inferred, it is suggested to describe an additional register stage after this function.  If there is no registered adder/accumulator following the multiply function, two pipeline stages are suggested to allow both the MREG and PREG registers to be used.  If the DSP48 was instantiated in the design, it is suggested to set both the MREG and PREG attributes to 1 when performing multiply functions.
WARNING: [DRC DPOP-4] MREG Output pipelining: DSP button_top_inst/button_debounce_array[15].button_debounce_inst/counter_inst/__2 multiplier stage button_top_inst/button_debounce_array[15].button_debounce_inst/counter_inst/__2/P[47:0] is not pipelined (MREG=0). Pipelining the multiplier function will improve performance and will save significant power so it is suggested whenever possible to fully pipeline this function.  If this multiplier was inferred, it is suggested to describe an additional register stage after this function.  If there is no registered adder/accumulator following the multiply function, two pipeline stages are suggested to allow both the MREG and PREG registers to be used.  If the DSP48 was instantiated in the design, it is suggested to set both the MREG and PREG attributes to 1 when performing multiply functions.
WARNING: [DRC DPOP-4] MREG Output pipelining: DSP button_top_inst/button_debounce_array[15].button_debounce_inst/counter_inst/count_middleware_reg[0] multiplier stage button_top_inst/button_debounce_array[15].button_debounce_inst/counter_inst/count_middleware_reg[0]/P[47:0] is not pipelined (MREG=0). Pipelining the multiplier function will improve performance and will save significant power so it is suggested whenever possible to fully pipeline this function.  If this multiplier was inferred, it is suggested to describe an additional register stage after this function.  If there is no registered adder/accumulator following the multiply function, two pipeline stages are suggested to allow both the MREG and PREG registers to be used.  If the DSP48 was instantiated in the design, it is suggested to set both the MREG and PREG attributes to 1 when performing multiply functions.
WARNING: [DRC DPOP-4] MREG Output pipelining: DSP button_top_inst/button_debounce_array[15].button_debounce_inst/counter_inst/count_middleware_reg[1] multiplier stage button_top_inst/button_debounce_array[15].button_debounce_inst/counter_inst/count_middleware_reg[1]/P[47:0] is not pipelined (MREG=0). Pipelining the multiplier function will improve performance and will save significant power so it is suggested whenever possible to fully pipeline this function.  If this multiplier was inferred, it is suggested to describe an additional register stage after this function.  If there is no registered adder/accumulator following the multiply function, two pipeline stages are suggested to allow both the MREG and PREG registers to be used.  If the DSP48 was instantiated in the design, it is suggested to set both the MREG and PREG attributes to 1 when performing multiply functions.
WARNING: [DRC DPOP-4] MREG Output pipelining: DSP button_top_inst/button_debounce_array[15].button_debounce_inst/counter_inst/count_middleware_reg[2] multiplier stage button_top_inst/button_debounce_array[15].button_debounce_inst/counter_inst/count_middleware_reg[2]/P[47:0] is not pipelined (MREG=0). Pipelining the multiplier function will improve performance and will save significant power so it is suggested whenever possible to fully pipeline this function.  If this multiplier was inferred, it is suggested to describe an additional register stage after this function.  If there is no registered adder/accumulator following the multiply function, two pipeline stages are suggested to allow both the MREG and PREG registers to be used.  If the DSP48 was instantiated in the design, it is suggested to set both the MREG and PREG attributes to 1 when performing multiply functions.
WARNING: [DRC DPOP-4] MREG Output pipelining: DSP button_top_inst/button_debounce_array[15].button_debounce_inst/counter_inst/count_middleware_reg[3] multiplier stage button_top_inst/button_debounce_array[15].button_debounce_inst/counter_inst/count_middleware_reg[3]/P[47:0] is not pipelined (MREG=0). Pipelining the multiplier function will improve performance and will save significant power so it is suggested whenever possible to fully pipeline this function.  If this multiplier was inferred, it is suggested to describe an additional register stage after this function.  If there is no registered adder/accumulator following the multiply function, two pipeline stages are suggested to allow both the MREG and PREG registers to be used.  If the DSP48 was instantiated in the design, it is suggested to set both the MREG and PREG attributes to 1 when performing multiply functions.
WARNING: [DRC DPOP-4] MREG Output pipelining: DSP button_top_inst/button_debounce_array[16].button_debounce_inst/counter_inst/ multiplier stage button_top_inst/button_debounce_array[16].button_debounce_inst/counter_inst//P[47:0] is not pipelined (MREG=0). Pipelining the multiplier function will improve performance and will save significant power so it is suggested whenever possible to fully pipeline this function.  If this multiplier was inferred, it is suggested to describe an additional register stage after this function.  If there is no registered adder/accumulator following the multiply function, two pipeline stages are suggested to allow both the MREG and PREG registers to be used.  If the DSP48 was instantiated in the design, it is suggested to set both the MREG and PREG attributes to 1 when performing multiply functions.
WARNING: [DRC DPOP-4] MREG Output pipelining: DSP button_top_inst/button_debounce_array[16].button_debounce_inst/counter_inst/__0 multiplier stage button_top_inst/button_debounce_array[16].button_debounce_inst/counter_inst/__0/P[47:0] is not pipelined (MREG=0). Pipelining the multiplier function will improve performance and will save significant power so it is suggested whenever possible to fully pipeline this function.  If this multiplier was inferred, it is suggested to describe an additional register stage after this function.  If there is no registered adder/accumulator following the multiply function, two pipeline stages are suggested to allow both the MREG and PREG registers to be used.  If the DSP48 was instantiated in the design, it is suggested to set both the MREG and PREG attributes to 1 when performing multiply functions.
WARNING: [DRC DPOP-4] MREG Output pipelining: DSP button_top_inst/button_debounce_array[16].button_debounce_inst/counter_inst/__1 multiplier stage button_top_inst/button_debounce_array[16].button_debounce_inst/counter_inst/__1/P[47:0] is not pipelined (MREG=0). Pipelining the multiplier function will improve performance and will save significant power so it is suggested whenever possible to fully pipeline this function.  If this multiplier was inferred, it is suggested to describe an additional register stage after this function.  If there is no registered adder/accumulator following the multiply function, two pipeline stages are suggested to allow both the MREG and PREG registers to be used.  If the DSP48 was instantiated in the design, it is suggested to set both the MREG and PREG attributes to 1 when performing multiply functions.
WARNING: [DRC DPOP-4] MREG Output pipelining: DSP button_top_inst/button_debounce_array[16].button_debounce_inst/counter_inst/__2 multiplier stage button_top_inst/button_debounce_array[16].button_debounce_inst/counter_inst/__2/P[47:0] is not pipelined (MREG=0). Pipelining the multiplier function will improve performance and will save significant power so it is suggested whenever possible to fully pipeline this function.  If this multiplier was inferred, it is suggested to describe an additional register stage after this function.  If there is no registered adder/accumulator following the multiply function, two pipeline stages are suggested to allow both the MREG and PREG registers to be used.  If the DSP48 was instantiated in the design, it is suggested to set both the MREG and PREG attributes to 1 when performing multiply functions.
WARNING: [DRC DPOP-4] MREG Output pipelining: DSP button_top_inst/button_debounce_array[16].button_debounce_inst/counter_inst/count_middleware_reg[0] multiplier stage button_top_inst/button_debounce_array[16].button_debounce_inst/counter_inst/count_middleware_reg[0]/P[47:0] is not pipelined (MREG=0). Pipelining the multiplier function will improve performance and will save significant power so it is suggested whenever possible to fully pipeline this function.  If this multiplier was inferred, it is suggested to describe an additional register stage after this function.  If there is no registered adder/accumulator following the multiply function, two pipeline stages are suggested to allow both the MREG and PREG registers to be used.  If the DSP48 was instantiated in the design, it is suggested to set both the MREG and PREG attributes to 1 when performing multiply functions.
WARNING: [DRC DPOP-4] MREG Output pipelining: DSP button_top_inst/button_debounce_array[16].button_debounce_inst/counter_inst/count_middleware_reg[1] multiplier stage button_top_inst/button_debounce_array[16].button_debounce_inst/counter_inst/count_middleware_reg[1]/P[47:0] is not pipelined (MREG=0). Pipelining the multiplier function will improve performance and will save significant power so it is suggested whenever possible to fully pipeline this function.  If this multiplier was inferred, it is suggested to describe an additional register stage after this function.  If there is no registered adder/accumulator following the multiply function, two pipeline stages are suggested to allow both the MREG and PREG registers to be used.  If the DSP48 was instantiated in the design, it is suggested to set both the MREG and PREG attributes to 1 when performing multiply functions.
WARNING: [DRC DPOP-4] MREG Output pipelining: DSP button_top_inst/button_debounce_array[16].button_debounce_inst/counter_inst/count_middleware_reg[2] multiplier stage button_top_inst/button_debounce_array[16].button_debounce_inst/counter_inst/count_middleware_reg[2]/P[47:0] is not pipelined (MREG=0). Pipelining the multiplier function will improve performance and will save significant power so it is suggested whenever possible to fully pipeline this function.  If this multiplier was inferred, it is suggested to describe an additional register stage after this function.  If there is no registered adder/accumulator following the multiply function, two pipeline stages are suggested to allow both the MREG and PREG registers to be used.  If the DSP48 was instantiated in the design, it is suggested to set both the MREG and PREG attributes to 1 when performing multiply functions.
WARNING: [DRC DPOP-4] MREG Output pipelining: DSP button_top_inst/button_debounce_array[16].button_debounce_inst/counter_inst/count_middleware_reg[3] multiplier stage button_top_inst/button_debounce_array[16].button_debounce_inst/counter_inst/count_middleware_reg[3]/P[47:0] is not pipelined (MREG=0). Pipelining the multiplier function will improve performance and will save significant power so it is suggested whenever possible to fully pipeline this function.  If this multiplier was inferred, it is suggested to describe an additional register stage after this function.  If there is no registered adder/accumulator following the multiply function, two pipeline stages are suggested to allow both the MREG and PREG registers to be used.  If the DSP48 was instantiated in the design, it is suggested to set both the MREG and PREG attributes to 1 when performing multiply functions.
WARNING: [DRC DPOP-4] MREG Output pipelining: DSP button_top_inst/button_debounce_array[17].button_debounce_inst/counter_inst/ multiplier stage button_top_inst/button_debounce_array[17].button_debounce_inst/counter_inst//P[47:0] is not pipelined (MREG=0). Pipelining the multiplier function will improve performance and will save significant power so it is suggested whenever possible to fully pipeline this function.  If this multiplier was inferred, it is suggested to describe an additional register stage after this function.  If there is no registered adder/accumulator following the multiply function, two pipeline stages are suggested to allow both the MREG and PREG registers to be used.  If the DSP48 was instantiated in the design, it is suggested to set both the MREG and PREG attributes to 1 when performing multiply functions.
WARNING: [DRC DPOP-4] MREG Output pipelining: DSP button_top_inst/button_debounce_array[17].button_debounce_inst/counter_inst/__0 multiplier stage button_top_inst/button_debounce_array[17].button_debounce_inst/counter_inst/__0/P[47:0] is not pipelined (MREG=0). Pipelining the multiplier function will improve performance and will save significant power so it is suggested whenever possible to fully pipeline this function.  If this multiplier was inferred, it is suggested to describe an additional register stage after this function.  If there is no registered adder/accumulator following the multiply function, two pipeline stages are suggested to allow both the MREG and PREG registers to be used.  If the DSP48 was instantiated in the design, it is suggested to set both the MREG and PREG attributes to 1 when performing multiply functions.
WARNING: [DRC DPOP-4] MREG Output pipelining: DSP button_top_inst/button_debounce_array[17].button_debounce_inst/counter_inst/__1 multiplier stage button_top_inst/button_debounce_array[17].button_debounce_inst/counter_inst/__1/P[47:0] is not pipelined (MREG=0). Pipelining the multiplier function will improve performance and will save significant power so it is suggested whenever possible to fully pipeline this function.  If this multiplier was inferred, it is suggested to describe an additional register stage after this function.  If there is no registered adder/accumulator following the multiply function, two pipeline stages are suggested to allow both the MREG and PREG registers to be used.  If the DSP48 was instantiated in the design, it is suggested to set both the MREG and PREG attributes to 1 when performing multiply functions.
WARNING: [DRC DPOP-4] MREG Output pipelining: DSP button_top_inst/button_debounce_array[17].button_debounce_inst/counter_inst/__2 multiplier stage button_top_inst/button_debounce_array[17].button_debounce_inst/counter_inst/__2/P[47:0] is not pipelined (MREG=0). Pipelining the multiplier function will improve performance and will save significant power so it is suggested whenever possible to fully pipeline this function.  If this multiplier was inferred, it is suggested to describe an additional register stage after this function.  If there is no registered adder/accumulator following the multiply function, two pipeline stages are suggested to allow both the MREG and PREG registers to be used.  If the DSP48 was instantiated in the design, it is suggested to set both the MREG and PREG attributes to 1 when performing multiply functions.
WARNING: [DRC DPOP-4] MREG Output pipelining: DSP button_top_inst/button_debounce_array[17].button_debounce_inst/counter_inst/count_middleware_reg[0] multiplier stage button_top_inst/button_debounce_array[17].button_debounce_inst/counter_inst/count_middleware_reg[0]/P[47:0] is not pipelined (MREG=0). Pipelining the multiplier function will improve performance and will save significant power so it is suggested whenever possible to fully pipeline this function.  If this multiplier was inferred, it is suggested to describe an additional register stage after this function.  If there is no registered adder/accumulator following the multiply function, two pipeline stages are suggested to allow both the MREG and PREG registers to be used.  If the DSP48 was instantiated in the design, it is suggested to set both the MREG and PREG attributes to 1 when performing multiply functions.
WARNING: [DRC DPOP-4] MREG Output pipelining: DSP button_top_inst/button_debounce_array[17].button_debounce_inst/counter_inst/count_middleware_reg[1] multiplier stage button_top_inst/button_debounce_array[17].button_debounce_inst/counter_inst/count_middleware_reg[1]/P[47:0] is not pipelined (MREG=0). Pipelining the multiplier function will improve performance and will save significant power so it is suggested whenever possible to fully pipeline this function.  If this multiplier was inferred, it is suggested to describe an additional register stage after this function.  If there is no registered adder/accumulator following the multiply function, two pipeline stages are suggested to allow both the MREG and PREG registers to be used.  If the DSP48 was instantiated in the design, it is suggested to set both the MREG and PREG attributes to 1 when performing multiply functions.
WARNING: [DRC DPOP-4] MREG Output pipelining: DSP button_top_inst/button_debounce_array[17].button_debounce_inst/counter_inst/count_middleware_reg[2] multiplier stage button_top_inst/button_debounce_array[17].button_debounce_inst/counter_inst/count_middleware_reg[2]/P[47:0] is not pipelined (MREG=0). Pipelining the multiplier function will improve performance and will save significant power so it is suggested whenever possible to fully pipeline this function.  If this multiplier was inferred, it is suggested to describe an additional register stage after this function.  If there is no registered adder/accumulator following the multiply function, two pipeline stages are suggested to allow both the MREG and PREG registers to be used.  If the DSP48 was instantiated in the design, it is suggested to set both the MREG and PREG attributes to 1 when performing multiply functions.
WARNING: [DRC DPOP-4] MREG Output pipelining: DSP button_top_inst/button_debounce_array[17].button_debounce_inst/counter_inst/count_middleware_reg[3] multiplier stage button_top_inst/button_debounce_array[17].button_debounce_inst/counter_inst/count_middleware_reg[3]/P[47:0] is not pipelined (MREG=0). Pipelining the multiplier function will improve performance and will save significant power so it is suggested whenever possible to fully pipeline this function.  If this multiplier was inferred, it is suggested to describe an additional register stage after this function.  If there is no registered adder/accumulator following the multiply function, two pipeline stages are suggested to allow both the MREG and PREG registers to be used.  If the DSP48 was instantiated in the design, it is suggested to set both the MREG and PREG attributes to 1 when performing multiply functions.
WARNING: [DRC DPOP-4] MREG Output pipelining: DSP button_top_inst/button_debounce_array[18].button_debounce_inst/counter_inst/ multiplier stage button_top_inst/button_debounce_array[18].button_debounce_inst/counter_inst//P[47:0] is not pipelined (MREG=0). Pipelining the multiplier function will improve performance and will save significant power so it is suggested whenever possible to fully pipeline this function.  If this multiplier was inferred, it is suggested to describe an additional register stage after this function.  If there is no registered adder/accumulator following the multiply function, two pipeline stages are suggested to allow both the MREG and PREG registers to be used.  If the DSP48 was instantiated in the design, it is suggested to set both the MREG and PREG attributes to 1 when performing multiply functions.
WARNING: [DRC DPOP-4] MREG Output pipelining: DSP button_top_inst/button_debounce_array[18].button_debounce_inst/counter_inst/__0 multiplier stage button_top_inst/button_debounce_array[18].button_debounce_inst/counter_inst/__0/P[47:0] is not pipelined (MREG=0). Pipelining the multiplier function will improve performance and will save significant power so it is suggested whenever possible to fully pipeline this function.  If this multiplier was inferred, it is suggested to describe an additional register stage after this function.  If there is no registered adder/accumulator following the multiply function, two pipeline stages are suggested to allow both the MREG and PREG registers to be used.  If the DSP48 was instantiated in the design, it is suggested to set both the MREG and PREG attributes to 1 when performing multiply functions.
WARNING: [DRC DPOP-4] MREG Output pipelining: DSP button_top_inst/button_debounce_array[18].button_debounce_inst/counter_inst/__1 multiplier stage button_top_inst/button_debounce_array[18].button_debounce_inst/counter_inst/__1/P[47:0] is not pipelined (MREG=0). Pipelining the multiplier function will improve performance and will save significant power so it is suggested whenever possible to fully pipeline this function.  If this multiplier was inferred, it is suggested to describe an additional register stage after this function.  If there is no registered adder/accumulator following the multiply function, two pipeline stages are suggested to allow both the MREG and PREG registers to be used.  If the DSP48 was instantiated in the design, it is suggested to set both the MREG and PREG attributes to 1 when performing multiply functions.
WARNING: [DRC DPOP-4] MREG Output pipelining: DSP button_top_inst/button_debounce_array[18].button_debounce_inst/counter_inst/__2 multiplier stage button_top_inst/button_debounce_array[18].button_debounce_inst/counter_inst/__2/P[47:0] is not pipelined (MREG=0). Pipelining the multiplier function will improve performance and will save significant power so it is suggested whenever possible to fully pipeline this function.  If this multiplier was inferred, it is suggested to describe an additional register stage after this function.  If there is no registered adder/accumulator following the multiply function, two pipeline stages are suggested to allow both the MREG and PREG registers to be used.  If the DSP48 was instantiated in the design, it is suggested to set both the MREG and PREG attributes to 1 when performing multiply functions.
WARNING: [DRC DPOP-4] MREG Output pipelining: DSP button_top_inst/button_debounce_array[18].button_debounce_inst/counter_inst/count_middleware_reg[0] multiplier stage button_top_inst/button_debounce_array[18].button_debounce_inst/counter_inst/count_middleware_reg[0]/P[47:0] is not pipelined (MREG=0). Pipelining the multiplier function will improve performance and will save significant power so it is suggested whenever possible to fully pipeline this function.  If this multiplier was inferred, it is suggested to describe an additional register stage after this function.  If there is no registered adder/accumulator following the multiply function, two pipeline stages are suggested to allow both the MREG and PREG registers to be used.  If the DSP48 was instantiated in the design, it is suggested to set both the MREG and PREG attributes to 1 when performing multiply functions.
WARNING: [DRC DPOP-4] MREG Output pipelining: DSP button_top_inst/button_debounce_array[18].button_debounce_inst/counter_inst/count_middleware_reg[1] multiplier stage button_top_inst/button_debounce_array[18].button_debounce_inst/counter_inst/count_middleware_reg[1]/P[47:0] is not pipelined (MREG=0). Pipelining the multiplier function will improve performance and will save significant power so it is suggested whenever possible to fully pipeline this function.  If this multiplier was inferred, it is suggested to describe an additional register stage after this function.  If there is no registered adder/accumulator following the multiply function, two pipeline stages are suggested to allow both the MREG and PREG registers to be used.  If the DSP48 was instantiated in the design, it is suggested to set both the MREG and PREG attributes to 1 when performing multiply functions.
WARNING: [DRC DPOP-4] MREG Output pipelining: DSP button_top_inst/button_debounce_array[18].button_debounce_inst/counter_inst/count_middleware_reg[2] multiplier stage button_top_inst/button_debounce_array[18].button_debounce_inst/counter_inst/count_middleware_reg[2]/P[47:0] is not pipelined (MREG=0). Pipelining the multiplier function will improve performance and will save significant power so it is suggested whenever possible to fully pipeline this function.  If this multiplier was inferred, it is suggested to describe an additional register stage after this function.  If there is no registered adder/accumulator following the multiply function, two pipeline stages are suggested to allow both the MREG and PREG registers to be used.  If the DSP48 was instantiated in the design, it is suggested to set both the MREG and PREG attributes to 1 when performing multiply functions.
WARNING: [DRC DPOP-4] MREG Output pipelining: DSP button_top_inst/button_debounce_array[18].button_debounce_inst/counter_inst/count_middleware_reg[3] multiplier stage button_top_inst/button_debounce_array[18].button_debounce_inst/counter_inst/count_middleware_reg[3]/P[47:0] is not pipelined (MREG=0). Pipelining the multiplier function will improve performance and will save significant power so it is suggested whenever possible to fully pipeline this function.  If this multiplier was inferred, it is suggested to describe an additional register stage after this function.  If there is no registered adder/accumulator following the multiply function, two pipeline stages are suggested to allow both the MREG and PREG registers to be used.  If the DSP48 was instantiated in the design, it is suggested to set both the MREG and PREG attributes to 1 when performing multiply functions.
WARNING: [DRC DPOP-4] MREG Output pipelining: DSP button_top_inst/button_debounce_array[19].button_debounce_inst/counter_inst/ multiplier stage button_top_inst/button_debounce_array[19].button_debounce_inst/counter_inst//P[47:0] is not pipelined (MREG=0). Pipelining the multiplier function will improve performance and will save significant power so it is suggested whenever possible to fully pipeline this function.  If this multiplier was inferred, it is suggested to describe an additional register stage after this function.  If there is no registered adder/accumulator following the multiply function, two pipeline stages are suggested to allow both the MREG and PREG registers to be used.  If the DSP48 was instantiated in the design, it is suggested to set both the MREG and PREG attributes to 1 when performing multiply functions.
WARNING: [DRC DPOP-4] MREG Output pipelining: DSP button_top_inst/button_debounce_array[19].button_debounce_inst/counter_inst/__0 multiplier stage button_top_inst/button_debounce_array[19].button_debounce_inst/counter_inst/__0/P[47:0] is not pipelined (MREG=0). Pipelining the multiplier function will improve performance and will save significant power so it is suggested whenever possible to fully pipeline this function.  If this multiplier was inferred, it is suggested to describe an additional register stage after this function.  If there is no registered adder/accumulator following the multiply function, two pipeline stages are suggested to allow both the MREG and PREG registers to be used.  If the DSP48 was instantiated in the design, it is suggested to set both the MREG and PREG attributes to 1 when performing multiply functions.
WARNING: [DRC DPOP-4] MREG Output pipelining: DSP button_top_inst/button_debounce_array[19].button_debounce_inst/counter_inst/__1 multiplier stage button_top_inst/button_debounce_array[19].button_debounce_inst/counter_inst/__1/P[47:0] is not pipelined (MREG=0). Pipelining the multiplier function will improve performance and will save significant power so it is suggested whenever possible to fully pipeline this function.  If this multiplier was inferred, it is suggested to describe an additional register stage after this function.  If there is no registered adder/accumulator following the multiply function, two pipeline stages are suggested to allow both the MREG and PREG registers to be used.  If the DSP48 was instantiated in the design, it is suggested to set both the MREG and PREG attributes to 1 when performing multiply functions.
WARNING: [DRC DPOP-4] MREG Output pipelining: DSP button_top_inst/button_debounce_array[19].button_debounce_inst/counter_inst/__2 multiplier stage button_top_inst/button_debounce_array[19].button_debounce_inst/counter_inst/__2/P[47:0] is not pipelined (MREG=0). Pipelining the multiplier function will improve performance and will save significant power so it is suggested whenever possible to fully pipeline this function.  If this multiplier was inferred, it is suggested to describe an additional register stage after this function.  If there is no registered adder/accumulator following the multiply function, two pipeline stages are suggested to allow both the MREG and PREG registers to be used.  If the DSP48 was instantiated in the design, it is suggested to set both the MREG and PREG attributes to 1 when performing multiply functions.
WARNING: [DRC DPOP-4] MREG Output pipelining: DSP button_top_inst/button_debounce_array[19].button_debounce_inst/counter_inst/count_middleware_reg[0] multiplier stage button_top_inst/button_debounce_array[19].button_debounce_inst/counter_inst/count_middleware_reg[0]/P[47:0] is not pipelined (MREG=0). Pipelining the multiplier function will improve performance and will save significant power so it is suggested whenever possible to fully pipeline this function.  If this multiplier was inferred, it is suggested to describe an additional register stage after this function.  If there is no registered adder/accumulator following the multiply function, two pipeline stages are suggested to allow both the MREG and PREG registers to be used.  If the DSP48 was instantiated in the design, it is suggested to set both the MREG and PREG attributes to 1 when performing multiply functions.
WARNING: [DRC DPOP-4] MREG Output pipelining: DSP button_top_inst/button_debounce_array[19].button_debounce_inst/counter_inst/count_middleware_reg[1] multiplier stage button_top_inst/button_debounce_array[19].button_debounce_inst/counter_inst/count_middleware_reg[1]/P[47:0] is not pipelined (MREG=0). Pipelining the multiplier function will improve performance and will save significant power so it is suggested whenever possible to fully pipeline this function.  If this multiplier was inferred, it is suggested to describe an additional register stage after this function.  If there is no registered adder/accumulator following the multiply function, two pipeline stages are suggested to allow both the MREG and PREG registers to be used.  If the DSP48 was instantiated in the design, it is suggested to set both the MREG and PREG attributes to 1 when performing multiply functions.
WARNING: [DRC DPOP-4] MREG Output pipelining: DSP button_top_inst/button_debounce_array[19].button_debounce_inst/counter_inst/count_middleware_reg[2] multiplier stage button_top_inst/button_debounce_array[19].button_debounce_inst/counter_inst/count_middleware_reg[2]/P[47:0] is not pipelined (MREG=0). Pipelining the multiplier function will improve performance and will save significant power so it is suggested whenever possible to fully pipeline this function.  If this multiplier was inferred, it is suggested to describe an additional register stage after this function.  If there is no registered adder/accumulator following the multiply function, two pipeline stages are suggested to allow both the MREG and PREG registers to be used.  If the DSP48 was instantiated in the design, it is suggested to set both the MREG and PREG attributes to 1 when performing multiply functions.
WARNING: [DRC DPOP-4] MREG Output pipelining: DSP button_top_inst/button_debounce_array[19].button_debounce_inst/counter_inst/count_middleware_reg[3] multiplier stage button_top_inst/button_debounce_array[19].button_debounce_inst/counter_inst/count_middleware_reg[3]/P[47:0] is not pipelined (MREG=0). Pipelining the multiplier function will improve performance and will save significant power so it is suggested whenever possible to fully pipeline this function.  If this multiplier was inferred, it is suggested to describe an additional register stage after this function.  If there is no registered adder/accumulator following the multiply function, two pipeline stages are suggested to allow both the MREG and PREG registers to be used.  If the DSP48 was instantiated in the design, it is suggested to set both the MREG and PREG attributes to 1 when performing multiply functions.
WARNING: [DRC DPOP-4] MREG Output pipelining: DSP button_top_inst/button_debounce_array[1].button_debounce_inst/counter_inst/ multiplier stage button_top_inst/button_debounce_array[1].button_debounce_inst/counter_inst//P[47:0] is not pipelined (MREG=0). Pipelining the multiplier function will improve performance and will save significant power so it is suggested whenever possible to fully pipeline this function.  If this multiplier was inferred, it is suggested to describe an additional register stage after this function.  If there is no registered adder/accumulator following the multiply function, two pipeline stages are suggested to allow both the MREG and PREG registers to be used.  If the DSP48 was instantiated in the design, it is suggested to set both the MREG and PREG attributes to 1 when performing multiply functions.
WARNING: [DRC DPOP-4] MREG Output pipelining: DSP button_top_inst/button_debounce_array[1].button_debounce_inst/counter_inst/__0 multiplier stage button_top_inst/button_debounce_array[1].button_debounce_inst/counter_inst/__0/P[47:0] is not pipelined (MREG=0). Pipelining the multiplier function will improve performance and will save significant power so it is suggested whenever possible to fully pipeline this function.  If this multiplier was inferred, it is suggested to describe an additional register stage after this function.  If there is no registered adder/accumulator following the multiply function, two pipeline stages are suggested to allow both the MREG and PREG registers to be used.  If the DSP48 was instantiated in the design, it is suggested to set both the MREG and PREG attributes to 1 when performing multiply functions.
WARNING: [DRC DPOP-4] MREG Output pipelining: DSP button_top_inst/button_debounce_array[1].button_debounce_inst/counter_inst/__1 multiplier stage button_top_inst/button_debounce_array[1].button_debounce_inst/counter_inst/__1/P[47:0] is not pipelined (MREG=0). Pipelining the multiplier function will improve performance and will save significant power so it is suggested whenever possible to fully pipeline this function.  If this multiplier was inferred, it is suggested to describe an additional register stage after this function.  If there is no registered adder/accumulator following the multiply function, two pipeline stages are suggested to allow both the MREG and PREG registers to be used.  If the DSP48 was instantiated in the design, it is suggested to set both the MREG and PREG attributes to 1 when performing multiply functions.
WARNING: [DRC DPOP-4] MREG Output pipelining: DSP button_top_inst/button_debounce_array[1].button_debounce_inst/counter_inst/__2 multiplier stage button_top_inst/button_debounce_array[1].button_debounce_inst/counter_inst/__2/P[47:0] is not pipelined (MREG=0). Pipelining the multiplier function will improve performance and will save significant power so it is suggested whenever possible to fully pipeline this function.  If this multiplier was inferred, it is suggested to describe an additional register stage after this function.  If there is no registered adder/accumulator following the multiply function, two pipeline stages are suggested to allow both the MREG and PREG registers to be used.  If the DSP48 was instantiated in the design, it is suggested to set both the MREG and PREG attributes to 1 when performing multiply functions.
WARNING: [DRC DPOP-4] MREG Output pipelining: DSP button_top_inst/button_debounce_array[1].button_debounce_inst/counter_inst/count_middleware_reg[0] multiplier stage button_top_inst/button_debounce_array[1].button_debounce_inst/counter_inst/count_middleware_reg[0]/P[47:0] is not pipelined (MREG=0). Pipelining the multiplier function will improve performance and will save significant power so it is suggested whenever possible to fully pipeline this function.  If this multiplier was inferred, it is suggested to describe an additional register stage after this function.  If there is no registered adder/accumulator following the multiply function, two pipeline stages are suggested to allow both the MREG and PREG registers to be used.  If the DSP48 was instantiated in the design, it is suggested to set both the MREG and PREG attributes to 1 when performing multiply functions.
WARNING: [DRC DPOP-4] MREG Output pipelining: DSP button_top_inst/button_debounce_array[1].button_debounce_inst/counter_inst/count_middleware_reg[1] multiplier stage button_top_inst/button_debounce_array[1].button_debounce_inst/counter_inst/count_middleware_reg[1]/P[47:0] is not pipelined (MREG=0). Pipelining the multiplier function will improve performance and will save significant power so it is suggested whenever possible to fully pipeline this function.  If this multiplier was inferred, it is suggested to describe an additional register stage after this function.  If there is no registered adder/accumulator following the multiply function, two pipeline stages are suggested to allow both the MREG and PREG registers to be used.  If the DSP48 was instantiated in the design, it is suggested to set both the MREG and PREG attributes to 1 when performing multiply functions.
WARNING: [DRC DPOP-4] MREG Output pipelining: DSP button_top_inst/button_debounce_array[1].button_debounce_inst/counter_inst/count_middleware_reg[2] multiplier stage button_top_inst/button_debounce_array[1].button_debounce_inst/counter_inst/count_middleware_reg[2]/P[47:0] is not pipelined (MREG=0). Pipelining the multiplier function will improve performance and will save significant power so it is suggested whenever possible to fully pipeline this function.  If this multiplier was inferred, it is suggested to describe an additional register stage after this function.  If there is no registered adder/accumulator following the multiply function, two pipeline stages are suggested to allow both the MREG and PREG registers to be used.  If the DSP48 was instantiated in the design, it is suggested to set both the MREG and PREG attributes to 1 when performing multiply functions.
WARNING: [DRC DPOP-4] MREG Output pipelining: DSP button_top_inst/button_debounce_array[1].button_debounce_inst/counter_inst/count_middleware_reg[3] multiplier stage button_top_inst/button_debounce_array[1].button_debounce_inst/counter_inst/count_middleware_reg[3]/P[47:0] is not pipelined (MREG=0). Pipelining the multiplier function will improve performance and will save significant power so it is suggested whenever possible to fully pipeline this function.  If this multiplier was inferred, it is suggested to describe an additional register stage after this function.  If there is no registered adder/accumulator following the multiply function, two pipeline stages are suggested to allow both the MREG and PREG registers to be used.  If the DSP48 was instantiated in the design, it is suggested to set both the MREG and PREG attributes to 1 when performing multiply functions.
WARNING: [DRC DPOP-4] MREG Output pipelining: DSP button_top_inst/button_debounce_array[20].button_debounce_inst/counter_inst/ multiplier stage button_top_inst/button_debounce_array[20].button_debounce_inst/counter_inst//P[47:0] is not pipelined (MREG=0). Pipelining the multiplier function will improve performance and will save significant power so it is suggested whenever possible to fully pipeline this function.  If this multiplier was inferred, it is suggested to describe an additional register stage after this function.  If there is no registered adder/accumulator following the multiply function, two pipeline stages are suggested to allow both the MREG and PREG registers to be used.  If the DSP48 was instantiated in the design, it is suggested to set both the MREG and PREG attributes to 1 when performing multiply functions.
WARNING: [DRC DPOP-4] MREG Output pipelining: DSP button_top_inst/button_debounce_array[20].button_debounce_inst/counter_inst/__0 multiplier stage button_top_inst/button_debounce_array[20].button_debounce_inst/counter_inst/__0/P[47:0] is not pipelined (MREG=0). Pipelining the multiplier function will improve performance and will save significant power so it is suggested whenever possible to fully pipeline this function.  If this multiplier was inferred, it is suggested to describe an additional register stage after this function.  If there is no registered adder/accumulator following the multiply function, two pipeline stages are suggested to allow both the MREG and PREG registers to be used.  If the DSP48 was instantiated in the design, it is suggested to set both the MREG and PREG attributes to 1 when performing multiply functions.
WARNING: [DRC DPOP-4] MREG Output pipelining: DSP button_top_inst/button_debounce_array[20].button_debounce_inst/counter_inst/__1 multiplier stage button_top_inst/button_debounce_array[20].button_debounce_inst/counter_inst/__1/P[47:0] is not pipelined (MREG=0). Pipelining the multiplier function will improve performance and will save significant power so it is suggested whenever possible to fully pipeline this function.  If this multiplier was inferred, it is suggested to describe an additional register stage after this function.  If there is no registered adder/accumulator following the multiply function, two pipeline stages are suggested to allow both the MREG and PREG registers to be used.  If the DSP48 was instantiated in the design, it is suggested to set both the MREG and PREG attributes to 1 when performing multiply functions.
WARNING: [DRC DPOP-4] MREG Output pipelining: DSP button_top_inst/button_debounce_array[20].button_debounce_inst/counter_inst/__2 multiplier stage button_top_inst/button_debounce_array[20].button_debounce_inst/counter_inst/__2/P[47:0] is not pipelined (MREG=0). Pipelining the multiplier function will improve performance and will save significant power so it is suggested whenever possible to fully pipeline this function.  If this multiplier was inferred, it is suggested to describe an additional register stage after this function.  If there is no registered adder/accumulator following the multiply function, two pipeline stages are suggested to allow both the MREG and PREG registers to be used.  If the DSP48 was instantiated in the design, it is suggested to set both the MREG and PREG attributes to 1 when performing multiply functions.
INFO: [Common 17-14] Message 'DRC DPOP-4' appears 100 times and further instances of the messages will be disabled. Use the Tcl command set_msg_config to change the current settings.
INFO: [Vivado 12-3199] DRC finished with 0 Errors, 528 Warnings
INFO: [Vivado 12-3200] Please refer to the DRC report (report_drc) for more information.
INFO: [Designutils 20-2272] Running write_bitstream with 2 threads.
Loading data files...
Loading site data...
Loading route data...
Processing options...
Creating bitmap...
Creating bitstream...
Writing bitstream ./xviii_top.bit...
INFO: [Vivado 12-1842] Bitgen Completed Successfully.
INFO: [Common 17-83] Releasing license: Implementation
14 Infos, 300 Warnings, 0 Critical Warnings and 0 Errors encountered.
write_bitstream completed successfully
write_bitstream: Time (s): cpu = 00:01:13 ; elapsed = 00:00:57 . Memory (MB): peak = 6083.793 ; gain = 370.914
INFO: [Common 17-206] Exiting Vivado at Sun Nov 16 12:51:12 2025...

*** Running vivado
    with args -log xviii_top.vdi -applog -m64 -product Vivado -messageDb vivado.pb -mode batch -source xviii_top.tcl -notrace



****** Vivado v2022.2.2 (64-bit)
  **** SW Build 3788238 on Tue Feb 21 20:00:34 MST 2023
  **** IP Build 3783773 on Tue Feb 21 23:41:56 MST 2023
    ** Copyright 1986-2023 Xilinx, Inc. All Rights Reserved.

source xviii_top.tcl -notrace
Command: open_checkpoint xviii_top_routed.dcp
INFO: [Device 21-403] Loading part xczu19eg-ffvc1760-2-i
Netlist sorting complete. Time (s): cpu = 00:00:00 ; elapsed = 00:00:00.335 . Memory (MB): peak = 2801.281 ; gain = 0.000
INFO: [Netlist 29-17] Analyzing 1463 Unisim elements for replacement
INFO: [Netlist 29-28] Unisim Transformation completed in 29 CPU seconds
INFO: [Project 1-479] Netlist was created with Vivado 2022.2.2
INFO: [Project 1-570] Preparing netlist for logic optimization
INFO: [Timing 38-478] Restoring timing data from binary archive.
INFO: [Timing 38-479] Binary timing data restore complete.
INFO: [Project 1-856] Restoring constraints from binary archive.
INFO: [Project 1-853] Binary constraint restore complete.
Reading XDEF placement.
Reading placer database...
Reading XDEF routing.
Read XDEF Files: Time (s): cpu = 00:00:06 ; elapsed = 00:00:06 . Memory (MB): peak = 3584.137 ; gain = 76.449
Restored from archive | CPU: 6.000000 secs | Memory: 0.000000 MB |
Finished XDEF File Restore: Time (s): cpu = 00:00:06 ; elapsed = 00:00:06 . Memory (MB): peak = 3584.137 ; gain = 76.449
Netlist sorting complete. Time (s): cpu = 00:00:00 ; elapsed = 00:00:00.006 . Memory (MB): peak = 4038.012 ; gain = 0.000
INFO: [Project 1-111] Unisim Transformation Summary:
  A total of 292 instances were transformed.
  DSP48E2 => DSP48E2 (inverted pins: RSTA) (DSP_ALU, DSP_A_B_DATA, DSP_C_DATA, DSP_MULTIPLIER, DSP_M_DATA, DSP_OUTPUT, DSP_PREADD, DSP_PREADD_DATA): 85 instances
  DSP48E2 => DSP48E2 (inverted pins: RSTA, RSTB) (DSP_ALU, DSP_A_B_DATA, DSP_C_DATA, DSP_MULTIPLIER, DSP_M_DATA, DSP_OUTPUT, DSP_PREADD, DSP_PREADD_DATA): 94 instances
  DSP48E2 => DSP48E2 (inverted pins: RSTB) (DSP_ALU, DSP_A_B_DATA, DSP_C_DATA, DSP_MULTIPLIER, DSP_M_DATA, DSP_OUTPUT, DSP_PREADD, DSP_PREADD_DATA): 85 instances
  IBUF => IBUF (IBUFCTRL, INBUF): 27 instances
  IBUFGDS => IBUFDS (DIFFINBUF, IBUFCTRL): 1 instance 

INFO: [Project 1-604] Checkpoint was created with Vivado v2022.2.2 (64-bit) build 3788238
OpenCheckpoint Checksum | Checksum: 256c9619c
----- Checksum: PlaceDB: ccb50b93 ShapeSum: 971208aa RouteDB: f3024d5f 
open_checkpoint: Time (s): cpu = 00:01:24 ; elapsed = 00:01:34 . Memory (MB): peak = 4038.012 ; gain = 2621.301
Command: write_bitstream -force xviii_top.bit
Attempting to get a license for feature 'Implementation' and/or device 'xczu19eg'
INFO: [Common 17-349] Got license for feature 'Implementation' and/or device 'xczu19eg'
Running DRC as a precondition to command write_bitstream
INFO: [IP_Flow 19-234] Refreshing IP repositories
INFO: [IP_Flow 19-1704] No user IP repositories specified
INFO: [IP_Flow 19-2313] Loaded Vivado IP repository 'D:/Xilinx/Vivado/2022.2/data/ip'.
INFO: [DRC 23-27] Running DRC with 2 threads
WARNING: [DRC DPIP-2] Input pipelining: DSP button_top_inst/button_debounce_array[0].button_debounce_inst/counter_inst/count_middleware_reg[0] input button_top_inst/button_debounce_array[0].button_debounce_inst/counter_inst/count_middleware_reg[0]/C[47:0] is not pipelined. Pipelining DSP48 input will improve performance.
WARNING: [DRC DPIP-2] Input pipelining: DSP button_top_inst/button_debounce_array[0].button_debounce_inst/counter_inst/count_middleware_reg[1] input button_top_inst/button_debounce_array[0].button_debounce_inst/counter_inst/count_middleware_reg[1]/C[47:0] is not pipelined. Pipelining DSP48 input will improve performance.
WARNING: [DRC DPIP-2] Input pipelining: DSP button_top_inst/button_debounce_array[0].button_debounce_inst/counter_inst/count_middleware_reg[2] input button_top_inst/button_debounce_array[0].button_debounce_inst/counter_inst/count_middleware_reg[2]/C[47:0] is not pipelined. Pipelining DSP48 input will improve performance.
WARNING: [DRC DPIP-2] Input pipelining: DSP button_top_inst/button_debounce_array[0].button_debounce_inst/counter_inst/count_middleware_reg[3] input button_top_inst/button_debounce_array[0].button_debounce_inst/counter_inst/count_middleware_reg[3]/C[47:0] is not pipelined. Pipelining DSP48 input will improve performance.
WARNING: [DRC DPIP-2] Input pipelining: DSP button_top_inst/button_debounce_array[10].button_debounce_inst/counter_inst/count_middleware_reg[0] input button_top_inst/button_debounce_array[10].button_debounce_inst/counter_inst/count_middleware_reg[0]/C[47:0] is not pipelined. Pipelining DSP48 input will improve performance.
WARNING: [DRC DPIP-2] Input pipelining: DSP button_top_inst/button_debounce_array[10].button_debounce_inst/counter_inst/count_middleware_reg[1] input button_top_inst/button_debounce_array[10].button_debounce_inst/counter_inst/count_middleware_reg[1]/C[47:0] is not pipelined. Pipelining DSP48 input will improve performance.
WARNING: [DRC DPIP-2] Input pipelining: DSP button_top_inst/button_debounce_array[10].button_debounce_inst/counter_inst/count_middleware_reg[2] input button_top_inst/button_debounce_array[10].button_debounce_inst/counter_inst/count_middleware_reg[2]/C[47:0] is not pipelined. Pipelining DSP48 input will improve performance.
WARNING: [DRC DPIP-2] Input pipelining: DSP button_top_inst/button_debounce_array[10].button_debounce_inst/counter_inst/count_middleware_reg[3] input button_top_inst/button_debounce_array[10].button_debounce_inst/counter_inst/count_middleware_reg[3]/C[47:0] is not pipelined. Pipelining DSP48 input will improve performance.
WARNING: [DRC DPIP-2] Input pipelining: DSP button_top_inst/button_debounce_array[11].button_debounce_inst/counter_inst/count_middleware_reg[0] input button_top_inst/button_debounce_array[11].button_debounce_inst/counter_inst/count_middleware_reg[0]/C[47:0] is not pipelined. Pipelining DSP48 input will improve performance.
WARNING: [DRC DPIP-2] Input pipelining: DSP button_top_inst/button_debounce_array[11].button_debounce_inst/counter_inst/count_middleware_reg[1] input button_top_inst/button_debounce_array[11].button_debounce_inst/counter_inst/count_middleware_reg[1]/C[47:0] is not pipelined. Pipelining DSP48 input will improve performance.
WARNING: [DRC DPIP-2] Input pipelining: DSP button_top_inst/button_debounce_array[11].button_debounce_inst/counter_inst/count_middleware_reg[2] input button_top_inst/button_debounce_array[11].button_debounce_inst/counter_inst/count_middleware_reg[2]/C[47:0] is not pipelined. Pipelining DSP48 input will improve performance.
WARNING: [DRC DPIP-2] Input pipelining: DSP button_top_inst/button_debounce_array[11].button_debounce_inst/counter_inst/count_middleware_reg[3] input button_top_inst/button_debounce_array[11].button_debounce_inst/counter_inst/count_middleware_reg[3]/C[47:0] is not pipelined. Pipelining DSP48 input will improve performance.
WARNING: [DRC DPIP-2] Input pipelining: DSP button_top_inst/button_debounce_array[12].button_debounce_inst/counter_inst/count_middleware_reg[0] input button_top_inst/button_debounce_array[12].button_debounce_inst/counter_inst/count_middleware_reg[0]/C[47:0] is not pipelined. Pipelining DSP48 input will improve performance.
WARNING: [DRC DPIP-2] Input pipelining: DSP button_top_inst/button_debounce_array[12].button_debounce_inst/counter_inst/count_middleware_reg[1] input button_top_inst/button_debounce_array[12].button_debounce_inst/counter_inst/count_middleware_reg[1]/C[47:0] is not pipelined. Pipelining DSP48 input will improve performance.
WARNING: [DRC DPIP-2] Input pipelining: DSP button_top_inst/button_debounce_array[12].button_debounce_inst/counter_inst/count_middleware_reg[2] input button_top_inst/button_debounce_array[12].button_debounce_inst/counter_inst/count_middleware_reg[2]/C[47:0] is not pipelined. Pipelining DSP48 input will improve performance.
WARNING: [DRC DPIP-2] Input pipelining: DSP button_top_inst/button_debounce_array[12].button_debounce_inst/counter_inst/count_middleware_reg[3] input button_top_inst/button_debounce_array[12].button_debounce_inst/counter_inst/count_middleware_reg[3]/C[47:0] is not pipelined. Pipelining DSP48 input will improve performance.
WARNING: [DRC DPIP-2] Input pipelining: DSP button_top_inst/button_debounce_array[13].button_debounce_inst/counter_inst/count_middleware_reg[0] input button_top_inst/button_debounce_array[13].button_debounce_inst/counter_inst/count_middleware_reg[0]/C[47:0] is not pipelined. Pipelining DSP48 input will improve performance.
WARNING: [DRC DPIP-2] Input pipelining: DSP button_top_inst/button_debounce_array[13].button_debounce_inst/counter_inst/count_middleware_reg[1] input button_top_inst/button_debounce_array[13].button_debounce_inst/counter_inst/count_middleware_reg[1]/C[47:0] is not pipelined. Pipelining DSP48 input will improve performance.
WARNING: [DRC DPIP-2] Input pipelining: DSP button_top_inst/button_debounce_array[13].button_debounce_inst/counter_inst/count_middleware_reg[2] input button_top_inst/button_debounce_array[13].button_debounce_inst/counter_inst/count_middleware_reg[2]/C[47:0] is not pipelined. Pipelining DSP48 input will improve performance.
WARNING: [DRC DPIP-2] Input pipelining: DSP button_top_inst/button_debounce_array[13].button_debounce_inst/counter_inst/count_middleware_reg[3] input button_top_inst/button_debounce_array[13].button_debounce_inst/counter_inst/count_middleware_reg[3]/C[47:0] is not pipelined. Pipelining DSP48 input will improve performance.
WARNING: [DRC DPIP-2] Input pipelining: DSP button_top_inst/button_debounce_array[14].button_debounce_inst/counter_inst/count_middleware_reg[0] input button_top_inst/button_debounce_array[14].button_debounce_inst/counter_inst/count_middleware_reg[0]/C[47:0] is not pipelined. Pipelining DSP48 input will improve performance.
WARNING: [DRC DPIP-2] Input pipelining: DSP button_top_inst/button_debounce_array[14].button_debounce_inst/counter_inst/count_middleware_reg[1] input button_top_inst/button_debounce_array[14].button_debounce_inst/counter_inst/count_middleware_reg[1]/C[47:0] is not pipelined. Pipelining DSP48 input will improve performance.
WARNING: [DRC DPIP-2] Input pipelining: DSP button_top_inst/button_debounce_array[14].button_debounce_inst/counter_inst/count_middleware_reg[2] input button_top_inst/button_debounce_array[14].button_debounce_inst/counter_inst/count_middleware_reg[2]/C[47:0] is not pipelined. Pipelining DSP48 input will improve performance.
WARNING: [DRC DPIP-2] Input pipelining: DSP button_top_inst/button_debounce_array[14].button_debounce_inst/counter_inst/count_middleware_reg[3] input button_top_inst/button_debounce_array[14].button_debounce_inst/counter_inst/count_middleware_reg[3]/C[47:0] is not pipelined. Pipelining DSP48 input will improve performance.
WARNING: [DRC DPIP-2] Input pipelining: DSP button_top_inst/button_debounce_array[15].button_debounce_inst/counter_inst/count_middleware_reg[0] input button_top_inst/button_debounce_array[15].button_debounce_inst/counter_inst/count_middleware_reg[0]/C[47:0] is not pipelined. Pipelining DSP48 input will improve performance.
WARNING: [DRC DPIP-2] Input pipelining: DSP button_top_inst/button_debounce_array[15].button_debounce_inst/counter_inst/count_middleware_reg[1] input button_top_inst/button_debounce_array[15].button_debounce_inst/counter_inst/count_middleware_reg[1]/C[47:0] is not pipelined. Pipelining DSP48 input will improve performance.
WARNING: [DRC DPIP-2] Input pipelining: DSP button_top_inst/button_debounce_array[15].button_debounce_inst/counter_inst/count_middleware_reg[2] input button_top_inst/button_debounce_array[15].button_debounce_inst/counter_inst/count_middleware_reg[2]/C[47:0] is not pipelined. Pipelining DSP48 input will improve performance.
WARNING: [DRC DPIP-2] Input pipelining: DSP button_top_inst/button_debounce_array[15].button_debounce_inst/counter_inst/count_middleware_reg[3] input button_top_inst/button_debounce_array[15].button_debounce_inst/counter_inst/count_middleware_reg[3]/C[47:0] is not pipelined. Pipelining DSP48 input will improve performance.
WARNING: [DRC DPIP-2] Input pipelining: DSP button_top_inst/button_debounce_array[16].button_debounce_inst/counter_inst/count_middleware_reg[0] input button_top_inst/button_debounce_array[16].button_debounce_inst/counter_inst/count_middleware_reg[0]/C[47:0] is not pipelined. Pipelining DSP48 input will improve performance.
WARNING: [DRC DPIP-2] Input pipelining: DSP button_top_inst/button_debounce_array[16].button_debounce_inst/counter_inst/count_middleware_reg[1] input button_top_inst/button_debounce_array[16].button_debounce_inst/counter_inst/count_middleware_reg[1]/C[47:0] is not pipelined. Pipelining DSP48 input will improve performance.
WARNING: [DRC DPIP-2] Input pipelining: DSP button_top_inst/button_debounce_array[16].button_debounce_inst/counter_inst/count_middleware_reg[2] input button_top_inst/button_debounce_array[16].button_debounce_inst/counter_inst/count_middleware_reg[2]/C[47:0] is not pipelined. Pipelining DSP48 input will improve performance.
WARNING: [DRC DPIP-2] Input pipelining: DSP button_top_inst/button_debounce_array[16].button_debounce_inst/counter_inst/count_middleware_reg[3] input button_top_inst/button_debounce_array[16].button_debounce_inst/counter_inst/count_middleware_reg[3]/C[47:0] is not pipelined. Pipelining DSP48 input will improve performance.
WARNING: [DRC DPIP-2] Input pipelining: DSP button_top_inst/button_debounce_array[17].button_debounce_inst/counter_inst/count_middleware_reg[0] input button_top_inst/button_debounce_array[17].button_debounce_inst/counter_inst/count_middleware_reg[0]/C[47:0] is not pipelined. Pipelining DSP48 input will improve performance.
WARNING: [DRC DPIP-2] Input pipelining: DSP button_top_inst/button_debounce_array[17].button_debounce_inst/counter_inst/count_middleware_reg[1] input button_top_inst/button_debounce_array[17].button_debounce_inst/counter_inst/count_middleware_reg[1]/C[47:0] is not pipelined. Pipelining DSP48 input will improve performance.
WARNING: [DRC DPIP-2] Input pipelining: DSP button_top_inst/button_debounce_array[17].button_debounce_inst/counter_inst/count_middleware_reg[2] input button_top_inst/button_debounce_array[17].button_debounce_inst/counter_inst/count_middleware_reg[2]/C[47:0] is not pipelined. Pipelining DSP48 input will improve performance.
WARNING: [DRC DPIP-2] Input pipelining: DSP button_top_inst/button_debounce_array[17].button_debounce_inst/counter_inst/count_middleware_reg[3] input button_top_inst/button_debounce_array[17].button_debounce_inst/counter_inst/count_middleware_reg[3]/C[47:0] is not pipelined. Pipelining DSP48 input will improve performance.
WARNING: [DRC DPIP-2] Input pipelining: DSP button_top_inst/button_debounce_array[18].button_debounce_inst/counter_inst/count_middleware_reg[0] input button_top_inst/button_debounce_array[18].button_debounce_inst/counter_inst/count_middleware_reg[0]/C[47:0] is not pipelined. Pipelining DSP48 input will improve performance.
WARNING: [DRC DPIP-2] Input pipelining: DSP button_top_inst/button_debounce_array[18].button_debounce_inst/counter_inst/count_middleware_reg[1] input button_top_inst/button_debounce_array[18].button_debounce_inst/counter_inst/count_middleware_reg[1]/C[47:0] is not pipelined. Pipelining DSP48 input will improve performance.
WARNING: [DRC DPIP-2] Input pipelining: DSP button_top_inst/button_debounce_array[18].button_debounce_inst/counter_inst/count_middleware_reg[2] input button_top_inst/button_debounce_array[18].button_debounce_inst/counter_inst/count_middleware_reg[2]/C[47:0] is not pipelined. Pipelining DSP48 input will improve performance.
WARNING: [DRC DPIP-2] Input pipelining: DSP button_top_inst/button_debounce_array[18].button_debounce_inst/counter_inst/count_middleware_reg[3] input button_top_inst/button_debounce_array[18].button_debounce_inst/counter_inst/count_middleware_reg[3]/C[47:0] is not pipelined. Pipelining DSP48 input will improve performance.
WARNING: [DRC DPIP-2] Input pipelining: DSP button_top_inst/button_debounce_array[19].button_debounce_inst/counter_inst/count_middleware_reg[0] input button_top_inst/button_debounce_array[19].button_debounce_inst/counter_inst/count_middleware_reg[0]/C[47:0] is not pipelined. Pipelining DSP48 input will improve performance.
WARNING: [DRC DPIP-2] Input pipelining: DSP button_top_inst/button_debounce_array[19].button_debounce_inst/counter_inst/count_middleware_reg[1] input button_top_inst/button_debounce_array[19].button_debounce_inst/counter_inst/count_middleware_reg[1]/C[47:0] is not pipelined. Pipelining DSP48 input will improve performance.
WARNING: [DRC DPIP-2] Input pipelining: DSP button_top_inst/button_debounce_array[19].button_debounce_inst/counter_inst/count_middleware_reg[2] input button_top_inst/button_debounce_array[19].button_debounce_inst/counter_inst/count_middleware_reg[2]/C[47:0] is not pipelined. Pipelining DSP48 input will improve performance.
WARNING: [DRC DPIP-2] Input pipelining: DSP button_top_inst/button_debounce_array[19].button_debounce_inst/counter_inst/count_middleware_reg[3] input button_top_inst/button_debounce_array[19].button_debounce_inst/counter_inst/count_middleware_reg[3]/C[47:0] is not pipelined. Pipelining DSP48 input will improve performance.
WARNING: [DRC DPIP-2] Input pipelining: DSP button_top_inst/button_debounce_array[1].button_debounce_inst/counter_inst/count_middleware_reg[0] input button_top_inst/button_debounce_array[1].button_debounce_inst/counter_inst/count_middleware_reg[0]/C[47:0] is not pipelined. Pipelining DSP48 input will improve performance.
WARNING: [DRC DPIP-2] Input pipelining: DSP button_top_inst/button_debounce_array[1].button_debounce_inst/counter_inst/count_middleware_reg[1] input button_top_inst/button_debounce_array[1].button_debounce_inst/counter_inst/count_middleware_reg[1]/C[47:0] is not pipelined. Pipelining DSP48 input will improve performance.
WARNING: [DRC DPIP-2] Input pipelining: DSP button_top_inst/button_debounce_array[1].button_debounce_inst/counter_inst/count_middleware_reg[2] input button_top_inst/button_debounce_array[1].button_debounce_inst/counter_inst/count_middleware_reg[2]/C[47:0] is not pipelined. Pipelining DSP48 input will improve performance.
WARNING: [DRC DPIP-2] Input pipelining: DSP button_top_inst/button_debounce_array[1].button_debounce_inst/counter_inst/count_middleware_reg[3] input button_top_inst/button_debounce_array[1].button_debounce_inst/counter_inst/count_middleware_reg[3]/C[47:0] is not pipelined. Pipelining DSP48 input will improve performance.
WARNING: [DRC DPIP-2] Input pipelining: DSP button_top_inst/button_debounce_array[20].button_debounce_inst/counter_inst/count_middleware_reg[0] input button_top_inst/button_debounce_array[20].button_debounce_inst/counter_inst/count_middleware_reg[0]/C[47:0] is not pipelined. Pipelining DSP48 input will improve performance.
WARNING: [DRC DPIP-2] Input pipelining: DSP button_top_inst/button_debounce_array[20].button_debounce_inst/counter_inst/count_middleware_reg[1] input button_top_inst/button_debounce_array[20].button_debounce_inst/counter_inst/count_middleware_reg[1]/C[47:0] is not pipelined. Pipelining DSP48 input will improve performance.
WARNING: [DRC DPIP-2] Input pipelining: DSP button_top_inst/button_debounce_array[20].button_debounce_inst/counter_inst/count_middleware_reg[2] input button_top_inst/button_debounce_array[20].button_debounce_inst/counter_inst/count_middleware_reg[2]/C[47:0] is not pipelined. Pipelining DSP48 input will improve performance.
WARNING: [DRC DPIP-2] Input pipelining: DSP button_top_inst/button_debounce_array[20].button_debounce_inst/counter_inst/count_middleware_reg[3] input button_top_inst/button_debounce_array[20].button_debounce_inst/counter_inst/count_middleware_reg[3]/C[47:0] is not pipelined. Pipelining DSP48 input will improve performance.
WARNING: [DRC DPIP-2] Input pipelining: DSP button_top_inst/button_debounce_array[21].button_debounce_inst/counter_inst/count_middleware_reg[0] input button_top_inst/button_debounce_array[21].button_debounce_inst/counter_inst/count_middleware_reg[0]/C[47:0] is not pipelined. Pipelining DSP48 input will improve performance.
WARNING: [DRC DPIP-2] Input pipelining: DSP button_top_inst/button_debounce_array[21].button_debounce_inst/counter_inst/count_middleware_reg[1] input button_top_inst/button_debounce_array[21].button_debounce_inst/counter_inst/count_middleware_reg[1]/C[47:0] is not pipelined. Pipelining DSP48 input will improve performance.
WARNING: [DRC DPIP-2] Input pipelining: DSP button_top_inst/button_debounce_array[21].button_debounce_inst/counter_inst/count_middleware_reg[2] input button_top_inst/button_debounce_array[21].button_debounce_inst/counter_inst/count_middleware_reg[2]/C[47:0] is not pipelined. Pipelining DSP48 input will improve performance.
WARNING: [DRC DPIP-2] Input pipelining: DSP button_top_inst/button_debounce_array[21].button_debounce_inst/counter_inst/count_middleware_reg[3] input button_top_inst/button_debounce_array[21].button_debounce_inst/counter_inst/count_middleware_reg[3]/C[47:0] is not pipelined. Pipelining DSP48 input will improve performance.
WARNING: [DRC DPIP-2] Input pipelining: DSP button_top_inst/button_debounce_array[22].button_debounce_inst/counter_inst/count_middleware_reg[0] input button_top_inst/button_debounce_array[22].button_debounce_inst/counter_inst/count_middleware_reg[0]/C[47:0] is not pipelined. Pipelining DSP48 input will improve performance.
WARNING: [DRC DPIP-2] Input pipelining: DSP button_top_inst/button_debounce_array[22].button_debounce_inst/counter_inst/count_middleware_reg[1] input button_top_inst/button_debounce_array[22].button_debounce_inst/counter_inst/count_middleware_reg[1]/C[47:0] is not pipelined. Pipelining DSP48 input will improve performance.
WARNING: [DRC DPIP-2] Input pipelining: DSP button_top_inst/button_debounce_array[22].button_debounce_inst/counter_inst/count_middleware_reg[2] input button_top_inst/button_debounce_array[22].button_debounce_inst/counter_inst/count_middleware_reg[2]/C[47:0] is not pipelined. Pipelining DSP48 input will improve performance.
WARNING: [DRC DPIP-2] Input pipelining: DSP button_top_inst/button_debounce_array[22].button_debounce_inst/counter_inst/count_middleware_reg[3] input button_top_inst/button_debounce_array[22].button_debounce_inst/counter_inst/count_middleware_reg[3]/C[47:0] is not pipelined. Pipelining DSP48 input will improve performance.
WARNING: [DRC DPIP-2] Input pipelining: DSP button_top_inst/button_debounce_array[23].button_debounce_inst/counter_inst/count_middleware_reg[0] input button_top_inst/button_debounce_array[23].button_debounce_inst/counter_inst/count_middleware_reg[0]/C[47:0] is not pipelined. Pipelining DSP48 input will improve performance.
WARNING: [DRC DPIP-2] Input pipelining: DSP button_top_inst/button_debounce_array[23].button_debounce_inst/counter_inst/count_middleware_reg[1] input button_top_inst/button_debounce_array[23].button_debounce_inst/counter_inst/count_middleware_reg[1]/C[47:0] is not pipelined. Pipelining DSP48 input will improve performance.
WARNING: [DRC DPIP-2] Input pipelining: DSP button_top_inst/button_debounce_array[23].button_debounce_inst/counter_inst/count_middleware_reg[2] input button_top_inst/button_debounce_array[23].button_debounce_inst/counter_inst/count_middleware_reg[2]/C[47:0] is not pipelined. Pipelining DSP48 input will improve performance.
WARNING: [DRC DPIP-2] Input pipelining: DSP button_top_inst/button_debounce_array[23].button_debounce_inst/counter_inst/count_middleware_reg[3] input button_top_inst/button_debounce_array[23].button_debounce_inst/counter_inst/count_middleware_reg[3]/C[47:0] is not pipelined. Pipelining DSP48 input will improve performance.
WARNING: [DRC DPIP-2] Input pipelining: DSP button_top_inst/button_debounce_array[24].button_debounce_inst/counter_inst/count_middleware_reg[0] input button_top_inst/button_debounce_array[24].button_debounce_inst/counter_inst/count_middleware_reg[0]/C[47:0] is not pipelined. Pipelining DSP48 input will improve performance.
WARNING: [DRC DPIP-2] Input pipelining: DSP button_top_inst/button_debounce_array[24].button_debounce_inst/counter_inst/count_middleware_reg[1] input button_top_inst/button_debounce_array[24].button_debounce_inst/counter_inst/count_middleware_reg[1]/C[47:0] is not pipelined. Pipelining DSP48 input will improve performance.
WARNING: [DRC DPIP-2] Input pipelining: DSP button_top_inst/button_debounce_array[24].button_debounce_inst/counter_inst/count_middleware_reg[2] input button_top_inst/button_debounce_array[24].button_debounce_inst/counter_inst/count_middleware_reg[2]/C[47:0] is not pipelined. Pipelining DSP48 input will improve performance.
WARNING: [DRC DPIP-2] Input pipelining: DSP button_top_inst/button_debounce_array[24].button_debounce_inst/counter_inst/count_middleware_reg[3] input button_top_inst/button_debounce_array[24].button_debounce_inst/counter_inst/count_middleware_reg[3]/C[47:0] is not pipelined. Pipelining DSP48 input will improve performance.
WARNING: [DRC DPIP-2] Input pipelining: DSP button_top_inst/button_debounce_array[25].button_debounce_inst/counter_inst/count_middleware_reg[0] input button_top_inst/button_debounce_array[25].button_debounce_inst/counter_inst/count_middleware_reg[0]/C[47:0] is not pipelined. Pipelining DSP48 input will improve performance.
WARNING: [DRC DPIP-2] Input pipelining: DSP button_top_inst/button_debounce_array[25].button_debounce_inst/counter_inst/count_middleware_reg[1] input button_top_inst/button_debounce_array[25].button_debounce_inst/counter_inst/count_middleware_reg[1]/C[47:0] is not pipelined. Pipelining DSP48 input will improve performance.
WARNING: [DRC DPIP-2] Input pipelining: DSP button_top_inst/button_debounce_array[25].button_debounce_inst/counter_inst/count_middleware_reg[2] input button_top_inst/button_debounce_array[25].button_debounce_inst/counter_inst/count_middleware_reg[2]/C[47:0] is not pipelined. Pipelining DSP48 input will improve performance.
WARNING: [DRC DPIP-2] Input pipelining: DSP button_top_inst/button_debounce_array[25].button_debounce_inst/counter_inst/count_middleware_reg[3] input button_top_inst/button_debounce_array[25].button_debounce_inst/counter_inst/count_middleware_reg[3]/C[47:0] is not pipelined. Pipelining DSP48 input will improve performance.
WARNING: [DRC DPIP-2] Input pipelining: DSP button_top_inst/button_debounce_array[2].button_debounce_inst/counter_inst/count_middleware_reg[0] input button_top_inst/button_debounce_array[2].button_debounce_inst/counter_inst/count_middleware_reg[0]/C[47:0] is not pipelined. Pipelining DSP48 input will improve performance.
WARNING: [DRC DPIP-2] Input pipelining: DSP button_top_inst/button_debounce_array[2].button_debounce_inst/counter_inst/count_middleware_reg[1] input button_top_inst/button_debounce_array[2].button_debounce_inst/counter_inst/count_middleware_reg[1]/C[47:0] is not pipelined. Pipelining DSP48 input will improve performance.
WARNING: [DRC DPIP-2] Input pipelining: DSP button_top_inst/button_debounce_array[2].button_debounce_inst/counter_inst/count_middleware_reg[2] input button_top_inst/button_debounce_array[2].button_debounce_inst/counter_inst/count_middleware_reg[2]/C[47:0] is not pipelined. Pipelining DSP48 input will improve performance.
WARNING: [DRC DPIP-2] Input pipelining: DSP button_top_inst/button_debounce_array[2].button_debounce_inst/counter_inst/count_middleware_reg[3] input button_top_inst/button_debounce_array[2].button_debounce_inst/counter_inst/count_middleware_reg[3]/C[47:0] is not pipelined. Pipelining DSP48 input will improve performance.
WARNING: [DRC DPIP-2] Input pipelining: DSP button_top_inst/button_debounce_array[3].button_debounce_inst/counter_inst/count_middleware_reg[0] input button_top_inst/button_debounce_array[3].button_debounce_inst/counter_inst/count_middleware_reg[0]/C[47:0] is not pipelined. Pipelining DSP48 input will improve performance.
WARNING: [DRC DPIP-2] Input pipelining: DSP button_top_inst/button_debounce_array[3].button_debounce_inst/counter_inst/count_middleware_reg[1] input button_top_inst/button_debounce_array[3].button_debounce_inst/counter_inst/count_middleware_reg[1]/C[47:0] is not pipelined. Pipelining DSP48 input will improve performance.
WARNING: [DRC DPIP-2] Input pipelining: DSP button_top_inst/button_debounce_array[3].button_debounce_inst/counter_inst/count_middleware_reg[2] input button_top_inst/button_debounce_array[3].button_debounce_inst/counter_inst/count_middleware_reg[2]/C[47:0] is not pipelined. Pipelining DSP48 input will improve performance.
WARNING: [DRC DPIP-2] Input pipelining: DSP button_top_inst/button_debounce_array[3].button_debounce_inst/counter_inst/count_middleware_reg[3] input button_top_inst/button_debounce_array[3].button_debounce_inst/counter_inst/count_middleware_reg[3]/C[47:0] is not pipelined. Pipelining DSP48 input will improve performance.
WARNING: [DRC DPIP-2] Input pipelining: DSP button_top_inst/button_debounce_array[4].button_debounce_inst/counter_inst/count_middleware_reg[0] input button_top_inst/button_debounce_array[4].button_debounce_inst/counter_inst/count_middleware_reg[0]/C[47:0] is not pipelined. Pipelining DSP48 input will improve performance.
WARNING: [DRC DPIP-2] Input pipelining: DSP button_top_inst/button_debounce_array[4].button_debounce_inst/counter_inst/count_middleware_reg[1] input button_top_inst/button_debounce_array[4].button_debounce_inst/counter_inst/count_middleware_reg[1]/C[47:0] is not pipelined. Pipelining DSP48 input will improve performance.
WARNING: [DRC DPIP-2] Input pipelining: DSP button_top_inst/button_debounce_array[4].button_debounce_inst/counter_inst/count_middleware_reg[2] input button_top_inst/button_debounce_array[4].button_debounce_inst/counter_inst/count_middleware_reg[2]/C[47:0] is not pipelined. Pipelining DSP48 input will improve performance.
WARNING: [DRC DPIP-2] Input pipelining: DSP button_top_inst/button_debounce_array[4].button_debounce_inst/counter_inst/count_middleware_reg[3] input button_top_inst/button_debounce_array[4].button_debounce_inst/counter_inst/count_middleware_reg[3]/C[47:0] is not pipelined. Pipelining DSP48 input will improve performance.
WARNING: [DRC DPIP-2] Input pipelining: DSP button_top_inst/button_debounce_array[5].button_debounce_inst/counter_inst/count_middleware_reg[0] input button_top_inst/button_debounce_array[5].button_debounce_inst/counter_inst/count_middleware_reg[0]/C[47:0] is not pipelined. Pipelining DSP48 input will improve performance.
WARNING: [DRC DPIP-2] Input pipelining: DSP button_top_inst/button_debounce_array[5].button_debounce_inst/counter_inst/count_middleware_reg[1] input button_top_inst/button_debounce_array[5].button_debounce_inst/counter_inst/count_middleware_reg[1]/C[47:0] is not pipelined. Pipelining DSP48 input will improve performance.
WARNING: [DRC DPIP-2] Input pipelining: DSP button_top_inst/button_debounce_array[5].button_debounce_inst/counter_inst/count_middleware_reg[2] input button_top_inst/button_debounce_array[5].button_debounce_inst/counter_inst/count_middleware_reg[2]/C[47:0] is not pipelined. Pipelining DSP48 input will improve performance.
WARNING: [DRC DPIP-2] Input pipelining: DSP button_top_inst/button_debounce_array[5].button_debounce_inst/counter_inst/count_middleware_reg[3] input button_top_inst/button_debounce_array[5].button_debounce_inst/counter_inst/count_middleware_reg[3]/C[47:0] is not pipelined. Pipelining DSP48 input will improve performance.
WARNING: [DRC DPIP-2] Input pipelining: DSP button_top_inst/button_debounce_array[6].button_debounce_inst/counter_inst/count_middleware_reg[0] input button_top_inst/button_debounce_array[6].button_debounce_inst/counter_inst/count_middleware_reg[0]/C[47:0] is not pipelined. Pipelining DSP48 input will improve performance.
WARNING: [DRC DPIP-2] Input pipelining: DSP button_top_inst/button_debounce_array[6].button_debounce_inst/counter_inst/count_middleware_reg[1] input button_top_inst/button_debounce_array[6].button_debounce_inst/counter_inst/count_middleware_reg[1]/C[47:0] is not pipelined. Pipelining DSP48 input will improve performance.
WARNING: [DRC DPIP-2] Input pipelining: DSP button_top_inst/button_debounce_array[6].button_debounce_inst/counter_inst/count_middleware_reg[2] input button_top_inst/button_debounce_array[6].button_debounce_inst/counter_inst/count_middleware_reg[2]/C[47:0] is not pipelined. Pipelining DSP48 input will improve performance.
WARNING: [DRC DPIP-2] Input pipelining: DSP button_top_inst/button_debounce_array[6].button_debounce_inst/counter_inst/count_middleware_reg[3] input button_top_inst/button_debounce_array[6].button_debounce_inst/counter_inst/count_middleware_reg[3]/C[47:0] is not pipelined. Pipelining DSP48 input will improve performance.
WARNING: [DRC DPIP-2] Input pipelining: DSP button_top_inst/button_debounce_array[7].button_debounce_inst/counter_inst/count_middleware_reg[0] input button_top_inst/button_debounce_array[7].button_debounce_inst/counter_inst/count_middleware_reg[0]/C[47:0] is not pipelined. Pipelining DSP48 input will improve performance.
WARNING: [DRC DPIP-2] Input pipelining: DSP button_top_inst/button_debounce_array[7].button_debounce_inst/counter_inst/count_middleware_reg[1] input button_top_inst/button_debounce_array[7].button_debounce_inst/counter_inst/count_middleware_reg[1]/C[47:0] is not pipelined. Pipelining DSP48 input will improve performance.
WARNING: [DRC DPIP-2] Input pipelining: DSP button_top_inst/button_debounce_array[7].button_debounce_inst/counter_inst/count_middleware_reg[2] input button_top_inst/button_debounce_array[7].button_debounce_inst/counter_inst/count_middleware_reg[2]/C[47:0] is not pipelined. Pipelining DSP48 input will improve performance.
WARNING: [DRC DPIP-2] Input pipelining: DSP button_top_inst/button_debounce_array[7].button_debounce_inst/counter_inst/count_middleware_reg[3] input button_top_inst/button_debounce_array[7].button_debounce_inst/counter_inst/count_middleware_reg[3]/C[47:0] is not pipelined. Pipelining DSP48 input will improve performance.
WARNING: [DRC DPIP-2] Input pipelining: DSP button_top_inst/button_debounce_array[8].button_debounce_inst/counter_inst/count_middleware_reg[0] input button_top_inst/button_debounce_array[8].button_debounce_inst/counter_inst/count_middleware_reg[0]/C[47:0] is not pipelined. Pipelining DSP48 input will improve performance.
WARNING: [DRC DPIP-2] Input pipelining: DSP button_top_inst/button_debounce_array[8].button_debounce_inst/counter_inst/count_middleware_reg[1] input button_top_inst/button_debounce_array[8].button_debounce_inst/counter_inst/count_middleware_reg[1]/C[47:0] is not pipelined. Pipelining DSP48 input will improve performance.
WARNING: [DRC DPIP-2] Input pipelining: DSP button_top_inst/button_debounce_array[8].button_debounce_inst/counter_inst/count_middleware_reg[2] input button_top_inst/button_debounce_array[8].button_debounce_inst/counter_inst/count_middleware_reg[2]/C[47:0] is not pipelined. Pipelining DSP48 input will improve performance.
WARNING: [DRC DPIP-2] Input pipelining: DSP button_top_inst/button_debounce_array[8].button_debounce_inst/counter_inst/count_middleware_reg[3] input button_top_inst/button_debounce_array[8].button_debounce_inst/counter_inst/count_middleware_reg[3]/C[47:0] is not pipelined. Pipelining DSP48 input will improve performance.
INFO: [Common 17-14] Message 'DRC DPIP-2' appears 100 times and further instances of the messages will be disabled. Use the Tcl command set_msg_config to change the current settings.
WARNING: [DRC DPOP-3] PREG Output pipelining: DSP button_top_inst/button_debounce_array[0].button_debounce_inst/counter_inst/ output button_top_inst/button_debounce_array[0].button_debounce_inst/counter_inst//P[47:0] is not pipelined (PREG=0). Pipelining the DSP48 output will improve performance and often saves power so it is suggested whenever possible to fully pipeline this function.  If this DSP48 function was inferred, it is suggested to describe an additional register stage after this function.  If the DSP48 was instantiated in the design, it is suggested to set the PREG attribute to 1.
WARNING: [DRC DPOP-3] PREG Output pipelining: DSP button_top_inst/button_debounce_array[0].button_debounce_inst/counter_inst/__0 output button_top_inst/button_debounce_array[0].button_debounce_inst/counter_inst/__0/P[47:0] is not pipelined (PREG=0). Pipelining the DSP48 output will improve performance and often saves power so it is suggested whenever possible to fully pipeline this function.  If this DSP48 function was inferred, it is suggested to describe an additional register stage after this function.  If the DSP48 was instantiated in the design, it is suggested to set the PREG attribute to 1.
WARNING: [DRC DPOP-3] PREG Output pipelining: DSP button_top_inst/button_debounce_array[0].button_debounce_inst/counter_inst/__1 output button_top_inst/button_debounce_array[0].button_debounce_inst/counter_inst/__1/P[47:0] is not pipelined (PREG=0). Pipelining the DSP48 output will improve performance and often saves power so it is suggested whenever possible to fully pipeline this function.  If this DSP48 function was inferred, it is suggested to describe an additional register stage after this function.  If the DSP48 was instantiated in the design, it is suggested to set the PREG attribute to 1.
WARNING: [DRC DPOP-3] PREG Output pipelining: DSP button_top_inst/button_debounce_array[0].button_debounce_inst/counter_inst/__2 output button_top_inst/button_debounce_array[0].button_debounce_inst/counter_inst/__2/P[47:0] is not pipelined (PREG=0). Pipelining the DSP48 output will improve performance and often saves power so it is suggested whenever possible to fully pipeline this function.  If this DSP48 function was inferred, it is suggested to describe an additional register stage after this function.  If the DSP48 was instantiated in the design, it is suggested to set the PREG attribute to 1.
WARNING: [DRC DPOP-3] PREG Output pipelining: DSP button_top_inst/button_debounce_array[10].button_debounce_inst/counter_inst/ output button_top_inst/button_debounce_array[10].button_debounce_inst/counter_inst//P[47:0] is not pipelined (PREG=0). Pipelining the DSP48 output will improve performance and often saves power so it is suggested whenever possible to fully pipeline this function.  If this DSP48 function was inferred, it is suggested to describe an additional register stage after this function.  If the DSP48 was instantiated in the design, it is suggested to set the PREG attribute to 1.
WARNING: [DRC DPOP-3] PREG Output pipelining: DSP button_top_inst/button_debounce_array[10].button_debounce_inst/counter_inst/__0 output button_top_inst/button_debounce_array[10].button_debounce_inst/counter_inst/__0/P[47:0] is not pipelined (PREG=0). Pipelining the DSP48 output will improve performance and often saves power so it is suggested whenever possible to fully pipeline this function.  If this DSP48 function was inferred, it is suggested to describe an additional register stage after this function.  If the DSP48 was instantiated in the design, it is suggested to set the PREG attribute to 1.
WARNING: [DRC DPOP-3] PREG Output pipelining: DSP button_top_inst/button_debounce_array[10].button_debounce_inst/counter_inst/__1 output button_top_inst/button_debounce_array[10].button_debounce_inst/counter_inst/__1/P[47:0] is not pipelined (PREG=0). Pipelining the DSP48 output will improve performance and often saves power so it is suggested whenever possible to fully pipeline this function.  If this DSP48 function was inferred, it is suggested to describe an additional register stage after this function.  If the DSP48 was instantiated in the design, it is suggested to set the PREG attribute to 1.
WARNING: [DRC DPOP-3] PREG Output pipelining: DSP button_top_inst/button_debounce_array[10].button_debounce_inst/counter_inst/__2 output button_top_inst/button_debounce_array[10].button_debounce_inst/counter_inst/__2/P[47:0] is not pipelined (PREG=0). Pipelining the DSP48 output will improve performance and often saves power so it is suggested whenever possible to fully pipeline this function.  If this DSP48 function was inferred, it is suggested to describe an additional register stage after this function.  If the DSP48 was instantiated in the design, it is suggested to set the PREG attribute to 1.
WARNING: [DRC DPOP-3] PREG Output pipelining: DSP button_top_inst/button_debounce_array[11].button_debounce_inst/counter_inst/ output button_top_inst/button_debounce_array[11].button_debounce_inst/counter_inst//P[47:0] is not pipelined (PREG=0). Pipelining the DSP48 output will improve performance and often saves power so it is suggested whenever possible to fully pipeline this function.  If this DSP48 function was inferred, it is suggested to describe an additional register stage after this function.  If the DSP48 was instantiated in the design, it is suggested to set the PREG attribute to 1.
WARNING: [DRC DPOP-3] PREG Output pipelining: DSP button_top_inst/button_debounce_array[11].button_debounce_inst/counter_inst/__0 output button_top_inst/button_debounce_array[11].button_debounce_inst/counter_inst/__0/P[47:0] is not pipelined (PREG=0). Pipelining the DSP48 output will improve performance and often saves power so it is suggested whenever possible to fully pipeline this function.  If this DSP48 function was inferred, it is suggested to describe an additional register stage after this function.  If the DSP48 was instantiated in the design, it is suggested to set the PREG attribute to 1.
WARNING: [DRC DPOP-3] PREG Output pipelining: DSP button_top_inst/button_debounce_array[11].button_debounce_inst/counter_inst/__1 output button_top_inst/button_debounce_array[11].button_debounce_inst/counter_inst/__1/P[47:0] is not pipelined (PREG=0). Pipelining the DSP48 output will improve performance and often saves power so it is suggested whenever possible to fully pipeline this function.  If this DSP48 function was inferred, it is suggested to describe an additional register stage after this function.  If the DSP48 was instantiated in the design, it is suggested to set the PREG attribute to 1.
WARNING: [DRC DPOP-3] PREG Output pipelining: DSP button_top_inst/button_debounce_array[11].button_debounce_inst/counter_inst/__2 output button_top_inst/button_debounce_array[11].button_debounce_inst/counter_inst/__2/P[47:0] is not pipelined (PREG=0). Pipelining the DSP48 output will improve performance and often saves power so it is suggested whenever possible to fully pipeline this function.  If this DSP48 function was inferred, it is suggested to describe an additional register stage after this function.  If the DSP48 was instantiated in the design, it is suggested to set the PREG attribute to 1.
WARNING: [DRC DPOP-3] PREG Output pipelining: DSP button_top_inst/button_debounce_array[12].button_debounce_inst/counter_inst/ output button_top_inst/button_debounce_array[12].button_debounce_inst/counter_inst//P[47:0] is not pipelined (PREG=0). Pipelining the DSP48 output will improve performance and often saves power so it is suggested whenever possible to fully pipeline this function.  If this DSP48 function was inferred, it is suggested to describe an additional register stage after this function.  If the DSP48 was instantiated in the design, it is suggested to set the PREG attribute to 1.
WARNING: [DRC DPOP-3] PREG Output pipelining: DSP button_top_inst/button_debounce_array[12].button_debounce_inst/counter_inst/__0 output button_top_inst/button_debounce_array[12].button_debounce_inst/counter_inst/__0/P[47:0] is not pipelined (PREG=0). Pipelining the DSP48 output will improve performance and often saves power so it is suggested whenever possible to fully pipeline this function.  If this DSP48 function was inferred, it is suggested to describe an additional register stage after this function.  If the DSP48 was instantiated in the design, it is suggested to set the PREG attribute to 1.
WARNING: [DRC DPOP-3] PREG Output pipelining: DSP button_top_inst/button_debounce_array[12].button_debounce_inst/counter_inst/__1 output button_top_inst/button_debounce_array[12].button_debounce_inst/counter_inst/__1/P[47:0] is not pipelined (PREG=0). Pipelining the DSP48 output will improve performance and often saves power so it is suggested whenever possible to fully pipeline this function.  If this DSP48 function was inferred, it is suggested to describe an additional register stage after this function.  If the DSP48 was instantiated in the design, it is suggested to set the PREG attribute to 1.
WARNING: [DRC DPOP-3] PREG Output pipelining: DSP button_top_inst/button_debounce_array[12].button_debounce_inst/counter_inst/__2 output button_top_inst/button_debounce_array[12].button_debounce_inst/counter_inst/__2/P[47:0] is not pipelined (PREG=0). Pipelining the DSP48 output will improve performance and often saves power so it is suggested whenever possible to fully pipeline this function.  If this DSP48 function was inferred, it is suggested to describe an additional register stage after this function.  If the DSP48 was instantiated in the design, it is suggested to set the PREG attribute to 1.
WARNING: [DRC DPOP-3] PREG Output pipelining: DSP button_top_inst/button_debounce_array[13].button_debounce_inst/counter_inst/ output button_top_inst/button_debounce_array[13].button_debounce_inst/counter_inst//P[47:0] is not pipelined (PREG=0). Pipelining the DSP48 output will improve performance and often saves power so it is suggested whenever possible to fully pipeline this function.  If this DSP48 function was inferred, it is suggested to describe an additional register stage after this function.  If the DSP48 was instantiated in the design, it is suggested to set the PREG attribute to 1.
WARNING: [DRC DPOP-3] PREG Output pipelining: DSP button_top_inst/button_debounce_array[13].button_debounce_inst/counter_inst/__0 output button_top_inst/button_debounce_array[13].button_debounce_inst/counter_inst/__0/P[47:0] is not pipelined (PREG=0). Pipelining the DSP48 output will improve performance and often saves power so it is suggested whenever possible to fully pipeline this function.  If this DSP48 function was inferred, it is suggested to describe an additional register stage after this function.  If the DSP48 was instantiated in the design, it is suggested to set the PREG attribute to 1.
WARNING: [DRC DPOP-3] PREG Output pipelining: DSP button_top_inst/button_debounce_array[13].button_debounce_inst/counter_inst/__1 output button_top_inst/button_debounce_array[13].button_debounce_inst/counter_inst/__1/P[47:0] is not pipelined (PREG=0). Pipelining the DSP48 output will improve performance and often saves power so it is suggested whenever possible to fully pipeline this function.  If this DSP48 function was inferred, it is suggested to describe an additional register stage after this function.  If the DSP48 was instantiated in the design, it is suggested to set the PREG attribute to 1.
WARNING: [DRC DPOP-3] PREG Output pipelining: DSP button_top_inst/button_debounce_array[13].button_debounce_inst/counter_inst/__2 output button_top_inst/button_debounce_array[13].button_debounce_inst/counter_inst/__2/P[47:0] is not pipelined (PREG=0). Pipelining the DSP48 output will improve performance and often saves power so it is suggested whenever possible to fully pipeline this function.  If this DSP48 function was inferred, it is suggested to describe an additional register stage after this function.  If the DSP48 was instantiated in the design, it is suggested to set the PREG attribute to 1.
WARNING: [DRC DPOP-3] PREG Output pipelining: DSP button_top_inst/button_debounce_array[14].button_debounce_inst/counter_inst/ output button_top_inst/button_debounce_array[14].button_debounce_inst/counter_inst//P[47:0] is not pipelined (PREG=0). Pipelining the DSP48 output will improve performance and often saves power so it is suggested whenever possible to fully pipeline this function.  If this DSP48 function was inferred, it is suggested to describe an additional register stage after this function.  If the DSP48 was instantiated in the design, it is suggested to set the PREG attribute to 1.
WARNING: [DRC DPOP-3] PREG Output pipelining: DSP button_top_inst/button_debounce_array[14].button_debounce_inst/counter_inst/__0 output button_top_inst/button_debounce_array[14].button_debounce_inst/counter_inst/__0/P[47:0] is not pipelined (PREG=0). Pipelining the DSP48 output will improve performance and often saves power so it is suggested whenever possible to fully pipeline this function.  If this DSP48 function was inferred, it is suggested to describe an additional register stage after this function.  If the DSP48 was instantiated in the design, it is suggested to set the PREG attribute to 1.
WARNING: [DRC DPOP-3] PREG Output pipelining: DSP button_top_inst/button_debounce_array[14].button_debounce_inst/counter_inst/__1 output button_top_inst/button_debounce_array[14].button_debounce_inst/counter_inst/__1/P[47:0] is not pipelined (PREG=0). Pipelining the DSP48 output will improve performance and often saves power so it is suggested whenever possible to fully pipeline this function.  If this DSP48 function was inferred, it is suggested to describe an additional register stage after this function.  If the DSP48 was instantiated in the design, it is suggested to set the PREG attribute to 1.
WARNING: [DRC DPOP-3] PREG Output pipelining: DSP button_top_inst/button_debounce_array[14].button_debounce_inst/counter_inst/__2 output button_top_inst/button_debounce_array[14].button_debounce_inst/counter_inst/__2/P[47:0] is not pipelined (PREG=0). Pipelining the DSP48 output will improve performance and often saves power so it is suggested whenever possible to fully pipeline this function.  If this DSP48 function was inferred, it is suggested to describe an additional register stage after this function.  If the DSP48 was instantiated in the design, it is suggested to set the PREG attribute to 1.
WARNING: [DRC DPOP-3] PREG Output pipelining: DSP button_top_inst/button_debounce_array[15].button_debounce_inst/counter_inst/ output button_top_inst/button_debounce_array[15].button_debounce_inst/counter_inst//P[47:0] is not pipelined (PREG=0). Pipelining the DSP48 output will improve performance and often saves power so it is suggested whenever possible to fully pipeline this function.  If this DSP48 function was inferred, it is suggested to describe an additional register stage after this function.  If the DSP48 was instantiated in the design, it is suggested to set the PREG attribute to 1.
WARNING: [DRC DPOP-3] PREG Output pipelining: DSP button_top_inst/button_debounce_array[15].button_debounce_inst/counter_inst/__0 output button_top_inst/button_debounce_array[15].button_debounce_inst/counter_inst/__0/P[47:0] is not pipelined (PREG=0). Pipelining the DSP48 output will improve performance and often saves power so it is suggested whenever possible to fully pipeline this function.  If this DSP48 function was inferred, it is suggested to describe an additional register stage after this function.  If the DSP48 was instantiated in the design, it is suggested to set the PREG attribute to 1.
WARNING: [DRC DPOP-3] PREG Output pipelining: DSP button_top_inst/button_debounce_array[15].button_debounce_inst/counter_inst/__1 output button_top_inst/button_debounce_array[15].button_debounce_inst/counter_inst/__1/P[47:0] is not pipelined (PREG=0). Pipelining the DSP48 output will improve performance and often saves power so it is suggested whenever possible to fully pipeline this function.  If this DSP48 function was inferred, it is suggested to describe an additional register stage after this function.  If the DSP48 was instantiated in the design, it is suggested to set the PREG attribute to 1.
WARNING: [DRC DPOP-3] PREG Output pipelining: DSP button_top_inst/button_debounce_array[15].button_debounce_inst/counter_inst/__2 output button_top_inst/button_debounce_array[15].button_debounce_inst/counter_inst/__2/P[47:0] is not pipelined (PREG=0). Pipelining the DSP48 output will improve performance and often saves power so it is suggested whenever possible to fully pipeline this function.  If this DSP48 function was inferred, it is suggested to describe an additional register stage after this function.  If the DSP48 was instantiated in the design, it is suggested to set the PREG attribute to 1.
WARNING: [DRC DPOP-3] PREG Output pipelining: DSP button_top_inst/button_debounce_array[16].button_debounce_inst/counter_inst/ output button_top_inst/button_debounce_array[16].button_debounce_inst/counter_inst//P[47:0] is not pipelined (PREG=0). Pipelining the DSP48 output will improve performance and often saves power so it is suggested whenever possible to fully pipeline this function.  If this DSP48 function was inferred, it is suggested to describe an additional register stage after this function.  If the DSP48 was instantiated in the design, it is suggested to set the PREG attribute to 1.
WARNING: [DRC DPOP-3] PREG Output pipelining: DSP button_top_inst/button_debounce_array[16].button_debounce_inst/counter_inst/__0 output button_top_inst/button_debounce_array[16].button_debounce_inst/counter_inst/__0/P[47:0] is not pipelined (PREG=0). Pipelining the DSP48 output will improve performance and often saves power so it is suggested whenever possible to fully pipeline this function.  If this DSP48 function was inferred, it is suggested to describe an additional register stage after this function.  If the DSP48 was instantiated in the design, it is suggested to set the PREG attribute to 1.
WARNING: [DRC DPOP-3] PREG Output pipelining: DSP button_top_inst/button_debounce_array[16].button_debounce_inst/counter_inst/__1 output button_top_inst/button_debounce_array[16].button_debounce_inst/counter_inst/__1/P[47:0] is not pipelined (PREG=0). Pipelining the DSP48 output will improve performance and often saves power so it is suggested whenever possible to fully pipeline this function.  If this DSP48 function was inferred, it is suggested to describe an additional register stage after this function.  If the DSP48 was instantiated in the design, it is suggested to set the PREG attribute to 1.
WARNING: [DRC DPOP-3] PREG Output pipelining: DSP button_top_inst/button_debounce_array[16].button_debounce_inst/counter_inst/__2 output button_top_inst/button_debounce_array[16].button_debounce_inst/counter_inst/__2/P[47:0] is not pipelined (PREG=0). Pipelining the DSP48 output will improve performance and often saves power so it is suggested whenever possible to fully pipeline this function.  If this DSP48 function was inferred, it is suggested to describe an additional register stage after this function.  If the DSP48 was instantiated in the design, it is suggested to set the PREG attribute to 1.
WARNING: [DRC DPOP-3] PREG Output pipelining: DSP button_top_inst/button_debounce_array[17].button_debounce_inst/counter_inst/ output button_top_inst/button_debounce_array[17].button_debounce_inst/counter_inst//P[47:0] is not pipelined (PREG=0). Pipelining the DSP48 output will improve performance and often saves power so it is suggested whenever possible to fully pipeline this function.  If this DSP48 function was inferred, it is suggested to describe an additional register stage after this function.  If the DSP48 was instantiated in the design, it is suggested to set the PREG attribute to 1.
WARNING: [DRC DPOP-3] PREG Output pipelining: DSP button_top_inst/button_debounce_array[17].button_debounce_inst/counter_inst/__0 output button_top_inst/button_debounce_array[17].button_debounce_inst/counter_inst/__0/P[47:0] is not pipelined (PREG=0). Pipelining the DSP48 output will improve performance and often saves power so it is suggested whenever possible to fully pipeline this function.  If this DSP48 function was inferred, it is suggested to describe an additional register stage after this function.  If the DSP48 was instantiated in the design, it is suggested to set the PREG attribute to 1.
WARNING: [DRC DPOP-3] PREG Output pipelining: DSP button_top_inst/button_debounce_array[17].button_debounce_inst/counter_inst/__1 output button_top_inst/button_debounce_array[17].button_debounce_inst/counter_inst/__1/P[47:0] is not pipelined (PREG=0). Pipelining the DSP48 output will improve performance and often saves power so it is suggested whenever possible to fully pipeline this function.  If this DSP48 function was inferred, it is suggested to describe an additional register stage after this function.  If the DSP48 was instantiated in the design, it is suggested to set the PREG attribute to 1.
WARNING: [DRC DPOP-3] PREG Output pipelining: DSP button_top_inst/button_debounce_array[17].button_debounce_inst/counter_inst/__2 output button_top_inst/button_debounce_array[17].button_debounce_inst/counter_inst/__2/P[47:0] is not pipelined (PREG=0). Pipelining the DSP48 output will improve performance and often saves power so it is suggested whenever possible to fully pipeline this function.  If this DSP48 function was inferred, it is suggested to describe an additional register stage after this function.  If the DSP48 was instantiated in the design, it is suggested to set the PREG attribute to 1.
WARNING: [DRC DPOP-3] PREG Output pipelining: DSP button_top_inst/button_debounce_array[18].button_debounce_inst/counter_inst/ output button_top_inst/button_debounce_array[18].button_debounce_inst/counter_inst//P[47:0] is not pipelined (PREG=0). Pipelining the DSP48 output will improve performance and often saves power so it is suggested whenever possible to fully pipeline this function.  If this DSP48 function was inferred, it is suggested to describe an additional register stage after this function.  If the DSP48 was instantiated in the design, it is suggested to set the PREG attribute to 1.
WARNING: [DRC DPOP-3] PREG Output pipelining: DSP button_top_inst/button_debounce_array[18].button_debounce_inst/counter_inst/__0 output button_top_inst/button_debounce_array[18].button_debounce_inst/counter_inst/__0/P[47:0] is not pipelined (PREG=0). Pipelining the DSP48 output will improve performance and often saves power so it is suggested whenever possible to fully pipeline this function.  If this DSP48 function was inferred, it is suggested to describe an additional register stage after this function.  If the DSP48 was instantiated in the design, it is suggested to set the PREG attribute to 1.
WARNING: [DRC DPOP-3] PREG Output pipelining: DSP button_top_inst/button_debounce_array[18].button_debounce_inst/counter_inst/__1 output button_top_inst/button_debounce_array[18].button_debounce_inst/counter_inst/__1/P[47:0] is not pipelined (PREG=0). Pipelining the DSP48 output will improve performance and often saves power so it is suggested whenever possible to fully pipeline this function.  If this DSP48 function was inferred, it is suggested to describe an additional register stage after this function.  If the DSP48 was instantiated in the design, it is suggested to set the PREG attribute to 1.
WARNING: [DRC DPOP-3] PREG Output pipelining: DSP button_top_inst/button_debounce_array[18].button_debounce_inst/counter_inst/__2 output button_top_inst/button_debounce_array[18].button_debounce_inst/counter_inst/__2/P[47:0] is not pipelined (PREG=0). Pipelining the DSP48 output will improve performance and often saves power so it is suggested whenever possible to fully pipeline this function.  If this DSP48 function was inferred, it is suggested to describe an additional register stage after this function.  If the DSP48 was instantiated in the design, it is suggested to set the PREG attribute to 1.
WARNING: [DRC DPOP-3] PREG Output pipelining: DSP button_top_inst/button_debounce_array[19].button_debounce_inst/counter_inst/ output button_top_inst/button_debounce_array[19].button_debounce_inst/counter_inst//P[47:0] is not pipelined (PREG=0). Pipelining the DSP48 output will improve performance and often saves power so it is suggested whenever possible to fully pipeline this function.  If this DSP48 function was inferred, it is suggested to describe an additional register stage after this function.  If the DSP48 was instantiated in the design, it is suggested to set the PREG attribute to 1.
WARNING: [DRC DPOP-3] PREG Output pipelining: DSP button_top_inst/button_debounce_array[19].button_debounce_inst/counter_inst/__0 output button_top_inst/button_debounce_array[19].button_debounce_inst/counter_inst/__0/P[47:0] is not pipelined (PREG=0). Pipelining the DSP48 output will improve performance and often saves power so it is suggested whenever possible to fully pipeline this function.  If this DSP48 function was inferred, it is suggested to describe an additional register stage after this function.  If the DSP48 was instantiated in the design, it is suggested to set the PREG attribute to 1.
WARNING: [DRC DPOP-3] PREG Output pipelining: DSP button_top_inst/button_debounce_array[19].button_debounce_inst/counter_inst/__1 output button_top_inst/button_debounce_array[19].button_debounce_inst/counter_inst/__1/P[47:0] is not pipelined (PREG=0). Pipelining the DSP48 output will improve performance and often saves power so it is suggested whenever possible to fully pipeline this function.  If this DSP48 function was inferred, it is suggested to describe an additional register stage after this function.  If the DSP48 was instantiated in the design, it is suggested to set the PREG attribute to 1.
WARNING: [DRC DPOP-3] PREG Output pipelining: DSP button_top_inst/button_debounce_array[19].button_debounce_inst/counter_inst/__2 output button_top_inst/button_debounce_array[19].button_debounce_inst/counter_inst/__2/P[47:0] is not pipelined (PREG=0). Pipelining the DSP48 output will improve performance and often saves power so it is suggested whenever possible to fully pipeline this function.  If this DSP48 function was inferred, it is suggested to describe an additional register stage after this function.  If the DSP48 was instantiated in the design, it is suggested to set the PREG attribute to 1.
WARNING: [DRC DPOP-3] PREG Output pipelining: DSP button_top_inst/button_debounce_array[1].button_debounce_inst/counter_inst/ output button_top_inst/button_debounce_array[1].button_debounce_inst/counter_inst//P[47:0] is not pipelined (PREG=0). Pipelining the DSP48 output will improve performance and often saves power so it is suggested whenever possible to fully pipeline this function.  If this DSP48 function was inferred, it is suggested to describe an additional register stage after this function.  If the DSP48 was instantiated in the design, it is suggested to set the PREG attribute to 1.
WARNING: [DRC DPOP-3] PREG Output pipelining: DSP button_top_inst/button_debounce_array[1].button_debounce_inst/counter_inst/__0 output button_top_inst/button_debounce_array[1].button_debounce_inst/counter_inst/__0/P[47:0] is not pipelined (PREG=0). Pipelining the DSP48 output will improve performance and often saves power so it is suggested whenever possible to fully pipeline this function.  If this DSP48 function was inferred, it is suggested to describe an additional register stage after this function.  If the DSP48 was instantiated in the design, it is suggested to set the PREG attribute to 1.
WARNING: [DRC DPOP-3] PREG Output pipelining: DSP button_top_inst/button_debounce_array[1].button_debounce_inst/counter_inst/__1 output button_top_inst/button_debounce_array[1].button_debounce_inst/counter_inst/__1/P[47:0] is not pipelined (PREG=0). Pipelining the DSP48 output will improve performance and often saves power so it is suggested whenever possible to fully pipeline this function.  If this DSP48 function was inferred, it is suggested to describe an additional register stage after this function.  If the DSP48 was instantiated in the design, it is suggested to set the PREG attribute to 1.
WARNING: [DRC DPOP-3] PREG Output pipelining: DSP button_top_inst/button_debounce_array[1].button_debounce_inst/counter_inst/__2 output button_top_inst/button_debounce_array[1].button_debounce_inst/counter_inst/__2/P[47:0] is not pipelined (PREG=0). Pipelining the DSP48 output will improve performance and often saves power so it is suggested whenever possible to fully pipeline this function.  If this DSP48 function was inferred, it is suggested to describe an additional register stage after this function.  If the DSP48 was instantiated in the design, it is suggested to set the PREG attribute to 1.
WARNING: [DRC DPOP-3] PREG Output pipelining: DSP button_top_inst/button_debounce_array[20].button_debounce_inst/counter_inst/ output button_top_inst/button_debounce_array[20].button_debounce_inst/counter_inst//P[47:0] is not pipelined (PREG=0). Pipelining the DSP48 output will improve performance and often saves power so it is suggested whenever possible to fully pipeline this function.  If this DSP48 function was inferred, it is suggested to describe an additional register stage after this function.  If the DSP48 was instantiated in the design, it is suggested to set the PREG attribute to 1.
WARNING: [DRC DPOP-3] PREG Output pipelining: DSP button_top_inst/button_debounce_array[20].button_debounce_inst/counter_inst/__0 output button_top_inst/button_debounce_array[20].button_debounce_inst/counter_inst/__0/P[47:0] is not pipelined (PREG=0). Pipelining the DSP48 output will improve performance and often saves power so it is suggested whenever possible to fully pipeline this function.  If this DSP48 function was inferred, it is suggested to describe an additional register stage after this function.  If the DSP48 was instantiated in the design, it is suggested to set the PREG attribute to 1.
WARNING: [DRC DPOP-3] PREG Output pipelining: DSP button_top_inst/button_debounce_array[20].button_debounce_inst/counter_inst/__1 output button_top_inst/button_debounce_array[20].button_debounce_inst/counter_inst/__1/P[47:0] is not pipelined (PREG=0). Pipelining the DSP48 output will improve performance and often saves power so it is suggested whenever possible to fully pipeline this function.  If this DSP48 function was inferred, it is suggested to describe an additional register stage after this function.  If the DSP48 was instantiated in the design, it is suggested to set the PREG attribute to 1.
WARNING: [DRC DPOP-3] PREG Output pipelining: DSP button_top_inst/button_debounce_array[20].button_debounce_inst/counter_inst/__2 output button_top_inst/button_debounce_array[20].button_debounce_inst/counter_inst/__2/P[47:0] is not pipelined (PREG=0). Pipelining the DSP48 output will improve performance and often saves power so it is suggested whenever possible to fully pipeline this function.  If this DSP48 function was inferred, it is suggested to describe an additional register stage after this function.  If the DSP48 was instantiated in the design, it is suggested to set the PREG attribute to 1.
WARNING: [DRC DPOP-3] PREG Output pipelining: DSP button_top_inst/button_debounce_array[21].button_debounce_inst/counter_inst/ output button_top_inst/button_debounce_array[21].button_debounce_inst/counter_inst//P[47:0] is not pipelined (PREG=0). Pipelining the DSP48 output will improve performance and often saves power so it is suggested whenever possible to fully pipeline this function.  If this DSP48 function was inferred, it is suggested to describe an additional register stage after this function.  If the DSP48 was instantiated in the design, it is suggested to set the PREG attribute to 1.
WARNING: [DRC DPOP-3] PREG Output pipelining: DSP button_top_inst/button_debounce_array[21].button_debounce_inst/counter_inst/__0 output button_top_inst/button_debounce_array[21].button_debounce_inst/counter_inst/__0/P[47:0] is not pipelined (PREG=0). Pipelining the DSP48 output will improve performance and often saves power so it is suggested whenever possible to fully pipeline this function.  If this DSP48 function was inferred, it is suggested to describe an additional register stage after this function.  If the DSP48 was instantiated in the design, it is suggested to set the PREG attribute to 1.
WARNING: [DRC DPOP-3] PREG Output pipelining: DSP button_top_inst/button_debounce_array[21].button_debounce_inst/counter_inst/__1 output button_top_inst/button_debounce_array[21].button_debounce_inst/counter_inst/__1/P[47:0] is not pipelined (PREG=0). Pipelining the DSP48 output will improve performance and often saves power so it is suggested whenever possible to fully pipeline this function.  If this DSP48 function was inferred, it is suggested to describe an additional register stage after this function.  If the DSP48 was instantiated in the design, it is suggested to set the PREG attribute to 1.
WARNING: [DRC DPOP-3] PREG Output pipelining: DSP button_top_inst/button_debounce_array[21].button_debounce_inst/counter_inst/__2 output button_top_inst/button_debounce_array[21].button_debounce_inst/counter_inst/__2/P[47:0] is not pipelined (PREG=0). Pipelining the DSP48 output will improve performance and often saves power so it is suggested whenever possible to fully pipeline this function.  If this DSP48 function was inferred, it is suggested to describe an additional register stage after this function.  If the DSP48 was instantiated in the design, it is suggested to set the PREG attribute to 1.
WARNING: [DRC DPOP-3] PREG Output pipelining: DSP button_top_inst/button_debounce_array[22].button_debounce_inst/counter_inst/ output button_top_inst/button_debounce_array[22].button_debounce_inst/counter_inst//P[47:0] is not pipelined (PREG=0). Pipelining the DSP48 output will improve performance and often saves power so it is suggested whenever possible to fully pipeline this function.  If this DSP48 function was inferred, it is suggested to describe an additional register stage after this function.  If the DSP48 was instantiated in the design, it is suggested to set the PREG attribute to 1.
WARNING: [DRC DPOP-3] PREG Output pipelining: DSP button_top_inst/button_debounce_array[22].button_debounce_inst/counter_inst/__0 output button_top_inst/button_debounce_array[22].button_debounce_inst/counter_inst/__0/P[47:0] is not pipelined (PREG=0). Pipelining the DSP48 output will improve performance and often saves power so it is suggested whenever possible to fully pipeline this function.  If this DSP48 function was inferred, it is suggested to describe an additional register stage after this function.  If the DSP48 was instantiated in the design, it is suggested to set the PREG attribute to 1.
WARNING: [DRC DPOP-3] PREG Output pipelining: DSP button_top_inst/button_debounce_array[22].button_debounce_inst/counter_inst/__1 output button_top_inst/button_debounce_array[22].button_debounce_inst/counter_inst/__1/P[47:0] is not pipelined (PREG=0). Pipelining the DSP48 output will improve performance and often saves power so it is suggested whenever possible to fully pipeline this function.  If this DSP48 function was inferred, it is suggested to describe an additional register stage after this function.  If the DSP48 was instantiated in the design, it is suggested to set the PREG attribute to 1.
WARNING: [DRC DPOP-3] PREG Output pipelining: DSP button_top_inst/button_debounce_array[22].button_debounce_inst/counter_inst/__2 output button_top_inst/button_debounce_array[22].button_debounce_inst/counter_inst/__2/P[47:0] is not pipelined (PREG=0). Pipelining the DSP48 output will improve performance and often saves power so it is suggested whenever possible to fully pipeline this function.  If this DSP48 function was inferred, it is suggested to describe an additional register stage after this function.  If the DSP48 was instantiated in the design, it is suggested to set the PREG attribute to 1.
WARNING: [DRC DPOP-3] PREG Output pipelining: DSP button_top_inst/button_debounce_array[23].button_debounce_inst/counter_inst/ output button_top_inst/button_debounce_array[23].button_debounce_inst/counter_inst//P[47:0] is not pipelined (PREG=0). Pipelining the DSP48 output will improve performance and often saves power so it is suggested whenever possible to fully pipeline this function.  If this DSP48 function was inferred, it is suggested to describe an additional register stage after this function.  If the DSP48 was instantiated in the design, it is suggested to set the PREG attribute to 1.
WARNING: [DRC DPOP-3] PREG Output pipelining: DSP button_top_inst/button_debounce_array[23].button_debounce_inst/counter_inst/__0 output button_top_inst/button_debounce_array[23].button_debounce_inst/counter_inst/__0/P[47:0] is not pipelined (PREG=0). Pipelining the DSP48 output will improve performance and often saves power so it is suggested whenever possible to fully pipeline this function.  If this DSP48 function was inferred, it is suggested to describe an additional register stage after this function.  If the DSP48 was instantiated in the design, it is suggested to set the PREG attribute to 1.
WARNING: [DRC DPOP-3] PREG Output pipelining: DSP button_top_inst/button_debounce_array[23].button_debounce_inst/counter_inst/__1 output button_top_inst/button_debounce_array[23].button_debounce_inst/counter_inst/__1/P[47:0] is not pipelined (PREG=0). Pipelining the DSP48 output will improve performance and often saves power so it is suggested whenever possible to fully pipeline this function.  If this DSP48 function was inferred, it is suggested to describe an additional register stage after this function.  If the DSP48 was instantiated in the design, it is suggested to set the PREG attribute to 1.
WARNING: [DRC DPOP-3] PREG Output pipelining: DSP button_top_inst/button_debounce_array[23].button_debounce_inst/counter_inst/__2 output button_top_inst/button_debounce_array[23].button_debounce_inst/counter_inst/__2/P[47:0] is not pipelined (PREG=0). Pipelining the DSP48 output will improve performance and often saves power so it is suggested whenever possible to fully pipeline this function.  If this DSP48 function was inferred, it is suggested to describe an additional register stage after this function.  If the DSP48 was instantiated in the design, it is suggested to set the PREG attribute to 1.
WARNING: [DRC DPOP-3] PREG Output pipelining: DSP button_top_inst/button_debounce_array[24].button_debounce_inst/counter_inst/ output button_top_inst/button_debounce_array[24].button_debounce_inst/counter_inst//P[47:0] is not pipelined (PREG=0). Pipelining the DSP48 output will improve performance and often saves power so it is suggested whenever possible to fully pipeline this function.  If this DSP48 function was inferred, it is suggested to describe an additional register stage after this function.  If the DSP48 was instantiated in the design, it is suggested to set the PREG attribute to 1.
WARNING: [DRC DPOP-3] PREG Output pipelining: DSP button_top_inst/button_debounce_array[24].button_debounce_inst/counter_inst/__0 output button_top_inst/button_debounce_array[24].button_debounce_inst/counter_inst/__0/P[47:0] is not pipelined (PREG=0). Pipelining the DSP48 output will improve performance and often saves power so it is suggested whenever possible to fully pipeline this function.  If this DSP48 function was inferred, it is suggested to describe an additional register stage after this function.  If the DSP48 was instantiated in the design, it is suggested to set the PREG attribute to 1.
WARNING: [DRC DPOP-3] PREG Output pipelining: DSP button_top_inst/button_debounce_array[24].button_debounce_inst/counter_inst/__1 output button_top_inst/button_debounce_array[24].button_debounce_inst/counter_inst/__1/P[47:0] is not pipelined (PREG=0). Pipelining the DSP48 output will improve performance and often saves power so it is suggested whenever possible to fully pipeline this function.  If this DSP48 function was inferred, it is suggested to describe an additional register stage after this function.  If the DSP48 was instantiated in the design, it is suggested to set the PREG attribute to 1.
WARNING: [DRC DPOP-3] PREG Output pipelining: DSP button_top_inst/button_debounce_array[24].button_debounce_inst/counter_inst/__2 output button_top_inst/button_debounce_array[24].button_debounce_inst/counter_inst/__2/P[47:0] is not pipelined (PREG=0). Pipelining the DSP48 output will improve performance and often saves power so it is suggested whenever possible to fully pipeline this function.  If this DSP48 function was inferred, it is suggested to describe an additional register stage after this function.  If the DSP48 was instantiated in the design, it is suggested to set the PREG attribute to 1.
WARNING: [DRC DPOP-3] PREG Output pipelining: DSP button_top_inst/button_debounce_array[25].button_debounce_inst/counter_inst/ output button_top_inst/button_debounce_array[25].button_debounce_inst/counter_inst//P[47:0] is not pipelined (PREG=0). Pipelining the DSP48 output will improve performance and often saves power so it is suggested whenever possible to fully pipeline this function.  If this DSP48 function was inferred, it is suggested to describe an additional register stage after this function.  If the DSP48 was instantiated in the design, it is suggested to set the PREG attribute to 1.
WARNING: [DRC DPOP-3] PREG Output pipelining: DSP button_top_inst/button_debounce_array[25].button_debounce_inst/counter_inst/__0 output button_top_inst/button_debounce_array[25].button_debounce_inst/counter_inst/__0/P[47:0] is not pipelined (PREG=0). Pipelining the DSP48 output will improve performance and often saves power so it is suggested whenever possible to fully pipeline this function.  If this DSP48 function was inferred, it is suggested to describe an additional register stage after this function.  If the DSP48 was instantiated in the design, it is suggested to set the PREG attribute to 1.
WARNING: [DRC DPOP-3] PREG Output pipelining: DSP button_top_inst/button_debounce_array[25].button_debounce_inst/counter_inst/__1 output button_top_inst/button_debounce_array[25].button_debounce_inst/counter_inst/__1/P[47:0] is not pipelined (PREG=0). Pipelining the DSP48 output will improve performance and often saves power so it is suggested whenever possible to fully pipeline this function.  If this DSP48 function was inferred, it is suggested to describe an additional register stage after this function.  If the DSP48 was instantiated in the design, it is suggested to set the PREG attribute to 1.
WARNING: [DRC DPOP-3] PREG Output pipelining: DSP button_top_inst/button_debounce_array[25].button_debounce_inst/counter_inst/__2 output button_top_inst/button_debounce_array[25].button_debounce_inst/counter_inst/__2/P[47:0] is not pipelined (PREG=0). Pipelining the DSP48 output will improve performance and often saves power so it is suggested whenever possible to fully pipeline this function.  If this DSP48 function was inferred, it is suggested to describe an additional register stage after this function.  If the DSP48 was instantiated in the design, it is suggested to set the PREG attribute to 1.
WARNING: [DRC DPOP-3] PREG Output pipelining: DSP button_top_inst/button_debounce_array[2].button_debounce_inst/counter_inst/ output button_top_inst/button_debounce_array[2].button_debounce_inst/counter_inst//P[47:0] is not pipelined (PREG=0). Pipelining the DSP48 output will improve performance and often saves power so it is suggested whenever possible to fully pipeline this function.  If this DSP48 function was inferred, it is suggested to describe an additional register stage after this function.  If the DSP48 was instantiated in the design, it is suggested to set the PREG attribute to 1.
WARNING: [DRC DPOP-3] PREG Output pipelining: DSP button_top_inst/button_debounce_array[2].button_debounce_inst/counter_inst/__0 output button_top_inst/button_debounce_array[2].button_debounce_inst/counter_inst/__0/P[47:0] is not pipelined (PREG=0). Pipelining the DSP48 output will improve performance and often saves power so it is suggested whenever possible to fully pipeline this function.  If this DSP48 function was inferred, it is suggested to describe an additional register stage after this function.  If the DSP48 was instantiated in the design, it is suggested to set the PREG attribute to 1.
WARNING: [DRC DPOP-3] PREG Output pipelining: DSP button_top_inst/button_debounce_array[2].button_debounce_inst/counter_inst/__1 output button_top_inst/button_debounce_array[2].button_debounce_inst/counter_inst/__1/P[47:0] is not pipelined (PREG=0). Pipelining the DSP48 output will improve performance and often saves power so it is suggested whenever possible to fully pipeline this function.  If this DSP48 function was inferred, it is suggested to describe an additional register stage after this function.  If the DSP48 was instantiated in the design, it is suggested to set the PREG attribute to 1.
WARNING: [DRC DPOP-3] PREG Output pipelining: DSP button_top_inst/button_debounce_array[2].button_debounce_inst/counter_inst/__2 output button_top_inst/button_debounce_array[2].button_debounce_inst/counter_inst/__2/P[47:0] is not pipelined (PREG=0). Pipelining the DSP48 output will improve performance and often saves power so it is suggested whenever possible to fully pipeline this function.  If this DSP48 function was inferred, it is suggested to describe an additional register stage after this function.  If the DSP48 was instantiated in the design, it is suggested to set the PREG attribute to 1.
WARNING: [DRC DPOP-3] PREG Output pipelining: DSP button_top_inst/button_debounce_array[3].button_debounce_inst/counter_inst/ output button_top_inst/button_debounce_array[3].button_debounce_inst/counter_inst//P[47:0] is not pipelined (PREG=0). Pipelining the DSP48 output will improve performance and often saves power so it is suggested whenever possible to fully pipeline this function.  If this DSP48 function was inferred, it is suggested to describe an additional register stage after this function.  If the DSP48 was instantiated in the design, it is suggested to set the PREG attribute to 1.
WARNING: [DRC DPOP-3] PREG Output pipelining: DSP button_top_inst/button_debounce_array[3].button_debounce_inst/counter_inst/__0 output button_top_inst/button_debounce_array[3].button_debounce_inst/counter_inst/__0/P[47:0] is not pipelined (PREG=0). Pipelining the DSP48 output will improve performance and often saves power so it is suggested whenever possible to fully pipeline this function.  If this DSP48 function was inferred, it is suggested to describe an additional register stage after this function.  If the DSP48 was instantiated in the design, it is suggested to set the PREG attribute to 1.
WARNING: [DRC DPOP-3] PREG Output pipelining: DSP button_top_inst/button_debounce_array[3].button_debounce_inst/counter_inst/__1 output button_top_inst/button_debounce_array[3].button_debounce_inst/counter_inst/__1/P[47:0] is not pipelined (PREG=0). Pipelining the DSP48 output will improve performance and often saves power so it is suggested whenever possible to fully pipeline this function.  If this DSP48 function was inferred, it is suggested to describe an additional register stage after this function.  If the DSP48 was instantiated in the design, it is suggested to set the PREG attribute to 1.
WARNING: [DRC DPOP-3] PREG Output pipelining: DSP button_top_inst/button_debounce_array[3].button_debounce_inst/counter_inst/__2 output button_top_inst/button_debounce_array[3].button_debounce_inst/counter_inst/__2/P[47:0] is not pipelined (PREG=0). Pipelining the DSP48 output will improve performance and often saves power so it is suggested whenever possible to fully pipeline this function.  If this DSP48 function was inferred, it is suggested to describe an additional register stage after this function.  If the DSP48 was instantiated in the design, it is suggested to set the PREG attribute to 1.
WARNING: [DRC DPOP-3] PREG Output pipelining: DSP button_top_inst/button_debounce_array[4].button_debounce_inst/counter_inst/ output button_top_inst/button_debounce_array[4].button_debounce_inst/counter_inst//P[47:0] is not pipelined (PREG=0). Pipelining the DSP48 output will improve performance and often saves power so it is suggested whenever possible to fully pipeline this function.  If this DSP48 function was inferred, it is suggested to describe an additional register stage after this function.  If the DSP48 was instantiated in the design, it is suggested to set the PREG attribute to 1.
WARNING: [DRC DPOP-3] PREG Output pipelining: DSP button_top_inst/button_debounce_array[4].button_debounce_inst/counter_inst/__0 output button_top_inst/button_debounce_array[4].button_debounce_inst/counter_inst/__0/P[47:0] is not pipelined (PREG=0). Pipelining the DSP48 output will improve performance and often saves power so it is suggested whenever possible to fully pipeline this function.  If this DSP48 function was inferred, it is suggested to describe an additional register stage after this function.  If the DSP48 was instantiated in the design, it is suggested to set the PREG attribute to 1.
WARNING: [DRC DPOP-3] PREG Output pipelining: DSP button_top_inst/button_debounce_array[4].button_debounce_inst/counter_inst/__1 output button_top_inst/button_debounce_array[4].button_debounce_inst/counter_inst/__1/P[47:0] is not pipelined (PREG=0). Pipelining the DSP48 output will improve performance and often saves power so it is suggested whenever possible to fully pipeline this function.  If this DSP48 function was inferred, it is suggested to describe an additional register stage after this function.  If the DSP48 was instantiated in the design, it is suggested to set the PREG attribute to 1.
WARNING: [DRC DPOP-3] PREG Output pipelining: DSP button_top_inst/button_debounce_array[4].button_debounce_inst/counter_inst/__2 output button_top_inst/button_debounce_array[4].button_debounce_inst/counter_inst/__2/P[47:0] is not pipelined (PREG=0). Pipelining the DSP48 output will improve performance and often saves power so it is suggested whenever possible to fully pipeline this function.  If this DSP48 function was inferred, it is suggested to describe an additional register stage after this function.  If the DSP48 was instantiated in the design, it is suggested to set the PREG attribute to 1.
WARNING: [DRC DPOP-3] PREG Output pipelining: DSP button_top_inst/button_debounce_array[5].button_debounce_inst/counter_inst/ output button_top_inst/button_debounce_array[5].button_debounce_inst/counter_inst//P[47:0] is not pipelined (PREG=0). Pipelining the DSP48 output will improve performance and often saves power so it is suggested whenever possible to fully pipeline this function.  If this DSP48 function was inferred, it is suggested to describe an additional register stage after this function.  If the DSP48 was instantiated in the design, it is suggested to set the PREG attribute to 1.
WARNING: [DRC DPOP-3] PREG Output pipelining: DSP button_top_inst/button_debounce_array[5].button_debounce_inst/counter_inst/__0 output button_top_inst/button_debounce_array[5].button_debounce_inst/counter_inst/__0/P[47:0] is not pipelined (PREG=0). Pipelining the DSP48 output will improve performance and often saves power so it is suggested whenever possible to fully pipeline this function.  If this DSP48 function was inferred, it is suggested to describe an additional register stage after this function.  If the DSP48 was instantiated in the design, it is suggested to set the PREG attribute to 1.
WARNING: [DRC DPOP-3] PREG Output pipelining: DSP button_top_inst/button_debounce_array[5].button_debounce_inst/counter_inst/__1 output button_top_inst/button_debounce_array[5].button_debounce_inst/counter_inst/__1/P[47:0] is not pipelined (PREG=0). Pipelining the DSP48 output will improve performance and often saves power so it is suggested whenever possible to fully pipeline this function.  If this DSP48 function was inferred, it is suggested to describe an additional register stage after this function.  If the DSP48 was instantiated in the design, it is suggested to set the PREG attribute to 1.
WARNING: [DRC DPOP-3] PREG Output pipelining: DSP button_top_inst/button_debounce_array[5].button_debounce_inst/counter_inst/__2 output button_top_inst/button_debounce_array[5].button_debounce_inst/counter_inst/__2/P[47:0] is not pipelined (PREG=0). Pipelining the DSP48 output will improve performance and often saves power so it is suggested whenever possible to fully pipeline this function.  If this DSP48 function was inferred, it is suggested to describe an additional register stage after this function.  If the DSP48 was instantiated in the design, it is suggested to set the PREG attribute to 1.
WARNING: [DRC DPOP-3] PREG Output pipelining: DSP button_top_inst/button_debounce_array[6].button_debounce_inst/counter_inst/ output button_top_inst/button_debounce_array[6].button_debounce_inst/counter_inst//P[47:0] is not pipelined (PREG=0). Pipelining the DSP48 output will improve performance and often saves power so it is suggested whenever possible to fully pipeline this function.  If this DSP48 function was inferred, it is suggested to describe an additional register stage after this function.  If the DSP48 was instantiated in the design, it is suggested to set the PREG attribute to 1.
WARNING: [DRC DPOP-3] PREG Output pipelining: DSP button_top_inst/button_debounce_array[6].button_debounce_inst/counter_inst/__0 output button_top_inst/button_debounce_array[6].button_debounce_inst/counter_inst/__0/P[47:0] is not pipelined (PREG=0). Pipelining the DSP48 output will improve performance and often saves power so it is suggested whenever possible to fully pipeline this function.  If this DSP48 function was inferred, it is suggested to describe an additional register stage after this function.  If the DSP48 was instantiated in the design, it is suggested to set the PREG attribute to 1.
WARNING: [DRC DPOP-3] PREG Output pipelining: DSP button_top_inst/button_debounce_array[6].button_debounce_inst/counter_inst/__1 output button_top_inst/button_debounce_array[6].button_debounce_inst/counter_inst/__1/P[47:0] is not pipelined (PREG=0). Pipelining the DSP48 output will improve performance and often saves power so it is suggested whenever possible to fully pipeline this function.  If this DSP48 function was inferred, it is suggested to describe an additional register stage after this function.  If the DSP48 was instantiated in the design, it is suggested to set the PREG attribute to 1.
WARNING: [DRC DPOP-3] PREG Output pipelining: DSP button_top_inst/button_debounce_array[6].button_debounce_inst/counter_inst/__2 output button_top_inst/button_debounce_array[6].button_debounce_inst/counter_inst/__2/P[47:0] is not pipelined (PREG=0). Pipelining the DSP48 output will improve performance and often saves power so it is suggested whenever possible to fully pipeline this function.  If this DSP48 function was inferred, it is suggested to describe an additional register stage after this function.  If the DSP48 was instantiated in the design, it is suggested to set the PREG attribute to 1.
WARNING: [DRC DPOP-3] PREG Output pipelining: DSP button_top_inst/button_debounce_array[7].button_debounce_inst/counter_inst/ output button_top_inst/button_debounce_array[7].button_debounce_inst/counter_inst//P[47:0] is not pipelined (PREG=0). Pipelining the DSP48 output will improve performance and often saves power so it is suggested whenever possible to fully pipeline this function.  If this DSP48 function was inferred, it is suggested to describe an additional register stage after this function.  If the DSP48 was instantiated in the design, it is suggested to set the PREG attribute to 1.
WARNING: [DRC DPOP-3] PREG Output pipelining: DSP button_top_inst/button_debounce_array[7].button_debounce_inst/counter_inst/__0 output button_top_inst/button_debounce_array[7].button_debounce_inst/counter_inst/__0/P[47:0] is not pipelined (PREG=0). Pipelining the DSP48 output will improve performance and often saves power so it is suggested whenever possible to fully pipeline this function.  If this DSP48 function was inferred, it is suggested to describe an additional register stage after this function.  If the DSP48 was instantiated in the design, it is suggested to set the PREG attribute to 1.
WARNING: [DRC DPOP-3] PREG Output pipelining: DSP button_top_inst/button_debounce_array[7].button_debounce_inst/counter_inst/__1 output button_top_inst/button_debounce_array[7].button_debounce_inst/counter_inst/__1/P[47:0] is not pipelined (PREG=0). Pipelining the DSP48 output will improve performance and often saves power so it is suggested whenever possible to fully pipeline this function.  If this DSP48 function was inferred, it is suggested to describe an additional register stage after this function.  If the DSP48 was instantiated in the design, it is suggested to set the PREG attribute to 1.
WARNING: [DRC DPOP-3] PREG Output pipelining: DSP button_top_inst/button_debounce_array[7].button_debounce_inst/counter_inst/__2 output button_top_inst/button_debounce_array[7].button_debounce_inst/counter_inst/__2/P[47:0] is not pipelined (PREG=0). Pipelining the DSP48 output will improve performance and often saves power so it is suggested whenever possible to fully pipeline this function.  If this DSP48 function was inferred, it is suggested to describe an additional register stage after this function.  If the DSP48 was instantiated in the design, it is suggested to set the PREG attribute to 1.
WARNING: [DRC DPOP-3] PREG Output pipelining: DSP button_top_inst/button_debounce_array[8].button_debounce_inst/counter_inst/ output button_top_inst/button_debounce_array[8].button_debounce_inst/counter_inst//P[47:0] is not pipelined (PREG=0). Pipelining the DSP48 output will improve performance and often saves power so it is suggested whenever possible to fully pipeline this function.  If this DSP48 function was inferred, it is suggested to describe an additional register stage after this function.  If the DSP48 was instantiated in the design, it is suggested to set the PREG attribute to 1.
WARNING: [DRC DPOP-3] PREG Output pipelining: DSP button_top_inst/button_debounce_array[8].button_debounce_inst/counter_inst/__0 output button_top_inst/button_debounce_array[8].button_debounce_inst/counter_inst/__0/P[47:0] is not pipelined (PREG=0). Pipelining the DSP48 output will improve performance and often saves power so it is suggested whenever possible to fully pipeline this function.  If this DSP48 function was inferred, it is suggested to describe an additional register stage after this function.  If the DSP48 was instantiated in the design, it is suggested to set the PREG attribute to 1.
WARNING: [DRC DPOP-3] PREG Output pipelining: DSP button_top_inst/button_debounce_array[8].button_debounce_inst/counter_inst/__1 output button_top_inst/button_debounce_array[8].button_debounce_inst/counter_inst/__1/P[47:0] is not pipelined (PREG=0). Pipelining the DSP48 output will improve performance and often saves power so it is suggested whenever possible to fully pipeline this function.  If this DSP48 function was inferred, it is suggested to describe an additional register stage after this function.  If the DSP48 was instantiated in the design, it is suggested to set the PREG attribute to 1.
WARNING: [DRC DPOP-3] PREG Output pipelining: DSP button_top_inst/button_debounce_array[8].button_debounce_inst/counter_inst/__2 output button_top_inst/button_debounce_array[8].button_debounce_inst/counter_inst/__2/P[47:0] is not pipelined (PREG=0). Pipelining the DSP48 output will improve performance and often saves power so it is suggested whenever possible to fully pipeline this function.  If this DSP48 function was inferred, it is suggested to describe an additional register stage after this function.  If the DSP48 was instantiated in the design, it is suggested to set the PREG attribute to 1.
INFO: [Common 17-14] Message 'DRC DPOP-3' appears 100 times and further instances of the messages will be disabled. Use the Tcl command set_msg_config to change the current settings.
WARNING: [DRC DPOP-4] MREG Output pipelining: DSP button_top_inst/button_debounce_array[0].button_debounce_inst/counter_inst/ multiplier stage button_top_inst/button_debounce_array[0].button_debounce_inst/counter_inst//P[47:0] is not pipelined (MREG=0). Pipelining the multiplier function will improve performance and will save significant power so it is suggested whenever possible to fully pipeline this function.  If this multiplier was inferred, it is suggested to describe an additional register stage after this function.  If there is no registered adder/accumulator following the multiply function, two pipeline stages are suggested to allow both the MREG and PREG registers to be used.  If the DSP48 was instantiated in the design, it is suggested to set both the MREG and PREG attributes to 1 when performing multiply functions.
WARNING: [DRC DPOP-4] MREG Output pipelining: DSP button_top_inst/button_debounce_array[0].button_debounce_inst/counter_inst/__0 multiplier stage button_top_inst/button_debounce_array[0].button_debounce_inst/counter_inst/__0/P[47:0] is not pipelined (MREG=0). Pipelining the multiplier function will improve performance and will save significant power so it is suggested whenever possible to fully pipeline this function.  If this multiplier was inferred, it is suggested to describe an additional register stage after this function.  If there is no registered adder/accumulator following the multiply function, two pipeline stages are suggested to allow both the MREG and PREG registers to be used.  If the DSP48 was instantiated in the design, it is suggested to set both the MREG and PREG attributes to 1 when performing multiply functions.
WARNING: [DRC DPOP-4] MREG Output pipelining: DSP button_top_inst/button_debounce_array[0].button_debounce_inst/counter_inst/__1 multiplier stage button_top_inst/button_debounce_array[0].button_debounce_inst/counter_inst/__1/P[47:0] is not pipelined (MREG=0). Pipelining the multiplier function will improve performance and will save significant power so it is suggested whenever possible to fully pipeline this function.  If this multiplier was inferred, it is suggested to describe an additional register stage after this function.  If there is no registered adder/accumulator following the multiply function, two pipeline stages are suggested to allow both the MREG and PREG registers to be used.  If the DSP48 was instantiated in the design, it is suggested to set both the MREG and PREG attributes to 1 when performing multiply functions.
WARNING: [DRC DPOP-4] MREG Output pipelining: DSP button_top_inst/button_debounce_array[0].button_debounce_inst/counter_inst/__2 multiplier stage button_top_inst/button_debounce_array[0].button_debounce_inst/counter_inst/__2/P[47:0] is not pipelined (MREG=0). Pipelining the multiplier function will improve performance and will save significant power so it is suggested whenever possible to fully pipeline this function.  If this multiplier was inferred, it is suggested to describe an additional register stage after this function.  If there is no registered adder/accumulator following the multiply function, two pipeline stages are suggested to allow both the MREG and PREG registers to be used.  If the DSP48 was instantiated in the design, it is suggested to set both the MREG and PREG attributes to 1 when performing multiply functions.
WARNING: [DRC DPOP-4] MREG Output pipelining: DSP button_top_inst/button_debounce_array[0].button_debounce_inst/counter_inst/count_middleware_reg[0] multiplier stage button_top_inst/button_debounce_array[0].button_debounce_inst/counter_inst/count_middleware_reg[0]/P[47:0] is not pipelined (MREG=0). Pipelining the multiplier function will improve performance and will save significant power so it is suggested whenever possible to fully pipeline this function.  If this multiplier was inferred, it is suggested to describe an additional register stage after this function.  If there is no registered adder/accumulator following the multiply function, two pipeline stages are suggested to allow both the MREG and PREG registers to be used.  If the DSP48 was instantiated in the design, it is suggested to set both the MREG and PREG attributes to 1 when performing multiply functions.
WARNING: [DRC DPOP-4] MREG Output pipelining: DSP button_top_inst/button_debounce_array[0].button_debounce_inst/counter_inst/count_middleware_reg[1] multiplier stage button_top_inst/button_debounce_array[0].button_debounce_inst/counter_inst/count_middleware_reg[1]/P[47:0] is not pipelined (MREG=0). Pipelining the multiplier function will improve performance and will save significant power so it is suggested whenever possible to fully pipeline this function.  If this multiplier was inferred, it is suggested to describe an additional register stage after this function.  If there is no registered adder/accumulator following the multiply function, two pipeline stages are suggested to allow both the MREG and PREG registers to be used.  If the DSP48 was instantiated in the design, it is suggested to set both the MREG and PREG attributes to 1 when performing multiply functions.
WARNING: [DRC DPOP-4] MREG Output pipelining: DSP button_top_inst/button_debounce_array[0].button_debounce_inst/counter_inst/count_middleware_reg[2] multiplier stage button_top_inst/button_debounce_array[0].button_debounce_inst/counter_inst/count_middleware_reg[2]/P[47:0] is not pipelined (MREG=0). Pipelining the multiplier function will improve performance and will save significant power so it is suggested whenever possible to fully pipeline this function.  If this multiplier was inferred, it is suggested to describe an additional register stage after this function.  If there is no registered adder/accumulator following the multiply function, two pipeline stages are suggested to allow both the MREG and PREG registers to be used.  If the DSP48 was instantiated in the design, it is suggested to set both the MREG and PREG attributes to 1 when performing multiply functions.
WARNING: [DRC DPOP-4] MREG Output pipelining: DSP button_top_inst/button_debounce_array[0].button_debounce_inst/counter_inst/count_middleware_reg[3] multiplier stage button_top_inst/button_debounce_array[0].button_debounce_inst/counter_inst/count_middleware_reg[3]/P[47:0] is not pipelined (MREG=0). Pipelining the multiplier function will improve performance and will save significant power so it is suggested whenever possible to fully pipeline this function.  If this multiplier was inferred, it is suggested to describe an additional register stage after this function.  If there is no registered adder/accumulator following the multiply function, two pipeline stages are suggested to allow both the MREG and PREG registers to be used.  If the DSP48 was instantiated in the design, it is suggested to set both the MREG and PREG attributes to 1 when performing multiply functions.
WARNING: [DRC DPOP-4] MREG Output pipelining: DSP button_top_inst/button_debounce_array[10].button_debounce_inst/counter_inst/ multiplier stage button_top_inst/button_debounce_array[10].button_debounce_inst/counter_inst//P[47:0] is not pipelined (MREG=0). Pipelining the multiplier function will improve performance and will save significant power so it is suggested whenever possible to fully pipeline this function.  If this multiplier was inferred, it is suggested to describe an additional register stage after this function.  If there is no registered adder/accumulator following the multiply function, two pipeline stages are suggested to allow both the MREG and PREG registers to be used.  If the DSP48 was instantiated in the design, it is suggested to set both the MREG and PREG attributes to 1 when performing multiply functions.
WARNING: [DRC DPOP-4] MREG Output pipelining: DSP button_top_inst/button_debounce_array[10].button_debounce_inst/counter_inst/__0 multiplier stage button_top_inst/button_debounce_array[10].button_debounce_inst/counter_inst/__0/P[47:0] is not pipelined (MREG=0). Pipelining the multiplier function will improve performance and will save significant power so it is suggested whenever possible to fully pipeline this function.  If this multiplier was inferred, it is suggested to describe an additional register stage after this function.  If there is no registered adder/accumulator following the multiply function, two pipeline stages are suggested to allow both the MREG and PREG registers to be used.  If the DSP48 was instantiated in the design, it is suggested to set both the MREG and PREG attributes to 1 when performing multiply functions.
WARNING: [DRC DPOP-4] MREG Output pipelining: DSP button_top_inst/button_debounce_array[10].button_debounce_inst/counter_inst/__1 multiplier stage button_top_inst/button_debounce_array[10].button_debounce_inst/counter_inst/__1/P[47:0] is not pipelined (MREG=0). Pipelining the multiplier function will improve performance and will save significant power so it is suggested whenever possible to fully pipeline this function.  If this multiplier was inferred, it is suggested to describe an additional register stage after this function.  If there is no registered adder/accumulator following the multiply function, two pipeline stages are suggested to allow both the MREG and PREG registers to be used.  If the DSP48 was instantiated in the design, it is suggested to set both the MREG and PREG attributes to 1 when performing multiply functions.
WARNING: [DRC DPOP-4] MREG Output pipelining: DSP button_top_inst/button_debounce_array[10].button_debounce_inst/counter_inst/__2 multiplier stage button_top_inst/button_debounce_array[10].button_debounce_inst/counter_inst/__2/P[47:0] is not pipelined (MREG=0). Pipelining the multiplier function will improve performance and will save significant power so it is suggested whenever possible to fully pipeline this function.  If this multiplier was inferred, it is suggested to describe an additional register stage after this function.  If there is no registered adder/accumulator following the multiply function, two pipeline stages are suggested to allow both the MREG and PREG registers to be used.  If the DSP48 was instantiated in the design, it is suggested to set both the MREG and PREG attributes to 1 when performing multiply functions.
WARNING: [DRC DPOP-4] MREG Output pipelining: DSP button_top_inst/button_debounce_array[10].button_debounce_inst/counter_inst/count_middleware_reg[0] multiplier stage button_top_inst/button_debounce_array[10].button_debounce_inst/counter_inst/count_middleware_reg[0]/P[47:0] is not pipelined (MREG=0). Pipelining the multiplier function will improve performance and will save significant power so it is suggested whenever possible to fully pipeline this function.  If this multiplier was inferred, it is suggested to describe an additional register stage after this function.  If there is no registered adder/accumulator following the multiply function, two pipeline stages are suggested to allow both the MREG and PREG registers to be used.  If the DSP48 was instantiated in the design, it is suggested to set both the MREG and PREG attributes to 1 when performing multiply functions.
WARNING: [DRC DPOP-4] MREG Output pipelining: DSP button_top_inst/button_debounce_array[10].button_debounce_inst/counter_inst/count_middleware_reg[1] multiplier stage button_top_inst/button_debounce_array[10].button_debounce_inst/counter_inst/count_middleware_reg[1]/P[47:0] is not pipelined (MREG=0). Pipelining the multiplier function will improve performance and will save significant power so it is suggested whenever possible to fully pipeline this function.  If this multiplier was inferred, it is suggested to describe an additional register stage after this function.  If there is no registered adder/accumulator following the multiply function, two pipeline stages are suggested to allow both the MREG and PREG registers to be used.  If the DSP48 was instantiated in the design, it is suggested to set both the MREG and PREG attributes to 1 when performing multiply functions.
WARNING: [DRC DPOP-4] MREG Output pipelining: DSP button_top_inst/button_debounce_array[10].button_debounce_inst/counter_inst/count_middleware_reg[2] multiplier stage button_top_inst/button_debounce_array[10].button_debounce_inst/counter_inst/count_middleware_reg[2]/P[47:0] is not pipelined (MREG=0). Pipelining the multiplier function will improve performance and will save significant power so it is suggested whenever possible to fully pipeline this function.  If this multiplier was inferred, it is suggested to describe an additional register stage after this function.  If there is no registered adder/accumulator following the multiply function, two pipeline stages are suggested to allow both the MREG and PREG registers to be used.  If the DSP48 was instantiated in the design, it is suggested to set both the MREG and PREG attributes to 1 when performing multiply functions.
WARNING: [DRC DPOP-4] MREG Output pipelining: DSP button_top_inst/button_debounce_array[10].button_debounce_inst/counter_inst/count_middleware_reg[3] multiplier stage button_top_inst/button_debounce_array[10].button_debounce_inst/counter_inst/count_middleware_reg[3]/P[47:0] is not pipelined (MREG=0). Pipelining the multiplier function will improve performance and will save significant power so it is suggested whenever possible to fully pipeline this function.  If this multiplier was inferred, it is suggested to describe an additional register stage after this function.  If there is no registered adder/accumulator following the multiply function, two pipeline stages are suggested to allow both the MREG and PREG registers to be used.  If the DSP48 was instantiated in the design, it is suggested to set both the MREG and PREG attributes to 1 when performing multiply functions.
WARNING: [DRC DPOP-4] MREG Output pipelining: DSP button_top_inst/button_debounce_array[11].button_debounce_inst/counter_inst/ multiplier stage button_top_inst/button_debounce_array[11].button_debounce_inst/counter_inst//P[47:0] is not pipelined (MREG=0). Pipelining the multiplier function will improve performance and will save significant power so it is suggested whenever possible to fully pipeline this function.  If this multiplier was inferred, it is suggested to describe an additional register stage after this function.  If there is no registered adder/accumulator following the multiply function, two pipeline stages are suggested to allow both the MREG and PREG registers to be used.  If the DSP48 was instantiated in the design, it is suggested to set both the MREG and PREG attributes to 1 when performing multiply functions.
WARNING: [DRC DPOP-4] MREG Output pipelining: DSP button_top_inst/button_debounce_array[11].button_debounce_inst/counter_inst/__0 multiplier stage button_top_inst/button_debounce_array[11].button_debounce_inst/counter_inst/__0/P[47:0] is not pipelined (MREG=0). Pipelining the multiplier function will improve performance and will save significant power so it is suggested whenever possible to fully pipeline this function.  If this multiplier was inferred, it is suggested to describe an additional register stage after this function.  If there is no registered adder/accumulator following the multiply function, two pipeline stages are suggested to allow both the MREG and PREG registers to be used.  If the DSP48 was instantiated in the design, it is suggested to set both the MREG and PREG attributes to 1 when performing multiply functions.
WARNING: [DRC DPOP-4] MREG Output pipelining: DSP button_top_inst/button_debounce_array[11].button_debounce_inst/counter_inst/__1 multiplier stage button_top_inst/button_debounce_array[11].button_debounce_inst/counter_inst/__1/P[47:0] is not pipelined (MREG=0). Pipelining the multiplier function will improve performance and will save significant power so it is suggested whenever possible to fully pipeline this function.  If this multiplier was inferred, it is suggested to describe an additional register stage after this function.  If there is no registered adder/accumulator following the multiply function, two pipeline stages are suggested to allow both the MREG and PREG registers to be used.  If the DSP48 was instantiated in the design, it is suggested to set both the MREG and PREG attributes to 1 when performing multiply functions.
WARNING: [DRC DPOP-4] MREG Output pipelining: DSP button_top_inst/button_debounce_array[11].button_debounce_inst/counter_inst/__2 multiplier stage button_top_inst/button_debounce_array[11].button_debounce_inst/counter_inst/__2/P[47:0] is not pipelined (MREG=0). Pipelining the multiplier function will improve performance and will save significant power so it is suggested whenever possible to fully pipeline this function.  If this multiplier was inferred, it is suggested to describe an additional register stage after this function.  If there is no registered adder/accumulator following the multiply function, two pipeline stages are suggested to allow both the MREG and PREG registers to be used.  If the DSP48 was instantiated in the design, it is suggested to set both the MREG and PREG attributes to 1 when performing multiply functions.
WARNING: [DRC DPOP-4] MREG Output pipelining: DSP button_top_inst/button_debounce_array[11].button_debounce_inst/counter_inst/count_middleware_reg[0] multiplier stage button_top_inst/button_debounce_array[11].button_debounce_inst/counter_inst/count_middleware_reg[0]/P[47:0] is not pipelined (MREG=0). Pipelining the multiplier function will improve performance and will save significant power so it is suggested whenever possible to fully pipeline this function.  If this multiplier was inferred, it is suggested to describe an additional register stage after this function.  If there is no registered adder/accumulator following the multiply function, two pipeline stages are suggested to allow both the MREG and PREG registers to be used.  If the DSP48 was instantiated in the design, it is suggested to set both the MREG and PREG attributes to 1 when performing multiply functions.
WARNING: [DRC DPOP-4] MREG Output pipelining: DSP button_top_inst/button_debounce_array[11].button_debounce_inst/counter_inst/count_middleware_reg[1] multiplier stage button_top_inst/button_debounce_array[11].button_debounce_inst/counter_inst/count_middleware_reg[1]/P[47:0] is not pipelined (MREG=0). Pipelining the multiplier function will improve performance and will save significant power so it is suggested whenever possible to fully pipeline this function.  If this multiplier was inferred, it is suggested to describe an additional register stage after this function.  If there is no registered adder/accumulator following the multiply function, two pipeline stages are suggested to allow both the MREG and PREG registers to be used.  If the DSP48 was instantiated in the design, it is suggested to set both the MREG and PREG attributes to 1 when performing multiply functions.
WARNING: [DRC DPOP-4] MREG Output pipelining: DSP button_top_inst/button_debounce_array[11].button_debounce_inst/counter_inst/count_middleware_reg[2] multiplier stage button_top_inst/button_debounce_array[11].button_debounce_inst/counter_inst/count_middleware_reg[2]/P[47:0] is not pipelined (MREG=0). Pipelining the multiplier function will improve performance and will save significant power so it is suggested whenever possible to fully pipeline this function.  If this multiplier was inferred, it is suggested to describe an additional register stage after this function.  If there is no registered adder/accumulator following the multiply function, two pipeline stages are suggested to allow both the MREG and PREG registers to be used.  If the DSP48 was instantiated in the design, it is suggested to set both the MREG and PREG attributes to 1 when performing multiply functions.
WARNING: [DRC DPOP-4] MREG Output pipelining: DSP button_top_inst/button_debounce_array[11].button_debounce_inst/counter_inst/count_middleware_reg[3] multiplier stage button_top_inst/button_debounce_array[11].button_debounce_inst/counter_inst/count_middleware_reg[3]/P[47:0] is not pipelined (MREG=0). Pipelining the multiplier function will improve performance and will save significant power so it is suggested whenever possible to fully pipeline this function.  If this multiplier was inferred, it is suggested to describe an additional register stage after this function.  If there is no registered adder/accumulator following the multiply function, two pipeline stages are suggested to allow both the MREG and PREG registers to be used.  If the DSP48 was instantiated in the design, it is suggested to set both the MREG and PREG attributes to 1 when performing multiply functions.
WARNING: [DRC DPOP-4] MREG Output pipelining: DSP button_top_inst/button_debounce_array[12].button_debounce_inst/counter_inst/ multiplier stage button_top_inst/button_debounce_array[12].button_debounce_inst/counter_inst//P[47:0] is not pipelined (MREG=0). Pipelining the multiplier function will improve performance and will save significant power so it is suggested whenever possible to fully pipeline this function.  If this multiplier was inferred, it is suggested to describe an additional register stage after this function.  If there is no registered adder/accumulator following the multiply function, two pipeline stages are suggested to allow both the MREG and PREG registers to be used.  If the DSP48 was instantiated in the design, it is suggested to set both the MREG and PREG attributes to 1 when performing multiply functions.
WARNING: [DRC DPOP-4] MREG Output pipelining: DSP button_top_inst/button_debounce_array[12].button_debounce_inst/counter_inst/__0 multiplier stage button_top_inst/button_debounce_array[12].button_debounce_inst/counter_inst/__0/P[47:0] is not pipelined (MREG=0). Pipelining the multiplier function will improve performance and will save significant power so it is suggested whenever possible to fully pipeline this function.  If this multiplier was inferred, it is suggested to describe an additional register stage after this function.  If there is no registered adder/accumulator following the multiply function, two pipeline stages are suggested to allow both the MREG and PREG registers to be used.  If the DSP48 was instantiated in the design, it is suggested to set both the MREG and PREG attributes to 1 when performing multiply functions.
WARNING: [DRC DPOP-4] MREG Output pipelining: DSP button_top_inst/button_debounce_array[12].button_debounce_inst/counter_inst/__1 multiplier stage button_top_inst/button_debounce_array[12].button_debounce_inst/counter_inst/__1/P[47:0] is not pipelined (MREG=0). Pipelining the multiplier function will improve performance and will save significant power so it is suggested whenever possible to fully pipeline this function.  If this multiplier was inferred, it is suggested to describe an additional register stage after this function.  If there is no registered adder/accumulator following the multiply function, two pipeline stages are suggested to allow both the MREG and PREG registers to be used.  If the DSP48 was instantiated in the design, it is suggested to set both the MREG and PREG attributes to 1 when performing multiply functions.
WARNING: [DRC DPOP-4] MREG Output pipelining: DSP button_top_inst/button_debounce_array[12].button_debounce_inst/counter_inst/__2 multiplier stage button_top_inst/button_debounce_array[12].button_debounce_inst/counter_inst/__2/P[47:0] is not pipelined (MREG=0). Pipelining the multiplier function will improve performance and will save significant power so it is suggested whenever possible to fully pipeline this function.  If this multiplier was inferred, it is suggested to describe an additional register stage after this function.  If there is no registered adder/accumulator following the multiply function, two pipeline stages are suggested to allow both the MREG and PREG registers to be used.  If the DSP48 was instantiated in the design, it is suggested to set both the MREG and PREG attributes to 1 when performing multiply functions.
WARNING: [DRC DPOP-4] MREG Output pipelining: DSP button_top_inst/button_debounce_array[12].button_debounce_inst/counter_inst/count_middleware_reg[0] multiplier stage button_top_inst/button_debounce_array[12].button_debounce_inst/counter_inst/count_middleware_reg[0]/P[47:0] is not pipelined (MREG=0). Pipelining the multiplier function will improve performance and will save significant power so it is suggested whenever possible to fully pipeline this function.  If this multiplier was inferred, it is suggested to describe an additional register stage after this function.  If there is no registered adder/accumulator following the multiply function, two pipeline stages are suggested to allow both the MREG and PREG registers to be used.  If the DSP48 was instantiated in the design, it is suggested to set both the MREG and PREG attributes to 1 when performing multiply functions.
WARNING: [DRC DPOP-4] MREG Output pipelining: DSP button_top_inst/button_debounce_array[12].button_debounce_inst/counter_inst/count_middleware_reg[1] multiplier stage button_top_inst/button_debounce_array[12].button_debounce_inst/counter_inst/count_middleware_reg[1]/P[47:0] is not pipelined (MREG=0). Pipelining the multiplier function will improve performance and will save significant power so it is suggested whenever possible to fully pipeline this function.  If this multiplier was inferred, it is suggested to describe an additional register stage after this function.  If there is no registered adder/accumulator following the multiply function, two pipeline stages are suggested to allow both the MREG and PREG registers to be used.  If the DSP48 was instantiated in the design, it is suggested to set both the MREG and PREG attributes to 1 when performing multiply functions.
WARNING: [DRC DPOP-4] MREG Output pipelining: DSP button_top_inst/button_debounce_array[12].button_debounce_inst/counter_inst/count_middleware_reg[2] multiplier stage button_top_inst/button_debounce_array[12].button_debounce_inst/counter_inst/count_middleware_reg[2]/P[47:0] is not pipelined (MREG=0). Pipelining the multiplier function will improve performance and will save significant power so it is suggested whenever possible to fully pipeline this function.  If this multiplier was inferred, it is suggested to describe an additional register stage after this function.  If there is no registered adder/accumulator following the multiply function, two pipeline stages are suggested to allow both the MREG and PREG registers to be used.  If the DSP48 was instantiated in the design, it is suggested to set both the MREG and PREG attributes to 1 when performing multiply functions.
WARNING: [DRC DPOP-4] MREG Output pipelining: DSP button_top_inst/button_debounce_array[12].button_debounce_inst/counter_inst/count_middleware_reg[3] multiplier stage button_top_inst/button_debounce_array[12].button_debounce_inst/counter_inst/count_middleware_reg[3]/P[47:0] is not pipelined (MREG=0). Pipelining the multiplier function will improve performance and will save significant power so it is suggested whenever possible to fully pipeline this function.  If this multiplier was inferred, it is suggested to describe an additional register stage after this function.  If there is no registered adder/accumulator following the multiply function, two pipeline stages are suggested to allow both the MREG and PREG registers to be used.  If the DSP48 was instantiated in the design, it is suggested to set both the MREG and PREG attributes to 1 when performing multiply functions.
WARNING: [DRC DPOP-4] MREG Output pipelining: DSP button_top_inst/button_debounce_array[13].button_debounce_inst/counter_inst/ multiplier stage button_top_inst/button_debounce_array[13].button_debounce_inst/counter_inst//P[47:0] is not pipelined (MREG=0). Pipelining the multiplier function will improve performance and will save significant power so it is suggested whenever possible to fully pipeline this function.  If this multiplier was inferred, it is suggested to describe an additional register stage after this function.  If there is no registered adder/accumulator following the multiply function, two pipeline stages are suggested to allow both the MREG and PREG registers to be used.  If the DSP48 was instantiated in the design, it is suggested to set both the MREG and PREG attributes to 1 when performing multiply functions.
WARNING: [DRC DPOP-4] MREG Output pipelining: DSP button_top_inst/button_debounce_array[13].button_debounce_inst/counter_inst/__0 multiplier stage button_top_inst/button_debounce_array[13].button_debounce_inst/counter_inst/__0/P[47:0] is not pipelined (MREG=0). Pipelining the multiplier function will improve performance and will save significant power so it is suggested whenever possible to fully pipeline this function.  If this multiplier was inferred, it is suggested to describe an additional register stage after this function.  If there is no registered adder/accumulator following the multiply function, two pipeline stages are suggested to allow both the MREG and PREG registers to be used.  If the DSP48 was instantiated in the design, it is suggested to set both the MREG and PREG attributes to 1 when performing multiply functions.
WARNING: [DRC DPOP-4] MREG Output pipelining: DSP button_top_inst/button_debounce_array[13].button_debounce_inst/counter_inst/__1 multiplier stage button_top_inst/button_debounce_array[13].button_debounce_inst/counter_inst/__1/P[47:0] is not pipelined (MREG=0). Pipelining the multiplier function will improve performance and will save significant power so it is suggested whenever possible to fully pipeline this function.  If this multiplier was inferred, it is suggested to describe an additional register stage after this function.  If there is no registered adder/accumulator following the multiply function, two pipeline stages are suggested to allow both the MREG and PREG registers to be used.  If the DSP48 was instantiated in the design, it is suggested to set both the MREG and PREG attributes to 1 when performing multiply functions.
WARNING: [DRC DPOP-4] MREG Output pipelining: DSP button_top_inst/button_debounce_array[13].button_debounce_inst/counter_inst/__2 multiplier stage button_top_inst/button_debounce_array[13].button_debounce_inst/counter_inst/__2/P[47:0] is not pipelined (MREG=0). Pipelining the multiplier function will improve performance and will save significant power so it is suggested whenever possible to fully pipeline this function.  If this multiplier was inferred, it is suggested to describe an additional register stage after this function.  If there is no registered adder/accumulator following the multiply function, two pipeline stages are suggested to allow both the MREG and PREG registers to be used.  If the DSP48 was instantiated in the design, it is suggested to set both the MREG and PREG attributes to 1 when performing multiply functions.
WARNING: [DRC DPOP-4] MREG Output pipelining: DSP button_top_inst/button_debounce_array[13].button_debounce_inst/counter_inst/count_middleware_reg[0] multiplier stage button_top_inst/button_debounce_array[13].button_debounce_inst/counter_inst/count_middleware_reg[0]/P[47:0] is not pipelined (MREG=0). Pipelining the multiplier function will improve performance and will save significant power so it is suggested whenever possible to fully pipeline this function.  If this multiplier was inferred, it is suggested to describe an additional register stage after this function.  If there is no registered adder/accumulator following the multiply function, two pipeline stages are suggested to allow both the MREG and PREG registers to be used.  If the DSP48 was instantiated in the design, it is suggested to set both the MREG and PREG attributes to 1 when performing multiply functions.
WARNING: [DRC DPOP-4] MREG Output pipelining: DSP button_top_inst/button_debounce_array[13].button_debounce_inst/counter_inst/count_middleware_reg[1] multiplier stage button_top_inst/button_debounce_array[13].button_debounce_inst/counter_inst/count_middleware_reg[1]/P[47:0] is not pipelined (MREG=0). Pipelining the multiplier function will improve performance and will save significant power so it is suggested whenever possible to fully pipeline this function.  If this multiplier was inferred, it is suggested to describe an additional register stage after this function.  If there is no registered adder/accumulator following the multiply function, two pipeline stages are suggested to allow both the MREG and PREG registers to be used.  If the DSP48 was instantiated in the design, it is suggested to set both the MREG and PREG attributes to 1 when performing multiply functions.
WARNING: [DRC DPOP-4] MREG Output pipelining: DSP button_top_inst/button_debounce_array[13].button_debounce_inst/counter_inst/count_middleware_reg[2] multiplier stage button_top_inst/button_debounce_array[13].button_debounce_inst/counter_inst/count_middleware_reg[2]/P[47:0] is not pipelined (MREG=0). Pipelining the multiplier function will improve performance and will save significant power so it is suggested whenever possible to fully pipeline this function.  If this multiplier was inferred, it is suggested to describe an additional register stage after this function.  If there is no registered adder/accumulator following the multiply function, two pipeline stages are suggested to allow both the MREG and PREG registers to be used.  If the DSP48 was instantiated in the design, it is suggested to set both the MREG and PREG attributes to 1 when performing multiply functions.
WARNING: [DRC DPOP-4] MREG Output pipelining: DSP button_top_inst/button_debounce_array[13].button_debounce_inst/counter_inst/count_middleware_reg[3] multiplier stage button_top_inst/button_debounce_array[13].button_debounce_inst/counter_inst/count_middleware_reg[3]/P[47:0] is not pipelined (MREG=0). Pipelining the multiplier function will improve performance and will save significant power so it is suggested whenever possible to fully pipeline this function.  If this multiplier was inferred, it is suggested to describe an additional register stage after this function.  If there is no registered adder/accumulator following the multiply function, two pipeline stages are suggested to allow both the MREG and PREG registers to be used.  If the DSP48 was instantiated in the design, it is suggested to set both the MREG and PREG attributes to 1 when performing multiply functions.
WARNING: [DRC DPOP-4] MREG Output pipelining: DSP button_top_inst/button_debounce_array[14].button_debounce_inst/counter_inst/ multiplier stage button_top_inst/button_debounce_array[14].button_debounce_inst/counter_inst//P[47:0] is not pipelined (MREG=0). Pipelining the multiplier function will improve performance and will save significant power so it is suggested whenever possible to fully pipeline this function.  If this multiplier was inferred, it is suggested to describe an additional register stage after this function.  If there is no registered adder/accumulator following the multiply function, two pipeline stages are suggested to allow both the MREG and PREG registers to be used.  If the DSP48 was instantiated in the design, it is suggested to set both the MREG and PREG attributes to 1 when performing multiply functions.
WARNING: [DRC DPOP-4] MREG Output pipelining: DSP button_top_inst/button_debounce_array[14].button_debounce_inst/counter_inst/__0 multiplier stage button_top_inst/button_debounce_array[14].button_debounce_inst/counter_inst/__0/P[47:0] is not pipelined (MREG=0). Pipelining the multiplier function will improve performance and will save significant power so it is suggested whenever possible to fully pipeline this function.  If this multiplier was inferred, it is suggested to describe an additional register stage after this function.  If there is no registered adder/accumulator following the multiply function, two pipeline stages are suggested to allow both the MREG and PREG registers to be used.  If the DSP48 was instantiated in the design, it is suggested to set both the MREG and PREG attributes to 1 when performing multiply functions.
WARNING: [DRC DPOP-4] MREG Output pipelining: DSP button_top_inst/button_debounce_array[14].button_debounce_inst/counter_inst/__1 multiplier stage button_top_inst/button_debounce_array[14].button_debounce_inst/counter_inst/__1/P[47:0] is not pipelined (MREG=0). Pipelining the multiplier function will improve performance and will save significant power so it is suggested whenever possible to fully pipeline this function.  If this multiplier was inferred, it is suggested to describe an additional register stage after this function.  If there is no registered adder/accumulator following the multiply function, two pipeline stages are suggested to allow both the MREG and PREG registers to be used.  If the DSP48 was instantiated in the design, it is suggested to set both the MREG and PREG attributes to 1 when performing multiply functions.
WARNING: [DRC DPOP-4] MREG Output pipelining: DSP button_top_inst/button_debounce_array[14].button_debounce_inst/counter_inst/__2 multiplier stage button_top_inst/button_debounce_array[14].button_debounce_inst/counter_inst/__2/P[47:0] is not pipelined (MREG=0). Pipelining the multiplier function will improve performance and will save significant power so it is suggested whenever possible to fully pipeline this function.  If this multiplier was inferred, it is suggested to describe an additional register stage after this function.  If there is no registered adder/accumulator following the multiply function, two pipeline stages are suggested to allow both the MREG and PREG registers to be used.  If the DSP48 was instantiated in the design, it is suggested to set both the MREG and PREG attributes to 1 when performing multiply functions.
WARNING: [DRC DPOP-4] MREG Output pipelining: DSP button_top_inst/button_debounce_array[14].button_debounce_inst/counter_inst/count_middleware_reg[0] multiplier stage button_top_inst/button_debounce_array[14].button_debounce_inst/counter_inst/count_middleware_reg[0]/P[47:0] is not pipelined (MREG=0). Pipelining the multiplier function will improve performance and will save significant power so it is suggested whenever possible to fully pipeline this function.  If this multiplier was inferred, it is suggested to describe an additional register stage after this function.  If there is no registered adder/accumulator following the multiply function, two pipeline stages are suggested to allow both the MREG and PREG registers to be used.  If the DSP48 was instantiated in the design, it is suggested to set both the MREG and PREG attributes to 1 when performing multiply functions.
WARNING: [DRC DPOP-4] MREG Output pipelining: DSP button_top_inst/button_debounce_array[14].button_debounce_inst/counter_inst/count_middleware_reg[1] multiplier stage button_top_inst/button_debounce_array[14].button_debounce_inst/counter_inst/count_middleware_reg[1]/P[47:0] is not pipelined (MREG=0). Pipelining the multiplier function will improve performance and will save significant power so it is suggested whenever possible to fully pipeline this function.  If this multiplier was inferred, it is suggested to describe an additional register stage after this function.  If there is no registered adder/accumulator following the multiply function, two pipeline stages are suggested to allow both the MREG and PREG registers to be used.  If the DSP48 was instantiated in the design, it is suggested to set both the MREG and PREG attributes to 1 when performing multiply functions.
WARNING: [DRC DPOP-4] MREG Output pipelining: DSP button_top_inst/button_debounce_array[14].button_debounce_inst/counter_inst/count_middleware_reg[2] multiplier stage button_top_inst/button_debounce_array[14].button_debounce_inst/counter_inst/count_middleware_reg[2]/P[47:0] is not pipelined (MREG=0). Pipelining the multiplier function will improve performance and will save significant power so it is suggested whenever possible to fully pipeline this function.  If this multiplier was inferred, it is suggested to describe an additional register stage after this function.  If there is no registered adder/accumulator following the multiply function, two pipeline stages are suggested to allow both the MREG and PREG registers to be used.  If the DSP48 was instantiated in the design, it is suggested to set both the MREG and PREG attributes to 1 when performing multiply functions.
WARNING: [DRC DPOP-4] MREG Output pipelining: DSP button_top_inst/button_debounce_array[14].button_debounce_inst/counter_inst/count_middleware_reg[3] multiplier stage button_top_inst/button_debounce_array[14].button_debounce_inst/counter_inst/count_middleware_reg[3]/P[47:0] is not pipelined (MREG=0). Pipelining the multiplier function will improve performance and will save significant power so it is suggested whenever possible to fully pipeline this function.  If this multiplier was inferred, it is suggested to describe an additional register stage after this function.  If there is no registered adder/accumulator following the multiply function, two pipeline stages are suggested to allow both the MREG and PREG registers to be used.  If the DSP48 was instantiated in the design, it is suggested to set both the MREG and PREG attributes to 1 when performing multiply functions.
WARNING: [DRC DPOP-4] MREG Output pipelining: DSP button_top_inst/button_debounce_array[15].button_debounce_inst/counter_inst/ multiplier stage button_top_inst/button_debounce_array[15].button_debounce_inst/counter_inst//P[47:0] is not pipelined (MREG=0). Pipelining the multiplier function will improve performance and will save significant power so it is suggested whenever possible to fully pipeline this function.  If this multiplier was inferred, it is suggested to describe an additional register stage after this function.  If there is no registered adder/accumulator following the multiply function, two pipeline stages are suggested to allow both the MREG and PREG registers to be used.  If the DSP48 was instantiated in the design, it is suggested to set both the MREG and PREG attributes to 1 when performing multiply functions.
WARNING: [DRC DPOP-4] MREG Output pipelining: DSP button_top_inst/button_debounce_array[15].button_debounce_inst/counter_inst/__0 multiplier stage button_top_inst/button_debounce_array[15].button_debounce_inst/counter_inst/__0/P[47:0] is not pipelined (MREG=0). Pipelining the multiplier function will improve performance and will save significant power so it is suggested whenever possible to fully pipeline this function.  If this multiplier was inferred, it is suggested to describe an additional register stage after this function.  If there is no registered adder/accumulator following the multiply function, two pipeline stages are suggested to allow both the MREG and PREG registers to be used.  If the DSP48 was instantiated in the design, it is suggested to set both the MREG and PREG attributes to 1 when performing multiply functions.
WARNING: [DRC DPOP-4] MREG Output pipelining: DSP button_top_inst/button_debounce_array[15].button_debounce_inst/counter_inst/__1 multiplier stage button_top_inst/button_debounce_array[15].button_debounce_inst/counter_inst/__1/P[47:0] is not pipelined (MREG=0). Pipelining the multiplier function will improve performance and will save significant power so it is suggested whenever possible to fully pipeline this function.  If this multiplier was inferred, it is suggested to describe an additional register stage after this function.  If there is no registered adder/accumulator following the multiply function, two pipeline stages are suggested to allow both the MREG and PREG registers to be used.  If the DSP48 was instantiated in the design, it is suggested to set both the MREG and PREG attributes to 1 when performing multiply functions.
WARNING: [DRC DPOP-4] MREG Output pipelining: DSP button_top_inst/button_debounce_array[15].button_debounce_inst/counter_inst/__2 multiplier stage button_top_inst/button_debounce_array[15].button_debounce_inst/counter_inst/__2/P[47:0] is not pipelined (MREG=0). Pipelining the multiplier function will improve performance and will save significant power so it is suggested whenever possible to fully pipeline this function.  If this multiplier was inferred, it is suggested to describe an additional register stage after this function.  If there is no registered adder/accumulator following the multiply function, two pipeline stages are suggested to allow both the MREG and PREG registers to be used.  If the DSP48 was instantiated in the design, it is suggested to set both the MREG and PREG attributes to 1 when performing multiply functions.
WARNING: [DRC DPOP-4] MREG Output pipelining: DSP button_top_inst/button_debounce_array[15].button_debounce_inst/counter_inst/count_middleware_reg[0] multiplier stage button_top_inst/button_debounce_array[15].button_debounce_inst/counter_inst/count_middleware_reg[0]/P[47:0] is not pipelined (MREG=0). Pipelining the multiplier function will improve performance and will save significant power so it is suggested whenever possible to fully pipeline this function.  If this multiplier was inferred, it is suggested to describe an additional register stage after this function.  If there is no registered adder/accumulator following the multiply function, two pipeline stages are suggested to allow both the MREG and PREG registers to be used.  If the DSP48 was instantiated in the design, it is suggested to set both the MREG and PREG attributes to 1 when performing multiply functions.
WARNING: [DRC DPOP-4] MREG Output pipelining: DSP button_top_inst/button_debounce_array[15].button_debounce_inst/counter_inst/count_middleware_reg[1] multiplier stage button_top_inst/button_debounce_array[15].button_debounce_inst/counter_inst/count_middleware_reg[1]/P[47:0] is not pipelined (MREG=0). Pipelining the multiplier function will improve performance and will save significant power so it is suggested whenever possible to fully pipeline this function.  If this multiplier was inferred, it is suggested to describe an additional register stage after this function.  If there is no registered adder/accumulator following the multiply function, two pipeline stages are suggested to allow both the MREG and PREG registers to be used.  If the DSP48 was instantiated in the design, it is suggested to set both the MREG and PREG attributes to 1 when performing multiply functions.
WARNING: [DRC DPOP-4] MREG Output pipelining: DSP button_top_inst/button_debounce_array[15].button_debounce_inst/counter_inst/count_middleware_reg[2] multiplier stage button_top_inst/button_debounce_array[15].button_debounce_inst/counter_inst/count_middleware_reg[2]/P[47:0] is not pipelined (MREG=0). Pipelining the multiplier function will improve performance and will save significant power so it is suggested whenever possible to fully pipeline this function.  If this multiplier was inferred, it is suggested to describe an additional register stage after this function.  If there is no registered adder/accumulator following the multiply function, two pipeline stages are suggested to allow both the MREG and PREG registers to be used.  If the DSP48 was instantiated in the design, it is suggested to set both the MREG and PREG attributes to 1 when performing multiply functions.
WARNING: [DRC DPOP-4] MREG Output pipelining: DSP button_top_inst/button_debounce_array[15].button_debounce_inst/counter_inst/count_middleware_reg[3] multiplier stage button_top_inst/button_debounce_array[15].button_debounce_inst/counter_inst/count_middleware_reg[3]/P[47:0] is not pipelined (MREG=0). Pipelining the multiplier function will improve performance and will save significant power so it is suggested whenever possible to fully pipeline this function.  If this multiplier was inferred, it is suggested to describe an additional register stage after this function.  If there is no registered adder/accumulator following the multiply function, two pipeline stages are suggested to allow both the MREG and PREG registers to be used.  If the DSP48 was instantiated in the design, it is suggested to set both the MREG and PREG attributes to 1 when performing multiply functions.
WARNING: [DRC DPOP-4] MREG Output pipelining: DSP button_top_inst/button_debounce_array[16].button_debounce_inst/counter_inst/ multiplier stage button_top_inst/button_debounce_array[16].button_debounce_inst/counter_inst//P[47:0] is not pipelined (MREG=0). Pipelining the multiplier function will improve performance and will save significant power so it is suggested whenever possible to fully pipeline this function.  If this multiplier was inferred, it is suggested to describe an additional register stage after this function.  If there is no registered adder/accumulator following the multiply function, two pipeline stages are suggested to allow both the MREG and PREG registers to be used.  If the DSP48 was instantiated in the design, it is suggested to set both the MREG and PREG attributes to 1 when performing multiply functions.
WARNING: [DRC DPOP-4] MREG Output pipelining: DSP button_top_inst/button_debounce_array[16].button_debounce_inst/counter_inst/__0 multiplier stage button_top_inst/button_debounce_array[16].button_debounce_inst/counter_inst/__0/P[47:0] is not pipelined (MREG=0). Pipelining the multiplier function will improve performance and will save significant power so it is suggested whenever possible to fully pipeline this function.  If this multiplier was inferred, it is suggested to describe an additional register stage after this function.  If there is no registered adder/accumulator following the multiply function, two pipeline stages are suggested to allow both the MREG and PREG registers to be used.  If the DSP48 was instantiated in the design, it is suggested to set both the MREG and PREG attributes to 1 when performing multiply functions.
WARNING: [DRC DPOP-4] MREG Output pipelining: DSP button_top_inst/button_debounce_array[16].button_debounce_inst/counter_inst/__1 multiplier stage button_top_inst/button_debounce_array[16].button_debounce_inst/counter_inst/__1/P[47:0] is not pipelined (MREG=0). Pipelining the multiplier function will improve performance and will save significant power so it is suggested whenever possible to fully pipeline this function.  If this multiplier was inferred, it is suggested to describe an additional register stage after this function.  If there is no registered adder/accumulator following the multiply function, two pipeline stages are suggested to allow both the MREG and PREG registers to be used.  If the DSP48 was instantiated in the design, it is suggested to set both the MREG and PREG attributes to 1 when performing multiply functions.
WARNING: [DRC DPOP-4] MREG Output pipelining: DSP button_top_inst/button_debounce_array[16].button_debounce_inst/counter_inst/__2 multiplier stage button_top_inst/button_debounce_array[16].button_debounce_inst/counter_inst/__2/P[47:0] is not pipelined (MREG=0). Pipelining the multiplier function will improve performance and will save significant power so it is suggested whenever possible to fully pipeline this function.  If this multiplier was inferred, it is suggested to describe an additional register stage after this function.  If there is no registered adder/accumulator following the multiply function, two pipeline stages are suggested to allow both the MREG and PREG registers to be used.  If the DSP48 was instantiated in the design, it is suggested to set both the MREG and PREG attributes to 1 when performing multiply functions.
WARNING: [DRC DPOP-4] MREG Output pipelining: DSP button_top_inst/button_debounce_array[16].button_debounce_inst/counter_inst/count_middleware_reg[0] multiplier stage button_top_inst/button_debounce_array[16].button_debounce_inst/counter_inst/count_middleware_reg[0]/P[47:0] is not pipelined (MREG=0). Pipelining the multiplier function will improve performance and will save significant power so it is suggested whenever possible to fully pipeline this function.  If this multiplier was inferred, it is suggested to describe an additional register stage after this function.  If there is no registered adder/accumulator following the multiply function, two pipeline stages are suggested to allow both the MREG and PREG registers to be used.  If the DSP48 was instantiated in the design, it is suggested to set both the MREG and PREG attributes to 1 when performing multiply functions.
WARNING: [DRC DPOP-4] MREG Output pipelining: DSP button_top_inst/button_debounce_array[16].button_debounce_inst/counter_inst/count_middleware_reg[1] multiplier stage button_top_inst/button_debounce_array[16].button_debounce_inst/counter_inst/count_middleware_reg[1]/P[47:0] is not pipelined (MREG=0). Pipelining the multiplier function will improve performance and will save significant power so it is suggested whenever possible to fully pipeline this function.  If this multiplier was inferred, it is suggested to describe an additional register stage after this function.  If there is no registered adder/accumulator following the multiply function, two pipeline stages are suggested to allow both the MREG and PREG registers to be used.  If the DSP48 was instantiated in the design, it is suggested to set both the MREG and PREG attributes to 1 when performing multiply functions.
WARNING: [DRC DPOP-4] MREG Output pipelining: DSP button_top_inst/button_debounce_array[16].button_debounce_inst/counter_inst/count_middleware_reg[2] multiplier stage button_top_inst/button_debounce_array[16].button_debounce_inst/counter_inst/count_middleware_reg[2]/P[47:0] is not pipelined (MREG=0). Pipelining the multiplier function will improve performance and will save significant power so it is suggested whenever possible to fully pipeline this function.  If this multiplier was inferred, it is suggested to describe an additional register stage after this function.  If there is no registered adder/accumulator following the multiply function, two pipeline stages are suggested to allow both the MREG and PREG registers to be used.  If the DSP48 was instantiated in the design, it is suggested to set both the MREG and PREG attributes to 1 when performing multiply functions.
WARNING: [DRC DPOP-4] MREG Output pipelining: DSP button_top_inst/button_debounce_array[16].button_debounce_inst/counter_inst/count_middleware_reg[3] multiplier stage button_top_inst/button_debounce_array[16].button_debounce_inst/counter_inst/count_middleware_reg[3]/P[47:0] is not pipelined (MREG=0). Pipelining the multiplier function will improve performance and will save significant power so it is suggested whenever possible to fully pipeline this function.  If this multiplier was inferred, it is suggested to describe an additional register stage after this function.  If there is no registered adder/accumulator following the multiply function, two pipeline stages are suggested to allow both the MREG and PREG registers to be used.  If the DSP48 was instantiated in the design, it is suggested to set both the MREG and PREG attributes to 1 when performing multiply functions.
WARNING: [DRC DPOP-4] MREG Output pipelining: DSP button_top_inst/button_debounce_array[17].button_debounce_inst/counter_inst/ multiplier stage button_top_inst/button_debounce_array[17].button_debounce_inst/counter_inst//P[47:0] is not pipelined (MREG=0). Pipelining the multiplier function will improve performance and will save significant power so it is suggested whenever possible to fully pipeline this function.  If this multiplier was inferred, it is suggested to describe an additional register stage after this function.  If there is no registered adder/accumulator following the multiply function, two pipeline stages are suggested to allow both the MREG and PREG registers to be used.  If the DSP48 was instantiated in the design, it is suggested to set both the MREG and PREG attributes to 1 when performing multiply functions.
WARNING: [DRC DPOP-4] MREG Output pipelining: DSP button_top_inst/button_debounce_array[17].button_debounce_inst/counter_inst/__0 multiplier stage button_top_inst/button_debounce_array[17].button_debounce_inst/counter_inst/__0/P[47:0] is not pipelined (MREG=0). Pipelining the multiplier function will improve performance and will save significant power so it is suggested whenever possible to fully pipeline this function.  If this multiplier was inferred, it is suggested to describe an additional register stage after this function.  If there is no registered adder/accumulator following the multiply function, two pipeline stages are suggested to allow both the MREG and PREG registers to be used.  If the DSP48 was instantiated in the design, it is suggested to set both the MREG and PREG attributes to 1 when performing multiply functions.
WARNING: [DRC DPOP-4] MREG Output pipelining: DSP button_top_inst/button_debounce_array[17].button_debounce_inst/counter_inst/__1 multiplier stage button_top_inst/button_debounce_array[17].button_debounce_inst/counter_inst/__1/P[47:0] is not pipelined (MREG=0). Pipelining the multiplier function will improve performance and will save significant power so it is suggested whenever possible to fully pipeline this function.  If this multiplier was inferred, it is suggested to describe an additional register stage after this function.  If there is no registered adder/accumulator following the multiply function, two pipeline stages are suggested to allow both the MREG and PREG registers to be used.  If the DSP48 was instantiated in the design, it is suggested to set both the MREG and PREG attributes to 1 when performing multiply functions.
WARNING: [DRC DPOP-4] MREG Output pipelining: DSP button_top_inst/button_debounce_array[17].button_debounce_inst/counter_inst/__2 multiplier stage button_top_inst/button_debounce_array[17].button_debounce_inst/counter_inst/__2/P[47:0] is not pipelined (MREG=0). Pipelining the multiplier function will improve performance and will save significant power so it is suggested whenever possible to fully pipeline this function.  If this multiplier was inferred, it is suggested to describe an additional register stage after this function.  If there is no registered adder/accumulator following the multiply function, two pipeline stages are suggested to allow both the MREG and PREG registers to be used.  If the DSP48 was instantiated in the design, it is suggested to set both the MREG and PREG attributes to 1 when performing multiply functions.
WARNING: [DRC DPOP-4] MREG Output pipelining: DSP button_top_inst/button_debounce_array[17].button_debounce_inst/counter_inst/count_middleware_reg[0] multiplier stage button_top_inst/button_debounce_array[17].button_debounce_inst/counter_inst/count_middleware_reg[0]/P[47:0] is not pipelined (MREG=0). Pipelining the multiplier function will improve performance and will save significant power so it is suggested whenever possible to fully pipeline this function.  If this multiplier was inferred, it is suggested to describe an additional register stage after this function.  If there is no registered adder/accumulator following the multiply function, two pipeline stages are suggested to allow both the MREG and PREG registers to be used.  If the DSP48 was instantiated in the design, it is suggested to set both the MREG and PREG attributes to 1 when performing multiply functions.
WARNING: [DRC DPOP-4] MREG Output pipelining: DSP button_top_inst/button_debounce_array[17].button_debounce_inst/counter_inst/count_middleware_reg[1] multiplier stage button_top_inst/button_debounce_array[17].button_debounce_inst/counter_inst/count_middleware_reg[1]/P[47:0] is not pipelined (MREG=0). Pipelining the multiplier function will improve performance and will save significant power so it is suggested whenever possible to fully pipeline this function.  If this multiplier was inferred, it is suggested to describe an additional register stage after this function.  If there is no registered adder/accumulator following the multiply function, two pipeline stages are suggested to allow both the MREG and PREG registers to be used.  If the DSP48 was instantiated in the design, it is suggested to set both the MREG and PREG attributes to 1 when performing multiply functions.
WARNING: [DRC DPOP-4] MREG Output pipelining: DSP button_top_inst/button_debounce_array[17].button_debounce_inst/counter_inst/count_middleware_reg[2] multiplier stage button_top_inst/button_debounce_array[17].button_debounce_inst/counter_inst/count_middleware_reg[2]/P[47:0] is not pipelined (MREG=0). Pipelining the multiplier function will improve performance and will save significant power so it is suggested whenever possible to fully pipeline this function.  If this multiplier was inferred, it is suggested to describe an additional register stage after this function.  If there is no registered adder/accumulator following the multiply function, two pipeline stages are suggested to allow both the MREG and PREG registers to be used.  If the DSP48 was instantiated in the design, it is suggested to set both the MREG and PREG attributes to 1 when performing multiply functions.
WARNING: [DRC DPOP-4] MREG Output pipelining: DSP button_top_inst/button_debounce_array[17].button_debounce_inst/counter_inst/count_middleware_reg[3] multiplier stage button_top_inst/button_debounce_array[17].button_debounce_inst/counter_inst/count_middleware_reg[3]/P[47:0] is not pipelined (MREG=0). Pipelining the multiplier function will improve performance and will save significant power so it is suggested whenever possible to fully pipeline this function.  If this multiplier was inferred, it is suggested to describe an additional register stage after this function.  If there is no registered adder/accumulator following the multiply function, two pipeline stages are suggested to allow both the MREG and PREG registers to be used.  If the DSP48 was instantiated in the design, it is suggested to set both the MREG and PREG attributes to 1 when performing multiply functions.
WARNING: [DRC DPOP-4] MREG Output pipelining: DSP button_top_inst/button_debounce_array[18].button_debounce_inst/counter_inst/ multiplier stage button_top_inst/button_debounce_array[18].button_debounce_inst/counter_inst//P[47:0] is not pipelined (MREG=0). Pipelining the multiplier function will improve performance and will save significant power so it is suggested whenever possible to fully pipeline this function.  If this multiplier was inferred, it is suggested to describe an additional register stage after this function.  If there is no registered adder/accumulator following the multiply function, two pipeline stages are suggested to allow both the MREG and PREG registers to be used.  If the DSP48 was instantiated in the design, it is suggested to set both the MREG and PREG attributes to 1 when performing multiply functions.
WARNING: [DRC DPOP-4] MREG Output pipelining: DSP button_top_inst/button_debounce_array[18].button_debounce_inst/counter_inst/__0 multiplier stage button_top_inst/button_debounce_array[18].button_debounce_inst/counter_inst/__0/P[47:0] is not pipelined (MREG=0). Pipelining the multiplier function will improve performance and will save significant power so it is suggested whenever possible to fully pipeline this function.  If this multiplier was inferred, it is suggested to describe an additional register stage after this function.  If there is no registered adder/accumulator following the multiply function, two pipeline stages are suggested to allow both the MREG and PREG registers to be used.  If the DSP48 was instantiated in the design, it is suggested to set both the MREG and PREG attributes to 1 when performing multiply functions.
WARNING: [DRC DPOP-4] MREG Output pipelining: DSP button_top_inst/button_debounce_array[18].button_debounce_inst/counter_inst/__1 multiplier stage button_top_inst/button_debounce_array[18].button_debounce_inst/counter_inst/__1/P[47:0] is not pipelined (MREG=0). Pipelining the multiplier function will improve performance and will save significant power so it is suggested whenever possible to fully pipeline this function.  If this multiplier was inferred, it is suggested to describe an additional register stage after this function.  If there is no registered adder/accumulator following the multiply function, two pipeline stages are suggested to allow both the MREG and PREG registers to be used.  If the DSP48 was instantiated in the design, it is suggested to set both the MREG and PREG attributes to 1 when performing multiply functions.
WARNING: [DRC DPOP-4] MREG Output pipelining: DSP button_top_inst/button_debounce_array[18].button_debounce_inst/counter_inst/__2 multiplier stage button_top_inst/button_debounce_array[18].button_debounce_inst/counter_inst/__2/P[47:0] is not pipelined (MREG=0). Pipelining the multiplier function will improve performance and will save significant power so it is suggested whenever possible to fully pipeline this function.  If this multiplier was inferred, it is suggested to describe an additional register stage after this function.  If there is no registered adder/accumulator following the multiply function, two pipeline stages are suggested to allow both the MREG and PREG registers to be used.  If the DSP48 was instantiated in the design, it is suggested to set both the MREG and PREG attributes to 1 when performing multiply functions.
WARNING: [DRC DPOP-4] MREG Output pipelining: DSP button_top_inst/button_debounce_array[18].button_debounce_inst/counter_inst/count_middleware_reg[0] multiplier stage button_top_inst/button_debounce_array[18].button_debounce_inst/counter_inst/count_middleware_reg[0]/P[47:0] is not pipelined (MREG=0). Pipelining the multiplier function will improve performance and will save significant power so it is suggested whenever possible to fully pipeline this function.  If this multiplier was inferred, it is suggested to describe an additional register stage after this function.  If there is no registered adder/accumulator following the multiply function, two pipeline stages are suggested to allow both the MREG and PREG registers to be used.  If the DSP48 was instantiated in the design, it is suggested to set both the MREG and PREG attributes to 1 when performing multiply functions.
WARNING: [DRC DPOP-4] MREG Output pipelining: DSP button_top_inst/button_debounce_array[18].button_debounce_inst/counter_inst/count_middleware_reg[1] multiplier stage button_top_inst/button_debounce_array[18].button_debounce_inst/counter_inst/count_middleware_reg[1]/P[47:0] is not pipelined (MREG=0). Pipelining the multiplier function will improve performance and will save significant power so it is suggested whenever possible to fully pipeline this function.  If this multiplier was inferred, it is suggested to describe an additional register stage after this function.  If there is no registered adder/accumulator following the multiply function, two pipeline stages are suggested to allow both the MREG and PREG registers to be used.  If the DSP48 was instantiated in the design, it is suggested to set both the MREG and PREG attributes to 1 when performing multiply functions.
WARNING: [DRC DPOP-4] MREG Output pipelining: DSP button_top_inst/button_debounce_array[18].button_debounce_inst/counter_inst/count_middleware_reg[2] multiplier stage button_top_inst/button_debounce_array[18].button_debounce_inst/counter_inst/count_middleware_reg[2]/P[47:0] is not pipelined (MREG=0). Pipelining the multiplier function will improve performance and will save significant power so it is suggested whenever possible to fully pipeline this function.  If this multiplier was inferred, it is suggested to describe an additional register stage after this function.  If there is no registered adder/accumulator following the multiply function, two pipeline stages are suggested to allow both the MREG and PREG registers to be used.  If the DSP48 was instantiated in the design, it is suggested to set both the MREG and PREG attributes to 1 when performing multiply functions.
WARNING: [DRC DPOP-4] MREG Output pipelining: DSP button_top_inst/button_debounce_array[18].button_debounce_inst/counter_inst/count_middleware_reg[3] multiplier stage button_top_inst/button_debounce_array[18].button_debounce_inst/counter_inst/count_middleware_reg[3]/P[47:0] is not pipelined (MREG=0). Pipelining the multiplier function will improve performance and will save significant power so it is suggested whenever possible to fully pipeline this function.  If this multiplier was inferred, it is suggested to describe an additional register stage after this function.  If there is no registered adder/accumulator following the multiply function, two pipeline stages are suggested to allow both the MREG and PREG registers to be used.  If the DSP48 was instantiated in the design, it is suggested to set both the MREG and PREG attributes to 1 when performing multiply functions.
WARNING: [DRC DPOP-4] MREG Output pipelining: DSP button_top_inst/button_debounce_array[19].button_debounce_inst/counter_inst/ multiplier stage button_top_inst/button_debounce_array[19].button_debounce_inst/counter_inst//P[47:0] is not pipelined (MREG=0). Pipelining the multiplier function will improve performance and will save significant power so it is suggested whenever possible to fully pipeline this function.  If this multiplier was inferred, it is suggested to describe an additional register stage after this function.  If there is no registered adder/accumulator following the multiply function, two pipeline stages are suggested to allow both the MREG and PREG registers to be used.  If the DSP48 was instantiated in the design, it is suggested to set both the MREG and PREG attributes to 1 when performing multiply functions.
WARNING: [DRC DPOP-4] MREG Output pipelining: DSP button_top_inst/button_debounce_array[19].button_debounce_inst/counter_inst/__0 multiplier stage button_top_inst/button_debounce_array[19].button_debounce_inst/counter_inst/__0/P[47:0] is not pipelined (MREG=0). Pipelining the multiplier function will improve performance and will save significant power so it is suggested whenever possible to fully pipeline this function.  If this multiplier was inferred, it is suggested to describe an additional register stage after this function.  If there is no registered adder/accumulator following the multiply function, two pipeline stages are suggested to allow both the MREG and PREG registers to be used.  If the DSP48 was instantiated in the design, it is suggested to set both the MREG and PREG attributes to 1 when performing multiply functions.
WARNING: [DRC DPOP-4] MREG Output pipelining: DSP button_top_inst/button_debounce_array[19].button_debounce_inst/counter_inst/__1 multiplier stage button_top_inst/button_debounce_array[19].button_debounce_inst/counter_inst/__1/P[47:0] is not pipelined (MREG=0). Pipelining the multiplier function will improve performance and will save significant power so it is suggested whenever possible to fully pipeline this function.  If this multiplier was inferred, it is suggested to describe an additional register stage after this function.  If there is no registered adder/accumulator following the multiply function, two pipeline stages are suggested to allow both the MREG and PREG registers to be used.  If the DSP48 was instantiated in the design, it is suggested to set both the MREG and PREG attributes to 1 when performing multiply functions.
WARNING: [DRC DPOP-4] MREG Output pipelining: DSP button_top_inst/button_debounce_array[19].button_debounce_inst/counter_inst/__2 multiplier stage button_top_inst/button_debounce_array[19].button_debounce_inst/counter_inst/__2/P[47:0] is not pipelined (MREG=0). Pipelining the multiplier function will improve performance and will save significant power so it is suggested whenever possible to fully pipeline this function.  If this multiplier was inferred, it is suggested to describe an additional register stage after this function.  If there is no registered adder/accumulator following the multiply function, two pipeline stages are suggested to allow both the MREG and PREG registers to be used.  If the DSP48 was instantiated in the design, it is suggested to set both the MREG and PREG attributes to 1 when performing multiply functions.
WARNING: [DRC DPOP-4] MREG Output pipelining: DSP button_top_inst/button_debounce_array[19].button_debounce_inst/counter_inst/count_middleware_reg[0] multiplier stage button_top_inst/button_debounce_array[19].button_debounce_inst/counter_inst/count_middleware_reg[0]/P[47:0] is not pipelined (MREG=0). Pipelining the multiplier function will improve performance and will save significant power so it is suggested whenever possible to fully pipeline this function.  If this multiplier was inferred, it is suggested to describe an additional register stage after this function.  If there is no registered adder/accumulator following the multiply function, two pipeline stages are suggested to allow both the MREG and PREG registers to be used.  If the DSP48 was instantiated in the design, it is suggested to set both the MREG and PREG attributes to 1 when performing multiply functions.
WARNING: [DRC DPOP-4] MREG Output pipelining: DSP button_top_inst/button_debounce_array[19].button_debounce_inst/counter_inst/count_middleware_reg[1] multiplier stage button_top_inst/button_debounce_array[19].button_debounce_inst/counter_inst/count_middleware_reg[1]/P[47:0] is not pipelined (MREG=0). Pipelining the multiplier function will improve performance and will save significant power so it is suggested whenever possible to fully pipeline this function.  If this multiplier was inferred, it is suggested to describe an additional register stage after this function.  If there is no registered adder/accumulator following the multiply function, two pipeline stages are suggested to allow both the MREG and PREG registers to be used.  If the DSP48 was instantiated in the design, it is suggested to set both the MREG and PREG attributes to 1 when performing multiply functions.
WARNING: [DRC DPOP-4] MREG Output pipelining: DSP button_top_inst/button_debounce_array[19].button_debounce_inst/counter_inst/count_middleware_reg[2] multiplier stage button_top_inst/button_debounce_array[19].button_debounce_inst/counter_inst/count_middleware_reg[2]/P[47:0] is not pipelined (MREG=0). Pipelining the multiplier function will improve performance and will save significant power so it is suggested whenever possible to fully pipeline this function.  If this multiplier was inferred, it is suggested to describe an additional register stage after this function.  If there is no registered adder/accumulator following the multiply function, two pipeline stages are suggested to allow both the MREG and PREG registers to be used.  If the DSP48 was instantiated in the design, it is suggested to set both the MREG and PREG attributes to 1 when performing multiply functions.
WARNING: [DRC DPOP-4] MREG Output pipelining: DSP button_top_inst/button_debounce_array[19].button_debounce_inst/counter_inst/count_middleware_reg[3] multiplier stage button_top_inst/button_debounce_array[19].button_debounce_inst/counter_inst/count_middleware_reg[3]/P[47:0] is not pipelined (MREG=0). Pipelining the multiplier function will improve performance and will save significant power so it is suggested whenever possible to fully pipeline this function.  If this multiplier was inferred, it is suggested to describe an additional register stage after this function.  If there is no registered adder/accumulator following the multiply function, two pipeline stages are suggested to allow both the MREG and PREG registers to be used.  If the DSP48 was instantiated in the design, it is suggested to set both the MREG and PREG attributes to 1 when performing multiply functions.
WARNING: [DRC DPOP-4] MREG Output pipelining: DSP button_top_inst/button_debounce_array[1].button_debounce_inst/counter_inst/ multiplier stage button_top_inst/button_debounce_array[1].button_debounce_inst/counter_inst//P[47:0] is not pipelined (MREG=0). Pipelining the multiplier function will improve performance and will save significant power so it is suggested whenever possible to fully pipeline this function.  If this multiplier was inferred, it is suggested to describe an additional register stage after this function.  If there is no registered adder/accumulator following the multiply function, two pipeline stages are suggested to allow both the MREG and PREG registers to be used.  If the DSP48 was instantiated in the design, it is suggested to set both the MREG and PREG attributes to 1 when performing multiply functions.
WARNING: [DRC DPOP-4] MREG Output pipelining: DSP button_top_inst/button_debounce_array[1].button_debounce_inst/counter_inst/__0 multiplier stage button_top_inst/button_debounce_array[1].button_debounce_inst/counter_inst/__0/P[47:0] is not pipelined (MREG=0). Pipelining the multiplier function will improve performance and will save significant power so it is suggested whenever possible to fully pipeline this function.  If this multiplier was inferred, it is suggested to describe an additional register stage after this function.  If there is no registered adder/accumulator following the multiply function, two pipeline stages are suggested to allow both the MREG and PREG registers to be used.  If the DSP48 was instantiated in the design, it is suggested to set both the MREG and PREG attributes to 1 when performing multiply functions.
WARNING: [DRC DPOP-4] MREG Output pipelining: DSP button_top_inst/button_debounce_array[1].button_debounce_inst/counter_inst/__1 multiplier stage button_top_inst/button_debounce_array[1].button_debounce_inst/counter_inst/__1/P[47:0] is not pipelined (MREG=0). Pipelining the multiplier function will improve performance and will save significant power so it is suggested whenever possible to fully pipeline this function.  If this multiplier was inferred, it is suggested to describe an additional register stage after this function.  If there is no registered adder/accumulator following the multiply function, two pipeline stages are suggested to allow both the MREG and PREG registers to be used.  If the DSP48 was instantiated in the design, it is suggested to set both the MREG and PREG attributes to 1 when performing multiply functions.
WARNING: [DRC DPOP-4] MREG Output pipelining: DSP button_top_inst/button_debounce_array[1].button_debounce_inst/counter_inst/__2 multiplier stage button_top_inst/button_debounce_array[1].button_debounce_inst/counter_inst/__2/P[47:0] is not pipelined (MREG=0). Pipelining the multiplier function will improve performance and will save significant power so it is suggested whenever possible to fully pipeline this function.  If this multiplier was inferred, it is suggested to describe an additional register stage after this function.  If there is no registered adder/accumulator following the multiply function, two pipeline stages are suggested to allow both the MREG and PREG registers to be used.  If the DSP48 was instantiated in the design, it is suggested to set both the MREG and PREG attributes to 1 when performing multiply functions.
WARNING: [DRC DPOP-4] MREG Output pipelining: DSP button_top_inst/button_debounce_array[1].button_debounce_inst/counter_inst/count_middleware_reg[0] multiplier stage button_top_inst/button_debounce_array[1].button_debounce_inst/counter_inst/count_middleware_reg[0]/P[47:0] is not pipelined (MREG=0). Pipelining the multiplier function will improve performance and will save significant power so it is suggested whenever possible to fully pipeline this function.  If this multiplier was inferred, it is suggested to describe an additional register stage after this function.  If there is no registered adder/accumulator following the multiply function, two pipeline stages are suggested to allow both the MREG and PREG registers to be used.  If the DSP48 was instantiated in the design, it is suggested to set both the MREG and PREG attributes to 1 when performing multiply functions.
WARNING: [DRC DPOP-4] MREG Output pipelining: DSP button_top_inst/button_debounce_array[1].button_debounce_inst/counter_inst/count_middleware_reg[1] multiplier stage button_top_inst/button_debounce_array[1].button_debounce_inst/counter_inst/count_middleware_reg[1]/P[47:0] is not pipelined (MREG=0). Pipelining the multiplier function will improve performance and will save significant power so it is suggested whenever possible to fully pipeline this function.  If this multiplier was inferred, it is suggested to describe an additional register stage after this function.  If there is no registered adder/accumulator following the multiply function, two pipeline stages are suggested to allow both the MREG and PREG registers to be used.  If the DSP48 was instantiated in the design, it is suggested to set both the MREG and PREG attributes to 1 when performing multiply functions.
WARNING: [DRC DPOP-4] MREG Output pipelining: DSP button_top_inst/button_debounce_array[1].button_debounce_inst/counter_inst/count_middleware_reg[2] multiplier stage button_top_inst/button_debounce_array[1].button_debounce_inst/counter_inst/count_middleware_reg[2]/P[47:0] is not pipelined (MREG=0). Pipelining the multiplier function will improve performance and will save significant power so it is suggested whenever possible to fully pipeline this function.  If this multiplier was inferred, it is suggested to describe an additional register stage after this function.  If there is no registered adder/accumulator following the multiply function, two pipeline stages are suggested to allow both the MREG and PREG registers to be used.  If the DSP48 was instantiated in the design, it is suggested to set both the MREG and PREG attributes to 1 when performing multiply functions.
WARNING: [DRC DPOP-4] MREG Output pipelining: DSP button_top_inst/button_debounce_array[1].button_debounce_inst/counter_inst/count_middleware_reg[3] multiplier stage button_top_inst/button_debounce_array[1].button_debounce_inst/counter_inst/count_middleware_reg[3]/P[47:0] is not pipelined (MREG=0). Pipelining the multiplier function will improve performance and will save significant power so it is suggested whenever possible to fully pipeline this function.  If this multiplier was inferred, it is suggested to describe an additional register stage after this function.  If there is no registered adder/accumulator following the multiply function, two pipeline stages are suggested to allow both the MREG and PREG registers to be used.  If the DSP48 was instantiated in the design, it is suggested to set both the MREG and PREG attributes to 1 when performing multiply functions.
WARNING: [DRC DPOP-4] MREG Output pipelining: DSP button_top_inst/button_debounce_array[20].button_debounce_inst/counter_inst/ multiplier stage button_top_inst/button_debounce_array[20].button_debounce_inst/counter_inst//P[47:0] is not pipelined (MREG=0). Pipelining the multiplier function will improve performance and will save significant power so it is suggested whenever possible to fully pipeline this function.  If this multiplier was inferred, it is suggested to describe an additional register stage after this function.  If there is no registered adder/accumulator following the multiply function, two pipeline stages are suggested to allow both the MREG and PREG registers to be used.  If the DSP48 was instantiated in the design, it is suggested to set both the MREG and PREG attributes to 1 when performing multiply functions.
WARNING: [DRC DPOP-4] MREG Output pipelining: DSP button_top_inst/button_debounce_array[20].button_debounce_inst/counter_inst/__0 multiplier stage button_top_inst/button_debounce_array[20].button_debounce_inst/counter_inst/__0/P[47:0] is not pipelined (MREG=0). Pipelining the multiplier function will improve performance and will save significant power so it is suggested whenever possible to fully pipeline this function.  If this multiplier was inferred, it is suggested to describe an additional register stage after this function.  If there is no registered adder/accumulator following the multiply function, two pipeline stages are suggested to allow both the MREG and PREG registers to be used.  If the DSP48 was instantiated in the design, it is suggested to set both the MREG and PREG attributes to 1 when performing multiply functions.
WARNING: [DRC DPOP-4] MREG Output pipelining: DSP button_top_inst/button_debounce_array[20].button_debounce_inst/counter_inst/__1 multiplier stage button_top_inst/button_debounce_array[20].button_debounce_inst/counter_inst/__1/P[47:0] is not pipelined (MREG=0). Pipelining the multiplier function will improve performance and will save significant power so it is suggested whenever possible to fully pipeline this function.  If this multiplier was inferred, it is suggested to describe an additional register stage after this function.  If there is no registered adder/accumulator following the multiply function, two pipeline stages are suggested to allow both the MREG and PREG registers to be used.  If the DSP48 was instantiated in the design, it is suggested to set both the MREG and PREG attributes to 1 when performing multiply functions.
WARNING: [DRC DPOP-4] MREG Output pipelining: DSP button_top_inst/button_debounce_array[20].button_debounce_inst/counter_inst/__2 multiplier stage button_top_inst/button_debounce_array[20].button_debounce_inst/counter_inst/__2/P[47:0] is not pipelined (MREG=0). Pipelining the multiplier function will improve performance and will save significant power so it is suggested whenever possible to fully pipeline this function.  If this multiplier was inferred, it is suggested to describe an additional register stage after this function.  If there is no registered adder/accumulator following the multiply function, two pipeline stages are suggested to allow both the MREG and PREG registers to be used.  If the DSP48 was instantiated in the design, it is suggested to set both the MREG and PREG attributes to 1 when performing multiply functions.
INFO: [Common 17-14] Message 'DRC DPOP-4' appears 100 times and further instances of the messages will be disabled. Use the Tcl command set_msg_config to change the current settings.
INFO: [Vivado 12-3199] DRC finished with 0 Errors, 528 Warnings
INFO: [Vivado 12-3200] Please refer to the DRC report (report_drc) for more information.
INFO: [Designutils 20-2272] Running write_bitstream with 2 threads.
Loading data files...
Loading site data...
Loading route data...
Processing options...
Creating bitmap...
Creating bitstream...
Writing bitstream ./xviii_top.bit...
INFO: [Vivado 12-1842] Bitgen Completed Successfully.
INFO: [Common 17-83] Releasing license: Implementation
24 Infos, 300 Warnings, 0 Critical Warnings and 0 Errors encountered.
write_bitstream completed successfully
write_bitstream: Time (s): cpu = 00:01:22 ; elapsed = 00:01:02 . Memory (MB): peak = 4699.016 ; gain = 661.004
INFO: [Common 17-206] Exiting Vivado at Sun Nov 16 13:08:05 2025...

*** Running vivado
    with args -log xviii_top.vdi -applog -m64 -product Vivado -messageDb vivado.pb -mode batch -source xviii_top.tcl -notrace



****** Vivado v2022.2.2 (64-bit)
  **** SW Build 3788238 on Tue Feb 21 20:00:34 MST 2023
  **** IP Build 3783773 on Tue Feb 21 23:41:56 MST 2023
    ** Copyright 1986-2023 Xilinx, Inc. All Rights Reserved.

source xviii_top.tcl -notrace
Command: open_checkpoint xviii_top_routed.dcp
INFO: [Device 21-403] Loading part xczu19eg-ffvc1760-2-i
Netlist sorting complete. Time (s): cpu = 00:00:00 ; elapsed = 00:00:00.334 . Memory (MB): peak = 2799.738 ; gain = 0.000
INFO: [Netlist 29-17] Analyzing 1463 Unisim elements for replacement
INFO: [Netlist 29-28] Unisim Transformation completed in 28 CPU seconds
INFO: [Project 1-479] Netlist was created with Vivado 2022.2.2
INFO: [Project 1-570] Preparing netlist for logic optimization
INFO: [Timing 38-478] Restoring timing data from binary archive.
INFO: [Timing 38-479] Binary timing data restore complete.
INFO: [Project 1-856] Restoring constraints from binary archive.
INFO: [Project 1-853] Binary constraint restore complete.
Reading XDEF placement.
Reading placer database...
Reading XDEF routing.
Read XDEF Files: Time (s): cpu = 00:00:06 ; elapsed = 00:00:06 . Memory (MB): peak = 3583.941 ; gain = 71.539
Restored from archive | CPU: 6.000000 secs | Memory: 0.000000 MB |
Finished XDEF File Restore: Time (s): cpu = 00:00:06 ; elapsed = 00:00:06 . Memory (MB): peak = 3583.941 ; gain = 71.539
Netlist sorting complete. Time (s): cpu = 00:00:00 ; elapsed = 00:00:00.006 . Memory (MB): peak = 4037.062 ; gain = 0.000
INFO: [Project 1-111] Unisim Transformation Summary:
  A total of 292 instances were transformed.
  DSP48E2 => DSP48E2 (inverted pins: RSTA) (DSP_ALU, DSP_A_B_DATA, DSP_C_DATA, DSP_MULTIPLIER, DSP_M_DATA, DSP_OUTPUT, DSP_PREADD, DSP_PREADD_DATA): 85 instances
  DSP48E2 => DSP48E2 (inverted pins: RSTA, RSTB) (DSP_ALU, DSP_A_B_DATA, DSP_C_DATA, DSP_MULTIPLIER, DSP_M_DATA, DSP_OUTPUT, DSP_PREADD, DSP_PREADD_DATA): 94 instances
  DSP48E2 => DSP48E2 (inverted pins: RSTB) (DSP_ALU, DSP_A_B_DATA, DSP_C_DATA, DSP_MULTIPLIER, DSP_M_DATA, DSP_OUTPUT, DSP_PREADD, DSP_PREADD_DATA): 85 instances
  IBUF => IBUF (IBUFCTRL, INBUF): 27 instances
  IBUFGDS => IBUFDS (DIFFINBUF, IBUFCTRL): 1 instance 

INFO: [Project 1-604] Checkpoint was created with Vivado v2022.2.2 (64-bit) build 3788238
OpenCheckpoint Checksum | Checksum: 256c9619c
----- Checksum: PlaceDB: ccb50b93 ShapeSum: 971208aa RouteDB: f3024d5f 
open_checkpoint: Time (s): cpu = 00:01:24 ; elapsed = 00:01:23 . Memory (MB): peak = 4037.062 ; gain = 2621.344
Command: write_bitstream -force xviii_top.bit
Attempting to get a license for feature 'Implementation' and/or device 'xczu19eg'
INFO: [Common 17-349] Got license for feature 'Implementation' and/or device 'xczu19eg'
Running DRC as a precondition to command write_bitstream
INFO: [IP_Flow 19-234] Refreshing IP repositories
INFO: [IP_Flow 19-1704] No user IP repositories specified
INFO: [IP_Flow 19-2313] Loaded Vivado IP repository 'D:/Xilinx/Vivado/2022.2/data/ip'.
INFO: [DRC 23-27] Running DRC with 2 threads
WARNING: [DRC DPIP-2] Input pipelining: DSP button_top_inst/button_debounce_array[0].button_debounce_inst/counter_inst/count_middleware_reg[0] input button_top_inst/button_debounce_array[0].button_debounce_inst/counter_inst/count_middleware_reg[0]/C[47:0] is not pipelined. Pipelining DSP48 input will improve performance.
WARNING: [DRC DPIP-2] Input pipelining: DSP button_top_inst/button_debounce_array[0].button_debounce_inst/counter_inst/count_middleware_reg[1] input button_top_inst/button_debounce_array[0].button_debounce_inst/counter_inst/count_middleware_reg[1]/C[47:0] is not pipelined. Pipelining DSP48 input will improve performance.
WARNING: [DRC DPIP-2] Input pipelining: DSP button_top_inst/button_debounce_array[0].button_debounce_inst/counter_inst/count_middleware_reg[2] input button_top_inst/button_debounce_array[0].button_debounce_inst/counter_inst/count_middleware_reg[2]/C[47:0] is not pipelined. Pipelining DSP48 input will improve performance.
WARNING: [DRC DPIP-2] Input pipelining: DSP button_top_inst/button_debounce_array[0].button_debounce_inst/counter_inst/count_middleware_reg[3] input button_top_inst/button_debounce_array[0].button_debounce_inst/counter_inst/count_middleware_reg[3]/C[47:0] is not pipelined. Pipelining DSP48 input will improve performance.
WARNING: [DRC DPIP-2] Input pipelining: DSP button_top_inst/button_debounce_array[10].button_debounce_inst/counter_inst/count_middleware_reg[0] input button_top_inst/button_debounce_array[10].button_debounce_inst/counter_inst/count_middleware_reg[0]/C[47:0] is not pipelined. Pipelining DSP48 input will improve performance.
WARNING: [DRC DPIP-2] Input pipelining: DSP button_top_inst/button_debounce_array[10].button_debounce_inst/counter_inst/count_middleware_reg[1] input button_top_inst/button_debounce_array[10].button_debounce_inst/counter_inst/count_middleware_reg[1]/C[47:0] is not pipelined. Pipelining DSP48 input will improve performance.
WARNING: [DRC DPIP-2] Input pipelining: DSP button_top_inst/button_debounce_array[10].button_debounce_inst/counter_inst/count_middleware_reg[2] input button_top_inst/button_debounce_array[10].button_debounce_inst/counter_inst/count_middleware_reg[2]/C[47:0] is not pipelined. Pipelining DSP48 input will improve performance.
WARNING: [DRC DPIP-2] Input pipelining: DSP button_top_inst/button_debounce_array[10].button_debounce_inst/counter_inst/count_middleware_reg[3] input button_top_inst/button_debounce_array[10].button_debounce_inst/counter_inst/count_middleware_reg[3]/C[47:0] is not pipelined. Pipelining DSP48 input will improve performance.
WARNING: [DRC DPIP-2] Input pipelining: DSP button_top_inst/button_debounce_array[11].button_debounce_inst/counter_inst/count_middleware_reg[0] input button_top_inst/button_debounce_array[11].button_debounce_inst/counter_inst/count_middleware_reg[0]/C[47:0] is not pipelined. Pipelining DSP48 input will improve performance.
WARNING: [DRC DPIP-2] Input pipelining: DSP button_top_inst/button_debounce_array[11].button_debounce_inst/counter_inst/count_middleware_reg[1] input button_top_inst/button_debounce_array[11].button_debounce_inst/counter_inst/count_middleware_reg[1]/C[47:0] is not pipelined. Pipelining DSP48 input will improve performance.
WARNING: [DRC DPIP-2] Input pipelining: DSP button_top_inst/button_debounce_array[11].button_debounce_inst/counter_inst/count_middleware_reg[2] input button_top_inst/button_debounce_array[11].button_debounce_inst/counter_inst/count_middleware_reg[2]/C[47:0] is not pipelined. Pipelining DSP48 input will improve performance.
WARNING: [DRC DPIP-2] Input pipelining: DSP button_top_inst/button_debounce_array[11].button_debounce_inst/counter_inst/count_middleware_reg[3] input button_top_inst/button_debounce_array[11].button_debounce_inst/counter_inst/count_middleware_reg[3]/C[47:0] is not pipelined. Pipelining DSP48 input will improve performance.
WARNING: [DRC DPIP-2] Input pipelining: DSP button_top_inst/button_debounce_array[12].button_debounce_inst/counter_inst/count_middleware_reg[0] input button_top_inst/button_debounce_array[12].button_debounce_inst/counter_inst/count_middleware_reg[0]/C[47:0] is not pipelined. Pipelining DSP48 input will improve performance.
WARNING: [DRC DPIP-2] Input pipelining: DSP button_top_inst/button_debounce_array[12].button_debounce_inst/counter_inst/count_middleware_reg[1] input button_top_inst/button_debounce_array[12].button_debounce_inst/counter_inst/count_middleware_reg[1]/C[47:0] is not pipelined. Pipelining DSP48 input will improve performance.
WARNING: [DRC DPIP-2] Input pipelining: DSP button_top_inst/button_debounce_array[12].button_debounce_inst/counter_inst/count_middleware_reg[2] input button_top_inst/button_debounce_array[12].button_debounce_inst/counter_inst/count_middleware_reg[2]/C[47:0] is not pipelined. Pipelining DSP48 input will improve performance.
WARNING: [DRC DPIP-2] Input pipelining: DSP button_top_inst/button_debounce_array[12].button_debounce_inst/counter_inst/count_middleware_reg[3] input button_top_inst/button_debounce_array[12].button_debounce_inst/counter_inst/count_middleware_reg[3]/C[47:0] is not pipelined. Pipelining DSP48 input will improve performance.
WARNING: [DRC DPIP-2] Input pipelining: DSP button_top_inst/button_debounce_array[13].button_debounce_inst/counter_inst/count_middleware_reg[0] input button_top_inst/button_debounce_array[13].button_debounce_inst/counter_inst/count_middleware_reg[0]/C[47:0] is not pipelined. Pipelining DSP48 input will improve performance.
WARNING: [DRC DPIP-2] Input pipelining: DSP button_top_inst/button_debounce_array[13].button_debounce_inst/counter_inst/count_middleware_reg[1] input button_top_inst/button_debounce_array[13].button_debounce_inst/counter_inst/count_middleware_reg[1]/C[47:0] is not pipelined. Pipelining DSP48 input will improve performance.
WARNING: [DRC DPIP-2] Input pipelining: DSP button_top_inst/button_debounce_array[13].button_debounce_inst/counter_inst/count_middleware_reg[2] input button_top_inst/button_debounce_array[13].button_debounce_inst/counter_inst/count_middleware_reg[2]/C[47:0] is not pipelined. Pipelining DSP48 input will improve performance.
WARNING: [DRC DPIP-2] Input pipelining: DSP button_top_inst/button_debounce_array[13].button_debounce_inst/counter_inst/count_middleware_reg[3] input button_top_inst/button_debounce_array[13].button_debounce_inst/counter_inst/count_middleware_reg[3]/C[47:0] is not pipelined. Pipelining DSP48 input will improve performance.
WARNING: [DRC DPIP-2] Input pipelining: DSP button_top_inst/button_debounce_array[14].button_debounce_inst/counter_inst/count_middleware_reg[0] input button_top_inst/button_debounce_array[14].button_debounce_inst/counter_inst/count_middleware_reg[0]/C[47:0] is not pipelined. Pipelining DSP48 input will improve performance.
WARNING: [DRC DPIP-2] Input pipelining: DSP button_top_inst/button_debounce_array[14].button_debounce_inst/counter_inst/count_middleware_reg[1] input button_top_inst/button_debounce_array[14].button_debounce_inst/counter_inst/count_middleware_reg[1]/C[47:0] is not pipelined. Pipelining DSP48 input will improve performance.
WARNING: [DRC DPIP-2] Input pipelining: DSP button_top_inst/button_debounce_array[14].button_debounce_inst/counter_inst/count_middleware_reg[2] input button_top_inst/button_debounce_array[14].button_debounce_inst/counter_inst/count_middleware_reg[2]/C[47:0] is not pipelined. Pipelining DSP48 input will improve performance.
WARNING: [DRC DPIP-2] Input pipelining: DSP button_top_inst/button_debounce_array[14].button_debounce_inst/counter_inst/count_middleware_reg[3] input button_top_inst/button_debounce_array[14].button_debounce_inst/counter_inst/count_middleware_reg[3]/C[47:0] is not pipelined. Pipelining DSP48 input will improve performance.
WARNING: [DRC DPIP-2] Input pipelining: DSP button_top_inst/button_debounce_array[15].button_debounce_inst/counter_inst/count_middleware_reg[0] input button_top_inst/button_debounce_array[15].button_debounce_inst/counter_inst/count_middleware_reg[0]/C[47:0] is not pipelined. Pipelining DSP48 input will improve performance.
WARNING: [DRC DPIP-2] Input pipelining: DSP button_top_inst/button_debounce_array[15].button_debounce_inst/counter_inst/count_middleware_reg[1] input button_top_inst/button_debounce_array[15].button_debounce_inst/counter_inst/count_middleware_reg[1]/C[47:0] is not pipelined. Pipelining DSP48 input will improve performance.
WARNING: [DRC DPIP-2] Input pipelining: DSP button_top_inst/button_debounce_array[15].button_debounce_inst/counter_inst/count_middleware_reg[2] input button_top_inst/button_debounce_array[15].button_debounce_inst/counter_inst/count_middleware_reg[2]/C[47:0] is not pipelined. Pipelining DSP48 input will improve performance.
WARNING: [DRC DPIP-2] Input pipelining: DSP button_top_inst/button_debounce_array[15].button_debounce_inst/counter_inst/count_middleware_reg[3] input button_top_inst/button_debounce_array[15].button_debounce_inst/counter_inst/count_middleware_reg[3]/C[47:0] is not pipelined. Pipelining DSP48 input will improve performance.
WARNING: [DRC DPIP-2] Input pipelining: DSP button_top_inst/button_debounce_array[16].button_debounce_inst/counter_inst/count_middleware_reg[0] input button_top_inst/button_debounce_array[16].button_debounce_inst/counter_inst/count_middleware_reg[0]/C[47:0] is not pipelined. Pipelining DSP48 input will improve performance.
WARNING: [DRC DPIP-2] Input pipelining: DSP button_top_inst/button_debounce_array[16].button_debounce_inst/counter_inst/count_middleware_reg[1] input button_top_inst/button_debounce_array[16].button_debounce_inst/counter_inst/count_middleware_reg[1]/C[47:0] is not pipelined. Pipelining DSP48 input will improve performance.
WARNING: [DRC DPIP-2] Input pipelining: DSP button_top_inst/button_debounce_array[16].button_debounce_inst/counter_inst/count_middleware_reg[2] input button_top_inst/button_debounce_array[16].button_debounce_inst/counter_inst/count_middleware_reg[2]/C[47:0] is not pipelined. Pipelining DSP48 input will improve performance.
WARNING: [DRC DPIP-2] Input pipelining: DSP button_top_inst/button_debounce_array[16].button_debounce_inst/counter_inst/count_middleware_reg[3] input button_top_inst/button_debounce_array[16].button_debounce_inst/counter_inst/count_middleware_reg[3]/C[47:0] is not pipelined. Pipelining DSP48 input will improve performance.
WARNING: [DRC DPIP-2] Input pipelining: DSP button_top_inst/button_debounce_array[17].button_debounce_inst/counter_inst/count_middleware_reg[0] input button_top_inst/button_debounce_array[17].button_debounce_inst/counter_inst/count_middleware_reg[0]/C[47:0] is not pipelined. Pipelining DSP48 input will improve performance.
WARNING: [DRC DPIP-2] Input pipelining: DSP button_top_inst/button_debounce_array[17].button_debounce_inst/counter_inst/count_middleware_reg[1] input button_top_inst/button_debounce_array[17].button_debounce_inst/counter_inst/count_middleware_reg[1]/C[47:0] is not pipelined. Pipelining DSP48 input will improve performance.
WARNING: [DRC DPIP-2] Input pipelining: DSP button_top_inst/button_debounce_array[17].button_debounce_inst/counter_inst/count_middleware_reg[2] input button_top_inst/button_debounce_array[17].button_debounce_inst/counter_inst/count_middleware_reg[2]/C[47:0] is not pipelined. Pipelining DSP48 input will improve performance.
WARNING: [DRC DPIP-2] Input pipelining: DSP button_top_inst/button_debounce_array[17].button_debounce_inst/counter_inst/count_middleware_reg[3] input button_top_inst/button_debounce_array[17].button_debounce_inst/counter_inst/count_middleware_reg[3]/C[47:0] is not pipelined. Pipelining DSP48 input will improve performance.
WARNING: [DRC DPIP-2] Input pipelining: DSP button_top_inst/button_debounce_array[18].button_debounce_inst/counter_inst/count_middleware_reg[0] input button_top_inst/button_debounce_array[18].button_debounce_inst/counter_inst/count_middleware_reg[0]/C[47:0] is not pipelined. Pipelining DSP48 input will improve performance.
WARNING: [DRC DPIP-2] Input pipelining: DSP button_top_inst/button_debounce_array[18].button_debounce_inst/counter_inst/count_middleware_reg[1] input button_top_inst/button_debounce_array[18].button_debounce_inst/counter_inst/count_middleware_reg[1]/C[47:0] is not pipelined. Pipelining DSP48 input will improve performance.
WARNING: [DRC DPIP-2] Input pipelining: DSP button_top_inst/button_debounce_array[18].button_debounce_inst/counter_inst/count_middleware_reg[2] input button_top_inst/button_debounce_array[18].button_debounce_inst/counter_inst/count_middleware_reg[2]/C[47:0] is not pipelined. Pipelining DSP48 input will improve performance.
WARNING: [DRC DPIP-2] Input pipelining: DSP button_top_inst/button_debounce_array[18].button_debounce_inst/counter_inst/count_middleware_reg[3] input button_top_inst/button_debounce_array[18].button_debounce_inst/counter_inst/count_middleware_reg[3]/C[47:0] is not pipelined. Pipelining DSP48 input will improve performance.
WARNING: [DRC DPIP-2] Input pipelining: DSP button_top_inst/button_debounce_array[19].button_debounce_inst/counter_inst/count_middleware_reg[0] input button_top_inst/button_debounce_array[19].button_debounce_inst/counter_inst/count_middleware_reg[0]/C[47:0] is not pipelined. Pipelining DSP48 input will improve performance.
WARNING: [DRC DPIP-2] Input pipelining: DSP button_top_inst/button_debounce_array[19].button_debounce_inst/counter_inst/count_middleware_reg[1] input button_top_inst/button_debounce_array[19].button_debounce_inst/counter_inst/count_middleware_reg[1]/C[47:0] is not pipelined. Pipelining DSP48 input will improve performance.
WARNING: [DRC DPIP-2] Input pipelining: DSP button_top_inst/button_debounce_array[19].button_debounce_inst/counter_inst/count_middleware_reg[2] input button_top_inst/button_debounce_array[19].button_debounce_inst/counter_inst/count_middleware_reg[2]/C[47:0] is not pipelined. Pipelining DSP48 input will improve performance.
WARNING: [DRC DPIP-2] Input pipelining: DSP button_top_inst/button_debounce_array[19].button_debounce_inst/counter_inst/count_middleware_reg[3] input button_top_inst/button_debounce_array[19].button_debounce_inst/counter_inst/count_middleware_reg[3]/C[47:0] is not pipelined. Pipelining DSP48 input will improve performance.
WARNING: [DRC DPIP-2] Input pipelining: DSP button_top_inst/button_debounce_array[1].button_debounce_inst/counter_inst/count_middleware_reg[0] input button_top_inst/button_debounce_array[1].button_debounce_inst/counter_inst/count_middleware_reg[0]/C[47:0] is not pipelined. Pipelining DSP48 input will improve performance.
WARNING: [DRC DPIP-2] Input pipelining: DSP button_top_inst/button_debounce_array[1].button_debounce_inst/counter_inst/count_middleware_reg[1] input button_top_inst/button_debounce_array[1].button_debounce_inst/counter_inst/count_middleware_reg[1]/C[47:0] is not pipelined. Pipelining DSP48 input will improve performance.
WARNING: [DRC DPIP-2] Input pipelining: DSP button_top_inst/button_debounce_array[1].button_debounce_inst/counter_inst/count_middleware_reg[2] input button_top_inst/button_debounce_array[1].button_debounce_inst/counter_inst/count_middleware_reg[2]/C[47:0] is not pipelined. Pipelining DSP48 input will improve performance.
WARNING: [DRC DPIP-2] Input pipelining: DSP button_top_inst/button_debounce_array[1].button_debounce_inst/counter_inst/count_middleware_reg[3] input button_top_inst/button_debounce_array[1].button_debounce_inst/counter_inst/count_middleware_reg[3]/C[47:0] is not pipelined. Pipelining DSP48 input will improve performance.
WARNING: [DRC DPIP-2] Input pipelining: DSP button_top_inst/button_debounce_array[20].button_debounce_inst/counter_inst/count_middleware_reg[0] input button_top_inst/button_debounce_array[20].button_debounce_inst/counter_inst/count_middleware_reg[0]/C[47:0] is not pipelined. Pipelining DSP48 input will improve performance.
WARNING: [DRC DPIP-2] Input pipelining: DSP button_top_inst/button_debounce_array[20].button_debounce_inst/counter_inst/count_middleware_reg[1] input button_top_inst/button_debounce_array[20].button_debounce_inst/counter_inst/count_middleware_reg[1]/C[47:0] is not pipelined. Pipelining DSP48 input will improve performance.
WARNING: [DRC DPIP-2] Input pipelining: DSP button_top_inst/button_debounce_array[20].button_debounce_inst/counter_inst/count_middleware_reg[2] input button_top_inst/button_debounce_array[20].button_debounce_inst/counter_inst/count_middleware_reg[2]/C[47:0] is not pipelined. Pipelining DSP48 input will improve performance.
WARNING: [DRC DPIP-2] Input pipelining: DSP button_top_inst/button_debounce_array[20].button_debounce_inst/counter_inst/count_middleware_reg[3] input button_top_inst/button_debounce_array[20].button_debounce_inst/counter_inst/count_middleware_reg[3]/C[47:0] is not pipelined. Pipelining DSP48 input will improve performance.
WARNING: [DRC DPIP-2] Input pipelining: DSP button_top_inst/button_debounce_array[21].button_debounce_inst/counter_inst/count_middleware_reg[0] input button_top_inst/button_debounce_array[21].button_debounce_inst/counter_inst/count_middleware_reg[0]/C[47:0] is not pipelined. Pipelining DSP48 input will improve performance.
WARNING: [DRC DPIP-2] Input pipelining: DSP button_top_inst/button_debounce_array[21].button_debounce_inst/counter_inst/count_middleware_reg[1] input button_top_inst/button_debounce_array[21].button_debounce_inst/counter_inst/count_middleware_reg[1]/C[47:0] is not pipelined. Pipelining DSP48 input will improve performance.
WARNING: [DRC DPIP-2] Input pipelining: DSP button_top_inst/button_debounce_array[21].button_debounce_inst/counter_inst/count_middleware_reg[2] input button_top_inst/button_debounce_array[21].button_debounce_inst/counter_inst/count_middleware_reg[2]/C[47:0] is not pipelined. Pipelining DSP48 input will improve performance.
WARNING: [DRC DPIP-2] Input pipelining: DSP button_top_inst/button_debounce_array[21].button_debounce_inst/counter_inst/count_middleware_reg[3] input button_top_inst/button_debounce_array[21].button_debounce_inst/counter_inst/count_middleware_reg[3]/C[47:0] is not pipelined. Pipelining DSP48 input will improve performance.
WARNING: [DRC DPIP-2] Input pipelining: DSP button_top_inst/button_debounce_array[22].button_debounce_inst/counter_inst/count_middleware_reg[0] input button_top_inst/button_debounce_array[22].button_debounce_inst/counter_inst/count_middleware_reg[0]/C[47:0] is not pipelined. Pipelining DSP48 input will improve performance.
WARNING: [DRC DPIP-2] Input pipelining: DSP button_top_inst/button_debounce_array[22].button_debounce_inst/counter_inst/count_middleware_reg[1] input button_top_inst/button_debounce_array[22].button_debounce_inst/counter_inst/count_middleware_reg[1]/C[47:0] is not pipelined. Pipelining DSP48 input will improve performance.
WARNING: [DRC DPIP-2] Input pipelining: DSP button_top_inst/button_debounce_array[22].button_debounce_inst/counter_inst/count_middleware_reg[2] input button_top_inst/button_debounce_array[22].button_debounce_inst/counter_inst/count_middleware_reg[2]/C[47:0] is not pipelined. Pipelining DSP48 input will improve performance.
WARNING: [DRC DPIP-2] Input pipelining: DSP button_top_inst/button_debounce_array[22].button_debounce_inst/counter_inst/count_middleware_reg[3] input button_top_inst/button_debounce_array[22].button_debounce_inst/counter_inst/count_middleware_reg[3]/C[47:0] is not pipelined. Pipelining DSP48 input will improve performance.
WARNING: [DRC DPIP-2] Input pipelining: DSP button_top_inst/button_debounce_array[23].button_debounce_inst/counter_inst/count_middleware_reg[0] input button_top_inst/button_debounce_array[23].button_debounce_inst/counter_inst/count_middleware_reg[0]/C[47:0] is not pipelined. Pipelining DSP48 input will improve performance.
WARNING: [DRC DPIP-2] Input pipelining: DSP button_top_inst/button_debounce_array[23].button_debounce_inst/counter_inst/count_middleware_reg[1] input button_top_inst/button_debounce_array[23].button_debounce_inst/counter_inst/count_middleware_reg[1]/C[47:0] is not pipelined. Pipelining DSP48 input will improve performance.
WARNING: [DRC DPIP-2] Input pipelining: DSP button_top_inst/button_debounce_array[23].button_debounce_inst/counter_inst/count_middleware_reg[2] input button_top_inst/button_debounce_array[23].button_debounce_inst/counter_inst/count_middleware_reg[2]/C[47:0] is not pipelined. Pipelining DSP48 input will improve performance.
WARNING: [DRC DPIP-2] Input pipelining: DSP button_top_inst/button_debounce_array[23].button_debounce_inst/counter_inst/count_middleware_reg[3] input button_top_inst/button_debounce_array[23].button_debounce_inst/counter_inst/count_middleware_reg[3]/C[47:0] is not pipelined. Pipelining DSP48 input will improve performance.
WARNING: [DRC DPIP-2] Input pipelining: DSP button_top_inst/button_debounce_array[24].button_debounce_inst/counter_inst/count_middleware_reg[0] input button_top_inst/button_debounce_array[24].button_debounce_inst/counter_inst/count_middleware_reg[0]/C[47:0] is not pipelined. Pipelining DSP48 input will improve performance.
WARNING: [DRC DPIP-2] Input pipelining: DSP button_top_inst/button_debounce_array[24].button_debounce_inst/counter_inst/count_middleware_reg[1] input button_top_inst/button_debounce_array[24].button_debounce_inst/counter_inst/count_middleware_reg[1]/C[47:0] is not pipelined. Pipelining DSP48 input will improve performance.
WARNING: [DRC DPIP-2] Input pipelining: DSP button_top_inst/button_debounce_array[24].button_debounce_inst/counter_inst/count_middleware_reg[2] input button_top_inst/button_debounce_array[24].button_debounce_inst/counter_inst/count_middleware_reg[2]/C[47:0] is not pipelined. Pipelining DSP48 input will improve performance.
WARNING: [DRC DPIP-2] Input pipelining: DSP button_top_inst/button_debounce_array[24].button_debounce_inst/counter_inst/count_middleware_reg[3] input button_top_inst/button_debounce_array[24].button_debounce_inst/counter_inst/count_middleware_reg[3]/C[47:0] is not pipelined. Pipelining DSP48 input will improve performance.
WARNING: [DRC DPIP-2] Input pipelining: DSP button_top_inst/button_debounce_array[25].button_debounce_inst/counter_inst/count_middleware_reg[0] input button_top_inst/button_debounce_array[25].button_debounce_inst/counter_inst/count_middleware_reg[0]/C[47:0] is not pipelined. Pipelining DSP48 input will improve performance.
WARNING: [DRC DPIP-2] Input pipelining: DSP button_top_inst/button_debounce_array[25].button_debounce_inst/counter_inst/count_middleware_reg[1] input button_top_inst/button_debounce_array[25].button_debounce_inst/counter_inst/count_middleware_reg[1]/C[47:0] is not pipelined. Pipelining DSP48 input will improve performance.
WARNING: [DRC DPIP-2] Input pipelining: DSP button_top_inst/button_debounce_array[25].button_debounce_inst/counter_inst/count_middleware_reg[2] input button_top_inst/button_debounce_array[25].button_debounce_inst/counter_inst/count_middleware_reg[2]/C[47:0] is not pipelined. Pipelining DSP48 input will improve performance.
WARNING: [DRC DPIP-2] Input pipelining: DSP button_top_inst/button_debounce_array[25].button_debounce_inst/counter_inst/count_middleware_reg[3] input button_top_inst/button_debounce_array[25].button_debounce_inst/counter_inst/count_middleware_reg[3]/C[47:0] is not pipelined. Pipelining DSP48 input will improve performance.
WARNING: [DRC DPIP-2] Input pipelining: DSP button_top_inst/button_debounce_array[2].button_debounce_inst/counter_inst/count_middleware_reg[0] input button_top_inst/button_debounce_array[2].button_debounce_inst/counter_inst/count_middleware_reg[0]/C[47:0] is not pipelined. Pipelining DSP48 input will improve performance.
WARNING: [DRC DPIP-2] Input pipelining: DSP button_top_inst/button_debounce_array[2].button_debounce_inst/counter_inst/count_middleware_reg[1] input button_top_inst/button_debounce_array[2].button_debounce_inst/counter_inst/count_middleware_reg[1]/C[47:0] is not pipelined. Pipelining DSP48 input will improve performance.
WARNING: [DRC DPIP-2] Input pipelining: DSP button_top_inst/button_debounce_array[2].button_debounce_inst/counter_inst/count_middleware_reg[2] input button_top_inst/button_debounce_array[2].button_debounce_inst/counter_inst/count_middleware_reg[2]/C[47:0] is not pipelined. Pipelining DSP48 input will improve performance.
WARNING: [DRC DPIP-2] Input pipelining: DSP button_top_inst/button_debounce_array[2].button_debounce_inst/counter_inst/count_middleware_reg[3] input button_top_inst/button_debounce_array[2].button_debounce_inst/counter_inst/count_middleware_reg[3]/C[47:0] is not pipelined. Pipelining DSP48 input will improve performance.
WARNING: [DRC DPIP-2] Input pipelining: DSP button_top_inst/button_debounce_array[3].button_debounce_inst/counter_inst/count_middleware_reg[0] input button_top_inst/button_debounce_array[3].button_debounce_inst/counter_inst/count_middleware_reg[0]/C[47:0] is not pipelined. Pipelining DSP48 input will improve performance.
WARNING: [DRC DPIP-2] Input pipelining: DSP button_top_inst/button_debounce_array[3].button_debounce_inst/counter_inst/count_middleware_reg[1] input button_top_inst/button_debounce_array[3].button_debounce_inst/counter_inst/count_middleware_reg[1]/C[47:0] is not pipelined. Pipelining DSP48 input will improve performance.
WARNING: [DRC DPIP-2] Input pipelining: DSP button_top_inst/button_debounce_array[3].button_debounce_inst/counter_inst/count_middleware_reg[2] input button_top_inst/button_debounce_array[3].button_debounce_inst/counter_inst/count_middleware_reg[2]/C[47:0] is not pipelined. Pipelining DSP48 input will improve performance.
WARNING: [DRC DPIP-2] Input pipelining: DSP button_top_inst/button_debounce_array[3].button_debounce_inst/counter_inst/count_middleware_reg[3] input button_top_inst/button_debounce_array[3].button_debounce_inst/counter_inst/count_middleware_reg[3]/C[47:0] is not pipelined. Pipelining DSP48 input will improve performance.
WARNING: [DRC DPIP-2] Input pipelining: DSP button_top_inst/button_debounce_array[4].button_debounce_inst/counter_inst/count_middleware_reg[0] input button_top_inst/button_debounce_array[4].button_debounce_inst/counter_inst/count_middleware_reg[0]/C[47:0] is not pipelined. Pipelining DSP48 input will improve performance.
WARNING: [DRC DPIP-2] Input pipelining: DSP button_top_inst/button_debounce_array[4].button_debounce_inst/counter_inst/count_middleware_reg[1] input button_top_inst/button_debounce_array[4].button_debounce_inst/counter_inst/count_middleware_reg[1]/C[47:0] is not pipelined. Pipelining DSP48 input will improve performance.
WARNING: [DRC DPIP-2] Input pipelining: DSP button_top_inst/button_debounce_array[4].button_debounce_inst/counter_inst/count_middleware_reg[2] input button_top_inst/button_debounce_array[4].button_debounce_inst/counter_inst/count_middleware_reg[2]/C[47:0] is not pipelined. Pipelining DSP48 input will improve performance.
WARNING: [DRC DPIP-2] Input pipelining: DSP button_top_inst/button_debounce_array[4].button_debounce_inst/counter_inst/count_middleware_reg[3] input button_top_inst/button_debounce_array[4].button_debounce_inst/counter_inst/count_middleware_reg[3]/C[47:0] is not pipelined. Pipelining DSP48 input will improve performance.
WARNING: [DRC DPIP-2] Input pipelining: DSP button_top_inst/button_debounce_array[5].button_debounce_inst/counter_inst/count_middleware_reg[0] input button_top_inst/button_debounce_array[5].button_debounce_inst/counter_inst/count_middleware_reg[0]/C[47:0] is not pipelined. Pipelining DSP48 input will improve performance.
WARNING: [DRC DPIP-2] Input pipelining: DSP button_top_inst/button_debounce_array[5].button_debounce_inst/counter_inst/count_middleware_reg[1] input button_top_inst/button_debounce_array[5].button_debounce_inst/counter_inst/count_middleware_reg[1]/C[47:0] is not pipelined. Pipelining DSP48 input will improve performance.
WARNING: [DRC DPIP-2] Input pipelining: DSP button_top_inst/button_debounce_array[5].button_debounce_inst/counter_inst/count_middleware_reg[2] input button_top_inst/button_debounce_array[5].button_debounce_inst/counter_inst/count_middleware_reg[2]/C[47:0] is not pipelined. Pipelining DSP48 input will improve performance.
WARNING: [DRC DPIP-2] Input pipelining: DSP button_top_inst/button_debounce_array[5].button_debounce_inst/counter_inst/count_middleware_reg[3] input button_top_inst/button_debounce_array[5].button_debounce_inst/counter_inst/count_middleware_reg[3]/C[47:0] is not pipelined. Pipelining DSP48 input will improve performance.
WARNING: [DRC DPIP-2] Input pipelining: DSP button_top_inst/button_debounce_array[6].button_debounce_inst/counter_inst/count_middleware_reg[0] input button_top_inst/button_debounce_array[6].button_debounce_inst/counter_inst/count_middleware_reg[0]/C[47:0] is not pipelined. Pipelining DSP48 input will improve performance.
WARNING: [DRC DPIP-2] Input pipelining: DSP button_top_inst/button_debounce_array[6].button_debounce_inst/counter_inst/count_middleware_reg[1] input button_top_inst/button_debounce_array[6].button_debounce_inst/counter_inst/count_middleware_reg[1]/C[47:0] is not pipelined. Pipelining DSP48 input will improve performance.
WARNING: [DRC DPIP-2] Input pipelining: DSP button_top_inst/button_debounce_array[6].button_debounce_inst/counter_inst/count_middleware_reg[2] input button_top_inst/button_debounce_array[6].button_debounce_inst/counter_inst/count_middleware_reg[2]/C[47:0] is not pipelined. Pipelining DSP48 input will improve performance.
WARNING: [DRC DPIP-2] Input pipelining: DSP button_top_inst/button_debounce_array[6].button_debounce_inst/counter_inst/count_middleware_reg[3] input button_top_inst/button_debounce_array[6].button_debounce_inst/counter_inst/count_middleware_reg[3]/C[47:0] is not pipelined. Pipelining DSP48 input will improve performance.
WARNING: [DRC DPIP-2] Input pipelining: DSP button_top_inst/button_debounce_array[7].button_debounce_inst/counter_inst/count_middleware_reg[0] input button_top_inst/button_debounce_array[7].button_debounce_inst/counter_inst/count_middleware_reg[0]/C[47:0] is not pipelined. Pipelining DSP48 input will improve performance.
WARNING: [DRC DPIP-2] Input pipelining: DSP button_top_inst/button_debounce_array[7].button_debounce_inst/counter_inst/count_middleware_reg[1] input button_top_inst/button_debounce_array[7].button_debounce_inst/counter_inst/count_middleware_reg[1]/C[47:0] is not pipelined. Pipelining DSP48 input will improve performance.
WARNING: [DRC DPIP-2] Input pipelining: DSP button_top_inst/button_debounce_array[7].button_debounce_inst/counter_inst/count_middleware_reg[2] input button_top_inst/button_debounce_array[7].button_debounce_inst/counter_inst/count_middleware_reg[2]/C[47:0] is not pipelined. Pipelining DSP48 input will improve performance.
WARNING: [DRC DPIP-2] Input pipelining: DSP button_top_inst/button_debounce_array[7].button_debounce_inst/counter_inst/count_middleware_reg[3] input button_top_inst/button_debounce_array[7].button_debounce_inst/counter_inst/count_middleware_reg[3]/C[47:0] is not pipelined. Pipelining DSP48 input will improve performance.
WARNING: [DRC DPIP-2] Input pipelining: DSP button_top_inst/button_debounce_array[8].button_debounce_inst/counter_inst/count_middleware_reg[0] input button_top_inst/button_debounce_array[8].button_debounce_inst/counter_inst/count_middleware_reg[0]/C[47:0] is not pipelined. Pipelining DSP48 input will improve performance.
WARNING: [DRC DPIP-2] Input pipelining: DSP button_top_inst/button_debounce_array[8].button_debounce_inst/counter_inst/count_middleware_reg[1] input button_top_inst/button_debounce_array[8].button_debounce_inst/counter_inst/count_middleware_reg[1]/C[47:0] is not pipelined. Pipelining DSP48 input will improve performance.
WARNING: [DRC DPIP-2] Input pipelining: DSP button_top_inst/button_debounce_array[8].button_debounce_inst/counter_inst/count_middleware_reg[2] input button_top_inst/button_debounce_array[8].button_debounce_inst/counter_inst/count_middleware_reg[2]/C[47:0] is not pipelined. Pipelining DSP48 input will improve performance.
WARNING: [DRC DPIP-2] Input pipelining: DSP button_top_inst/button_debounce_array[8].button_debounce_inst/counter_inst/count_middleware_reg[3] input button_top_inst/button_debounce_array[8].button_debounce_inst/counter_inst/count_middleware_reg[3]/C[47:0] is not pipelined. Pipelining DSP48 input will improve performance.
INFO: [Common 17-14] Message 'DRC DPIP-2' appears 100 times and further instances of the messages will be disabled. Use the Tcl command set_msg_config to change the current settings.
WARNING: [DRC DPOP-3] PREG Output pipelining: DSP button_top_inst/button_debounce_array[0].button_debounce_inst/counter_inst/ output button_top_inst/button_debounce_array[0].button_debounce_inst/counter_inst//P[47:0] is not pipelined (PREG=0). Pipelining the DSP48 output will improve performance and often saves power so it is suggested whenever possible to fully pipeline this function.  If this DSP48 function was inferred, it is suggested to describe an additional register stage after this function.  If the DSP48 was instantiated in the design, it is suggested to set the PREG attribute to 1.
WARNING: [DRC DPOP-3] PREG Output pipelining: DSP button_top_inst/button_debounce_array[0].button_debounce_inst/counter_inst/__0 output button_top_inst/button_debounce_array[0].button_debounce_inst/counter_inst/__0/P[47:0] is not pipelined (PREG=0). Pipelining the DSP48 output will improve performance and often saves power so it is suggested whenever possible to fully pipeline this function.  If this DSP48 function was inferred, it is suggested to describe an additional register stage after this function.  If the DSP48 was instantiated in the design, it is suggested to set the PREG attribute to 1.
WARNING: [DRC DPOP-3] PREG Output pipelining: DSP button_top_inst/button_debounce_array[0].button_debounce_inst/counter_inst/__1 output button_top_inst/button_debounce_array[0].button_debounce_inst/counter_inst/__1/P[47:0] is not pipelined (PREG=0). Pipelining the DSP48 output will improve performance and often saves power so it is suggested whenever possible to fully pipeline this function.  If this DSP48 function was inferred, it is suggested to describe an additional register stage after this function.  If the DSP48 was instantiated in the design, it is suggested to set the PREG attribute to 1.
WARNING: [DRC DPOP-3] PREG Output pipelining: DSP button_top_inst/button_debounce_array[0].button_debounce_inst/counter_inst/__2 output button_top_inst/button_debounce_array[0].button_debounce_inst/counter_inst/__2/P[47:0] is not pipelined (PREG=0). Pipelining the DSP48 output will improve performance and often saves power so it is suggested whenever possible to fully pipeline this function.  If this DSP48 function was inferred, it is suggested to describe an additional register stage after this function.  If the DSP48 was instantiated in the design, it is suggested to set the PREG attribute to 1.
WARNING: [DRC DPOP-3] PREG Output pipelining: DSP button_top_inst/button_debounce_array[10].button_debounce_inst/counter_inst/ output button_top_inst/button_debounce_array[10].button_debounce_inst/counter_inst//P[47:0] is not pipelined (PREG=0). Pipelining the DSP48 output will improve performance and often saves power so it is suggested whenever possible to fully pipeline this function.  If this DSP48 function was inferred, it is suggested to describe an additional register stage after this function.  If the DSP48 was instantiated in the design, it is suggested to set the PREG attribute to 1.
WARNING: [DRC DPOP-3] PREG Output pipelining: DSP button_top_inst/button_debounce_array[10].button_debounce_inst/counter_inst/__0 output button_top_inst/button_debounce_array[10].button_debounce_inst/counter_inst/__0/P[47:0] is not pipelined (PREG=0). Pipelining the DSP48 output will improve performance and often saves power so it is suggested whenever possible to fully pipeline this function.  If this DSP48 function was inferred, it is suggested to describe an additional register stage after this function.  If the DSP48 was instantiated in the design, it is suggested to set the PREG attribute to 1.
WARNING: [DRC DPOP-3] PREG Output pipelining: DSP button_top_inst/button_debounce_array[10].button_debounce_inst/counter_inst/__1 output button_top_inst/button_debounce_array[10].button_debounce_inst/counter_inst/__1/P[47:0] is not pipelined (PREG=0). Pipelining the DSP48 output will improve performance and often saves power so it is suggested whenever possible to fully pipeline this function.  If this DSP48 function was inferred, it is suggested to describe an additional register stage after this function.  If the DSP48 was instantiated in the design, it is suggested to set the PREG attribute to 1.
WARNING: [DRC DPOP-3] PREG Output pipelining: DSP button_top_inst/button_debounce_array[10].button_debounce_inst/counter_inst/__2 output button_top_inst/button_debounce_array[10].button_debounce_inst/counter_inst/__2/P[47:0] is not pipelined (PREG=0). Pipelining the DSP48 output will improve performance and often saves power so it is suggested whenever possible to fully pipeline this function.  If this DSP48 function was inferred, it is suggested to describe an additional register stage after this function.  If the DSP48 was instantiated in the design, it is suggested to set the PREG attribute to 1.
WARNING: [DRC DPOP-3] PREG Output pipelining: DSP button_top_inst/button_debounce_array[11].button_debounce_inst/counter_inst/ output button_top_inst/button_debounce_array[11].button_debounce_inst/counter_inst//P[47:0] is not pipelined (PREG=0). Pipelining the DSP48 output will improve performance and often saves power so it is suggested whenever possible to fully pipeline this function.  If this DSP48 function was inferred, it is suggested to describe an additional register stage after this function.  If the DSP48 was instantiated in the design, it is suggested to set the PREG attribute to 1.
WARNING: [DRC DPOP-3] PREG Output pipelining: DSP button_top_inst/button_debounce_array[11].button_debounce_inst/counter_inst/__0 output button_top_inst/button_debounce_array[11].button_debounce_inst/counter_inst/__0/P[47:0] is not pipelined (PREG=0). Pipelining the DSP48 output will improve performance and often saves power so it is suggested whenever possible to fully pipeline this function.  If this DSP48 function was inferred, it is suggested to describe an additional register stage after this function.  If the DSP48 was instantiated in the design, it is suggested to set the PREG attribute to 1.
WARNING: [DRC DPOP-3] PREG Output pipelining: DSP button_top_inst/button_debounce_array[11].button_debounce_inst/counter_inst/__1 output button_top_inst/button_debounce_array[11].button_debounce_inst/counter_inst/__1/P[47:0] is not pipelined (PREG=0). Pipelining the DSP48 output will improve performance and often saves power so it is suggested whenever possible to fully pipeline this function.  If this DSP48 function was inferred, it is suggested to describe an additional register stage after this function.  If the DSP48 was instantiated in the design, it is suggested to set the PREG attribute to 1.
WARNING: [DRC DPOP-3] PREG Output pipelining: DSP button_top_inst/button_debounce_array[11].button_debounce_inst/counter_inst/__2 output button_top_inst/button_debounce_array[11].button_debounce_inst/counter_inst/__2/P[47:0] is not pipelined (PREG=0). Pipelining the DSP48 output will improve performance and often saves power so it is suggested whenever possible to fully pipeline this function.  If this DSP48 function was inferred, it is suggested to describe an additional register stage after this function.  If the DSP48 was instantiated in the design, it is suggested to set the PREG attribute to 1.
WARNING: [DRC DPOP-3] PREG Output pipelining: DSP button_top_inst/button_debounce_array[12].button_debounce_inst/counter_inst/ output button_top_inst/button_debounce_array[12].button_debounce_inst/counter_inst//P[47:0] is not pipelined (PREG=0). Pipelining the DSP48 output will improve performance and often saves power so it is suggested whenever possible to fully pipeline this function.  If this DSP48 function was inferred, it is suggested to describe an additional register stage after this function.  If the DSP48 was instantiated in the design, it is suggested to set the PREG attribute to 1.
WARNING: [DRC DPOP-3] PREG Output pipelining: DSP button_top_inst/button_debounce_array[12].button_debounce_inst/counter_inst/__0 output button_top_inst/button_debounce_array[12].button_debounce_inst/counter_inst/__0/P[47:0] is not pipelined (PREG=0). Pipelining the DSP48 output will improve performance and often saves power so it is suggested whenever possible to fully pipeline this function.  If this DSP48 function was inferred, it is suggested to describe an additional register stage after this function.  If the DSP48 was instantiated in the design, it is suggested to set the PREG attribute to 1.
WARNING: [DRC DPOP-3] PREG Output pipelining: DSP button_top_inst/button_debounce_array[12].button_debounce_inst/counter_inst/__1 output button_top_inst/button_debounce_array[12].button_debounce_inst/counter_inst/__1/P[47:0] is not pipelined (PREG=0). Pipelining the DSP48 output will improve performance and often saves power so it is suggested whenever possible to fully pipeline this function.  If this DSP48 function was inferred, it is suggested to describe an additional register stage after this function.  If the DSP48 was instantiated in the design, it is suggested to set the PREG attribute to 1.
WARNING: [DRC DPOP-3] PREG Output pipelining: DSP button_top_inst/button_debounce_array[12].button_debounce_inst/counter_inst/__2 output button_top_inst/button_debounce_array[12].button_debounce_inst/counter_inst/__2/P[47:0] is not pipelined (PREG=0). Pipelining the DSP48 output will improve performance and often saves power so it is suggested whenever possible to fully pipeline this function.  If this DSP48 function was inferred, it is suggested to describe an additional register stage after this function.  If the DSP48 was instantiated in the design, it is suggested to set the PREG attribute to 1.
WARNING: [DRC DPOP-3] PREG Output pipelining: DSP button_top_inst/button_debounce_array[13].button_debounce_inst/counter_inst/ output button_top_inst/button_debounce_array[13].button_debounce_inst/counter_inst//P[47:0] is not pipelined (PREG=0). Pipelining the DSP48 output will improve performance and often saves power so it is suggested whenever possible to fully pipeline this function.  If this DSP48 function was inferred, it is suggested to describe an additional register stage after this function.  If the DSP48 was instantiated in the design, it is suggested to set the PREG attribute to 1.
WARNING: [DRC DPOP-3] PREG Output pipelining: DSP button_top_inst/button_debounce_array[13].button_debounce_inst/counter_inst/__0 output button_top_inst/button_debounce_array[13].button_debounce_inst/counter_inst/__0/P[47:0] is not pipelined (PREG=0). Pipelining the DSP48 output will improve performance and often saves power so it is suggested whenever possible to fully pipeline this function.  If this DSP48 function was inferred, it is suggested to describe an additional register stage after this function.  If the DSP48 was instantiated in the design, it is suggested to set the PREG attribute to 1.
WARNING: [DRC DPOP-3] PREG Output pipelining: DSP button_top_inst/button_debounce_array[13].button_debounce_inst/counter_inst/__1 output button_top_inst/button_debounce_array[13].button_debounce_inst/counter_inst/__1/P[47:0] is not pipelined (PREG=0). Pipelining the DSP48 output will improve performance and often saves power so it is suggested whenever possible to fully pipeline this function.  If this DSP48 function was inferred, it is suggested to describe an additional register stage after this function.  If the DSP48 was instantiated in the design, it is suggested to set the PREG attribute to 1.
WARNING: [DRC DPOP-3] PREG Output pipelining: DSP button_top_inst/button_debounce_array[13].button_debounce_inst/counter_inst/__2 output button_top_inst/button_debounce_array[13].button_debounce_inst/counter_inst/__2/P[47:0] is not pipelined (PREG=0). Pipelining the DSP48 output will improve performance and often saves power so it is suggested whenever possible to fully pipeline this function.  If this DSP48 function was inferred, it is suggested to describe an additional register stage after this function.  If the DSP48 was instantiated in the design, it is suggested to set the PREG attribute to 1.
WARNING: [DRC DPOP-3] PREG Output pipelining: DSP button_top_inst/button_debounce_array[14].button_debounce_inst/counter_inst/ output button_top_inst/button_debounce_array[14].button_debounce_inst/counter_inst//P[47:0] is not pipelined (PREG=0). Pipelining the DSP48 output will improve performance and often saves power so it is suggested whenever possible to fully pipeline this function.  If this DSP48 function was inferred, it is suggested to describe an additional register stage after this function.  If the DSP48 was instantiated in the design, it is suggested to set the PREG attribute to 1.
WARNING: [DRC DPOP-3] PREG Output pipelining: DSP button_top_inst/button_debounce_array[14].button_debounce_inst/counter_inst/__0 output button_top_inst/button_debounce_array[14].button_debounce_inst/counter_inst/__0/P[47:0] is not pipelined (PREG=0). Pipelining the DSP48 output will improve performance and often saves power so it is suggested whenever possible to fully pipeline this function.  If this DSP48 function was inferred, it is suggested to describe an additional register stage after this function.  If the DSP48 was instantiated in the design, it is suggested to set the PREG attribute to 1.
WARNING: [DRC DPOP-3] PREG Output pipelining: DSP button_top_inst/button_debounce_array[14].button_debounce_inst/counter_inst/__1 output button_top_inst/button_debounce_array[14].button_debounce_inst/counter_inst/__1/P[47:0] is not pipelined (PREG=0). Pipelining the DSP48 output will improve performance and often saves power so it is suggested whenever possible to fully pipeline this function.  If this DSP48 function was inferred, it is suggested to describe an additional register stage after this function.  If the DSP48 was instantiated in the design, it is suggested to set the PREG attribute to 1.
WARNING: [DRC DPOP-3] PREG Output pipelining: DSP button_top_inst/button_debounce_array[14].button_debounce_inst/counter_inst/__2 output button_top_inst/button_debounce_array[14].button_debounce_inst/counter_inst/__2/P[47:0] is not pipelined (PREG=0). Pipelining the DSP48 output will improve performance and often saves power so it is suggested whenever possible to fully pipeline this function.  If this DSP48 function was inferred, it is suggested to describe an additional register stage after this function.  If the DSP48 was instantiated in the design, it is suggested to set the PREG attribute to 1.
WARNING: [DRC DPOP-3] PREG Output pipelining: DSP button_top_inst/button_debounce_array[15].button_debounce_inst/counter_inst/ output button_top_inst/button_debounce_array[15].button_debounce_inst/counter_inst//P[47:0] is not pipelined (PREG=0). Pipelining the DSP48 output will improve performance and often saves power so it is suggested whenever possible to fully pipeline this function.  If this DSP48 function was inferred, it is suggested to describe an additional register stage after this function.  If the DSP48 was instantiated in the design, it is suggested to set the PREG attribute to 1.
WARNING: [DRC DPOP-3] PREG Output pipelining: DSP button_top_inst/button_debounce_array[15].button_debounce_inst/counter_inst/__0 output button_top_inst/button_debounce_array[15].button_debounce_inst/counter_inst/__0/P[47:0] is not pipelined (PREG=0). Pipelining the DSP48 output will improve performance and often saves power so it is suggested whenever possible to fully pipeline this function.  If this DSP48 function was inferred, it is suggested to describe an additional register stage after this function.  If the DSP48 was instantiated in the design, it is suggested to set the PREG attribute to 1.
WARNING: [DRC DPOP-3] PREG Output pipelining: DSP button_top_inst/button_debounce_array[15].button_debounce_inst/counter_inst/__1 output button_top_inst/button_debounce_array[15].button_debounce_inst/counter_inst/__1/P[47:0] is not pipelined (PREG=0). Pipelining the DSP48 output will improve performance and often saves power so it is suggested whenever possible to fully pipeline this function.  If this DSP48 function was inferred, it is suggested to describe an additional register stage after this function.  If the DSP48 was instantiated in the design, it is suggested to set the PREG attribute to 1.
WARNING: [DRC DPOP-3] PREG Output pipelining: DSP button_top_inst/button_debounce_array[15].button_debounce_inst/counter_inst/__2 output button_top_inst/button_debounce_array[15].button_debounce_inst/counter_inst/__2/P[47:0] is not pipelined (PREG=0). Pipelining the DSP48 output will improve performance and often saves power so it is suggested whenever possible to fully pipeline this function.  If this DSP48 function was inferred, it is suggested to describe an additional register stage after this function.  If the DSP48 was instantiated in the design, it is suggested to set the PREG attribute to 1.
WARNING: [DRC DPOP-3] PREG Output pipelining: DSP button_top_inst/button_debounce_array[16].button_debounce_inst/counter_inst/ output button_top_inst/button_debounce_array[16].button_debounce_inst/counter_inst//P[47:0] is not pipelined (PREG=0). Pipelining the DSP48 output will improve performance and often saves power so it is suggested whenever possible to fully pipeline this function.  If this DSP48 function was inferred, it is suggested to describe an additional register stage after this function.  If the DSP48 was instantiated in the design, it is suggested to set the PREG attribute to 1.
WARNING: [DRC DPOP-3] PREG Output pipelining: DSP button_top_inst/button_debounce_array[16].button_debounce_inst/counter_inst/__0 output button_top_inst/button_debounce_array[16].button_debounce_inst/counter_inst/__0/P[47:0] is not pipelined (PREG=0). Pipelining the DSP48 output will improve performance and often saves power so it is suggested whenever possible to fully pipeline this function.  If this DSP48 function was inferred, it is suggested to describe an additional register stage after this function.  If the DSP48 was instantiated in the design, it is suggested to set the PREG attribute to 1.
WARNING: [DRC DPOP-3] PREG Output pipelining: DSP button_top_inst/button_debounce_array[16].button_debounce_inst/counter_inst/__1 output button_top_inst/button_debounce_array[16].button_debounce_inst/counter_inst/__1/P[47:0] is not pipelined (PREG=0). Pipelining the DSP48 output will improve performance and often saves power so it is suggested whenever possible to fully pipeline this function.  If this DSP48 function was inferred, it is suggested to describe an additional register stage after this function.  If the DSP48 was instantiated in the design, it is suggested to set the PREG attribute to 1.
WARNING: [DRC DPOP-3] PREG Output pipelining: DSP button_top_inst/button_debounce_array[16].button_debounce_inst/counter_inst/__2 output button_top_inst/button_debounce_array[16].button_debounce_inst/counter_inst/__2/P[47:0] is not pipelined (PREG=0). Pipelining the DSP48 output will improve performance and often saves power so it is suggested whenever possible to fully pipeline this function.  If this DSP48 function was inferred, it is suggested to describe an additional register stage after this function.  If the DSP48 was instantiated in the design, it is suggested to set the PREG attribute to 1.
WARNING: [DRC DPOP-3] PREG Output pipelining: DSP button_top_inst/button_debounce_array[17].button_debounce_inst/counter_inst/ output button_top_inst/button_debounce_array[17].button_debounce_inst/counter_inst//P[47:0] is not pipelined (PREG=0). Pipelining the DSP48 output will improve performance and often saves power so it is suggested whenever possible to fully pipeline this function.  If this DSP48 function was inferred, it is suggested to describe an additional register stage after this function.  If the DSP48 was instantiated in the design, it is suggested to set the PREG attribute to 1.
WARNING: [DRC DPOP-3] PREG Output pipelining: DSP button_top_inst/button_debounce_array[17].button_debounce_inst/counter_inst/__0 output button_top_inst/button_debounce_array[17].button_debounce_inst/counter_inst/__0/P[47:0] is not pipelined (PREG=0). Pipelining the DSP48 output will improve performance and often saves power so it is suggested whenever possible to fully pipeline this function.  If this DSP48 function was inferred, it is suggested to describe an additional register stage after this function.  If the DSP48 was instantiated in the design, it is suggested to set the PREG attribute to 1.
WARNING: [DRC DPOP-3] PREG Output pipelining: DSP button_top_inst/button_debounce_array[17].button_debounce_inst/counter_inst/__1 output button_top_inst/button_debounce_array[17].button_debounce_inst/counter_inst/__1/P[47:0] is not pipelined (PREG=0). Pipelining the DSP48 output will improve performance and often saves power so it is suggested whenever possible to fully pipeline this function.  If this DSP48 function was inferred, it is suggested to describe an additional register stage after this function.  If the DSP48 was instantiated in the design, it is suggested to set the PREG attribute to 1.
WARNING: [DRC DPOP-3] PREG Output pipelining: DSP button_top_inst/button_debounce_array[17].button_debounce_inst/counter_inst/__2 output button_top_inst/button_debounce_array[17].button_debounce_inst/counter_inst/__2/P[47:0] is not pipelined (PREG=0). Pipelining the DSP48 output will improve performance and often saves power so it is suggested whenever possible to fully pipeline this function.  If this DSP48 function was inferred, it is suggested to describe an additional register stage after this function.  If the DSP48 was instantiated in the design, it is suggested to set the PREG attribute to 1.
WARNING: [DRC DPOP-3] PREG Output pipelining: DSP button_top_inst/button_debounce_array[18].button_debounce_inst/counter_inst/ output button_top_inst/button_debounce_array[18].button_debounce_inst/counter_inst//P[47:0] is not pipelined (PREG=0). Pipelining the DSP48 output will improve performance and often saves power so it is suggested whenever possible to fully pipeline this function.  If this DSP48 function was inferred, it is suggested to describe an additional register stage after this function.  If the DSP48 was instantiated in the design, it is suggested to set the PREG attribute to 1.
WARNING: [DRC DPOP-3] PREG Output pipelining: DSP button_top_inst/button_debounce_array[18].button_debounce_inst/counter_inst/__0 output button_top_inst/button_debounce_array[18].button_debounce_inst/counter_inst/__0/P[47:0] is not pipelined (PREG=0). Pipelining the DSP48 output will improve performance and often saves power so it is suggested whenever possible to fully pipeline this function.  If this DSP48 function was inferred, it is suggested to describe an additional register stage after this function.  If the DSP48 was instantiated in the design, it is suggested to set the PREG attribute to 1.
WARNING: [DRC DPOP-3] PREG Output pipelining: DSP button_top_inst/button_debounce_array[18].button_debounce_inst/counter_inst/__1 output button_top_inst/button_debounce_array[18].button_debounce_inst/counter_inst/__1/P[47:0] is not pipelined (PREG=0). Pipelining the DSP48 output will improve performance and often saves power so it is suggested whenever possible to fully pipeline this function.  If this DSP48 function was inferred, it is suggested to describe an additional register stage after this function.  If the DSP48 was instantiated in the design, it is suggested to set the PREG attribute to 1.
WARNING: [DRC DPOP-3] PREG Output pipelining: DSP button_top_inst/button_debounce_array[18].button_debounce_inst/counter_inst/__2 output button_top_inst/button_debounce_array[18].button_debounce_inst/counter_inst/__2/P[47:0] is not pipelined (PREG=0). Pipelining the DSP48 output will improve performance and often saves power so it is suggested whenever possible to fully pipeline this function.  If this DSP48 function was inferred, it is suggested to describe an additional register stage after this function.  If the DSP48 was instantiated in the design, it is suggested to set the PREG attribute to 1.
WARNING: [DRC DPOP-3] PREG Output pipelining: DSP button_top_inst/button_debounce_array[19].button_debounce_inst/counter_inst/ output button_top_inst/button_debounce_array[19].button_debounce_inst/counter_inst//P[47:0] is not pipelined (PREG=0). Pipelining the DSP48 output will improve performance and often saves power so it is suggested whenever possible to fully pipeline this function.  If this DSP48 function was inferred, it is suggested to describe an additional register stage after this function.  If the DSP48 was instantiated in the design, it is suggested to set the PREG attribute to 1.
WARNING: [DRC DPOP-3] PREG Output pipelining: DSP button_top_inst/button_debounce_array[19].button_debounce_inst/counter_inst/__0 output button_top_inst/button_debounce_array[19].button_debounce_inst/counter_inst/__0/P[47:0] is not pipelined (PREG=0). Pipelining the DSP48 output will improve performance and often saves power so it is suggested whenever possible to fully pipeline this function.  If this DSP48 function was inferred, it is suggested to describe an additional register stage after this function.  If the DSP48 was instantiated in the design, it is suggested to set the PREG attribute to 1.
WARNING: [DRC DPOP-3] PREG Output pipelining: DSP button_top_inst/button_debounce_array[19].button_debounce_inst/counter_inst/__1 output button_top_inst/button_debounce_array[19].button_debounce_inst/counter_inst/__1/P[47:0] is not pipelined (PREG=0). Pipelining the DSP48 output will improve performance and often saves power so it is suggested whenever possible to fully pipeline this function.  If this DSP48 function was inferred, it is suggested to describe an additional register stage after this function.  If the DSP48 was instantiated in the design, it is suggested to set the PREG attribute to 1.
WARNING: [DRC DPOP-3] PREG Output pipelining: DSP button_top_inst/button_debounce_array[19].button_debounce_inst/counter_inst/__2 output button_top_inst/button_debounce_array[19].button_debounce_inst/counter_inst/__2/P[47:0] is not pipelined (PREG=0). Pipelining the DSP48 output will improve performance and often saves power so it is suggested whenever possible to fully pipeline this function.  If this DSP48 function was inferred, it is suggested to describe an additional register stage after this function.  If the DSP48 was instantiated in the design, it is suggested to set the PREG attribute to 1.
WARNING: [DRC DPOP-3] PREG Output pipelining: DSP button_top_inst/button_debounce_array[1].button_debounce_inst/counter_inst/ output button_top_inst/button_debounce_array[1].button_debounce_inst/counter_inst//P[47:0] is not pipelined (PREG=0). Pipelining the DSP48 output will improve performance and often saves power so it is suggested whenever possible to fully pipeline this function.  If this DSP48 function was inferred, it is suggested to describe an additional register stage after this function.  If the DSP48 was instantiated in the design, it is suggested to set the PREG attribute to 1.
WARNING: [DRC DPOP-3] PREG Output pipelining: DSP button_top_inst/button_debounce_array[1].button_debounce_inst/counter_inst/__0 output button_top_inst/button_debounce_array[1].button_debounce_inst/counter_inst/__0/P[47:0] is not pipelined (PREG=0). Pipelining the DSP48 output will improve performance and often saves power so it is suggested whenever possible to fully pipeline this function.  If this DSP48 function was inferred, it is suggested to describe an additional register stage after this function.  If the DSP48 was instantiated in the design, it is suggested to set the PREG attribute to 1.
WARNING: [DRC DPOP-3] PREG Output pipelining: DSP button_top_inst/button_debounce_array[1].button_debounce_inst/counter_inst/__1 output button_top_inst/button_debounce_array[1].button_debounce_inst/counter_inst/__1/P[47:0] is not pipelined (PREG=0). Pipelining the DSP48 output will improve performance and often saves power so it is suggested whenever possible to fully pipeline this function.  If this DSP48 function was inferred, it is suggested to describe an additional register stage after this function.  If the DSP48 was instantiated in the design, it is suggested to set the PREG attribute to 1.
WARNING: [DRC DPOP-3] PREG Output pipelining: DSP button_top_inst/button_debounce_array[1].button_debounce_inst/counter_inst/__2 output button_top_inst/button_debounce_array[1].button_debounce_inst/counter_inst/__2/P[47:0] is not pipelined (PREG=0). Pipelining the DSP48 output will improve performance and often saves power so it is suggested whenever possible to fully pipeline this function.  If this DSP48 function was inferred, it is suggested to describe an additional register stage after this function.  If the DSP48 was instantiated in the design, it is suggested to set the PREG attribute to 1.
WARNING: [DRC DPOP-3] PREG Output pipelining: DSP button_top_inst/button_debounce_array[20].button_debounce_inst/counter_inst/ output button_top_inst/button_debounce_array[20].button_debounce_inst/counter_inst//P[47:0] is not pipelined (PREG=0). Pipelining the DSP48 output will improve performance and often saves power so it is suggested whenever possible to fully pipeline this function.  If this DSP48 function was inferred, it is suggested to describe an additional register stage after this function.  If the DSP48 was instantiated in the design, it is suggested to set the PREG attribute to 1.
WARNING: [DRC DPOP-3] PREG Output pipelining: DSP button_top_inst/button_debounce_array[20].button_debounce_inst/counter_inst/__0 output button_top_inst/button_debounce_array[20].button_debounce_inst/counter_inst/__0/P[47:0] is not pipelined (PREG=0). Pipelining the DSP48 output will improve performance and often saves power so it is suggested whenever possible to fully pipeline this function.  If this DSP48 function was inferred, it is suggested to describe an additional register stage after this function.  If the DSP48 was instantiated in the design, it is suggested to set the PREG attribute to 1.
WARNING: [DRC DPOP-3] PREG Output pipelining: DSP button_top_inst/button_debounce_array[20].button_debounce_inst/counter_inst/__1 output button_top_inst/button_debounce_array[20].button_debounce_inst/counter_inst/__1/P[47:0] is not pipelined (PREG=0). Pipelining the DSP48 output will improve performance and often saves power so it is suggested whenever possible to fully pipeline this function.  If this DSP48 function was inferred, it is suggested to describe an additional register stage after this function.  If the DSP48 was instantiated in the design, it is suggested to set the PREG attribute to 1.
WARNING: [DRC DPOP-3] PREG Output pipelining: DSP button_top_inst/button_debounce_array[20].button_debounce_inst/counter_inst/__2 output button_top_inst/button_debounce_array[20].button_debounce_inst/counter_inst/__2/P[47:0] is not pipelined (PREG=0). Pipelining the DSP48 output will improve performance and often saves power so it is suggested whenever possible to fully pipeline this function.  If this DSP48 function was inferred, it is suggested to describe an additional register stage after this function.  If the DSP48 was instantiated in the design, it is suggested to set the PREG attribute to 1.
WARNING: [DRC DPOP-3] PREG Output pipelining: DSP button_top_inst/button_debounce_array[21].button_debounce_inst/counter_inst/ output button_top_inst/button_debounce_array[21].button_debounce_inst/counter_inst//P[47:0] is not pipelined (PREG=0). Pipelining the DSP48 output will improve performance and often saves power so it is suggested whenever possible to fully pipeline this function.  If this DSP48 function was inferred, it is suggested to describe an additional register stage after this function.  If the DSP48 was instantiated in the design, it is suggested to set the PREG attribute to 1.
WARNING: [DRC DPOP-3] PREG Output pipelining: DSP button_top_inst/button_debounce_array[21].button_debounce_inst/counter_inst/__0 output button_top_inst/button_debounce_array[21].button_debounce_inst/counter_inst/__0/P[47:0] is not pipelined (PREG=0). Pipelining the DSP48 output will improve performance and often saves power so it is suggested whenever possible to fully pipeline this function.  If this DSP48 function was inferred, it is suggested to describe an additional register stage after this function.  If the DSP48 was instantiated in the design, it is suggested to set the PREG attribute to 1.
WARNING: [DRC DPOP-3] PREG Output pipelining: DSP button_top_inst/button_debounce_array[21].button_debounce_inst/counter_inst/__1 output button_top_inst/button_debounce_array[21].button_debounce_inst/counter_inst/__1/P[47:0] is not pipelined (PREG=0). Pipelining the DSP48 output will improve performance and often saves power so it is suggested whenever possible to fully pipeline this function.  If this DSP48 function was inferred, it is suggested to describe an additional register stage after this function.  If the DSP48 was instantiated in the design, it is suggested to set the PREG attribute to 1.
WARNING: [DRC DPOP-3] PREG Output pipelining: DSP button_top_inst/button_debounce_array[21].button_debounce_inst/counter_inst/__2 output button_top_inst/button_debounce_array[21].button_debounce_inst/counter_inst/__2/P[47:0] is not pipelined (PREG=0). Pipelining the DSP48 output will improve performance and often saves power so it is suggested whenever possible to fully pipeline this function.  If this DSP48 function was inferred, it is suggested to describe an additional register stage after this function.  If the DSP48 was instantiated in the design, it is suggested to set the PREG attribute to 1.
WARNING: [DRC DPOP-3] PREG Output pipelining: DSP button_top_inst/button_debounce_array[22].button_debounce_inst/counter_inst/ output button_top_inst/button_debounce_array[22].button_debounce_inst/counter_inst//P[47:0] is not pipelined (PREG=0). Pipelining the DSP48 output will improve performance and often saves power so it is suggested whenever possible to fully pipeline this function.  If this DSP48 function was inferred, it is suggested to describe an additional register stage after this function.  If the DSP48 was instantiated in the design, it is suggested to set the PREG attribute to 1.
WARNING: [DRC DPOP-3] PREG Output pipelining: DSP button_top_inst/button_debounce_array[22].button_debounce_inst/counter_inst/__0 output button_top_inst/button_debounce_array[22].button_debounce_inst/counter_inst/__0/P[47:0] is not pipelined (PREG=0). Pipelining the DSP48 output will improve performance and often saves power so it is suggested whenever possible to fully pipeline this function.  If this DSP48 function was inferred, it is suggested to describe an additional register stage after this function.  If the DSP48 was instantiated in the design, it is suggested to set the PREG attribute to 1.
WARNING: [DRC DPOP-3] PREG Output pipelining: DSP button_top_inst/button_debounce_array[22].button_debounce_inst/counter_inst/__1 output button_top_inst/button_debounce_array[22].button_debounce_inst/counter_inst/__1/P[47:0] is not pipelined (PREG=0). Pipelining the DSP48 output will improve performance and often saves power so it is suggested whenever possible to fully pipeline this function.  If this DSP48 function was inferred, it is suggested to describe an additional register stage after this function.  If the DSP48 was instantiated in the design, it is suggested to set the PREG attribute to 1.
WARNING: [DRC DPOP-3] PREG Output pipelining: DSP button_top_inst/button_debounce_array[22].button_debounce_inst/counter_inst/__2 output button_top_inst/button_debounce_array[22].button_debounce_inst/counter_inst/__2/P[47:0] is not pipelined (PREG=0). Pipelining the DSP48 output will improve performance and often saves power so it is suggested whenever possible to fully pipeline this function.  If this DSP48 function was inferred, it is suggested to describe an additional register stage after this function.  If the DSP48 was instantiated in the design, it is suggested to set the PREG attribute to 1.
WARNING: [DRC DPOP-3] PREG Output pipelining: DSP button_top_inst/button_debounce_array[23].button_debounce_inst/counter_inst/ output button_top_inst/button_debounce_array[23].button_debounce_inst/counter_inst//P[47:0] is not pipelined (PREG=0). Pipelining the DSP48 output will improve performance and often saves power so it is suggested whenever possible to fully pipeline this function.  If this DSP48 function was inferred, it is suggested to describe an additional register stage after this function.  If the DSP48 was instantiated in the design, it is suggested to set the PREG attribute to 1.
WARNING: [DRC DPOP-3] PREG Output pipelining: DSP button_top_inst/button_debounce_array[23].button_debounce_inst/counter_inst/__0 output button_top_inst/button_debounce_array[23].button_debounce_inst/counter_inst/__0/P[47:0] is not pipelined (PREG=0). Pipelining the DSP48 output will improve performance and often saves power so it is suggested whenever possible to fully pipeline this function.  If this DSP48 function was inferred, it is suggested to describe an additional register stage after this function.  If the DSP48 was instantiated in the design, it is suggested to set the PREG attribute to 1.
WARNING: [DRC DPOP-3] PREG Output pipelining: DSP button_top_inst/button_debounce_array[23].button_debounce_inst/counter_inst/__1 output button_top_inst/button_debounce_array[23].button_debounce_inst/counter_inst/__1/P[47:0] is not pipelined (PREG=0). Pipelining the DSP48 output will improve performance and often saves power so it is suggested whenever possible to fully pipeline this function.  If this DSP48 function was inferred, it is suggested to describe an additional register stage after this function.  If the DSP48 was instantiated in the design, it is suggested to set the PREG attribute to 1.
WARNING: [DRC DPOP-3] PREG Output pipelining: DSP button_top_inst/button_debounce_array[23].button_debounce_inst/counter_inst/__2 output button_top_inst/button_debounce_array[23].button_debounce_inst/counter_inst/__2/P[47:0] is not pipelined (PREG=0). Pipelining the DSP48 output will improve performance and often saves power so it is suggested whenever possible to fully pipeline this function.  If this DSP48 function was inferred, it is suggested to describe an additional register stage after this function.  If the DSP48 was instantiated in the design, it is suggested to set the PREG attribute to 1.
WARNING: [DRC DPOP-3] PREG Output pipelining: DSP button_top_inst/button_debounce_array[24].button_debounce_inst/counter_inst/ output button_top_inst/button_debounce_array[24].button_debounce_inst/counter_inst//P[47:0] is not pipelined (PREG=0). Pipelining the DSP48 output will improve performance and often saves power so it is suggested whenever possible to fully pipeline this function.  If this DSP48 function was inferred, it is suggested to describe an additional register stage after this function.  If the DSP48 was instantiated in the design, it is suggested to set the PREG attribute to 1.
WARNING: [DRC DPOP-3] PREG Output pipelining: DSP button_top_inst/button_debounce_array[24].button_debounce_inst/counter_inst/__0 output button_top_inst/button_debounce_array[24].button_debounce_inst/counter_inst/__0/P[47:0] is not pipelined (PREG=0). Pipelining the DSP48 output will improve performance and often saves power so it is suggested whenever possible to fully pipeline this function.  If this DSP48 function was inferred, it is suggested to describe an additional register stage after this function.  If the DSP48 was instantiated in the design, it is suggested to set the PREG attribute to 1.
WARNING: [DRC DPOP-3] PREG Output pipelining: DSP button_top_inst/button_debounce_array[24].button_debounce_inst/counter_inst/__1 output button_top_inst/button_debounce_array[24].button_debounce_inst/counter_inst/__1/P[47:0] is not pipelined (PREG=0). Pipelining the DSP48 output will improve performance and often saves power so it is suggested whenever possible to fully pipeline this function.  If this DSP48 function was inferred, it is suggested to describe an additional register stage after this function.  If the DSP48 was instantiated in the design, it is suggested to set the PREG attribute to 1.
WARNING: [DRC DPOP-3] PREG Output pipelining: DSP button_top_inst/button_debounce_array[24].button_debounce_inst/counter_inst/__2 output button_top_inst/button_debounce_array[24].button_debounce_inst/counter_inst/__2/P[47:0] is not pipelined (PREG=0). Pipelining the DSP48 output will improve performance and often saves power so it is suggested whenever possible to fully pipeline this function.  If this DSP48 function was inferred, it is suggested to describe an additional register stage after this function.  If the DSP48 was instantiated in the design, it is suggested to set the PREG attribute to 1.
WARNING: [DRC DPOP-3] PREG Output pipelining: DSP button_top_inst/button_debounce_array[25].button_debounce_inst/counter_inst/ output button_top_inst/button_debounce_array[25].button_debounce_inst/counter_inst//P[47:0] is not pipelined (PREG=0). Pipelining the DSP48 output will improve performance and often saves power so it is suggested whenever possible to fully pipeline this function.  If this DSP48 function was inferred, it is suggested to describe an additional register stage after this function.  If the DSP48 was instantiated in the design, it is suggested to set the PREG attribute to 1.
WARNING: [DRC DPOP-3] PREG Output pipelining: DSP button_top_inst/button_debounce_array[25].button_debounce_inst/counter_inst/__0 output button_top_inst/button_debounce_array[25].button_debounce_inst/counter_inst/__0/P[47:0] is not pipelined (PREG=0). Pipelining the DSP48 output will improve performance and often saves power so it is suggested whenever possible to fully pipeline this function.  If this DSP48 function was inferred, it is suggested to describe an additional register stage after this function.  If the DSP48 was instantiated in the design, it is suggested to set the PREG attribute to 1.
WARNING: [DRC DPOP-3] PREG Output pipelining: DSP button_top_inst/button_debounce_array[25].button_debounce_inst/counter_inst/__1 output button_top_inst/button_debounce_array[25].button_debounce_inst/counter_inst/__1/P[47:0] is not pipelined (PREG=0). Pipelining the DSP48 output will improve performance and often saves power so it is suggested whenever possible to fully pipeline this function.  If this DSP48 function was inferred, it is suggested to describe an additional register stage after this function.  If the DSP48 was instantiated in the design, it is suggested to set the PREG attribute to 1.
WARNING: [DRC DPOP-3] PREG Output pipelining: DSP button_top_inst/button_debounce_array[25].button_debounce_inst/counter_inst/__2 output button_top_inst/button_debounce_array[25].button_debounce_inst/counter_inst/__2/P[47:0] is not pipelined (PREG=0). Pipelining the DSP48 output will improve performance and often saves power so it is suggested whenever possible to fully pipeline this function.  If this DSP48 function was inferred, it is suggested to describe an additional register stage after this function.  If the DSP48 was instantiated in the design, it is suggested to set the PREG attribute to 1.
WARNING: [DRC DPOP-3] PREG Output pipelining: DSP button_top_inst/button_debounce_array[2].button_debounce_inst/counter_inst/ output button_top_inst/button_debounce_array[2].button_debounce_inst/counter_inst//P[47:0] is not pipelined (PREG=0). Pipelining the DSP48 output will improve performance and often saves power so it is suggested whenever possible to fully pipeline this function.  If this DSP48 function was inferred, it is suggested to describe an additional register stage after this function.  If the DSP48 was instantiated in the design, it is suggested to set the PREG attribute to 1.
WARNING: [DRC DPOP-3] PREG Output pipelining: DSP button_top_inst/button_debounce_array[2].button_debounce_inst/counter_inst/__0 output button_top_inst/button_debounce_array[2].button_debounce_inst/counter_inst/__0/P[47:0] is not pipelined (PREG=0). Pipelining the DSP48 output will improve performance and often saves power so it is suggested whenever possible to fully pipeline this function.  If this DSP48 function was inferred, it is suggested to describe an additional register stage after this function.  If the DSP48 was instantiated in the design, it is suggested to set the PREG attribute to 1.
WARNING: [DRC DPOP-3] PREG Output pipelining: DSP button_top_inst/button_debounce_array[2].button_debounce_inst/counter_inst/__1 output button_top_inst/button_debounce_array[2].button_debounce_inst/counter_inst/__1/P[47:0] is not pipelined (PREG=0). Pipelining the DSP48 output will improve performance and often saves power so it is suggested whenever possible to fully pipeline this function.  If this DSP48 function was inferred, it is suggested to describe an additional register stage after this function.  If the DSP48 was instantiated in the design, it is suggested to set the PREG attribute to 1.
WARNING: [DRC DPOP-3] PREG Output pipelining: DSP button_top_inst/button_debounce_array[2].button_debounce_inst/counter_inst/__2 output button_top_inst/button_debounce_array[2].button_debounce_inst/counter_inst/__2/P[47:0] is not pipelined (PREG=0). Pipelining the DSP48 output will improve performance and often saves power so it is suggested whenever possible to fully pipeline this function.  If this DSP48 function was inferred, it is suggested to describe an additional register stage after this function.  If the DSP48 was instantiated in the design, it is suggested to set the PREG attribute to 1.
WARNING: [DRC DPOP-3] PREG Output pipelining: DSP button_top_inst/button_debounce_array[3].button_debounce_inst/counter_inst/ output button_top_inst/button_debounce_array[3].button_debounce_inst/counter_inst//P[47:0] is not pipelined (PREG=0). Pipelining the DSP48 output will improve performance and often saves power so it is suggested whenever possible to fully pipeline this function.  If this DSP48 function was inferred, it is suggested to describe an additional register stage after this function.  If the DSP48 was instantiated in the design, it is suggested to set the PREG attribute to 1.
WARNING: [DRC DPOP-3] PREG Output pipelining: DSP button_top_inst/button_debounce_array[3].button_debounce_inst/counter_inst/__0 output button_top_inst/button_debounce_array[3].button_debounce_inst/counter_inst/__0/P[47:0] is not pipelined (PREG=0). Pipelining the DSP48 output will improve performance and often saves power so it is suggested whenever possible to fully pipeline this function.  If this DSP48 function was inferred, it is suggested to describe an additional register stage after this function.  If the DSP48 was instantiated in the design, it is suggested to set the PREG attribute to 1.
WARNING: [DRC DPOP-3] PREG Output pipelining: DSP button_top_inst/button_debounce_array[3].button_debounce_inst/counter_inst/__1 output button_top_inst/button_debounce_array[3].button_debounce_inst/counter_inst/__1/P[47:0] is not pipelined (PREG=0). Pipelining the DSP48 output will improve performance and often saves power so it is suggested whenever possible to fully pipeline this function.  If this DSP48 function was inferred, it is suggested to describe an additional register stage after this function.  If the DSP48 was instantiated in the design, it is suggested to set the PREG attribute to 1.
WARNING: [DRC DPOP-3] PREG Output pipelining: DSP button_top_inst/button_debounce_array[3].button_debounce_inst/counter_inst/__2 output button_top_inst/button_debounce_array[3].button_debounce_inst/counter_inst/__2/P[47:0] is not pipelined (PREG=0). Pipelining the DSP48 output will improve performance and often saves power so it is suggested whenever possible to fully pipeline this function.  If this DSP48 function was inferred, it is suggested to describe an additional register stage after this function.  If the DSP48 was instantiated in the design, it is suggested to set the PREG attribute to 1.
WARNING: [DRC DPOP-3] PREG Output pipelining: DSP button_top_inst/button_debounce_array[4].button_debounce_inst/counter_inst/ output button_top_inst/button_debounce_array[4].button_debounce_inst/counter_inst//P[47:0] is not pipelined (PREG=0). Pipelining the DSP48 output will improve performance and often saves power so it is suggested whenever possible to fully pipeline this function.  If this DSP48 function was inferred, it is suggested to describe an additional register stage after this function.  If the DSP48 was instantiated in the design, it is suggested to set the PREG attribute to 1.
WARNING: [DRC DPOP-3] PREG Output pipelining: DSP button_top_inst/button_debounce_array[4].button_debounce_inst/counter_inst/__0 output button_top_inst/button_debounce_array[4].button_debounce_inst/counter_inst/__0/P[47:0] is not pipelined (PREG=0). Pipelining the DSP48 output will improve performance and often saves power so it is suggested whenever possible to fully pipeline this function.  If this DSP48 function was inferred, it is suggested to describe an additional register stage after this function.  If the DSP48 was instantiated in the design, it is suggested to set the PREG attribute to 1.
WARNING: [DRC DPOP-3] PREG Output pipelining: DSP button_top_inst/button_debounce_array[4].button_debounce_inst/counter_inst/__1 output button_top_inst/button_debounce_array[4].button_debounce_inst/counter_inst/__1/P[47:0] is not pipelined (PREG=0). Pipelining the DSP48 output will improve performance and often saves power so it is suggested whenever possible to fully pipeline this function.  If this DSP48 function was inferred, it is suggested to describe an additional register stage after this function.  If the DSP48 was instantiated in the design, it is suggested to set the PREG attribute to 1.
WARNING: [DRC DPOP-3] PREG Output pipelining: DSP button_top_inst/button_debounce_array[4].button_debounce_inst/counter_inst/__2 output button_top_inst/button_debounce_array[4].button_debounce_inst/counter_inst/__2/P[47:0] is not pipelined (PREG=0). Pipelining the DSP48 output will improve performance and often saves power so it is suggested whenever possible to fully pipeline this function.  If this DSP48 function was inferred, it is suggested to describe an additional register stage after this function.  If the DSP48 was instantiated in the design, it is suggested to set the PREG attribute to 1.
WARNING: [DRC DPOP-3] PREG Output pipelining: DSP button_top_inst/button_debounce_array[5].button_debounce_inst/counter_inst/ output button_top_inst/button_debounce_array[5].button_debounce_inst/counter_inst//P[47:0] is not pipelined (PREG=0). Pipelining the DSP48 output will improve performance and often saves power so it is suggested whenever possible to fully pipeline this function.  If this DSP48 function was inferred, it is suggested to describe an additional register stage after this function.  If the DSP48 was instantiated in the design, it is suggested to set the PREG attribute to 1.
WARNING: [DRC DPOP-3] PREG Output pipelining: DSP button_top_inst/button_debounce_array[5].button_debounce_inst/counter_inst/__0 output button_top_inst/button_debounce_array[5].button_debounce_inst/counter_inst/__0/P[47:0] is not pipelined (PREG=0). Pipelining the DSP48 output will improve performance and often saves power so it is suggested whenever possible to fully pipeline this function.  If this DSP48 function was inferred, it is suggested to describe an additional register stage after this function.  If the DSP48 was instantiated in the design, it is suggested to set the PREG attribute to 1.
WARNING: [DRC DPOP-3] PREG Output pipelining: DSP button_top_inst/button_debounce_array[5].button_debounce_inst/counter_inst/__1 output button_top_inst/button_debounce_array[5].button_debounce_inst/counter_inst/__1/P[47:0] is not pipelined (PREG=0). Pipelining the DSP48 output will improve performance and often saves power so it is suggested whenever possible to fully pipeline this function.  If this DSP48 function was inferred, it is suggested to describe an additional register stage after this function.  If the DSP48 was instantiated in the design, it is suggested to set the PREG attribute to 1.
WARNING: [DRC DPOP-3] PREG Output pipelining: DSP button_top_inst/button_debounce_array[5].button_debounce_inst/counter_inst/__2 output button_top_inst/button_debounce_array[5].button_debounce_inst/counter_inst/__2/P[47:0] is not pipelined (PREG=0). Pipelining the DSP48 output will improve performance and often saves power so it is suggested whenever possible to fully pipeline this function.  If this DSP48 function was inferred, it is suggested to describe an additional register stage after this function.  If the DSP48 was instantiated in the design, it is suggested to set the PREG attribute to 1.
WARNING: [DRC DPOP-3] PREG Output pipelining: DSP button_top_inst/button_debounce_array[6].button_debounce_inst/counter_inst/ output button_top_inst/button_debounce_array[6].button_debounce_inst/counter_inst//P[47:0] is not pipelined (PREG=0). Pipelining the DSP48 output will improve performance and often saves power so it is suggested whenever possible to fully pipeline this function.  If this DSP48 function was inferred, it is suggested to describe an additional register stage after this function.  If the DSP48 was instantiated in the design, it is suggested to set the PREG attribute to 1.
WARNING: [DRC DPOP-3] PREG Output pipelining: DSP button_top_inst/button_debounce_array[6].button_debounce_inst/counter_inst/__0 output button_top_inst/button_debounce_array[6].button_debounce_inst/counter_inst/__0/P[47:0] is not pipelined (PREG=0). Pipelining the DSP48 output will improve performance and often saves power so it is suggested whenever possible to fully pipeline this function.  If this DSP48 function was inferred, it is suggested to describe an additional register stage after this function.  If the DSP48 was instantiated in the design, it is suggested to set the PREG attribute to 1.
WARNING: [DRC DPOP-3] PREG Output pipelining: DSP button_top_inst/button_debounce_array[6].button_debounce_inst/counter_inst/__1 output button_top_inst/button_debounce_array[6].button_debounce_inst/counter_inst/__1/P[47:0] is not pipelined (PREG=0). Pipelining the DSP48 output will improve performance and often saves power so it is suggested whenever possible to fully pipeline this function.  If this DSP48 function was inferred, it is suggested to describe an additional register stage after this function.  If the DSP48 was instantiated in the design, it is suggested to set the PREG attribute to 1.
WARNING: [DRC DPOP-3] PREG Output pipelining: DSP button_top_inst/button_debounce_array[6].button_debounce_inst/counter_inst/__2 output button_top_inst/button_debounce_array[6].button_debounce_inst/counter_inst/__2/P[47:0] is not pipelined (PREG=0). Pipelining the DSP48 output will improve performance and often saves power so it is suggested whenever possible to fully pipeline this function.  If this DSP48 function was inferred, it is suggested to describe an additional register stage after this function.  If the DSP48 was instantiated in the design, it is suggested to set the PREG attribute to 1.
WARNING: [DRC DPOP-3] PREG Output pipelining: DSP button_top_inst/button_debounce_array[7].button_debounce_inst/counter_inst/ output button_top_inst/button_debounce_array[7].button_debounce_inst/counter_inst//P[47:0] is not pipelined (PREG=0). Pipelining the DSP48 output will improve performance and often saves power so it is suggested whenever possible to fully pipeline this function.  If this DSP48 function was inferred, it is suggested to describe an additional register stage after this function.  If the DSP48 was instantiated in the design, it is suggested to set the PREG attribute to 1.
WARNING: [DRC DPOP-3] PREG Output pipelining: DSP button_top_inst/button_debounce_array[7].button_debounce_inst/counter_inst/__0 output button_top_inst/button_debounce_array[7].button_debounce_inst/counter_inst/__0/P[47:0] is not pipelined (PREG=0). Pipelining the DSP48 output will improve performance and often saves power so it is suggested whenever possible to fully pipeline this function.  If this DSP48 function was inferred, it is suggested to describe an additional register stage after this function.  If the DSP48 was instantiated in the design, it is suggested to set the PREG attribute to 1.
WARNING: [DRC DPOP-3] PREG Output pipelining: DSP button_top_inst/button_debounce_array[7].button_debounce_inst/counter_inst/__1 output button_top_inst/button_debounce_array[7].button_debounce_inst/counter_inst/__1/P[47:0] is not pipelined (PREG=0). Pipelining the DSP48 output will improve performance and often saves power so it is suggested whenever possible to fully pipeline this function.  If this DSP48 function was inferred, it is suggested to describe an additional register stage after this function.  If the DSP48 was instantiated in the design, it is suggested to set the PREG attribute to 1.
WARNING: [DRC DPOP-3] PREG Output pipelining: DSP button_top_inst/button_debounce_array[7].button_debounce_inst/counter_inst/__2 output button_top_inst/button_debounce_array[7].button_debounce_inst/counter_inst/__2/P[47:0] is not pipelined (PREG=0). Pipelining the DSP48 output will improve performance and often saves power so it is suggested whenever possible to fully pipeline this function.  If this DSP48 function was inferred, it is suggested to describe an additional register stage after this function.  If the DSP48 was instantiated in the design, it is suggested to set the PREG attribute to 1.
WARNING: [DRC DPOP-3] PREG Output pipelining: DSP button_top_inst/button_debounce_array[8].button_debounce_inst/counter_inst/ output button_top_inst/button_debounce_array[8].button_debounce_inst/counter_inst//P[47:0] is not pipelined (PREG=0). Pipelining the DSP48 output will improve performance and often saves power so it is suggested whenever possible to fully pipeline this function.  If this DSP48 function was inferred, it is suggested to describe an additional register stage after this function.  If the DSP48 was instantiated in the design, it is suggested to set the PREG attribute to 1.
WARNING: [DRC DPOP-3] PREG Output pipelining: DSP button_top_inst/button_debounce_array[8].button_debounce_inst/counter_inst/__0 output button_top_inst/button_debounce_array[8].button_debounce_inst/counter_inst/__0/P[47:0] is not pipelined (PREG=0). Pipelining the DSP48 output will improve performance and often saves power so it is suggested whenever possible to fully pipeline this function.  If this DSP48 function was inferred, it is suggested to describe an additional register stage after this function.  If the DSP48 was instantiated in the design, it is suggested to set the PREG attribute to 1.
WARNING: [DRC DPOP-3] PREG Output pipelining: DSP button_top_inst/button_debounce_array[8].button_debounce_inst/counter_inst/__1 output button_top_inst/button_debounce_array[8].button_debounce_inst/counter_inst/__1/P[47:0] is not pipelined (PREG=0). Pipelining the DSP48 output will improve performance and often saves power so it is suggested whenever possible to fully pipeline this function.  If this DSP48 function was inferred, it is suggested to describe an additional register stage after this function.  If the DSP48 was instantiated in the design, it is suggested to set the PREG attribute to 1.
WARNING: [DRC DPOP-3] PREG Output pipelining: DSP button_top_inst/button_debounce_array[8].button_debounce_inst/counter_inst/__2 output button_top_inst/button_debounce_array[8].button_debounce_inst/counter_inst/__2/P[47:0] is not pipelined (PREG=0). Pipelining the DSP48 output will improve performance and often saves power so it is suggested whenever possible to fully pipeline this function.  If this DSP48 function was inferred, it is suggested to describe an additional register stage after this function.  If the DSP48 was instantiated in the design, it is suggested to set the PREG attribute to 1.
INFO: [Common 17-14] Message 'DRC DPOP-3' appears 100 times and further instances of the messages will be disabled. Use the Tcl command set_msg_config to change the current settings.
WARNING: [DRC DPOP-4] MREG Output pipelining: DSP button_top_inst/button_debounce_array[0].button_debounce_inst/counter_inst/ multiplier stage button_top_inst/button_debounce_array[0].button_debounce_inst/counter_inst//P[47:0] is not pipelined (MREG=0). Pipelining the multiplier function will improve performance and will save significant power so it is suggested whenever possible to fully pipeline this function.  If this multiplier was inferred, it is suggested to describe an additional register stage after this function.  If there is no registered adder/accumulator following the multiply function, two pipeline stages are suggested to allow both the MREG and PREG registers to be used.  If the DSP48 was instantiated in the design, it is suggested to set both the MREG and PREG attributes to 1 when performing multiply functions.
WARNING: [DRC DPOP-4] MREG Output pipelining: DSP button_top_inst/button_debounce_array[0].button_debounce_inst/counter_inst/__0 multiplier stage button_top_inst/button_debounce_array[0].button_debounce_inst/counter_inst/__0/P[47:0] is not pipelined (MREG=0). Pipelining the multiplier function will improve performance and will save significant power so it is suggested whenever possible to fully pipeline this function.  If this multiplier was inferred, it is suggested to describe an additional register stage after this function.  If there is no registered adder/accumulator following the multiply function, two pipeline stages are suggested to allow both the MREG and PREG registers to be used.  If the DSP48 was instantiated in the design, it is suggested to set both the MREG and PREG attributes to 1 when performing multiply functions.
WARNING: [DRC DPOP-4] MREG Output pipelining: DSP button_top_inst/button_debounce_array[0].button_debounce_inst/counter_inst/__1 multiplier stage button_top_inst/button_debounce_array[0].button_debounce_inst/counter_inst/__1/P[47:0] is not pipelined (MREG=0). Pipelining the multiplier function will improve performance and will save significant power so it is suggested whenever possible to fully pipeline this function.  If this multiplier was inferred, it is suggested to describe an additional register stage after this function.  If there is no registered adder/accumulator following the multiply function, two pipeline stages are suggested to allow both the MREG and PREG registers to be used.  If the DSP48 was instantiated in the design, it is suggested to set both the MREG and PREG attributes to 1 when performing multiply functions.
WARNING: [DRC DPOP-4] MREG Output pipelining: DSP button_top_inst/button_debounce_array[0].button_debounce_inst/counter_inst/__2 multiplier stage button_top_inst/button_debounce_array[0].button_debounce_inst/counter_inst/__2/P[47:0] is not pipelined (MREG=0). Pipelining the multiplier function will improve performance and will save significant power so it is suggested whenever possible to fully pipeline this function.  If this multiplier was inferred, it is suggested to describe an additional register stage after this function.  If there is no registered adder/accumulator following the multiply function, two pipeline stages are suggested to allow both the MREG and PREG registers to be used.  If the DSP48 was instantiated in the design, it is suggested to set both the MREG and PREG attributes to 1 when performing multiply functions.
WARNING: [DRC DPOP-4] MREG Output pipelining: DSP button_top_inst/button_debounce_array[0].button_debounce_inst/counter_inst/count_middleware_reg[0] multiplier stage button_top_inst/button_debounce_array[0].button_debounce_inst/counter_inst/count_middleware_reg[0]/P[47:0] is not pipelined (MREG=0). Pipelining the multiplier function will improve performance and will save significant power so it is suggested whenever possible to fully pipeline this function.  If this multiplier was inferred, it is suggested to describe an additional register stage after this function.  If there is no registered adder/accumulator following the multiply function, two pipeline stages are suggested to allow both the MREG and PREG registers to be used.  If the DSP48 was instantiated in the design, it is suggested to set both the MREG and PREG attributes to 1 when performing multiply functions.
WARNING: [DRC DPOP-4] MREG Output pipelining: DSP button_top_inst/button_debounce_array[0].button_debounce_inst/counter_inst/count_middleware_reg[1] multiplier stage button_top_inst/button_debounce_array[0].button_debounce_inst/counter_inst/count_middleware_reg[1]/P[47:0] is not pipelined (MREG=0). Pipelining the multiplier function will improve performance and will save significant power so it is suggested whenever possible to fully pipeline this function.  If this multiplier was inferred, it is suggested to describe an additional register stage after this function.  If there is no registered adder/accumulator following the multiply function, two pipeline stages are suggested to allow both the MREG and PREG registers to be used.  If the DSP48 was instantiated in the design, it is suggested to set both the MREG and PREG attributes to 1 when performing multiply functions.
WARNING: [DRC DPOP-4] MREG Output pipelining: DSP button_top_inst/button_debounce_array[0].button_debounce_inst/counter_inst/count_middleware_reg[2] multiplier stage button_top_inst/button_debounce_array[0].button_debounce_inst/counter_inst/count_middleware_reg[2]/P[47:0] is not pipelined (MREG=0). Pipelining the multiplier function will improve performance and will save significant power so it is suggested whenever possible to fully pipeline this function.  If this multiplier was inferred, it is suggested to describe an additional register stage after this function.  If there is no registered adder/accumulator following the multiply function, two pipeline stages are suggested to allow both the MREG and PREG registers to be used.  If the DSP48 was instantiated in the design, it is suggested to set both the MREG and PREG attributes to 1 when performing multiply functions.
WARNING: [DRC DPOP-4] MREG Output pipelining: DSP button_top_inst/button_debounce_array[0].button_debounce_inst/counter_inst/count_middleware_reg[3] multiplier stage button_top_inst/button_debounce_array[0].button_debounce_inst/counter_inst/count_middleware_reg[3]/P[47:0] is not pipelined (MREG=0). Pipelining the multiplier function will improve performance and will save significant power so it is suggested whenever possible to fully pipeline this function.  If this multiplier was inferred, it is suggested to describe an additional register stage after this function.  If there is no registered adder/accumulator following the multiply function, two pipeline stages are suggested to allow both the MREG and PREG registers to be used.  If the DSP48 was instantiated in the design, it is suggested to set both the MREG and PREG attributes to 1 when performing multiply functions.
WARNING: [DRC DPOP-4] MREG Output pipelining: DSP button_top_inst/button_debounce_array[10].button_debounce_inst/counter_inst/ multiplier stage button_top_inst/button_debounce_array[10].button_debounce_inst/counter_inst//P[47:0] is not pipelined (MREG=0). Pipelining the multiplier function will improve performance and will save significant power so it is suggested whenever possible to fully pipeline this function.  If this multiplier was inferred, it is suggested to describe an additional register stage after this function.  If there is no registered adder/accumulator following the multiply function, two pipeline stages are suggested to allow both the MREG and PREG registers to be used.  If the DSP48 was instantiated in the design, it is suggested to set both the MREG and PREG attributes to 1 when performing multiply functions.
WARNING: [DRC DPOP-4] MREG Output pipelining: DSP button_top_inst/button_debounce_array[10].button_debounce_inst/counter_inst/__0 multiplier stage button_top_inst/button_debounce_array[10].button_debounce_inst/counter_inst/__0/P[47:0] is not pipelined (MREG=0). Pipelining the multiplier function will improve performance and will save significant power so it is suggested whenever possible to fully pipeline this function.  If this multiplier was inferred, it is suggested to describe an additional register stage after this function.  If there is no registered adder/accumulator following the multiply function, two pipeline stages are suggested to allow both the MREG and PREG registers to be used.  If the DSP48 was instantiated in the design, it is suggested to set both the MREG and PREG attributes to 1 when performing multiply functions.
WARNING: [DRC DPOP-4] MREG Output pipelining: DSP button_top_inst/button_debounce_array[10].button_debounce_inst/counter_inst/__1 multiplier stage button_top_inst/button_debounce_array[10].button_debounce_inst/counter_inst/__1/P[47:0] is not pipelined (MREG=0). Pipelining the multiplier function will improve performance and will save significant power so it is suggested whenever possible to fully pipeline this function.  If this multiplier was inferred, it is suggested to describe an additional register stage after this function.  If there is no registered adder/accumulator following the multiply function, two pipeline stages are suggested to allow both the MREG and PREG registers to be used.  If the DSP48 was instantiated in the design, it is suggested to set both the MREG and PREG attributes to 1 when performing multiply functions.
WARNING: [DRC DPOP-4] MREG Output pipelining: DSP button_top_inst/button_debounce_array[10].button_debounce_inst/counter_inst/__2 multiplier stage button_top_inst/button_debounce_array[10].button_debounce_inst/counter_inst/__2/P[47:0] is not pipelined (MREG=0). Pipelining the multiplier function will improve performance and will save significant power so it is suggested whenever possible to fully pipeline this function.  If this multiplier was inferred, it is suggested to describe an additional register stage after this function.  If there is no registered adder/accumulator following the multiply function, two pipeline stages are suggested to allow both the MREG and PREG registers to be used.  If the DSP48 was instantiated in the design, it is suggested to set both the MREG and PREG attributes to 1 when performing multiply functions.
WARNING: [DRC DPOP-4] MREG Output pipelining: DSP button_top_inst/button_debounce_array[10].button_debounce_inst/counter_inst/count_middleware_reg[0] multiplier stage button_top_inst/button_debounce_array[10].button_debounce_inst/counter_inst/count_middleware_reg[0]/P[47:0] is not pipelined (MREG=0). Pipelining the multiplier function will improve performance and will save significant power so it is suggested whenever possible to fully pipeline this function.  If this multiplier was inferred, it is suggested to describe an additional register stage after this function.  If there is no registered adder/accumulator following the multiply function, two pipeline stages are suggested to allow both the MREG and PREG registers to be used.  If the DSP48 was instantiated in the design, it is suggested to set both the MREG and PREG attributes to 1 when performing multiply functions.
WARNING: [DRC DPOP-4] MREG Output pipelining: DSP button_top_inst/button_debounce_array[10].button_debounce_inst/counter_inst/count_middleware_reg[1] multiplier stage button_top_inst/button_debounce_array[10].button_debounce_inst/counter_inst/count_middleware_reg[1]/P[47:0] is not pipelined (MREG=0). Pipelining the multiplier function will improve performance and will save significant power so it is suggested whenever possible to fully pipeline this function.  If this multiplier was inferred, it is suggested to describe an additional register stage after this function.  If there is no registered adder/accumulator following the multiply function, two pipeline stages are suggested to allow both the MREG and PREG registers to be used.  If the DSP48 was instantiated in the design, it is suggested to set both the MREG and PREG attributes to 1 when performing multiply functions.
WARNING: [DRC DPOP-4] MREG Output pipelining: DSP button_top_inst/button_debounce_array[10].button_debounce_inst/counter_inst/count_middleware_reg[2] multiplier stage button_top_inst/button_debounce_array[10].button_debounce_inst/counter_inst/count_middleware_reg[2]/P[47:0] is not pipelined (MREG=0). Pipelining the multiplier function will improve performance and will save significant power so it is suggested whenever possible to fully pipeline this function.  If this multiplier was inferred, it is suggested to describe an additional register stage after this function.  If there is no registered adder/accumulator following the multiply function, two pipeline stages are suggested to allow both the MREG and PREG registers to be used.  If the DSP48 was instantiated in the design, it is suggested to set both the MREG and PREG attributes to 1 when performing multiply functions.
WARNING: [DRC DPOP-4] MREG Output pipelining: DSP button_top_inst/button_debounce_array[10].button_debounce_inst/counter_inst/count_middleware_reg[3] multiplier stage button_top_inst/button_debounce_array[10].button_debounce_inst/counter_inst/count_middleware_reg[3]/P[47:0] is not pipelined (MREG=0). Pipelining the multiplier function will improve performance and will save significant power so it is suggested whenever possible to fully pipeline this function.  If this multiplier was inferred, it is suggested to describe an additional register stage after this function.  If there is no registered adder/accumulator following the multiply function, two pipeline stages are suggested to allow both the MREG and PREG registers to be used.  If the DSP48 was instantiated in the design, it is suggested to set both the MREG and PREG attributes to 1 when performing multiply functions.
WARNING: [DRC DPOP-4] MREG Output pipelining: DSP button_top_inst/button_debounce_array[11].button_debounce_inst/counter_inst/ multiplier stage button_top_inst/button_debounce_array[11].button_debounce_inst/counter_inst//P[47:0] is not pipelined (MREG=0). Pipelining the multiplier function will improve performance and will save significant power so it is suggested whenever possible to fully pipeline this function.  If this multiplier was inferred, it is suggested to describe an additional register stage after this function.  If there is no registered adder/accumulator following the multiply function, two pipeline stages are suggested to allow both the MREG and PREG registers to be used.  If the DSP48 was instantiated in the design, it is suggested to set both the MREG and PREG attributes to 1 when performing multiply functions.
WARNING: [DRC DPOP-4] MREG Output pipelining: DSP button_top_inst/button_debounce_array[11].button_debounce_inst/counter_inst/__0 multiplier stage button_top_inst/button_debounce_array[11].button_debounce_inst/counter_inst/__0/P[47:0] is not pipelined (MREG=0). Pipelining the multiplier function will improve performance and will save significant power so it is suggested whenever possible to fully pipeline this function.  If this multiplier was inferred, it is suggested to describe an additional register stage after this function.  If there is no registered adder/accumulator following the multiply function, two pipeline stages are suggested to allow both the MREG and PREG registers to be used.  If the DSP48 was instantiated in the design, it is suggested to set both the MREG and PREG attributes to 1 when performing multiply functions.
WARNING: [DRC DPOP-4] MREG Output pipelining: DSP button_top_inst/button_debounce_array[11].button_debounce_inst/counter_inst/__1 multiplier stage button_top_inst/button_debounce_array[11].button_debounce_inst/counter_inst/__1/P[47:0] is not pipelined (MREG=0). Pipelining the multiplier function will improve performance and will save significant power so it is suggested whenever possible to fully pipeline this function.  If this multiplier was inferred, it is suggested to describe an additional register stage after this function.  If there is no registered adder/accumulator following the multiply function, two pipeline stages are suggested to allow both the MREG and PREG registers to be used.  If the DSP48 was instantiated in the design, it is suggested to set both the MREG and PREG attributes to 1 when performing multiply functions.
WARNING: [DRC DPOP-4] MREG Output pipelining: DSP button_top_inst/button_debounce_array[11].button_debounce_inst/counter_inst/__2 multiplier stage button_top_inst/button_debounce_array[11].button_debounce_inst/counter_inst/__2/P[47:0] is not pipelined (MREG=0). Pipelining the multiplier function will improve performance and will save significant power so it is suggested whenever possible to fully pipeline this function.  If this multiplier was inferred, it is suggested to describe an additional register stage after this function.  If there is no registered adder/accumulator following the multiply function, two pipeline stages are suggested to allow both the MREG and PREG registers to be used.  If the DSP48 was instantiated in the design, it is suggested to set both the MREG and PREG attributes to 1 when performing multiply functions.
WARNING: [DRC DPOP-4] MREG Output pipelining: DSP button_top_inst/button_debounce_array[11].button_debounce_inst/counter_inst/count_middleware_reg[0] multiplier stage button_top_inst/button_debounce_array[11].button_debounce_inst/counter_inst/count_middleware_reg[0]/P[47:0] is not pipelined (MREG=0). Pipelining the multiplier function will improve performance and will save significant power so it is suggested whenever possible to fully pipeline this function.  If this multiplier was inferred, it is suggested to describe an additional register stage after this function.  If there is no registered adder/accumulator following the multiply function, two pipeline stages are suggested to allow both the MREG and PREG registers to be used.  If the DSP48 was instantiated in the design, it is suggested to set both the MREG and PREG attributes to 1 when performing multiply functions.
WARNING: [DRC DPOP-4] MREG Output pipelining: DSP button_top_inst/button_debounce_array[11].button_debounce_inst/counter_inst/count_middleware_reg[1] multiplier stage button_top_inst/button_debounce_array[11].button_debounce_inst/counter_inst/count_middleware_reg[1]/P[47:0] is not pipelined (MREG=0). Pipelining the multiplier function will improve performance and will save significant power so it is suggested whenever possible to fully pipeline this function.  If this multiplier was inferred, it is suggested to describe an additional register stage after this function.  If there is no registered adder/accumulator following the multiply function, two pipeline stages are suggested to allow both the MREG and PREG registers to be used.  If the DSP48 was instantiated in the design, it is suggested to set both the MREG and PREG attributes to 1 when performing multiply functions.
WARNING: [DRC DPOP-4] MREG Output pipelining: DSP button_top_inst/button_debounce_array[11].button_debounce_inst/counter_inst/count_middleware_reg[2] multiplier stage button_top_inst/button_debounce_array[11].button_debounce_inst/counter_inst/count_middleware_reg[2]/P[47:0] is not pipelined (MREG=0). Pipelining the multiplier function will improve performance and will save significant power so it is suggested whenever possible to fully pipeline this function.  If this multiplier was inferred, it is suggested to describe an additional register stage after this function.  If there is no registered adder/accumulator following the multiply function, two pipeline stages are suggested to allow both the MREG and PREG registers to be used.  If the DSP48 was instantiated in the design, it is suggested to set both the MREG and PREG attributes to 1 when performing multiply functions.
WARNING: [DRC DPOP-4] MREG Output pipelining: DSP button_top_inst/button_debounce_array[11].button_debounce_inst/counter_inst/count_middleware_reg[3] multiplier stage button_top_inst/button_debounce_array[11].button_debounce_inst/counter_inst/count_middleware_reg[3]/P[47:0] is not pipelined (MREG=0). Pipelining the multiplier function will improve performance and will save significant power so it is suggested whenever possible to fully pipeline this function.  If this multiplier was inferred, it is suggested to describe an additional register stage after this function.  If there is no registered adder/accumulator following the multiply function, two pipeline stages are suggested to allow both the MREG and PREG registers to be used.  If the DSP48 was instantiated in the design, it is suggested to set both the MREG and PREG attributes to 1 when performing multiply functions.
WARNING: [DRC DPOP-4] MREG Output pipelining: DSP button_top_inst/button_debounce_array[12].button_debounce_inst/counter_inst/ multiplier stage button_top_inst/button_debounce_array[12].button_debounce_inst/counter_inst//P[47:0] is not pipelined (MREG=0). Pipelining the multiplier function will improve performance and will save significant power so it is suggested whenever possible to fully pipeline this function.  If this multiplier was inferred, it is suggested to describe an additional register stage after this function.  If there is no registered adder/accumulator following the multiply function, two pipeline stages are suggested to allow both the MREG and PREG registers to be used.  If the DSP48 was instantiated in the design, it is suggested to set both the MREG and PREG attributes to 1 when performing multiply functions.
WARNING: [DRC DPOP-4] MREG Output pipelining: DSP button_top_inst/button_debounce_array[12].button_debounce_inst/counter_inst/__0 multiplier stage button_top_inst/button_debounce_array[12].button_debounce_inst/counter_inst/__0/P[47:0] is not pipelined (MREG=0). Pipelining the multiplier function will improve performance and will save significant power so it is suggested whenever possible to fully pipeline this function.  If this multiplier was inferred, it is suggested to describe an additional register stage after this function.  If there is no registered adder/accumulator following the multiply function, two pipeline stages are suggested to allow both the MREG and PREG registers to be used.  If the DSP48 was instantiated in the design, it is suggested to set both the MREG and PREG attributes to 1 when performing multiply functions.
WARNING: [DRC DPOP-4] MREG Output pipelining: DSP button_top_inst/button_debounce_array[12].button_debounce_inst/counter_inst/__1 multiplier stage button_top_inst/button_debounce_array[12].button_debounce_inst/counter_inst/__1/P[47:0] is not pipelined (MREG=0). Pipelining the multiplier function will improve performance and will save significant power so it is suggested whenever possible to fully pipeline this function.  If this multiplier was inferred, it is suggested to describe an additional register stage after this function.  If there is no registered adder/accumulator following the multiply function, two pipeline stages are suggested to allow both the MREG and PREG registers to be used.  If the DSP48 was instantiated in the design, it is suggested to set both the MREG and PREG attributes to 1 when performing multiply functions.
WARNING: [DRC DPOP-4] MREG Output pipelining: DSP button_top_inst/button_debounce_array[12].button_debounce_inst/counter_inst/__2 multiplier stage button_top_inst/button_debounce_array[12].button_debounce_inst/counter_inst/__2/P[47:0] is not pipelined (MREG=0). Pipelining the multiplier function will improve performance and will save significant power so it is suggested whenever possible to fully pipeline this function.  If this multiplier was inferred, it is suggested to describe an additional register stage after this function.  If there is no registered adder/accumulator following the multiply function, two pipeline stages are suggested to allow both the MREG and PREG registers to be used.  If the DSP48 was instantiated in the design, it is suggested to set both the MREG and PREG attributes to 1 when performing multiply functions.
WARNING: [DRC DPOP-4] MREG Output pipelining: DSP button_top_inst/button_debounce_array[12].button_debounce_inst/counter_inst/count_middleware_reg[0] multiplier stage button_top_inst/button_debounce_array[12].button_debounce_inst/counter_inst/count_middleware_reg[0]/P[47:0] is not pipelined (MREG=0). Pipelining the multiplier function will improve performance and will save significant power so it is suggested whenever possible to fully pipeline this function.  If this multiplier was inferred, it is suggested to describe an additional register stage after this function.  If there is no registered adder/accumulator following the multiply function, two pipeline stages are suggested to allow both the MREG and PREG registers to be used.  If the DSP48 was instantiated in the design, it is suggested to set both the MREG and PREG attributes to 1 when performing multiply functions.
WARNING: [DRC DPOP-4] MREG Output pipelining: DSP button_top_inst/button_debounce_array[12].button_debounce_inst/counter_inst/count_middleware_reg[1] multiplier stage button_top_inst/button_debounce_array[12].button_debounce_inst/counter_inst/count_middleware_reg[1]/P[47:0] is not pipelined (MREG=0). Pipelining the multiplier function will improve performance and will save significant power so it is suggested whenever possible to fully pipeline this function.  If this multiplier was inferred, it is suggested to describe an additional register stage after this function.  If there is no registered adder/accumulator following the multiply function, two pipeline stages are suggested to allow both the MREG and PREG registers to be used.  If the DSP48 was instantiated in the design, it is suggested to set both the MREG and PREG attributes to 1 when performing multiply functions.
WARNING: [DRC DPOP-4] MREG Output pipelining: DSP button_top_inst/button_debounce_array[12].button_debounce_inst/counter_inst/count_middleware_reg[2] multiplier stage button_top_inst/button_debounce_array[12].button_debounce_inst/counter_inst/count_middleware_reg[2]/P[47:0] is not pipelined (MREG=0). Pipelining the multiplier function will improve performance and will save significant power so it is suggested whenever possible to fully pipeline this function.  If this multiplier was inferred, it is suggested to describe an additional register stage after this function.  If there is no registered adder/accumulator following the multiply function, two pipeline stages are suggested to allow both the MREG and PREG registers to be used.  If the DSP48 was instantiated in the design, it is suggested to set both the MREG and PREG attributes to 1 when performing multiply functions.
WARNING: [DRC DPOP-4] MREG Output pipelining: DSP button_top_inst/button_debounce_array[12].button_debounce_inst/counter_inst/count_middleware_reg[3] multiplier stage button_top_inst/button_debounce_array[12].button_debounce_inst/counter_inst/count_middleware_reg[3]/P[47:0] is not pipelined (MREG=0). Pipelining the multiplier function will improve performance and will save significant power so it is suggested whenever possible to fully pipeline this function.  If this multiplier was inferred, it is suggested to describe an additional register stage after this function.  If there is no registered adder/accumulator following the multiply function, two pipeline stages are suggested to allow both the MREG and PREG registers to be used.  If the DSP48 was instantiated in the design, it is suggested to set both the MREG and PREG attributes to 1 when performing multiply functions.
WARNING: [DRC DPOP-4] MREG Output pipelining: DSP button_top_inst/button_debounce_array[13].button_debounce_inst/counter_inst/ multiplier stage button_top_inst/button_debounce_array[13].button_debounce_inst/counter_inst//P[47:0] is not pipelined (MREG=0). Pipelining the multiplier function will improve performance and will save significant power so it is suggested whenever possible to fully pipeline this function.  If this multiplier was inferred, it is suggested to describe an additional register stage after this function.  If there is no registered adder/accumulator following the multiply function, two pipeline stages are suggested to allow both the MREG and PREG registers to be used.  If the DSP48 was instantiated in the design, it is suggested to set both the MREG and PREG attributes to 1 when performing multiply functions.
WARNING: [DRC DPOP-4] MREG Output pipelining: DSP button_top_inst/button_debounce_array[13].button_debounce_inst/counter_inst/__0 multiplier stage button_top_inst/button_debounce_array[13].button_debounce_inst/counter_inst/__0/P[47:0] is not pipelined (MREG=0). Pipelining the multiplier function will improve performance and will save significant power so it is suggested whenever possible to fully pipeline this function.  If this multiplier was inferred, it is suggested to describe an additional register stage after this function.  If there is no registered adder/accumulator following the multiply function, two pipeline stages are suggested to allow both the MREG and PREG registers to be used.  If the DSP48 was instantiated in the design, it is suggested to set both the MREG and PREG attributes to 1 when performing multiply functions.
WARNING: [DRC DPOP-4] MREG Output pipelining: DSP button_top_inst/button_debounce_array[13].button_debounce_inst/counter_inst/__1 multiplier stage button_top_inst/button_debounce_array[13].button_debounce_inst/counter_inst/__1/P[47:0] is not pipelined (MREG=0). Pipelining the multiplier function will improve performance and will save significant power so it is suggested whenever possible to fully pipeline this function.  If this multiplier was inferred, it is suggested to describe an additional register stage after this function.  If there is no registered adder/accumulator following the multiply function, two pipeline stages are suggested to allow both the MREG and PREG registers to be used.  If the DSP48 was instantiated in the design, it is suggested to set both the MREG and PREG attributes to 1 when performing multiply functions.
WARNING: [DRC DPOP-4] MREG Output pipelining: DSP button_top_inst/button_debounce_array[13].button_debounce_inst/counter_inst/__2 multiplier stage button_top_inst/button_debounce_array[13].button_debounce_inst/counter_inst/__2/P[47:0] is not pipelined (MREG=0). Pipelining the multiplier function will improve performance and will save significant power so it is suggested whenever possible to fully pipeline this function.  If this multiplier was inferred, it is suggested to describe an additional register stage after this function.  If there is no registered adder/accumulator following the multiply function, two pipeline stages are suggested to allow both the MREG and PREG registers to be used.  If the DSP48 was instantiated in the design, it is suggested to set both the MREG and PREG attributes to 1 when performing multiply functions.
WARNING: [DRC DPOP-4] MREG Output pipelining: DSP button_top_inst/button_debounce_array[13].button_debounce_inst/counter_inst/count_middleware_reg[0] multiplier stage button_top_inst/button_debounce_array[13].button_debounce_inst/counter_inst/count_middleware_reg[0]/P[47:0] is not pipelined (MREG=0). Pipelining the multiplier function will improve performance and will save significant power so it is suggested whenever possible to fully pipeline this function.  If this multiplier was inferred, it is suggested to describe an additional register stage after this function.  If there is no registered adder/accumulator following the multiply function, two pipeline stages are suggested to allow both the MREG and PREG registers to be used.  If the DSP48 was instantiated in the design, it is suggested to set both the MREG and PREG attributes to 1 when performing multiply functions.
WARNING: [DRC DPOP-4] MREG Output pipelining: DSP button_top_inst/button_debounce_array[13].button_debounce_inst/counter_inst/count_middleware_reg[1] multiplier stage button_top_inst/button_debounce_array[13].button_debounce_inst/counter_inst/count_middleware_reg[1]/P[47:0] is not pipelined (MREG=0). Pipelining the multiplier function will improve performance and will save significant power so it is suggested whenever possible to fully pipeline this function.  If this multiplier was inferred, it is suggested to describe an additional register stage after this function.  If there is no registered adder/accumulator following the multiply function, two pipeline stages are suggested to allow both the MREG and PREG registers to be used.  If the DSP48 was instantiated in the design, it is suggested to set both the MREG and PREG attributes to 1 when performing multiply functions.
WARNING: [DRC DPOP-4] MREG Output pipelining: DSP button_top_inst/button_debounce_array[13].button_debounce_inst/counter_inst/count_middleware_reg[2] multiplier stage button_top_inst/button_debounce_array[13].button_debounce_inst/counter_inst/count_middleware_reg[2]/P[47:0] is not pipelined (MREG=0). Pipelining the multiplier function will improve performance and will save significant power so it is suggested whenever possible to fully pipeline this function.  If this multiplier was inferred, it is suggested to describe an additional register stage after this function.  If there is no registered adder/accumulator following the multiply function, two pipeline stages are suggested to allow both the MREG and PREG registers to be used.  If the DSP48 was instantiated in the design, it is suggested to set both the MREG and PREG attributes to 1 when performing multiply functions.
WARNING: [DRC DPOP-4] MREG Output pipelining: DSP button_top_inst/button_debounce_array[13].button_debounce_inst/counter_inst/count_middleware_reg[3] multiplier stage button_top_inst/button_debounce_array[13].button_debounce_inst/counter_inst/count_middleware_reg[3]/P[47:0] is not pipelined (MREG=0). Pipelining the multiplier function will improve performance and will save significant power so it is suggested whenever possible to fully pipeline this function.  If this multiplier was inferred, it is suggested to describe an additional register stage after this function.  If there is no registered adder/accumulator following the multiply function, two pipeline stages are suggested to allow both the MREG and PREG registers to be used.  If the DSP48 was instantiated in the design, it is suggested to set both the MREG and PREG attributes to 1 when performing multiply functions.
WARNING: [DRC DPOP-4] MREG Output pipelining: DSP button_top_inst/button_debounce_array[14].button_debounce_inst/counter_inst/ multiplier stage button_top_inst/button_debounce_array[14].button_debounce_inst/counter_inst//P[47:0] is not pipelined (MREG=0). Pipelining the multiplier function will improve performance and will save significant power so it is suggested whenever possible to fully pipeline this function.  If this multiplier was inferred, it is suggested to describe an additional register stage after this function.  If there is no registered adder/accumulator following the multiply function, two pipeline stages are suggested to allow both the MREG and PREG registers to be used.  If the DSP48 was instantiated in the design, it is suggested to set both the MREG and PREG attributes to 1 when performing multiply functions.
WARNING: [DRC DPOP-4] MREG Output pipelining: DSP button_top_inst/button_debounce_array[14].button_debounce_inst/counter_inst/__0 multiplier stage button_top_inst/button_debounce_array[14].button_debounce_inst/counter_inst/__0/P[47:0] is not pipelined (MREG=0). Pipelining the multiplier function will improve performance and will save significant power so it is suggested whenever possible to fully pipeline this function.  If this multiplier was inferred, it is suggested to describe an additional register stage after this function.  If there is no registered adder/accumulator following the multiply function, two pipeline stages are suggested to allow both the MREG and PREG registers to be used.  If the DSP48 was instantiated in the design, it is suggested to set both the MREG and PREG attributes to 1 when performing multiply functions.
WARNING: [DRC DPOP-4] MREG Output pipelining: DSP button_top_inst/button_debounce_array[14].button_debounce_inst/counter_inst/__1 multiplier stage button_top_inst/button_debounce_array[14].button_debounce_inst/counter_inst/__1/P[47:0] is not pipelined (MREG=0). Pipelining the multiplier function will improve performance and will save significant power so it is suggested whenever possible to fully pipeline this function.  If this multiplier was inferred, it is suggested to describe an additional register stage after this function.  If there is no registered adder/accumulator following the multiply function, two pipeline stages are suggested to allow both the MREG and PREG registers to be used.  If the DSP48 was instantiated in the design, it is suggested to set both the MREG and PREG attributes to 1 when performing multiply functions.
WARNING: [DRC DPOP-4] MREG Output pipelining: DSP button_top_inst/button_debounce_array[14].button_debounce_inst/counter_inst/__2 multiplier stage button_top_inst/button_debounce_array[14].button_debounce_inst/counter_inst/__2/P[47:0] is not pipelined (MREG=0). Pipelining the multiplier function will improve performance and will save significant power so it is suggested whenever possible to fully pipeline this function.  If this multiplier was inferred, it is suggested to describe an additional register stage after this function.  If there is no registered adder/accumulator following the multiply function, two pipeline stages are suggested to allow both the MREG and PREG registers to be used.  If the DSP48 was instantiated in the design, it is suggested to set both the MREG and PREG attributes to 1 when performing multiply functions.
WARNING: [DRC DPOP-4] MREG Output pipelining: DSP button_top_inst/button_debounce_array[14].button_debounce_inst/counter_inst/count_middleware_reg[0] multiplier stage button_top_inst/button_debounce_array[14].button_debounce_inst/counter_inst/count_middleware_reg[0]/P[47:0] is not pipelined (MREG=0). Pipelining the multiplier function will improve performance and will save significant power so it is suggested whenever possible to fully pipeline this function.  If this multiplier was inferred, it is suggested to describe an additional register stage after this function.  If there is no registered adder/accumulator following the multiply function, two pipeline stages are suggested to allow both the MREG and PREG registers to be used.  If the DSP48 was instantiated in the design, it is suggested to set both the MREG and PREG attributes to 1 when performing multiply functions.
WARNING: [DRC DPOP-4] MREG Output pipelining: DSP button_top_inst/button_debounce_array[14].button_debounce_inst/counter_inst/count_middleware_reg[1] multiplier stage button_top_inst/button_debounce_array[14].button_debounce_inst/counter_inst/count_middleware_reg[1]/P[47:0] is not pipelined (MREG=0). Pipelining the multiplier function will improve performance and will save significant power so it is suggested whenever possible to fully pipeline this function.  If this multiplier was inferred, it is suggested to describe an additional register stage after this function.  If there is no registered adder/accumulator following the multiply function, two pipeline stages are suggested to allow both the MREG and PREG registers to be used.  If the DSP48 was instantiated in the design, it is suggested to set both the MREG and PREG attributes to 1 when performing multiply functions.
WARNING: [DRC DPOP-4] MREG Output pipelining: DSP button_top_inst/button_debounce_array[14].button_debounce_inst/counter_inst/count_middleware_reg[2] multiplier stage button_top_inst/button_debounce_array[14].button_debounce_inst/counter_inst/count_middleware_reg[2]/P[47:0] is not pipelined (MREG=0). Pipelining the multiplier function will improve performance and will save significant power so it is suggested whenever possible to fully pipeline this function.  If this multiplier was inferred, it is suggested to describe an additional register stage after this function.  If there is no registered adder/accumulator following the multiply function, two pipeline stages are suggested to allow both the MREG and PREG registers to be used.  If the DSP48 was instantiated in the design, it is suggested to set both the MREG and PREG attributes to 1 when performing multiply functions.
WARNING: [DRC DPOP-4] MREG Output pipelining: DSP button_top_inst/button_debounce_array[14].button_debounce_inst/counter_inst/count_middleware_reg[3] multiplier stage button_top_inst/button_debounce_array[14].button_debounce_inst/counter_inst/count_middleware_reg[3]/P[47:0] is not pipelined (MREG=0). Pipelining the multiplier function will improve performance and will save significant power so it is suggested whenever possible to fully pipeline this function.  If this multiplier was inferred, it is suggested to describe an additional register stage after this function.  If there is no registered adder/accumulator following the multiply function, two pipeline stages are suggested to allow both the MREG and PREG registers to be used.  If the DSP48 was instantiated in the design, it is suggested to set both the MREG and PREG attributes to 1 when performing multiply functions.
WARNING: [DRC DPOP-4] MREG Output pipelining: DSP button_top_inst/button_debounce_array[15].button_debounce_inst/counter_inst/ multiplier stage button_top_inst/button_debounce_array[15].button_debounce_inst/counter_inst//P[47:0] is not pipelined (MREG=0). Pipelining the multiplier function will improve performance and will save significant power so it is suggested whenever possible to fully pipeline this function.  If this multiplier was inferred, it is suggested to describe an additional register stage after this function.  If there is no registered adder/accumulator following the multiply function, two pipeline stages are suggested to allow both the MREG and PREG registers to be used.  If the DSP48 was instantiated in the design, it is suggested to set both the MREG and PREG attributes to 1 when performing multiply functions.
WARNING: [DRC DPOP-4] MREG Output pipelining: DSP button_top_inst/button_debounce_array[15].button_debounce_inst/counter_inst/__0 multiplier stage button_top_inst/button_debounce_array[15].button_debounce_inst/counter_inst/__0/P[47:0] is not pipelined (MREG=0). Pipelining the multiplier function will improve performance and will save significant power so it is suggested whenever possible to fully pipeline this function.  If this multiplier was inferred, it is suggested to describe an additional register stage after this function.  If there is no registered adder/accumulator following the multiply function, two pipeline stages are suggested to allow both the MREG and PREG registers to be used.  If the DSP48 was instantiated in the design, it is suggested to set both the MREG and PREG attributes to 1 when performing multiply functions.
WARNING: [DRC DPOP-4] MREG Output pipelining: DSP button_top_inst/button_debounce_array[15].button_debounce_inst/counter_inst/__1 multiplier stage button_top_inst/button_debounce_array[15].button_debounce_inst/counter_inst/__1/P[47:0] is not pipelined (MREG=0). Pipelining the multiplier function will improve performance and will save significant power so it is suggested whenever possible to fully pipeline this function.  If this multiplier was inferred, it is suggested to describe an additional register stage after this function.  If there is no registered adder/accumulator following the multiply function, two pipeline stages are suggested to allow both the MREG and PREG registers to be used.  If the DSP48 was instantiated in the design, it is suggested to set both the MREG and PREG attributes to 1 when performing multiply functions.
WARNING: [DRC DPOP-4] MREG Output pipelining: DSP button_top_inst/button_debounce_array[15].button_debounce_inst/counter_inst/__2 multiplier stage button_top_inst/button_debounce_array[15].button_debounce_inst/counter_inst/__2/P[47:0] is not pipelined (MREG=0). Pipelining the multiplier function will improve performance and will save significant power so it is suggested whenever possible to fully pipeline this function.  If this multiplier was inferred, it is suggested to describe an additional register stage after this function.  If there is no registered adder/accumulator following the multiply function, two pipeline stages are suggested to allow both the MREG and PREG registers to be used.  If the DSP48 was instantiated in the design, it is suggested to set both the MREG and PREG attributes to 1 when performing multiply functions.
WARNING: [DRC DPOP-4] MREG Output pipelining: DSP button_top_inst/button_debounce_array[15].button_debounce_inst/counter_inst/count_middleware_reg[0] multiplier stage button_top_inst/button_debounce_array[15].button_debounce_inst/counter_inst/count_middleware_reg[0]/P[47:0] is not pipelined (MREG=0). Pipelining the multiplier function will improve performance and will save significant power so it is suggested whenever possible to fully pipeline this function.  If this multiplier was inferred, it is suggested to describe an additional register stage after this function.  If there is no registered adder/accumulator following the multiply function, two pipeline stages are suggested to allow both the MREG and PREG registers to be used.  If the DSP48 was instantiated in the design, it is suggested to set both the MREG and PREG attributes to 1 when performing multiply functions.
WARNING: [DRC DPOP-4] MREG Output pipelining: DSP button_top_inst/button_debounce_array[15].button_debounce_inst/counter_inst/count_middleware_reg[1] multiplier stage button_top_inst/button_debounce_array[15].button_debounce_inst/counter_inst/count_middleware_reg[1]/P[47:0] is not pipelined (MREG=0). Pipelining the multiplier function will improve performance and will save significant power so it is suggested whenever possible to fully pipeline this function.  If this multiplier was inferred, it is suggested to describe an additional register stage after this function.  If there is no registered adder/accumulator following the multiply function, two pipeline stages are suggested to allow both the MREG and PREG registers to be used.  If the DSP48 was instantiated in the design, it is suggested to set both the MREG and PREG attributes to 1 when performing multiply functions.
WARNING: [DRC DPOP-4] MREG Output pipelining: DSP button_top_inst/button_debounce_array[15].button_debounce_inst/counter_inst/count_middleware_reg[2] multiplier stage button_top_inst/button_debounce_array[15].button_debounce_inst/counter_inst/count_middleware_reg[2]/P[47:0] is not pipelined (MREG=0). Pipelining the multiplier function will improve performance and will save significant power so it is suggested whenever possible to fully pipeline this function.  If this multiplier was inferred, it is suggested to describe an additional register stage after this function.  If there is no registered adder/accumulator following the multiply function, two pipeline stages are suggested to allow both the MREG and PREG registers to be used.  If the DSP48 was instantiated in the design, it is suggested to set both the MREG and PREG attributes to 1 when performing multiply functions.
WARNING: [DRC DPOP-4] MREG Output pipelining: DSP button_top_inst/button_debounce_array[15].button_debounce_inst/counter_inst/count_middleware_reg[3] multiplier stage button_top_inst/button_debounce_array[15].button_debounce_inst/counter_inst/count_middleware_reg[3]/P[47:0] is not pipelined (MREG=0). Pipelining the multiplier function will improve performance and will save significant power so it is suggested whenever possible to fully pipeline this function.  If this multiplier was inferred, it is suggested to describe an additional register stage after this function.  If there is no registered adder/accumulator following the multiply function, two pipeline stages are suggested to allow both the MREG and PREG registers to be used.  If the DSP48 was instantiated in the design, it is suggested to set both the MREG and PREG attributes to 1 when performing multiply functions.
WARNING: [DRC DPOP-4] MREG Output pipelining: DSP button_top_inst/button_debounce_array[16].button_debounce_inst/counter_inst/ multiplier stage button_top_inst/button_debounce_array[16].button_debounce_inst/counter_inst//P[47:0] is not pipelined (MREG=0). Pipelining the multiplier function will improve performance and will save significant power so it is suggested whenever possible to fully pipeline this function.  If this multiplier was inferred, it is suggested to describe an additional register stage after this function.  If there is no registered adder/accumulator following the multiply function, two pipeline stages are suggested to allow both the MREG and PREG registers to be used.  If the DSP48 was instantiated in the design, it is suggested to set both the MREG and PREG attributes to 1 when performing multiply functions.
WARNING: [DRC DPOP-4] MREG Output pipelining: DSP button_top_inst/button_debounce_array[16].button_debounce_inst/counter_inst/__0 multiplier stage button_top_inst/button_debounce_array[16].button_debounce_inst/counter_inst/__0/P[47:0] is not pipelined (MREG=0). Pipelining the multiplier function will improve performance and will save significant power so it is suggested whenever possible to fully pipeline this function.  If this multiplier was inferred, it is suggested to describe an additional register stage after this function.  If there is no registered adder/accumulator following the multiply function, two pipeline stages are suggested to allow both the MREG and PREG registers to be used.  If the DSP48 was instantiated in the design, it is suggested to set both the MREG and PREG attributes to 1 when performing multiply functions.
WARNING: [DRC DPOP-4] MREG Output pipelining: DSP button_top_inst/button_debounce_array[16].button_debounce_inst/counter_inst/__1 multiplier stage button_top_inst/button_debounce_array[16].button_debounce_inst/counter_inst/__1/P[47:0] is not pipelined (MREG=0). Pipelining the multiplier function will improve performance and will save significant power so it is suggested whenever possible to fully pipeline this function.  If this multiplier was inferred, it is suggested to describe an additional register stage after this function.  If there is no registered adder/accumulator following the multiply function, two pipeline stages are suggested to allow both the MREG and PREG registers to be used.  If the DSP48 was instantiated in the design, it is suggested to set both the MREG and PREG attributes to 1 when performing multiply functions.
WARNING: [DRC DPOP-4] MREG Output pipelining: DSP button_top_inst/button_debounce_array[16].button_debounce_inst/counter_inst/__2 multiplier stage button_top_inst/button_debounce_array[16].button_debounce_inst/counter_inst/__2/P[47:0] is not pipelined (MREG=0). Pipelining the multiplier function will improve performance and will save significant power so it is suggested whenever possible to fully pipeline this function.  If this multiplier was inferred, it is suggested to describe an additional register stage after this function.  If there is no registered adder/accumulator following the multiply function, two pipeline stages are suggested to allow both the MREG and PREG registers to be used.  If the DSP48 was instantiated in the design, it is suggested to set both the MREG and PREG attributes to 1 when performing multiply functions.
WARNING: [DRC DPOP-4] MREG Output pipelining: DSP button_top_inst/button_debounce_array[16].button_debounce_inst/counter_inst/count_middleware_reg[0] multiplier stage button_top_inst/button_debounce_array[16].button_debounce_inst/counter_inst/count_middleware_reg[0]/P[47:0] is not pipelined (MREG=0). Pipelining the multiplier function will improve performance and will save significant power so it is suggested whenever possible to fully pipeline this function.  If this multiplier was inferred, it is suggested to describe an additional register stage after this function.  If there is no registered adder/accumulator following the multiply function, two pipeline stages are suggested to allow both the MREG and PREG registers to be used.  If the DSP48 was instantiated in the design, it is suggested to set both the MREG and PREG attributes to 1 when performing multiply functions.
WARNING: [DRC DPOP-4] MREG Output pipelining: DSP button_top_inst/button_debounce_array[16].button_debounce_inst/counter_inst/count_middleware_reg[1] multiplier stage button_top_inst/button_debounce_array[16].button_debounce_inst/counter_inst/count_middleware_reg[1]/P[47:0] is not pipelined (MREG=0). Pipelining the multiplier function will improve performance and will save significant power so it is suggested whenever possible to fully pipeline this function.  If this multiplier was inferred, it is suggested to describe an additional register stage after this function.  If there is no registered adder/accumulator following the multiply function, two pipeline stages are suggested to allow both the MREG and PREG registers to be used.  If the DSP48 was instantiated in the design, it is suggested to set both the MREG and PREG attributes to 1 when performing multiply functions.
WARNING: [DRC DPOP-4] MREG Output pipelining: DSP button_top_inst/button_debounce_array[16].button_debounce_inst/counter_inst/count_middleware_reg[2] multiplier stage button_top_inst/button_debounce_array[16].button_debounce_inst/counter_inst/count_middleware_reg[2]/P[47:0] is not pipelined (MREG=0). Pipelining the multiplier function will improve performance and will save significant power so it is suggested whenever possible to fully pipeline this function.  If this multiplier was inferred, it is suggested to describe an additional register stage after this function.  If there is no registered adder/accumulator following the multiply function, two pipeline stages are suggested to allow both the MREG and PREG registers to be used.  If the DSP48 was instantiated in the design, it is suggested to set both the MREG and PREG attributes to 1 when performing multiply functions.
WARNING: [DRC DPOP-4] MREG Output pipelining: DSP button_top_inst/button_debounce_array[16].button_debounce_inst/counter_inst/count_middleware_reg[3] multiplier stage button_top_inst/button_debounce_array[16].button_debounce_inst/counter_inst/count_middleware_reg[3]/P[47:0] is not pipelined (MREG=0). Pipelining the multiplier function will improve performance and will save significant power so it is suggested whenever possible to fully pipeline this function.  If this multiplier was inferred, it is suggested to describe an additional register stage after this function.  If there is no registered adder/accumulator following the multiply function, two pipeline stages are suggested to allow both the MREG and PREG registers to be used.  If the DSP48 was instantiated in the design, it is suggested to set both the MREG and PREG attributes to 1 when performing multiply functions.
WARNING: [DRC DPOP-4] MREG Output pipelining: DSP button_top_inst/button_debounce_array[17].button_debounce_inst/counter_inst/ multiplier stage button_top_inst/button_debounce_array[17].button_debounce_inst/counter_inst//P[47:0] is not pipelined (MREG=0). Pipelining the multiplier function will improve performance and will save significant power so it is suggested whenever possible to fully pipeline this function.  If this multiplier was inferred, it is suggested to describe an additional register stage after this function.  If there is no registered adder/accumulator following the multiply function, two pipeline stages are suggested to allow both the MREG and PREG registers to be used.  If the DSP48 was instantiated in the design, it is suggested to set both the MREG and PREG attributes to 1 when performing multiply functions.
WARNING: [DRC DPOP-4] MREG Output pipelining: DSP button_top_inst/button_debounce_array[17].button_debounce_inst/counter_inst/__0 multiplier stage button_top_inst/button_debounce_array[17].button_debounce_inst/counter_inst/__0/P[47:0] is not pipelined (MREG=0). Pipelining the multiplier function will improve performance and will save significant power so it is suggested whenever possible to fully pipeline this function.  If this multiplier was inferred, it is suggested to describe an additional register stage after this function.  If there is no registered adder/accumulator following the multiply function, two pipeline stages are suggested to allow both the MREG and PREG registers to be used.  If the DSP48 was instantiated in the design, it is suggested to set both the MREG and PREG attributes to 1 when performing multiply functions.
WARNING: [DRC DPOP-4] MREG Output pipelining: DSP button_top_inst/button_debounce_array[17].button_debounce_inst/counter_inst/__1 multiplier stage button_top_inst/button_debounce_array[17].button_debounce_inst/counter_inst/__1/P[47:0] is not pipelined (MREG=0). Pipelining the multiplier function will improve performance and will save significant power so it is suggested whenever possible to fully pipeline this function.  If this multiplier was inferred, it is suggested to describe an additional register stage after this function.  If there is no registered adder/accumulator following the multiply function, two pipeline stages are suggested to allow both the MREG and PREG registers to be used.  If the DSP48 was instantiated in the design, it is suggested to set both the MREG and PREG attributes to 1 when performing multiply functions.
WARNING: [DRC DPOP-4] MREG Output pipelining: DSP button_top_inst/button_debounce_array[17].button_debounce_inst/counter_inst/__2 multiplier stage button_top_inst/button_debounce_array[17].button_debounce_inst/counter_inst/__2/P[47:0] is not pipelined (MREG=0). Pipelining the multiplier function will improve performance and will save significant power so it is suggested whenever possible to fully pipeline this function.  If this multiplier was inferred, it is suggested to describe an additional register stage after this function.  If there is no registered adder/accumulator following the multiply function, two pipeline stages are suggested to allow both the MREG and PREG registers to be used.  If the DSP48 was instantiated in the design, it is suggested to set both the MREG and PREG attributes to 1 when performing multiply functions.
WARNING: [DRC DPOP-4] MREG Output pipelining: DSP button_top_inst/button_debounce_array[17].button_debounce_inst/counter_inst/count_middleware_reg[0] multiplier stage button_top_inst/button_debounce_array[17].button_debounce_inst/counter_inst/count_middleware_reg[0]/P[47:0] is not pipelined (MREG=0). Pipelining the multiplier function will improve performance and will save significant power so it is suggested whenever possible to fully pipeline this function.  If this multiplier was inferred, it is suggested to describe an additional register stage after this function.  If there is no registered adder/accumulator following the multiply function, two pipeline stages are suggested to allow both the MREG and PREG registers to be used.  If the DSP48 was instantiated in the design, it is suggested to set both the MREG and PREG attributes to 1 when performing multiply functions.
WARNING: [DRC DPOP-4] MREG Output pipelining: DSP button_top_inst/button_debounce_array[17].button_debounce_inst/counter_inst/count_middleware_reg[1] multiplier stage button_top_inst/button_debounce_array[17].button_debounce_inst/counter_inst/count_middleware_reg[1]/P[47:0] is not pipelined (MREG=0). Pipelining the multiplier function will improve performance and will save significant power so it is suggested whenever possible to fully pipeline this function.  If this multiplier was inferred, it is suggested to describe an additional register stage after this function.  If there is no registered adder/accumulator following the multiply function, two pipeline stages are suggested to allow both the MREG and PREG registers to be used.  If the DSP48 was instantiated in the design, it is suggested to set both the MREG and PREG attributes to 1 when performing multiply functions.
WARNING: [DRC DPOP-4] MREG Output pipelining: DSP button_top_inst/button_debounce_array[17].button_debounce_inst/counter_inst/count_middleware_reg[2] multiplier stage button_top_inst/button_debounce_array[17].button_debounce_inst/counter_inst/count_middleware_reg[2]/P[47:0] is not pipelined (MREG=0). Pipelining the multiplier function will improve performance and will save significant power so it is suggested whenever possible to fully pipeline this function.  If this multiplier was inferred, it is suggested to describe an additional register stage after this function.  If there is no registered adder/accumulator following the multiply function, two pipeline stages are suggested to allow both the MREG and PREG registers to be used.  If the DSP48 was instantiated in the design, it is suggested to set both the MREG and PREG attributes to 1 when performing multiply functions.
WARNING: [DRC DPOP-4] MREG Output pipelining: DSP button_top_inst/button_debounce_array[17].button_debounce_inst/counter_inst/count_middleware_reg[3] multiplier stage button_top_inst/button_debounce_array[17].button_debounce_inst/counter_inst/count_middleware_reg[3]/P[47:0] is not pipelined (MREG=0). Pipelining the multiplier function will improve performance and will save significant power so it is suggested whenever possible to fully pipeline this function.  If this multiplier was inferred, it is suggested to describe an additional register stage after this function.  If there is no registered adder/accumulator following the multiply function, two pipeline stages are suggested to allow both the MREG and PREG registers to be used.  If the DSP48 was instantiated in the design, it is suggested to set both the MREG and PREG attributes to 1 when performing multiply functions.
WARNING: [DRC DPOP-4] MREG Output pipelining: DSP button_top_inst/button_debounce_array[18].button_debounce_inst/counter_inst/ multiplier stage button_top_inst/button_debounce_array[18].button_debounce_inst/counter_inst//P[47:0] is not pipelined (MREG=0). Pipelining the multiplier function will improve performance and will save significant power so it is suggested whenever possible to fully pipeline this function.  If this multiplier was inferred, it is suggested to describe an additional register stage after this function.  If there is no registered adder/accumulator following the multiply function, two pipeline stages are suggested to allow both the MREG and PREG registers to be used.  If the DSP48 was instantiated in the design, it is suggested to set both the MREG and PREG attributes to 1 when performing multiply functions.
WARNING: [DRC DPOP-4] MREG Output pipelining: DSP button_top_inst/button_debounce_array[18].button_debounce_inst/counter_inst/__0 multiplier stage button_top_inst/button_debounce_array[18].button_debounce_inst/counter_inst/__0/P[47:0] is not pipelined (MREG=0). Pipelining the multiplier function will improve performance and will save significant power so it is suggested whenever possible to fully pipeline this function.  If this multiplier was inferred, it is suggested to describe an additional register stage after this function.  If there is no registered adder/accumulator following the multiply function, two pipeline stages are suggested to allow both the MREG and PREG registers to be used.  If the DSP48 was instantiated in the design, it is suggested to set both the MREG and PREG attributes to 1 when performing multiply functions.
WARNING: [DRC DPOP-4] MREG Output pipelining: DSP button_top_inst/button_debounce_array[18].button_debounce_inst/counter_inst/__1 multiplier stage button_top_inst/button_debounce_array[18].button_debounce_inst/counter_inst/__1/P[47:0] is not pipelined (MREG=0). Pipelining the multiplier function will improve performance and will save significant power so it is suggested whenever possible to fully pipeline this function.  If this multiplier was inferred, it is suggested to describe an additional register stage after this function.  If there is no registered adder/accumulator following the multiply function, two pipeline stages are suggested to allow both the MREG and PREG registers to be used.  If the DSP48 was instantiated in the design, it is suggested to set both the MREG and PREG attributes to 1 when performing multiply functions.
WARNING: [DRC DPOP-4] MREG Output pipelining: DSP button_top_inst/button_debounce_array[18].button_debounce_inst/counter_inst/__2 multiplier stage button_top_inst/button_debounce_array[18].button_debounce_inst/counter_inst/__2/P[47:0] is not pipelined (MREG=0). Pipelining the multiplier function will improve performance and will save significant power so it is suggested whenever possible to fully pipeline this function.  If this multiplier was inferred, it is suggested to describe an additional register stage after this function.  If there is no registered adder/accumulator following the multiply function, two pipeline stages are suggested to allow both the MREG and PREG registers to be used.  If the DSP48 was instantiated in the design, it is suggested to set both the MREG and PREG attributes to 1 when performing multiply functions.
WARNING: [DRC DPOP-4] MREG Output pipelining: DSP button_top_inst/button_debounce_array[18].button_debounce_inst/counter_inst/count_middleware_reg[0] multiplier stage button_top_inst/button_debounce_array[18].button_debounce_inst/counter_inst/count_middleware_reg[0]/P[47:0] is not pipelined (MREG=0). Pipelining the multiplier function will improve performance and will save significant power so it is suggested whenever possible to fully pipeline this function.  If this multiplier was inferred, it is suggested to describe an additional register stage after this function.  If there is no registered adder/accumulator following the multiply function, two pipeline stages are suggested to allow both the MREG and PREG registers to be used.  If the DSP48 was instantiated in the design, it is suggested to set both the MREG and PREG attributes to 1 when performing multiply functions.
WARNING: [DRC DPOP-4] MREG Output pipelining: DSP button_top_inst/button_debounce_array[18].button_debounce_inst/counter_inst/count_middleware_reg[1] multiplier stage button_top_inst/button_debounce_array[18].button_debounce_inst/counter_inst/count_middleware_reg[1]/P[47:0] is not pipelined (MREG=0). Pipelining the multiplier function will improve performance and will save significant power so it is suggested whenever possible to fully pipeline this function.  If this multiplier was inferred, it is suggested to describe an additional register stage after this function.  If there is no registered adder/accumulator following the multiply function, two pipeline stages are suggested to allow both the MREG and PREG registers to be used.  If the DSP48 was instantiated in the design, it is suggested to set both the MREG and PREG attributes to 1 when performing multiply functions.
WARNING: [DRC DPOP-4] MREG Output pipelining: DSP button_top_inst/button_debounce_array[18].button_debounce_inst/counter_inst/count_middleware_reg[2] multiplier stage button_top_inst/button_debounce_array[18].button_debounce_inst/counter_inst/count_middleware_reg[2]/P[47:0] is not pipelined (MREG=0). Pipelining the multiplier function will improve performance and will save significant power so it is suggested whenever possible to fully pipeline this function.  If this multiplier was inferred, it is suggested to describe an additional register stage after this function.  If there is no registered adder/accumulator following the multiply function, two pipeline stages are suggested to allow both the MREG and PREG registers to be used.  If the DSP48 was instantiated in the design, it is suggested to set both the MREG and PREG attributes to 1 when performing multiply functions.
WARNING: [DRC DPOP-4] MREG Output pipelining: DSP button_top_inst/button_debounce_array[18].button_debounce_inst/counter_inst/count_middleware_reg[3] multiplier stage button_top_inst/button_debounce_array[18].button_debounce_inst/counter_inst/count_middleware_reg[3]/P[47:0] is not pipelined (MREG=0). Pipelining the multiplier function will improve performance and will save significant power so it is suggested whenever possible to fully pipeline this function.  If this multiplier was inferred, it is suggested to describe an additional register stage after this function.  If there is no registered adder/accumulator following the multiply function, two pipeline stages are suggested to allow both the MREG and PREG registers to be used.  If the DSP48 was instantiated in the design, it is suggested to set both the MREG and PREG attributes to 1 when performing multiply functions.
WARNING: [DRC DPOP-4] MREG Output pipelining: DSP button_top_inst/button_debounce_array[19].button_debounce_inst/counter_inst/ multiplier stage button_top_inst/button_debounce_array[19].button_debounce_inst/counter_inst//P[47:0] is not pipelined (MREG=0). Pipelining the multiplier function will improve performance and will save significant power so it is suggested whenever possible to fully pipeline this function.  If this multiplier was inferred, it is suggested to describe an additional register stage after this function.  If there is no registered adder/accumulator following the multiply function, two pipeline stages are suggested to allow both the MREG and PREG registers to be used.  If the DSP48 was instantiated in the design, it is suggested to set both the MREG and PREG attributes to 1 when performing multiply functions.
WARNING: [DRC DPOP-4] MREG Output pipelining: DSP button_top_inst/button_debounce_array[19].button_debounce_inst/counter_inst/__0 multiplier stage button_top_inst/button_debounce_array[19].button_debounce_inst/counter_inst/__0/P[47:0] is not pipelined (MREG=0). Pipelining the multiplier function will improve performance and will save significant power so it is suggested whenever possible to fully pipeline this function.  If this multiplier was inferred, it is suggested to describe an additional register stage after this function.  If there is no registered adder/accumulator following the multiply function, two pipeline stages are suggested to allow both the MREG and PREG registers to be used.  If the DSP48 was instantiated in the design, it is suggested to set both the MREG and PREG attributes to 1 when performing multiply functions.
WARNING: [DRC DPOP-4] MREG Output pipelining: DSP button_top_inst/button_debounce_array[19].button_debounce_inst/counter_inst/__1 multiplier stage button_top_inst/button_debounce_array[19].button_debounce_inst/counter_inst/__1/P[47:0] is not pipelined (MREG=0). Pipelining the multiplier function will improve performance and will save significant power so it is suggested whenever possible to fully pipeline this function.  If this multiplier was inferred, it is suggested to describe an additional register stage after this function.  If there is no registered adder/accumulator following the multiply function, two pipeline stages are suggested to allow both the MREG and PREG registers to be used.  If the DSP48 was instantiated in the design, it is suggested to set both the MREG and PREG attributes to 1 when performing multiply functions.
WARNING: [DRC DPOP-4] MREG Output pipelining: DSP button_top_inst/button_debounce_array[19].button_debounce_inst/counter_inst/__2 multiplier stage button_top_inst/button_debounce_array[19].button_debounce_inst/counter_inst/__2/P[47:0] is not pipelined (MREG=0). Pipelining the multiplier function will improve performance and will save significant power so it is suggested whenever possible to fully pipeline this function.  If this multiplier was inferred, it is suggested to describe an additional register stage after this function.  If there is no registered adder/accumulator following the multiply function, two pipeline stages are suggested to allow both the MREG and PREG registers to be used.  If the DSP48 was instantiated in the design, it is suggested to set both the MREG and PREG attributes to 1 when performing multiply functions.
WARNING: [DRC DPOP-4] MREG Output pipelining: DSP button_top_inst/button_debounce_array[19].button_debounce_inst/counter_inst/count_middleware_reg[0] multiplier stage button_top_inst/button_debounce_array[19].button_debounce_inst/counter_inst/count_middleware_reg[0]/P[47:0] is not pipelined (MREG=0). Pipelining the multiplier function will improve performance and will save significant power so it is suggested whenever possible to fully pipeline this function.  If this multiplier was inferred, it is suggested to describe an additional register stage after this function.  If there is no registered adder/accumulator following the multiply function, two pipeline stages are suggested to allow both the MREG and PREG registers to be used.  If the DSP48 was instantiated in the design, it is suggested to set both the MREG and PREG attributes to 1 when performing multiply functions.
WARNING: [DRC DPOP-4] MREG Output pipelining: DSP button_top_inst/button_debounce_array[19].button_debounce_inst/counter_inst/count_middleware_reg[1] multiplier stage button_top_inst/button_debounce_array[19].button_debounce_inst/counter_inst/count_middleware_reg[1]/P[47:0] is not pipelined (MREG=0). Pipelining the multiplier function will improve performance and will save significant power so it is suggested whenever possible to fully pipeline this function.  If this multiplier was inferred, it is suggested to describe an additional register stage after this function.  If there is no registered adder/accumulator following the multiply function, two pipeline stages are suggested to allow both the MREG and PREG registers to be used.  If the DSP48 was instantiated in the design, it is suggested to set both the MREG and PREG attributes to 1 when performing multiply functions.
WARNING: [DRC DPOP-4] MREG Output pipelining: DSP button_top_inst/button_debounce_array[19].button_debounce_inst/counter_inst/count_middleware_reg[2] multiplier stage button_top_inst/button_debounce_array[19].button_debounce_inst/counter_inst/count_middleware_reg[2]/P[47:0] is not pipelined (MREG=0). Pipelining the multiplier function will improve performance and will save significant power so it is suggested whenever possible to fully pipeline this function.  If this multiplier was inferred, it is suggested to describe an additional register stage after this function.  If there is no registered adder/accumulator following the multiply function, two pipeline stages are suggested to allow both the MREG and PREG registers to be used.  If the DSP48 was instantiated in the design, it is suggested to set both the MREG and PREG attributes to 1 when performing multiply functions.
WARNING: [DRC DPOP-4] MREG Output pipelining: DSP button_top_inst/button_debounce_array[19].button_debounce_inst/counter_inst/count_middleware_reg[3] multiplier stage button_top_inst/button_debounce_array[19].button_debounce_inst/counter_inst/count_middleware_reg[3]/P[47:0] is not pipelined (MREG=0). Pipelining the multiplier function will improve performance and will save significant power so it is suggested whenever possible to fully pipeline this function.  If this multiplier was inferred, it is suggested to describe an additional register stage after this function.  If there is no registered adder/accumulator following the multiply function, two pipeline stages are suggested to allow both the MREG and PREG registers to be used.  If the DSP48 was instantiated in the design, it is suggested to set both the MREG and PREG attributes to 1 when performing multiply functions.
WARNING: [DRC DPOP-4] MREG Output pipelining: DSP button_top_inst/button_debounce_array[1].button_debounce_inst/counter_inst/ multiplier stage button_top_inst/button_debounce_array[1].button_debounce_inst/counter_inst//P[47:0] is not pipelined (MREG=0). Pipelining the multiplier function will improve performance and will save significant power so it is suggested whenever possible to fully pipeline this function.  If this multiplier was inferred, it is suggested to describe an additional register stage after this function.  If there is no registered adder/accumulator following the multiply function, two pipeline stages are suggested to allow both the MREG and PREG registers to be used.  If the DSP48 was instantiated in the design, it is suggested to set both the MREG and PREG attributes to 1 when performing multiply functions.
WARNING: [DRC DPOP-4] MREG Output pipelining: DSP button_top_inst/button_debounce_array[1].button_debounce_inst/counter_inst/__0 multiplier stage button_top_inst/button_debounce_array[1].button_debounce_inst/counter_inst/__0/P[47:0] is not pipelined (MREG=0). Pipelining the multiplier function will improve performance and will save significant power so it is suggested whenever possible to fully pipeline this function.  If this multiplier was inferred, it is suggested to describe an additional register stage after this function.  If there is no registered adder/accumulator following the multiply function, two pipeline stages are suggested to allow both the MREG and PREG registers to be used.  If the DSP48 was instantiated in the design, it is suggested to set both the MREG and PREG attributes to 1 when performing multiply functions.
WARNING: [DRC DPOP-4] MREG Output pipelining: DSP button_top_inst/button_debounce_array[1].button_debounce_inst/counter_inst/__1 multiplier stage button_top_inst/button_debounce_array[1].button_debounce_inst/counter_inst/__1/P[47:0] is not pipelined (MREG=0). Pipelining the multiplier function will improve performance and will save significant power so it is suggested whenever possible to fully pipeline this function.  If this multiplier was inferred, it is suggested to describe an additional register stage after this function.  If there is no registered adder/accumulator following the multiply function, two pipeline stages are suggested to allow both the MREG and PREG registers to be used.  If the DSP48 was instantiated in the design, it is suggested to set both the MREG and PREG attributes to 1 when performing multiply functions.
WARNING: [DRC DPOP-4] MREG Output pipelining: DSP button_top_inst/button_debounce_array[1].button_debounce_inst/counter_inst/__2 multiplier stage button_top_inst/button_debounce_array[1].button_debounce_inst/counter_inst/__2/P[47:0] is not pipelined (MREG=0). Pipelining the multiplier function will improve performance and will save significant power so it is suggested whenever possible to fully pipeline this function.  If this multiplier was inferred, it is suggested to describe an additional register stage after this function.  If there is no registered adder/accumulator following the multiply function, two pipeline stages are suggested to allow both the MREG and PREG registers to be used.  If the DSP48 was instantiated in the design, it is suggested to set both the MREG and PREG attributes to 1 when performing multiply functions.
WARNING: [DRC DPOP-4] MREG Output pipelining: DSP button_top_inst/button_debounce_array[1].button_debounce_inst/counter_inst/count_middleware_reg[0] multiplier stage button_top_inst/button_debounce_array[1].button_debounce_inst/counter_inst/count_middleware_reg[0]/P[47:0] is not pipelined (MREG=0). Pipelining the multiplier function will improve performance and will save significant power so it is suggested whenever possible to fully pipeline this function.  If this multiplier was inferred, it is suggested to describe an additional register stage after this function.  If there is no registered adder/accumulator following the multiply function, two pipeline stages are suggested to allow both the MREG and PREG registers to be used.  If the DSP48 was instantiated in the design, it is suggested to set both the MREG and PREG attributes to 1 when performing multiply functions.
WARNING: [DRC DPOP-4] MREG Output pipelining: DSP button_top_inst/button_debounce_array[1].button_debounce_inst/counter_inst/count_middleware_reg[1] multiplier stage button_top_inst/button_debounce_array[1].button_debounce_inst/counter_inst/count_middleware_reg[1]/P[47:0] is not pipelined (MREG=0). Pipelining the multiplier function will improve performance and will save significant power so it is suggested whenever possible to fully pipeline this function.  If this multiplier was inferred, it is suggested to describe an additional register stage after this function.  If there is no registered adder/accumulator following the multiply function, two pipeline stages are suggested to allow both the MREG and PREG registers to be used.  If the DSP48 was instantiated in the design, it is suggested to set both the MREG and PREG attributes to 1 when performing multiply functions.
WARNING: [DRC DPOP-4] MREG Output pipelining: DSP button_top_inst/button_debounce_array[1].button_debounce_inst/counter_inst/count_middleware_reg[2] multiplier stage button_top_inst/button_debounce_array[1].button_debounce_inst/counter_inst/count_middleware_reg[2]/P[47:0] is not pipelined (MREG=0). Pipelining the multiplier function will improve performance and will save significant power so it is suggested whenever possible to fully pipeline this function.  If this multiplier was inferred, it is suggested to describe an additional register stage after this function.  If there is no registered adder/accumulator following the multiply function, two pipeline stages are suggested to allow both the MREG and PREG registers to be used.  If the DSP48 was instantiated in the design, it is suggested to set both the MREG and PREG attributes to 1 when performing multiply functions.
WARNING: [DRC DPOP-4] MREG Output pipelining: DSP button_top_inst/button_debounce_array[1].button_debounce_inst/counter_inst/count_middleware_reg[3] multiplier stage button_top_inst/button_debounce_array[1].button_debounce_inst/counter_inst/count_middleware_reg[3]/P[47:0] is not pipelined (MREG=0). Pipelining the multiplier function will improve performance and will save significant power so it is suggested whenever possible to fully pipeline this function.  If this multiplier was inferred, it is suggested to describe an additional register stage after this function.  If there is no registered adder/accumulator following the multiply function, two pipeline stages are suggested to allow both the MREG and PREG registers to be used.  If the DSP48 was instantiated in the design, it is suggested to set both the MREG and PREG attributes to 1 when performing multiply functions.
WARNING: [DRC DPOP-4] MREG Output pipelining: DSP button_top_inst/button_debounce_array[20].button_debounce_inst/counter_inst/ multiplier stage button_top_inst/button_debounce_array[20].button_debounce_inst/counter_inst//P[47:0] is not pipelined (MREG=0). Pipelining the multiplier function will improve performance and will save significant power so it is suggested whenever possible to fully pipeline this function.  If this multiplier was inferred, it is suggested to describe an additional register stage after this function.  If there is no registered adder/accumulator following the multiply function, two pipeline stages are suggested to allow both the MREG and PREG registers to be used.  If the DSP48 was instantiated in the design, it is suggested to set both the MREG and PREG attributes to 1 when performing multiply functions.
WARNING: [DRC DPOP-4] MREG Output pipelining: DSP button_top_inst/button_debounce_array[20].button_debounce_inst/counter_inst/__0 multiplier stage button_top_inst/button_debounce_array[20].button_debounce_inst/counter_inst/__0/P[47:0] is not pipelined (MREG=0). Pipelining the multiplier function will improve performance and will save significant power so it is suggested whenever possible to fully pipeline this function.  If this multiplier was inferred, it is suggested to describe an additional register stage after this function.  If there is no registered adder/accumulator following the multiply function, two pipeline stages are suggested to allow both the MREG and PREG registers to be used.  If the DSP48 was instantiated in the design, it is suggested to set both the MREG and PREG attributes to 1 when performing multiply functions.
WARNING: [DRC DPOP-4] MREG Output pipelining: DSP button_top_inst/button_debounce_array[20].button_debounce_inst/counter_inst/__1 multiplier stage button_top_inst/button_debounce_array[20].button_debounce_inst/counter_inst/__1/P[47:0] is not pipelined (MREG=0). Pipelining the multiplier function will improve performance and will save significant power so it is suggested whenever possible to fully pipeline this function.  If this multiplier was inferred, it is suggested to describe an additional register stage after this function.  If there is no registered adder/accumulator following the multiply function, two pipeline stages are suggested to allow both the MREG and PREG registers to be used.  If the DSP48 was instantiated in the design, it is suggested to set both the MREG and PREG attributes to 1 when performing multiply functions.
WARNING: [DRC DPOP-4] MREG Output pipelining: DSP button_top_inst/button_debounce_array[20].button_debounce_inst/counter_inst/__2 multiplier stage button_top_inst/button_debounce_array[20].button_debounce_inst/counter_inst/__2/P[47:0] is not pipelined (MREG=0). Pipelining the multiplier function will improve performance and will save significant power so it is suggested whenever possible to fully pipeline this function.  If this multiplier was inferred, it is suggested to describe an additional register stage after this function.  If there is no registered adder/accumulator following the multiply function, two pipeline stages are suggested to allow both the MREG and PREG registers to be used.  If the DSP48 was instantiated in the design, it is suggested to set both the MREG and PREG attributes to 1 when performing multiply functions.
INFO: [Common 17-14] Message 'DRC DPOP-4' appears 100 times and further instances of the messages will be disabled. Use the Tcl command set_msg_config to change the current settings.
INFO: [Vivado 12-3199] DRC finished with 0 Errors, 528 Warnings
INFO: [Vivado 12-3200] Please refer to the DRC report (report_drc) for more information.
INFO: [Designutils 20-2272] Running write_bitstream with 2 threads.
Loading data files...
Loading site data...
Loading route data...
Processing options...
Creating bitmap...
Creating bitstream...
Writing bitstream ./xviii_top.bit...
INFO: [Vivado 12-1842] Bitgen Completed Successfully.
INFO: [Common 17-83] Releasing license: Implementation
24 Infos, 300 Warnings, 0 Critical Warnings and 0 Errors encountered.
write_bitstream completed successfully
write_bitstream: Time (s): cpu = 00:01:18 ; elapsed = 00:01:00 . Memory (MB): peak = 4696.723 ; gain = 659.660
INFO: [Common 17-206] Exiting Vivado at Sun Nov 16 13:48:20 2025...
