Copyright 1986-2023 Xilinx, Inc. All Rights Reserved.
-------------------------------------------------------------------------------------------------------------------------------------------------------------------------------------------------------
| Tool Version      : Vivado v.2022.2.2 (win64) Build 3788238 Tue Feb 21 20:00:34 MST 2023
| Date              : Sun Nov 16 12:50:03 2025
| Host              : DESKTOP-IMB8E6N running 64-bit major release  (build 9200)
| Command           : report_timing_summary -max_paths 10 -file xviii_top_timing_summary_routed.rpt -pb xviii_top_timing_summary_routed.pb -rpx xviii_top_timing_summary_routed.rpx -warn_on_violation
| Design            : xviii_top
| Device            : xczu19eg-ffvc1760
| Speed File        : -2  PRODUCTION 1.30 05-15-2022
| Temperature Grade : I
-------------------------------------------------------------------------------------------------------------------------------------------------------------------------------------------------------

Timing Summary Report

------------------------------------------------------------------------------------------------
| Timer Settings
| --------------
------------------------------------------------------------------------------------------------

  Enable Multi Corner Analysis               :  Yes
  Enable Pessimism Removal                   :  Yes
  Pessimism Removal Resolution               :  Nearest Common Node
  Enable Input Delay Default Clock           :  No
  Enable Preset / Clear Arcs                 :  No
  Disable Flight Delays                      :  No
  Ignore I/O Paths                           :  No
  Timing Early Launch at Borrowing Latches   :  No
  Borrow Time for Max Delay Exceptions       :  Yes
  Merge Timing Exceptions                    :  Yes

  Corner  Analyze    Analyze    
  Name    Max Paths  Min Paths  
  ------  ---------  ---------  
  Slow    Yes        Yes        
  Fast    Yes        Yes        


------------------------------------------------------------------------------------------------
| Report Methodology
| ------------------
------------------------------------------------------------------------------------------------

Rule       Severity  Description                    Violations  
---------  --------  -----------------------------  ----------  
TIMING-18  Warning   Missing input or output delay  34          

Note: This report is based on the most recent report_methodology run and may not be up-to-date. Run report_methodology on the current design for the latest report.



check_timing report

Table of Contents
-----------------
1. checking no_clock (0)
2. checking constant_clock (0)
3. checking pulse_width_clock (0)
4. checking unconstrained_internal_endpoints (0)
5. checking no_input_delay (27)
6. checking no_output_delay (7)
7. checking multiple_clock (0)
8. checking generated_clocks (0)
9. checking loops (0)
10. checking partial_input_delay (0)
11. checking partial_output_delay (0)
12. checking latch_loops (0)

1. checking no_clock (0)
------------------------
 There are 0 register/latch pins with no clock.


2. checking constant_clock (0)
------------------------------
 There are 0 register/latch pins with constant_clock.


3. checking pulse_width_clock (0)
---------------------------------
 There are 0 register/latch pins which need pulse_width check


4. checking unconstrained_internal_endpoints (0)
------------------------------------------------
 There are 0 pins that are not constrained for maximum delay.

 There are 0 pins that are not constrained for maximum delay due to constant clock.


5. checking no_input_delay (27)
-------------------------------
 There are 27 input ports with no input delay specified. (HIGH)

 There are 0 input ports with no input delay but user has a false path constraint.


6. checking no_output_delay (7)
-------------------------------
 There are 7 ports with no output delay specified. (HIGH)

 There are 0 ports with no output delay but user has a false path constraint

 There are 0 ports with no output delay but with a timing clock defined on it or propagating through it


7. checking multiple_clock (0)
------------------------------
 There are 0 register/latch pins with multiple clocks.


8. checking generated_clocks (0)
--------------------------------
 There are 0 generated clocks that are not connected to a clock source.


9. checking loops (0)
---------------------
 There are 0 combinational loops in the design.


10. checking partial_input_delay (0)
------------------------------------
 There are 0 input ports with partial input delay specified.


11. checking partial_output_delay (0)
-------------------------------------
 There are 0 ports with partial output delay specified.


12. checking latch_loops (0)
----------------------------
 There are 0 combinational latch loops in the design through latch input



------------------------------------------------------------------------------------------------
| Design Timing Summary
| ---------------------
------------------------------------------------------------------------------------------------

    WNS(ns)      TNS(ns)  TNS Failing Endpoints  TNS Total Endpoints      WHS(ns)      THS(ns)  THS Failing Endpoints  THS Total Endpoints     WPWS(ns)     TPWS(ns)  TPWS Failing Endpoints  TPWS Total Endpoints  
    -------      -------  ---------------------  -------------------      -------      -------  ---------------------  -------------------     --------     --------  ----------------------  --------------------  
      1.003        0.000                      0                21601        0.010        0.000                      0                21601        1.968        0.000                       0                 11920  


All user specified timing constraints are met.


------------------------------------------------------------------------------------------------
| Clock Summary
| -------------
------------------------------------------------------------------------------------------------

Clock    Waveform(ns)         Period(ns)      Frequency(MHz)
-----    ------------         ----------      --------------
sys_clk  {0.000 2.500}        5.000           200.000         


------------------------------------------------------------------------------------------------
| Intra Clock Table
| -----------------
------------------------------------------------------------------------------------------------

Clock             WNS(ns)      TNS(ns)  TNS Failing Endpoints  TNS Total Endpoints      WHS(ns)      THS(ns)  THS Failing Endpoints  THS Total Endpoints     WPWS(ns)     TPWS(ns)  TPWS Failing Endpoints  TPWS Total Endpoints  
-----             -------      -------  ---------------------  -------------------      -------      -------  ---------------------  -------------------     --------     --------  ----------------------  --------------------  
sys_clk             1.003        0.000                      0                21601        0.010        0.000                      0                21601        1.968        0.000                       0                 11920  


------------------------------------------------------------------------------------------------
| Inter Clock Table
| -----------------
------------------------------------------------------------------------------------------------

From Clock    To Clock          WNS(ns)      TNS(ns)  TNS Failing Endpoints  TNS Total Endpoints      WHS(ns)      THS(ns)  THS Failing Endpoints  THS Total Endpoints  
----------    --------          -------      -------  ---------------------  -------------------      -------      -------  ---------------------  -------------------  


------------------------------------------------------------------------------------------------
| Other Path Groups Table
| -----------------------
------------------------------------------------------------------------------------------------

Path Group    From Clock    To Clock          WNS(ns)      TNS(ns)  TNS Failing Endpoints  TNS Total Endpoints      WHS(ns)      THS(ns)  THS Failing Endpoints  THS Total Endpoints  
----------    ----------    --------          -------      -------  ---------------------  -------------------      -------      -------  ---------------------  -------------------  


------------------------------------------------------------------------------------------------
| Timing Details
| --------------
------------------------------------------------------------------------------------------------


---------------------------------------------------------------------------------------------------
From Clock:  sys_clk
  To Clock:  sys_clk

Setup :            0  Failing Endpoints,  Worst Slack        1.003ns,  Total Violation        0.000ns
Hold  :            0  Failing Endpoints,  Worst Slack        0.010ns,  Total Violation        0.000ns
PW    :            0  Failing Endpoints,  Worst Slack        1.968ns,  Total Violation        0.000ns
---------------------------------------------------------------------------------------------------


Max Delay Paths
--------------------------------------------------------------------------------------
Slack (MET) :             1.003ns  (required time - arrival time)
  Source:                 button_top_inst/button_debounce_array[1].button_debounce_inst/counter_inst/__0/DSP_A_B_DATA_INST/CLK
                            (rising edge-triggered cell DSP_A_B_DATA clocked by sys_clk  {rise@0.000ns fall@2.500ns period=5.000ns})
  Destination:            button_top_inst/button_debounce_array[1].button_debounce_inst/counter_inst/count_middleware_reg[2]/DSP_OUTPUT_INST/ALU_OUT[35]
                            (rising edge-triggered cell DSP_OUTPUT clocked by sys_clk  {rise@0.000ns fall@2.500ns period=5.000ns})
  Path Group:             sys_clk
  Path Type:              Setup (Max at Slow Process Corner)
  Requirement:            5.000ns  (sys_clk rise@5.000ns - sys_clk rise@0.000ns)
  Data Path Delay:        3.740ns  (logic 2.310ns (61.771%)  route 1.430ns (38.229%))
  Logic Levels:           7  (DSP_ALU=2 DSP_C_DATA=1 DSP_M_DATA=1 DSP_MULTIPLIER=1 DSP_OUTPUT=1 DSP_PREADD_DATA=1)
  Clock Path Skew:        -0.237ns (DCD - SCD + CPR)
    Destination Clock Delay (DCD):    3.367ns = ( 8.367 - 5.000 ) 
    Source Clock Delay      (SCD):    3.990ns
    Clock Pessimism Removal (CPR):    0.385ns
  Clock Uncertainty:      0.035ns  ((TSJ^2 + TIJ^2)^1/2 + DJ) / 2 + PE
    Total System Jitter     (TSJ):    0.071ns
    Total Input Jitter      (TIJ):    0.000ns
    Discrete Jitter          (DJ):    0.000ns
    Phase Error              (PE):    0.000ns
  Clock Net Delay (Source):      2.801ns (routing 1.544ns, distribution 1.257ns)
  Clock Net Delay (Destination): 2.363ns (routing 1.399ns, distribution 0.964ns)

    Location             Delay type                Incr(ns)  Path(ns)    Netlist Resource(s)
  -------------------------------------------------------------------    -------------------
                         (clock sys_clk rise edge)    0.000     0.000 r  
    H24                                               0.000     0.000 r  clk_sys_p (IN)
                         net (fo=0)                   0.100     0.100    IBUFGDS_SYS/I
    HPIOBDIFFINBUF_X0Y155
                         DIFFINBUF (Prop_DIFFINBUF_HPIOBDIFFINBUF_DIFF_IN_P_O)
                                                      0.675     0.775 r  IBUFGDS_SYS/DIFFINBUF_INST/O
                         net (fo=1, routed)           0.050     0.825    IBUFGDS_SYS/OUT
    H24                  IBUFCTRL (Prop_IBUFCTRL_HPIOB_M_I_O)
                                                      0.000     0.825 r  IBUFGDS_SYS/IBUFCTRL_INST/O
                         net (fo=1, routed)           0.336     1.161    clk_sys_ibuf
    BUFGCE_X0Y148        BUFGCE (Prop_BUFCE_BUFGCE_I_O)
                                                      0.028     1.189 r  BUFG_SYS/O
    X2Y1 (CLOCK_ROOT)    net (fo=13371, routed)       2.801     3.990    button_top_inst/button_debounce_array[1].button_debounce_inst/counter_inst/__0/CLK
    DSP48E2_X7Y48        DSP_A_B_DATA                                 r  button_top_inst/button_debounce_array[1].button_debounce_inst/counter_inst/__0/DSP_A_B_DATA_INST/CLK
  -------------------------------------------------------------------    -------------------
    DSP48E2_X7Y48        DSP_A_B_DATA (Prop_DSP_A_B_DATA_DSP48E2_CLK_B2_DATA[17])
                                                      0.212     4.202 r  button_top_inst/button_debounce_array[1].button_debounce_inst/counter_inst/__0/DSP_A_B_DATA_INST/B2_DATA[17]
                         net (fo=1, routed)           0.000     4.202    button_top_inst/button_debounce_array[1].button_debounce_inst/counter_inst/__0/DSP_A_B_DATA.B2_DATA<17>
    DSP48E2_X7Y48        DSP_PREADD_DATA (Prop_DSP_PREADD_DATA_DSP48E2_B2_DATA[17]_B2B1[17])
                                                      0.073     4.275 r  button_top_inst/button_debounce_array[1].button_debounce_inst/counter_inst/__0/DSP_PREADD_DATA_INST/B2B1[17]
                         net (fo=1, routed)           0.000     4.275    button_top_inst/button_debounce_array[1].button_debounce_inst/counter_inst/__0/DSP_PREADD_DATA.B2B1<17>
    DSP48E2_X7Y48        DSP_MULTIPLIER (Prop_DSP_MULTIPLIER_DSP48E2_B2B1[17]_V[43])
                                                      0.609     4.884 f  button_top_inst/button_debounce_array[1].button_debounce_inst/counter_inst/__0/DSP_MULTIPLIER_INST/V[43]
                         net (fo=1, routed)           0.000     4.884    button_top_inst/button_debounce_array[1].button_debounce_inst/counter_inst/__0/DSP_MULTIPLIER.V<43>
    DSP48E2_X7Y48        DSP_M_DATA (Prop_DSP_M_DATA_DSP48E2_V[43]_V_DATA[43])
                                                      0.046     4.930 r  button_top_inst/button_debounce_array[1].button_debounce_inst/counter_inst/__0/DSP_M_DATA_INST/V_DATA[43]
                         net (fo=1, routed)           0.000     4.930    button_top_inst/button_debounce_array[1].button_debounce_inst/counter_inst/__0/DSP_M_DATA.V_DATA<43>
    DSP48E2_X7Y48        DSP_ALU (Prop_DSP_ALU_DSP48E2_V_DATA[43]_ALU_OUT[47])
                                                      0.571     5.501 f  button_top_inst/button_debounce_array[1].button_debounce_inst/counter_inst/__0/DSP_ALU_INST/ALU_OUT[47]
                         net (fo=1, routed)           0.000     5.501    button_top_inst/button_debounce_array[1].button_debounce_inst/counter_inst/__0/DSP_ALU.ALU_OUT<47>
    DSP48E2_X7Y48        DSP_OUTPUT (Prop_DSP_OUTPUT_DSP48E2_ALU_OUT[47]_P[47])
                                                      0.109     5.610 r  button_top_inst/button_debounce_array[1].button_debounce_inst/counter_inst/__0/DSP_OUTPUT_INST/P[47]
                         net (fo=27, routed)          1.430     7.039    button_top_inst/button_debounce_array[1].button_debounce_inst/counter_inst/count_middleware_reg[2]/C[35]
    DSP48E2_X6Y50        DSP_C_DATA (Prop_DSP_C_DATA_DSP48E2_C[35]_C_DATA[35])
                                                      0.105     7.144 r  button_top_inst/button_debounce_array[1].button_debounce_inst/counter_inst/count_middleware_reg[2]/DSP_C_DATA_INST/C_DATA[35]
                         net (fo=2, routed)           0.000     7.144    button_top_inst/button_debounce_array[1].button_debounce_inst/counter_inst/count_middleware_reg[2]/DSP_C_DATA.C_DATA<35>
    DSP48E2_X6Y50        DSP_ALU (Prop_DSP_ALU_DSP48E2_C_DATA[35]_ALU_OUT[35])
                                                      0.585     7.729 r  button_top_inst/button_debounce_array[1].button_debounce_inst/counter_inst/count_middleware_reg[2]/DSP_ALU_INST/ALU_OUT[35]
                         net (fo=1, routed)           0.000     7.729    button_top_inst/button_debounce_array[1].button_debounce_inst/counter_inst/count_middleware_reg[2]/DSP_ALU.ALU_OUT<35>
    DSP48E2_X6Y50        DSP_OUTPUT                                   r  button_top_inst/button_debounce_array[1].button_debounce_inst/counter_inst/count_middleware_reg[2]/DSP_OUTPUT_INST/ALU_OUT[35]
  -------------------------------------------------------------------    -------------------

                         (clock sys_clk rise edge)    5.000     5.000 r  
    H24                                               0.000     5.000 r  clk_sys_p (IN)
                         net (fo=0)                   0.079     5.079    IBUFGDS_SYS/I
    HPIOBDIFFINBUF_X0Y155
                         DIFFINBUF (Prop_DIFFINBUF_HPIOBDIFFINBUF_DIFF_IN_P_O)
                                                      0.564     5.643 r  IBUFGDS_SYS/DIFFINBUF_INST/O
                         net (fo=1, routed)           0.040     5.683    IBUFGDS_SYS/OUT
    H24                  IBUFCTRL (Prop_IBUFCTRL_HPIOB_M_I_O)
                                                      0.000     5.683 r  IBUFGDS_SYS/IBUFCTRL_INST/O
                         net (fo=1, routed)           0.297     5.980    clk_sys_ibuf
    BUFGCE_X0Y148        BUFGCE (Prop_BUFCE_BUFGCE_I_O)
                                                      0.024     6.004 r  BUFG_SYS/O
    X2Y1 (CLOCK_ROOT)    net (fo=13371, routed)       2.363     8.367    button_top_inst/button_debounce_array[1].button_debounce_inst/counter_inst/count_middleware_reg[2]/CLK
    DSP48E2_X6Y50        DSP_OUTPUT                                   r  button_top_inst/button_debounce_array[1].button_debounce_inst/counter_inst/count_middleware_reg[2]/DSP_OUTPUT_INST/CLK
                         clock pessimism              0.385     8.752    
                         clock uncertainty           -0.035     8.717    
    DSP48E2_X6Y50        DSP_OUTPUT (Setup_DSP_OUTPUT_DSP48E2_CLK_ALU_OUT[35])
                                                      0.015     8.732    button_top_inst/button_debounce_array[1].button_debounce_inst/counter_inst/count_middleware_reg[2]/DSP_OUTPUT_INST
  -------------------------------------------------------------------
                         required time                          8.732    
                         arrival time                          -7.729    
  -------------------------------------------------------------------
                         slack                                  1.003    

Slack (MET) :             1.003ns  (required time - arrival time)
  Source:                 button_top_inst/button_debounce_array[1].button_debounce_inst/counter_inst/__0/DSP_A_B_DATA_INST/CLK
                            (rising edge-triggered cell DSP_A_B_DATA clocked by sys_clk  {rise@0.000ns fall@2.500ns period=5.000ns})
  Destination:            button_top_inst/button_debounce_array[1].button_debounce_inst/counter_inst/count_middleware_reg[2]/DSP_OUTPUT_INST/ALU_OUT[36]
                            (rising edge-triggered cell DSP_OUTPUT clocked by sys_clk  {rise@0.000ns fall@2.500ns period=5.000ns})
  Path Group:             sys_clk
  Path Type:              Setup (Max at Slow Process Corner)
  Requirement:            5.000ns  (sys_clk rise@5.000ns - sys_clk rise@0.000ns)
  Data Path Delay:        3.740ns  (logic 2.310ns (61.771%)  route 1.430ns (38.229%))
  Logic Levels:           7  (DSP_ALU=2 DSP_C_DATA=1 DSP_M_DATA=1 DSP_MULTIPLIER=1 DSP_OUTPUT=1 DSP_PREADD_DATA=1)
  Clock Path Skew:        -0.237ns (DCD - SCD + CPR)
    Destination Clock Delay (DCD):    3.367ns = ( 8.367 - 5.000 ) 
    Source Clock Delay      (SCD):    3.990ns
    Clock Pessimism Removal (CPR):    0.385ns
  Clock Uncertainty:      0.035ns  ((TSJ^2 + TIJ^2)^1/2 + DJ) / 2 + PE
    Total System Jitter     (TSJ):    0.071ns
    Total Input Jitter      (TIJ):    0.000ns
    Discrete Jitter          (DJ):    0.000ns
    Phase Error              (PE):    0.000ns
  Clock Net Delay (Source):      2.801ns (routing 1.544ns, distribution 1.257ns)
  Clock Net Delay (Destination): 2.363ns (routing 1.399ns, distribution 0.964ns)

    Location             Delay type                Incr(ns)  Path(ns)    Netlist Resource(s)
  -------------------------------------------------------------------    -------------------
                         (clock sys_clk rise edge)    0.000     0.000 r  
    H24                                               0.000     0.000 r  clk_sys_p (IN)
                         net (fo=0)                   0.100     0.100    IBUFGDS_SYS/I
    HPIOBDIFFINBUF_X0Y155
                         DIFFINBUF (Prop_DIFFINBUF_HPIOBDIFFINBUF_DIFF_IN_P_O)
                                                      0.675     0.775 r  IBUFGDS_SYS/DIFFINBUF_INST/O
                         net (fo=1, routed)           0.050     0.825    IBUFGDS_SYS/OUT
    H24                  IBUFCTRL (Prop_IBUFCTRL_HPIOB_M_I_O)
                                                      0.000     0.825 r  IBUFGDS_SYS/IBUFCTRL_INST/O
                         net (fo=1, routed)           0.336     1.161    clk_sys_ibuf
    BUFGCE_X0Y148        BUFGCE (Prop_BUFCE_BUFGCE_I_O)
                                                      0.028     1.189 r  BUFG_SYS/O
    X2Y1 (CLOCK_ROOT)    net (fo=13371, routed)       2.801     3.990    button_top_inst/button_debounce_array[1].button_debounce_inst/counter_inst/__0/CLK
    DSP48E2_X7Y48        DSP_A_B_DATA                                 r  button_top_inst/button_debounce_array[1].button_debounce_inst/counter_inst/__0/DSP_A_B_DATA_INST/CLK
  -------------------------------------------------------------------    -------------------
    DSP48E2_X7Y48        DSP_A_B_DATA (Prop_DSP_A_B_DATA_DSP48E2_CLK_B2_DATA[17])
                                                      0.212     4.202 r  button_top_inst/button_debounce_array[1].button_debounce_inst/counter_inst/__0/DSP_A_B_DATA_INST/B2_DATA[17]
                         net (fo=1, routed)           0.000     4.202    button_top_inst/button_debounce_array[1].button_debounce_inst/counter_inst/__0/DSP_A_B_DATA.B2_DATA<17>
    DSP48E2_X7Y48        DSP_PREADD_DATA (Prop_DSP_PREADD_DATA_DSP48E2_B2_DATA[17]_B2B1[17])
                                                      0.073     4.275 r  button_top_inst/button_debounce_array[1].button_debounce_inst/counter_inst/__0/DSP_PREADD_DATA_INST/B2B1[17]
                         net (fo=1, routed)           0.000     4.275    button_top_inst/button_debounce_array[1].button_debounce_inst/counter_inst/__0/DSP_PREADD_DATA.B2B1<17>
    DSP48E2_X7Y48        DSP_MULTIPLIER (Prop_DSP_MULTIPLIER_DSP48E2_B2B1[17]_V[43])
                                                      0.609     4.884 f  button_top_inst/button_debounce_array[1].button_debounce_inst/counter_inst/__0/DSP_MULTIPLIER_INST/V[43]
                         net (fo=1, routed)           0.000     4.884    button_top_inst/button_debounce_array[1].button_debounce_inst/counter_inst/__0/DSP_MULTIPLIER.V<43>
    DSP48E2_X7Y48        DSP_M_DATA (Prop_DSP_M_DATA_DSP48E2_V[43]_V_DATA[43])
                                                      0.046     4.930 r  button_top_inst/button_debounce_array[1].button_debounce_inst/counter_inst/__0/DSP_M_DATA_INST/V_DATA[43]
                         net (fo=1, routed)           0.000     4.930    button_top_inst/button_debounce_array[1].button_debounce_inst/counter_inst/__0/DSP_M_DATA.V_DATA<43>
    DSP48E2_X7Y48        DSP_ALU (Prop_DSP_ALU_DSP48E2_V_DATA[43]_ALU_OUT[47])
                                                      0.571     5.501 f  button_top_inst/button_debounce_array[1].button_debounce_inst/counter_inst/__0/DSP_ALU_INST/ALU_OUT[47]
                         net (fo=1, routed)           0.000     5.501    button_top_inst/button_debounce_array[1].button_debounce_inst/counter_inst/__0/DSP_ALU.ALU_OUT<47>
    DSP48E2_X7Y48        DSP_OUTPUT (Prop_DSP_OUTPUT_DSP48E2_ALU_OUT[47]_P[47])
                                                      0.109     5.610 r  button_top_inst/button_debounce_array[1].button_debounce_inst/counter_inst/__0/DSP_OUTPUT_INST/P[47]
                         net (fo=27, routed)          1.430     7.039    button_top_inst/button_debounce_array[1].button_debounce_inst/counter_inst/count_middleware_reg[2]/C[35]
    DSP48E2_X6Y50        DSP_C_DATA (Prop_DSP_C_DATA_DSP48E2_C[35]_C_DATA[35])
                                                      0.105     7.144 r  button_top_inst/button_debounce_array[1].button_debounce_inst/counter_inst/count_middleware_reg[2]/DSP_C_DATA_INST/C_DATA[35]
                         net (fo=2, routed)           0.000     7.144    button_top_inst/button_debounce_array[1].button_debounce_inst/counter_inst/count_middleware_reg[2]/DSP_C_DATA.C_DATA<35>
    DSP48E2_X6Y50        DSP_ALU (Prop_DSP_ALU_DSP48E2_C_DATA[35]_ALU_OUT[36])
                                                      0.585     7.729 r  button_top_inst/button_debounce_array[1].button_debounce_inst/counter_inst/count_middleware_reg[2]/DSP_ALU_INST/ALU_OUT[36]
                         net (fo=1, routed)           0.000     7.729    button_top_inst/button_debounce_array[1].button_debounce_inst/counter_inst/count_middleware_reg[2]/DSP_ALU.ALU_OUT<36>
    DSP48E2_X6Y50        DSP_OUTPUT                                   r  button_top_inst/button_debounce_array[1].button_debounce_inst/counter_inst/count_middleware_reg[2]/DSP_OUTPUT_INST/ALU_OUT[36]
  -------------------------------------------------------------------    -------------------

                         (clock sys_clk rise edge)    5.000     5.000 r  
    H24                                               0.000     5.000 r  clk_sys_p (IN)
                         net (fo=0)                   0.079     5.079    IBUFGDS_SYS/I
    HPIOBDIFFINBUF_X0Y155
                         DIFFINBUF (Prop_DIFFINBUF_HPIOBDIFFINBUF_DIFF_IN_P_O)
                                                      0.564     5.643 r  IBUFGDS_SYS/DIFFINBUF_INST/O
                         net (fo=1, routed)           0.040     5.683    IBUFGDS_SYS/OUT
    H24                  IBUFCTRL (Prop_IBUFCTRL_HPIOB_M_I_O)
                                                      0.000     5.683 r  IBUFGDS_SYS/IBUFCTRL_INST/O
                         net (fo=1, routed)           0.297     5.980    clk_sys_ibuf
    BUFGCE_X0Y148        BUFGCE (Prop_BUFCE_BUFGCE_I_O)
                                                      0.024     6.004 r  BUFG_SYS/O
    X2Y1 (CLOCK_ROOT)    net (fo=13371, routed)       2.363     8.367    button_top_inst/button_debounce_array[1].button_debounce_inst/counter_inst/count_middleware_reg[2]/CLK
    DSP48E2_X6Y50        DSP_OUTPUT                                   r  button_top_inst/button_debounce_array[1].button_debounce_inst/counter_inst/count_middleware_reg[2]/DSP_OUTPUT_INST/CLK
                         clock pessimism              0.385     8.752    
                         clock uncertainty           -0.035     8.717    
    DSP48E2_X6Y50        DSP_OUTPUT (Setup_DSP_OUTPUT_DSP48E2_CLK_ALU_OUT[36])
                                                      0.015     8.732    button_top_inst/button_debounce_array[1].button_debounce_inst/counter_inst/count_middleware_reg[2]/DSP_OUTPUT_INST
  -------------------------------------------------------------------
                         required time                          8.732    
                         arrival time                          -7.729    
  -------------------------------------------------------------------
                         slack                                  1.003    

Slack (MET) :             1.003ns  (required time - arrival time)
  Source:                 button_top_inst/button_debounce_array[1].button_debounce_inst/counter_inst/__0/DSP_A_B_DATA_INST/CLK
                            (rising edge-triggered cell DSP_A_B_DATA clocked by sys_clk  {rise@0.000ns fall@2.500ns period=5.000ns})
  Destination:            button_top_inst/button_debounce_array[1].button_debounce_inst/counter_inst/count_middleware_reg[2]/DSP_OUTPUT_INST/ALU_OUT[37]
                            (rising edge-triggered cell DSP_OUTPUT clocked by sys_clk  {rise@0.000ns fall@2.500ns period=5.000ns})
  Path Group:             sys_clk
  Path Type:              Setup (Max at Slow Process Corner)
  Requirement:            5.000ns  (sys_clk rise@5.000ns - sys_clk rise@0.000ns)
  Data Path Delay:        3.740ns  (logic 2.310ns (61.771%)  route 1.430ns (38.229%))
  Logic Levels:           7  (DSP_ALU=2 DSP_C_DATA=1 DSP_M_DATA=1 DSP_MULTIPLIER=1 DSP_OUTPUT=1 DSP_PREADD_DATA=1)
  Clock Path Skew:        -0.237ns (DCD - SCD + CPR)
    Destination Clock Delay (DCD):    3.367ns = ( 8.367 - 5.000 ) 
    Source Clock Delay      (SCD):    3.990ns
    Clock Pessimism Removal (CPR):    0.385ns
  Clock Uncertainty:      0.035ns  ((TSJ^2 + TIJ^2)^1/2 + DJ) / 2 + PE
    Total System Jitter     (TSJ):    0.071ns
    Total Input Jitter      (TIJ):    0.000ns
    Discrete Jitter          (DJ):    0.000ns
    Phase Error              (PE):    0.000ns
  Clock Net Delay (Source):      2.801ns (routing 1.544ns, distribution 1.257ns)
  Clock Net Delay (Destination): 2.363ns (routing 1.399ns, distribution 0.964ns)

    Location             Delay type                Incr(ns)  Path(ns)    Netlist Resource(s)
  -------------------------------------------------------------------    -------------------
                         (clock sys_clk rise edge)    0.000     0.000 r  
    H24                                               0.000     0.000 r  clk_sys_p (IN)
                         net (fo=0)                   0.100     0.100    IBUFGDS_SYS/I
    HPIOBDIFFINBUF_X0Y155
                         DIFFINBUF (Prop_DIFFINBUF_HPIOBDIFFINBUF_DIFF_IN_P_O)
                                                      0.675     0.775 r  IBUFGDS_SYS/DIFFINBUF_INST/O
                         net (fo=1, routed)           0.050     0.825    IBUFGDS_SYS/OUT
    H24                  IBUFCTRL (Prop_IBUFCTRL_HPIOB_M_I_O)
                                                      0.000     0.825 r  IBUFGDS_SYS/IBUFCTRL_INST/O
                         net (fo=1, routed)           0.336     1.161    clk_sys_ibuf
    BUFGCE_X0Y148        BUFGCE (Prop_BUFCE_BUFGCE_I_O)
                                                      0.028     1.189 r  BUFG_SYS/O
    X2Y1 (CLOCK_ROOT)    net (fo=13371, routed)       2.801     3.990    button_top_inst/button_debounce_array[1].button_debounce_inst/counter_inst/__0/CLK
    DSP48E2_X7Y48        DSP_A_B_DATA                                 r  button_top_inst/button_debounce_array[1].button_debounce_inst/counter_inst/__0/DSP_A_B_DATA_INST/CLK
  -------------------------------------------------------------------    -------------------
    DSP48E2_X7Y48        DSP_A_B_DATA (Prop_DSP_A_B_DATA_DSP48E2_CLK_B2_DATA[17])
                                                      0.212     4.202 r  button_top_inst/button_debounce_array[1].button_debounce_inst/counter_inst/__0/DSP_A_B_DATA_INST/B2_DATA[17]
                         net (fo=1, routed)           0.000     4.202    button_top_inst/button_debounce_array[1].button_debounce_inst/counter_inst/__0/DSP_A_B_DATA.B2_DATA<17>
    DSP48E2_X7Y48        DSP_PREADD_DATA (Prop_DSP_PREADD_DATA_DSP48E2_B2_DATA[17]_B2B1[17])
                                                      0.073     4.275 r  button_top_inst/button_debounce_array[1].button_debounce_inst/counter_inst/__0/DSP_PREADD_DATA_INST/B2B1[17]
                         net (fo=1, routed)           0.000     4.275    button_top_inst/button_debounce_array[1].button_debounce_inst/counter_inst/__0/DSP_PREADD_DATA.B2B1<17>
    DSP48E2_X7Y48        DSP_MULTIPLIER (Prop_DSP_MULTIPLIER_DSP48E2_B2B1[17]_V[43])
                                                      0.609     4.884 f  button_top_inst/button_debounce_array[1].button_debounce_inst/counter_inst/__0/DSP_MULTIPLIER_INST/V[43]
                         net (fo=1, routed)           0.000     4.884    button_top_inst/button_debounce_array[1].button_debounce_inst/counter_inst/__0/DSP_MULTIPLIER.V<43>
    DSP48E2_X7Y48        DSP_M_DATA (Prop_DSP_M_DATA_DSP48E2_V[43]_V_DATA[43])
                                                      0.046     4.930 r  button_top_inst/button_debounce_array[1].button_debounce_inst/counter_inst/__0/DSP_M_DATA_INST/V_DATA[43]
                         net (fo=1, routed)           0.000     4.930    button_top_inst/button_debounce_array[1].button_debounce_inst/counter_inst/__0/DSP_M_DATA.V_DATA<43>
    DSP48E2_X7Y48        DSP_ALU (Prop_DSP_ALU_DSP48E2_V_DATA[43]_ALU_OUT[47])
                                                      0.571     5.501 f  button_top_inst/button_debounce_array[1].button_debounce_inst/counter_inst/__0/DSP_ALU_INST/ALU_OUT[47]
                         net (fo=1, routed)           0.000     5.501    button_top_inst/button_debounce_array[1].button_debounce_inst/counter_inst/__0/DSP_ALU.ALU_OUT<47>
    DSP48E2_X7Y48        DSP_OUTPUT (Prop_DSP_OUTPUT_DSP48E2_ALU_OUT[47]_P[47])
                                                      0.109     5.610 r  button_top_inst/button_debounce_array[1].button_debounce_inst/counter_inst/__0/DSP_OUTPUT_INST/P[47]
                         net (fo=27, routed)          1.430     7.039    button_top_inst/button_debounce_array[1].button_debounce_inst/counter_inst/count_middleware_reg[2]/C[35]
    DSP48E2_X6Y50        DSP_C_DATA (Prop_DSP_C_DATA_DSP48E2_C[35]_C_DATA[35])
                                                      0.105     7.144 r  button_top_inst/button_debounce_array[1].button_debounce_inst/counter_inst/count_middleware_reg[2]/DSP_C_DATA_INST/C_DATA[35]
                         net (fo=2, routed)           0.000     7.144    button_top_inst/button_debounce_array[1].button_debounce_inst/counter_inst/count_middleware_reg[2]/DSP_C_DATA.C_DATA<35>
    DSP48E2_X6Y50        DSP_ALU (Prop_DSP_ALU_DSP48E2_C_DATA[35]_ALU_OUT[37])
                                                      0.585     7.729 r  button_top_inst/button_debounce_array[1].button_debounce_inst/counter_inst/count_middleware_reg[2]/DSP_ALU_INST/ALU_OUT[37]
                         net (fo=1, routed)           0.000     7.729    button_top_inst/button_debounce_array[1].button_debounce_inst/counter_inst/count_middleware_reg[2]/DSP_ALU.ALU_OUT<37>
    DSP48E2_X6Y50        DSP_OUTPUT                                   r  button_top_inst/button_debounce_array[1].button_debounce_inst/counter_inst/count_middleware_reg[2]/DSP_OUTPUT_INST/ALU_OUT[37]
  -------------------------------------------------------------------    -------------------

                         (clock sys_clk rise edge)    5.000     5.000 r  
    H24                                               0.000     5.000 r  clk_sys_p (IN)
                         net (fo=0)                   0.079     5.079    IBUFGDS_SYS/I
    HPIOBDIFFINBUF_X0Y155
                         DIFFINBUF (Prop_DIFFINBUF_HPIOBDIFFINBUF_DIFF_IN_P_O)
                                                      0.564     5.643 r  IBUFGDS_SYS/DIFFINBUF_INST/O
                         net (fo=1, routed)           0.040     5.683    IBUFGDS_SYS/OUT
    H24                  IBUFCTRL (Prop_IBUFCTRL_HPIOB_M_I_O)
                                                      0.000     5.683 r  IBUFGDS_SYS/IBUFCTRL_INST/O
                         net (fo=1, routed)           0.297     5.980    clk_sys_ibuf
    BUFGCE_X0Y148        BUFGCE (Prop_BUFCE_BUFGCE_I_O)
                                                      0.024     6.004 r  BUFG_SYS/O
    X2Y1 (CLOCK_ROOT)    net (fo=13371, routed)       2.363     8.367    button_top_inst/button_debounce_array[1].button_debounce_inst/counter_inst/count_middleware_reg[2]/CLK
    DSP48E2_X6Y50        DSP_OUTPUT                                   r  button_top_inst/button_debounce_array[1].button_debounce_inst/counter_inst/count_middleware_reg[2]/DSP_OUTPUT_INST/CLK
                         clock pessimism              0.385     8.752    
                         clock uncertainty           -0.035     8.717    
    DSP48E2_X6Y50        DSP_OUTPUT (Setup_DSP_OUTPUT_DSP48E2_CLK_ALU_OUT[37])
                                                      0.015     8.732    button_top_inst/button_debounce_array[1].button_debounce_inst/counter_inst/count_middleware_reg[2]/DSP_OUTPUT_INST
  -------------------------------------------------------------------
                         required time                          8.732    
                         arrival time                          -7.729    
  -------------------------------------------------------------------
                         slack                                  1.003    

Slack (MET) :             1.003ns  (required time - arrival time)
  Source:                 button_top_inst/button_debounce_array[1].button_debounce_inst/counter_inst/__0/DSP_A_B_DATA_INST/CLK
                            (rising edge-triggered cell DSP_A_B_DATA clocked by sys_clk  {rise@0.000ns fall@2.500ns period=5.000ns})
  Destination:            button_top_inst/button_debounce_array[1].button_debounce_inst/counter_inst/count_middleware_reg[2]/DSP_OUTPUT_INST/ALU_OUT[38]
                            (rising edge-triggered cell DSP_OUTPUT clocked by sys_clk  {rise@0.000ns fall@2.500ns period=5.000ns})
  Path Group:             sys_clk
  Path Type:              Setup (Max at Slow Process Corner)
  Requirement:            5.000ns  (sys_clk rise@5.000ns - sys_clk rise@0.000ns)
  Data Path Delay:        3.740ns  (logic 2.310ns (61.771%)  route 1.430ns (38.229%))
  Logic Levels:           7  (DSP_ALU=2 DSP_C_DATA=1 DSP_M_DATA=1 DSP_MULTIPLIER=1 DSP_OUTPUT=1 DSP_PREADD_DATA=1)
  Clock Path Skew:        -0.237ns (DCD - SCD + CPR)
    Destination Clock Delay (DCD):    3.367ns = ( 8.367 - 5.000 ) 
    Source Clock Delay      (SCD):    3.990ns
    Clock Pessimism Removal (CPR):    0.385ns
  Clock Uncertainty:      0.035ns  ((TSJ^2 + TIJ^2)^1/2 + DJ) / 2 + PE
    Total System Jitter     (TSJ):    0.071ns
    Total Input Jitter      (TIJ):    0.000ns
    Discrete Jitter          (DJ):    0.000ns
    Phase Error              (PE):    0.000ns
  Clock Net Delay (Source):      2.801ns (routing 1.544ns, distribution 1.257ns)
  Clock Net Delay (Destination): 2.363ns (routing 1.399ns, distribution 0.964ns)

    Location             Delay type                Incr(ns)  Path(ns)    Netlist Resource(s)
  -------------------------------------------------------------------    -------------------
                         (clock sys_clk rise edge)    0.000     0.000 r  
    H24                                               0.000     0.000 r  clk_sys_p (IN)
                         net (fo=0)                   0.100     0.100    IBUFGDS_SYS/I
    HPIOBDIFFINBUF_X0Y155
                         DIFFINBUF (Prop_DIFFINBUF_HPIOBDIFFINBUF_DIFF_IN_P_O)
                                                      0.675     0.775 r  IBUFGDS_SYS/DIFFINBUF_INST/O
                         net (fo=1, routed)           0.050     0.825    IBUFGDS_SYS/OUT
    H24                  IBUFCTRL (Prop_IBUFCTRL_HPIOB_M_I_O)
                                                      0.000     0.825 r  IBUFGDS_SYS/IBUFCTRL_INST/O
                         net (fo=1, routed)           0.336     1.161    clk_sys_ibuf
    BUFGCE_X0Y148        BUFGCE (Prop_BUFCE_BUFGCE_I_O)
                                                      0.028     1.189 r  BUFG_SYS/O
    X2Y1 (CLOCK_ROOT)    net (fo=13371, routed)       2.801     3.990    button_top_inst/button_debounce_array[1].button_debounce_inst/counter_inst/__0/CLK
    DSP48E2_X7Y48        DSP_A_B_DATA                                 r  button_top_inst/button_debounce_array[1].button_debounce_inst/counter_inst/__0/DSP_A_B_DATA_INST/CLK
  -------------------------------------------------------------------    -------------------
    DSP48E2_X7Y48        DSP_A_B_DATA (Prop_DSP_A_B_DATA_DSP48E2_CLK_B2_DATA[17])
                                                      0.212     4.202 r  button_top_inst/button_debounce_array[1].button_debounce_inst/counter_inst/__0/DSP_A_B_DATA_INST/B2_DATA[17]
                         net (fo=1, routed)           0.000     4.202    button_top_inst/button_debounce_array[1].button_debounce_inst/counter_inst/__0/DSP_A_B_DATA.B2_DATA<17>
    DSP48E2_X7Y48        DSP_PREADD_DATA (Prop_DSP_PREADD_DATA_DSP48E2_B2_DATA[17]_B2B1[17])
                                                      0.073     4.275 r  button_top_inst/button_debounce_array[1].button_debounce_inst/counter_inst/__0/DSP_PREADD_DATA_INST/B2B1[17]
                         net (fo=1, routed)           0.000     4.275    button_top_inst/button_debounce_array[1].button_debounce_inst/counter_inst/__0/DSP_PREADD_DATA.B2B1<17>
    DSP48E2_X7Y48        DSP_MULTIPLIER (Prop_DSP_MULTIPLIER_DSP48E2_B2B1[17]_V[43])
                                                      0.609     4.884 f  button_top_inst/button_debounce_array[1].button_debounce_inst/counter_inst/__0/DSP_MULTIPLIER_INST/V[43]
                         net (fo=1, routed)           0.000     4.884    button_top_inst/button_debounce_array[1].button_debounce_inst/counter_inst/__0/DSP_MULTIPLIER.V<43>
    DSP48E2_X7Y48        DSP_M_DATA (Prop_DSP_M_DATA_DSP48E2_V[43]_V_DATA[43])
                                                      0.046     4.930 r  button_top_inst/button_debounce_array[1].button_debounce_inst/counter_inst/__0/DSP_M_DATA_INST/V_DATA[43]
                         net (fo=1, routed)           0.000     4.930    button_top_inst/button_debounce_array[1].button_debounce_inst/counter_inst/__0/DSP_M_DATA.V_DATA<43>
    DSP48E2_X7Y48        DSP_ALU (Prop_DSP_ALU_DSP48E2_V_DATA[43]_ALU_OUT[47])
                                                      0.571     5.501 f  button_top_inst/button_debounce_array[1].button_debounce_inst/counter_inst/__0/DSP_ALU_INST/ALU_OUT[47]
                         net (fo=1, routed)           0.000     5.501    button_top_inst/button_debounce_array[1].button_debounce_inst/counter_inst/__0/DSP_ALU.ALU_OUT<47>
    DSP48E2_X7Y48        DSP_OUTPUT (Prop_DSP_OUTPUT_DSP48E2_ALU_OUT[47]_P[47])
                                                      0.109     5.610 r  button_top_inst/button_debounce_array[1].button_debounce_inst/counter_inst/__0/DSP_OUTPUT_INST/P[47]
                         net (fo=27, routed)          1.430     7.039    button_top_inst/button_debounce_array[1].button_debounce_inst/counter_inst/count_middleware_reg[2]/C[35]
    DSP48E2_X6Y50        DSP_C_DATA (Prop_DSP_C_DATA_DSP48E2_C[35]_C_DATA[35])
                                                      0.105     7.144 r  button_top_inst/button_debounce_array[1].button_debounce_inst/counter_inst/count_middleware_reg[2]/DSP_C_DATA_INST/C_DATA[35]
                         net (fo=2, routed)           0.000     7.144    button_top_inst/button_debounce_array[1].button_debounce_inst/counter_inst/count_middleware_reg[2]/DSP_C_DATA.C_DATA<35>
    DSP48E2_X6Y50        DSP_ALU (Prop_DSP_ALU_DSP48E2_C_DATA[35]_ALU_OUT[38])
                                                      0.585     7.729 r  button_top_inst/button_debounce_array[1].button_debounce_inst/counter_inst/count_middleware_reg[2]/DSP_ALU_INST/ALU_OUT[38]
                         net (fo=1, routed)           0.000     7.729    button_top_inst/button_debounce_array[1].button_debounce_inst/counter_inst/count_middleware_reg[2]/DSP_ALU.ALU_OUT<38>
    DSP48E2_X6Y50        DSP_OUTPUT                                   r  button_top_inst/button_debounce_array[1].button_debounce_inst/counter_inst/count_middleware_reg[2]/DSP_OUTPUT_INST/ALU_OUT[38]
  -------------------------------------------------------------------    -------------------

                         (clock sys_clk rise edge)    5.000     5.000 r  
    H24                                               0.000     5.000 r  clk_sys_p (IN)
                         net (fo=0)                   0.079     5.079    IBUFGDS_SYS/I
    HPIOBDIFFINBUF_X0Y155
                         DIFFINBUF (Prop_DIFFINBUF_HPIOBDIFFINBUF_DIFF_IN_P_O)
                                                      0.564     5.643 r  IBUFGDS_SYS/DIFFINBUF_INST/O
                         net (fo=1, routed)           0.040     5.683    IBUFGDS_SYS/OUT
    H24                  IBUFCTRL (Prop_IBUFCTRL_HPIOB_M_I_O)
                                                      0.000     5.683 r  IBUFGDS_SYS/IBUFCTRL_INST/O
                         net (fo=1, routed)           0.297     5.980    clk_sys_ibuf
    BUFGCE_X0Y148        BUFGCE (Prop_BUFCE_BUFGCE_I_O)
                                                      0.024     6.004 r  BUFG_SYS/O
    X2Y1 (CLOCK_ROOT)    net (fo=13371, routed)       2.363     8.367    button_top_inst/button_debounce_array[1].button_debounce_inst/counter_inst/count_middleware_reg[2]/CLK
    DSP48E2_X6Y50        DSP_OUTPUT                                   r  button_top_inst/button_debounce_array[1].button_debounce_inst/counter_inst/count_middleware_reg[2]/DSP_OUTPUT_INST/CLK
                         clock pessimism              0.385     8.752    
                         clock uncertainty           -0.035     8.717    
    DSP48E2_X6Y50        DSP_OUTPUT (Setup_DSP_OUTPUT_DSP48E2_CLK_ALU_OUT[38])
                                                      0.015     8.732    button_top_inst/button_debounce_array[1].button_debounce_inst/counter_inst/count_middleware_reg[2]/DSP_OUTPUT_INST
  -------------------------------------------------------------------
                         required time                          8.732    
                         arrival time                          -7.729    
  -------------------------------------------------------------------
                         slack                                  1.003    

Slack (MET) :             1.003ns  (required time - arrival time)
  Source:                 button_top_inst/button_debounce_array[1].button_debounce_inst/counter_inst/__0/DSP_A_B_DATA_INST/CLK
                            (rising edge-triggered cell DSP_A_B_DATA clocked by sys_clk  {rise@0.000ns fall@2.500ns period=5.000ns})
  Destination:            button_top_inst/button_debounce_array[1].button_debounce_inst/counter_inst/count_middleware_reg[2]/DSP_OUTPUT_INST/ALU_OUT[39]
                            (rising edge-triggered cell DSP_OUTPUT clocked by sys_clk  {rise@0.000ns fall@2.500ns period=5.000ns})
  Path Group:             sys_clk
  Path Type:              Setup (Max at Slow Process Corner)
  Requirement:            5.000ns  (sys_clk rise@5.000ns - sys_clk rise@0.000ns)
  Data Path Delay:        3.740ns  (logic 2.310ns (61.771%)  route 1.430ns (38.229%))
  Logic Levels:           7  (DSP_ALU=2 DSP_C_DATA=1 DSP_M_DATA=1 DSP_MULTIPLIER=1 DSP_OUTPUT=1 DSP_PREADD_DATA=1)
  Clock Path Skew:        -0.237ns (DCD - SCD + CPR)
    Destination Clock Delay (DCD):    3.367ns = ( 8.367 - 5.000 ) 
    Source Clock Delay      (SCD):    3.990ns
    Clock Pessimism Removal (CPR):    0.385ns
  Clock Uncertainty:      0.035ns  ((TSJ^2 + TIJ^2)^1/2 + DJ) / 2 + PE
    Total System Jitter     (TSJ):    0.071ns
    Total Input Jitter      (TIJ):    0.000ns
    Discrete Jitter          (DJ):    0.000ns
    Phase Error              (PE):    0.000ns
  Clock Net Delay (Source):      2.801ns (routing 1.544ns, distribution 1.257ns)
  Clock Net Delay (Destination): 2.363ns (routing 1.399ns, distribution 0.964ns)

    Location             Delay type                Incr(ns)  Path(ns)    Netlist Resource(s)
  -------------------------------------------------------------------    -------------------
                         (clock sys_clk rise edge)    0.000     0.000 r  
    H24                                               0.000     0.000 r  clk_sys_p (IN)
                         net (fo=0)                   0.100     0.100    IBUFGDS_SYS/I
    HPIOBDIFFINBUF_X0Y155
                         DIFFINBUF (Prop_DIFFINBUF_HPIOBDIFFINBUF_DIFF_IN_P_O)
                                                      0.675     0.775 r  IBUFGDS_SYS/DIFFINBUF_INST/O
                         net (fo=1, routed)           0.050     0.825    IBUFGDS_SYS/OUT
    H24                  IBUFCTRL (Prop_IBUFCTRL_HPIOB_M_I_O)
                                                      0.000     0.825 r  IBUFGDS_SYS/IBUFCTRL_INST/O
                         net (fo=1, routed)           0.336     1.161    clk_sys_ibuf
    BUFGCE_X0Y148        BUFGCE (Prop_BUFCE_BUFGCE_I_O)
                                                      0.028     1.189 r  BUFG_SYS/O
    X2Y1 (CLOCK_ROOT)    net (fo=13371, routed)       2.801     3.990    button_top_inst/button_debounce_array[1].button_debounce_inst/counter_inst/__0/CLK
    DSP48E2_X7Y48        DSP_A_B_DATA                                 r  button_top_inst/button_debounce_array[1].button_debounce_inst/counter_inst/__0/DSP_A_B_DATA_INST/CLK
  -------------------------------------------------------------------    -------------------
    DSP48E2_X7Y48        DSP_A_B_DATA (Prop_DSP_A_B_DATA_DSP48E2_CLK_B2_DATA[17])
                                                      0.212     4.202 r  button_top_inst/button_debounce_array[1].button_debounce_inst/counter_inst/__0/DSP_A_B_DATA_INST/B2_DATA[17]
                         net (fo=1, routed)           0.000     4.202    button_top_inst/button_debounce_array[1].button_debounce_inst/counter_inst/__0/DSP_A_B_DATA.B2_DATA<17>
    DSP48E2_X7Y48        DSP_PREADD_DATA (Prop_DSP_PREADD_DATA_DSP48E2_B2_DATA[17]_B2B1[17])
                                                      0.073     4.275 r  button_top_inst/button_debounce_array[1].button_debounce_inst/counter_inst/__0/DSP_PREADD_DATA_INST/B2B1[17]
                         net (fo=1, routed)           0.000     4.275    button_top_inst/button_debounce_array[1].button_debounce_inst/counter_inst/__0/DSP_PREADD_DATA.B2B1<17>
    DSP48E2_X7Y48        DSP_MULTIPLIER (Prop_DSP_MULTIPLIER_DSP48E2_B2B1[17]_V[43])
                                                      0.609     4.884 f  button_top_inst/button_debounce_array[1].button_debounce_inst/counter_inst/__0/DSP_MULTIPLIER_INST/V[43]
                         net (fo=1, routed)           0.000     4.884    button_top_inst/button_debounce_array[1].button_debounce_inst/counter_inst/__0/DSP_MULTIPLIER.V<43>
    DSP48E2_X7Y48        DSP_M_DATA (Prop_DSP_M_DATA_DSP48E2_V[43]_V_DATA[43])
                                                      0.046     4.930 r  button_top_inst/button_debounce_array[1].button_debounce_inst/counter_inst/__0/DSP_M_DATA_INST/V_DATA[43]
                         net (fo=1, routed)           0.000     4.930    button_top_inst/button_debounce_array[1].button_debounce_inst/counter_inst/__0/DSP_M_DATA.V_DATA<43>
    DSP48E2_X7Y48        DSP_ALU (Prop_DSP_ALU_DSP48E2_V_DATA[43]_ALU_OUT[47])
                                                      0.571     5.501 f  button_top_inst/button_debounce_array[1].button_debounce_inst/counter_inst/__0/DSP_ALU_INST/ALU_OUT[47]
                         net (fo=1, routed)           0.000     5.501    button_top_inst/button_debounce_array[1].button_debounce_inst/counter_inst/__0/DSP_ALU.ALU_OUT<47>
    DSP48E2_X7Y48        DSP_OUTPUT (Prop_DSP_OUTPUT_DSP48E2_ALU_OUT[47]_P[47])
                                                      0.109     5.610 r  button_top_inst/button_debounce_array[1].button_debounce_inst/counter_inst/__0/DSP_OUTPUT_INST/P[47]
                         net (fo=27, routed)          1.430     7.039    button_top_inst/button_debounce_array[1].button_debounce_inst/counter_inst/count_middleware_reg[2]/C[35]
    DSP48E2_X6Y50        DSP_C_DATA (Prop_DSP_C_DATA_DSP48E2_C[35]_C_DATA[35])
                                                      0.105     7.144 r  button_top_inst/button_debounce_array[1].button_debounce_inst/counter_inst/count_middleware_reg[2]/DSP_C_DATA_INST/C_DATA[35]
                         net (fo=2, routed)           0.000     7.144    button_top_inst/button_debounce_array[1].button_debounce_inst/counter_inst/count_middleware_reg[2]/DSP_C_DATA.C_DATA<35>
    DSP48E2_X6Y50        DSP_ALU (Prop_DSP_ALU_DSP48E2_C_DATA[35]_ALU_OUT[39])
                                                      0.585     7.729 r  button_top_inst/button_debounce_array[1].button_debounce_inst/counter_inst/count_middleware_reg[2]/DSP_ALU_INST/ALU_OUT[39]
                         net (fo=1, routed)           0.000     7.729    button_top_inst/button_debounce_array[1].button_debounce_inst/counter_inst/count_middleware_reg[2]/DSP_ALU.ALU_OUT<39>
    DSP48E2_X6Y50        DSP_OUTPUT                                   r  button_top_inst/button_debounce_array[1].button_debounce_inst/counter_inst/count_middleware_reg[2]/DSP_OUTPUT_INST/ALU_OUT[39]
  -------------------------------------------------------------------    -------------------

                         (clock sys_clk rise edge)    5.000     5.000 r  
    H24                                               0.000     5.000 r  clk_sys_p (IN)
                         net (fo=0)                   0.079     5.079    IBUFGDS_SYS/I
    HPIOBDIFFINBUF_X0Y155
                         DIFFINBUF (Prop_DIFFINBUF_HPIOBDIFFINBUF_DIFF_IN_P_O)
                                                      0.564     5.643 r  IBUFGDS_SYS/DIFFINBUF_INST/O
                         net (fo=1, routed)           0.040     5.683    IBUFGDS_SYS/OUT
    H24                  IBUFCTRL (Prop_IBUFCTRL_HPIOB_M_I_O)
                                                      0.000     5.683 r  IBUFGDS_SYS/IBUFCTRL_INST/O
                         net (fo=1, routed)           0.297     5.980    clk_sys_ibuf
    BUFGCE_X0Y148        BUFGCE (Prop_BUFCE_BUFGCE_I_O)
                                                      0.024     6.004 r  BUFG_SYS/O
    X2Y1 (CLOCK_ROOT)    net (fo=13371, routed)       2.363     8.367    button_top_inst/button_debounce_array[1].button_debounce_inst/counter_inst/count_middleware_reg[2]/CLK
    DSP48E2_X6Y50        DSP_OUTPUT                                   r  button_top_inst/button_debounce_array[1].button_debounce_inst/counter_inst/count_middleware_reg[2]/DSP_OUTPUT_INST/CLK
                         clock pessimism              0.385     8.752    
                         clock uncertainty           -0.035     8.717    
    DSP48E2_X6Y50        DSP_OUTPUT (Setup_DSP_OUTPUT_DSP48E2_CLK_ALU_OUT[39])
                                                      0.015     8.732    button_top_inst/button_debounce_array[1].button_debounce_inst/counter_inst/count_middleware_reg[2]/DSP_OUTPUT_INST
  -------------------------------------------------------------------
                         required time                          8.732    
                         arrival time                          -7.729    
  -------------------------------------------------------------------
                         slack                                  1.003    

Slack (MET) :             1.003ns  (required time - arrival time)
  Source:                 button_top_inst/button_debounce_array[1].button_debounce_inst/counter_inst/__0/DSP_A_B_DATA_INST/CLK
                            (rising edge-triggered cell DSP_A_B_DATA clocked by sys_clk  {rise@0.000ns fall@2.500ns period=5.000ns})
  Destination:            button_top_inst/button_debounce_array[1].button_debounce_inst/counter_inst/count_middleware_reg[2]/DSP_OUTPUT_INST/ALU_OUT[40]
                            (rising edge-triggered cell DSP_OUTPUT clocked by sys_clk  {rise@0.000ns fall@2.500ns period=5.000ns})
  Path Group:             sys_clk
  Path Type:              Setup (Max at Slow Process Corner)
  Requirement:            5.000ns  (sys_clk rise@5.000ns - sys_clk rise@0.000ns)
  Data Path Delay:        3.740ns  (logic 2.310ns (61.771%)  route 1.430ns (38.229%))
  Logic Levels:           7  (DSP_ALU=2 DSP_C_DATA=1 DSP_M_DATA=1 DSP_MULTIPLIER=1 DSP_OUTPUT=1 DSP_PREADD_DATA=1)
  Clock Path Skew:        -0.237ns (DCD - SCD + CPR)
    Destination Clock Delay (DCD):    3.367ns = ( 8.367 - 5.000 ) 
    Source Clock Delay      (SCD):    3.990ns
    Clock Pessimism Removal (CPR):    0.385ns
  Clock Uncertainty:      0.035ns  ((TSJ^2 + TIJ^2)^1/2 + DJ) / 2 + PE
    Total System Jitter     (TSJ):    0.071ns
    Total Input Jitter      (TIJ):    0.000ns
    Discrete Jitter          (DJ):    0.000ns
    Phase Error              (PE):    0.000ns
  Clock Net Delay (Source):      2.801ns (routing 1.544ns, distribution 1.257ns)
  Clock Net Delay (Destination): 2.363ns (routing 1.399ns, distribution 0.964ns)

    Location             Delay type                Incr(ns)  Path(ns)    Netlist Resource(s)
  -------------------------------------------------------------------    -------------------
                         (clock sys_clk rise edge)    0.000     0.000 r  
    H24                                               0.000     0.000 r  clk_sys_p (IN)
                         net (fo=0)                   0.100     0.100    IBUFGDS_SYS/I
    HPIOBDIFFINBUF_X0Y155
                         DIFFINBUF (Prop_DIFFINBUF_HPIOBDIFFINBUF_DIFF_IN_P_O)
                                                      0.675     0.775 r  IBUFGDS_SYS/DIFFINBUF_INST/O
                         net (fo=1, routed)           0.050     0.825    IBUFGDS_SYS/OUT
    H24                  IBUFCTRL (Prop_IBUFCTRL_HPIOB_M_I_O)
                                                      0.000     0.825 r  IBUFGDS_SYS/IBUFCTRL_INST/O
                         net (fo=1, routed)           0.336     1.161    clk_sys_ibuf
    BUFGCE_X0Y148        BUFGCE (Prop_BUFCE_BUFGCE_I_O)
                                                      0.028     1.189 r  BUFG_SYS/O
    X2Y1 (CLOCK_ROOT)    net (fo=13371, routed)       2.801     3.990    button_top_inst/button_debounce_array[1].button_debounce_inst/counter_inst/__0/CLK
    DSP48E2_X7Y48        DSP_A_B_DATA                                 r  button_top_inst/button_debounce_array[1].button_debounce_inst/counter_inst/__0/DSP_A_B_DATA_INST/CLK
  -------------------------------------------------------------------    -------------------
    DSP48E2_X7Y48        DSP_A_B_DATA (Prop_DSP_A_B_DATA_DSP48E2_CLK_B2_DATA[17])
                                                      0.212     4.202 r  button_top_inst/button_debounce_array[1].button_debounce_inst/counter_inst/__0/DSP_A_B_DATA_INST/B2_DATA[17]
                         net (fo=1, routed)           0.000     4.202    button_top_inst/button_debounce_array[1].button_debounce_inst/counter_inst/__0/DSP_A_B_DATA.B2_DATA<17>
    DSP48E2_X7Y48        DSP_PREADD_DATA (Prop_DSP_PREADD_DATA_DSP48E2_B2_DATA[17]_B2B1[17])
                                                      0.073     4.275 r  button_top_inst/button_debounce_array[1].button_debounce_inst/counter_inst/__0/DSP_PREADD_DATA_INST/B2B1[17]
                         net (fo=1, routed)           0.000     4.275    button_top_inst/button_debounce_array[1].button_debounce_inst/counter_inst/__0/DSP_PREADD_DATA.B2B1<17>
    DSP48E2_X7Y48        DSP_MULTIPLIER (Prop_DSP_MULTIPLIER_DSP48E2_B2B1[17]_V[43])
                                                      0.609     4.884 f  button_top_inst/button_debounce_array[1].button_debounce_inst/counter_inst/__0/DSP_MULTIPLIER_INST/V[43]
                         net (fo=1, routed)           0.000     4.884    button_top_inst/button_debounce_array[1].button_debounce_inst/counter_inst/__0/DSP_MULTIPLIER.V<43>
    DSP48E2_X7Y48        DSP_M_DATA (Prop_DSP_M_DATA_DSP48E2_V[43]_V_DATA[43])
                                                      0.046     4.930 r  button_top_inst/button_debounce_array[1].button_debounce_inst/counter_inst/__0/DSP_M_DATA_INST/V_DATA[43]
                         net (fo=1, routed)           0.000     4.930    button_top_inst/button_debounce_array[1].button_debounce_inst/counter_inst/__0/DSP_M_DATA.V_DATA<43>
    DSP48E2_X7Y48        DSP_ALU (Prop_DSP_ALU_DSP48E2_V_DATA[43]_ALU_OUT[47])
                                                      0.571     5.501 f  button_top_inst/button_debounce_array[1].button_debounce_inst/counter_inst/__0/DSP_ALU_INST/ALU_OUT[47]
                         net (fo=1, routed)           0.000     5.501    button_top_inst/button_debounce_array[1].button_debounce_inst/counter_inst/__0/DSP_ALU.ALU_OUT<47>
    DSP48E2_X7Y48        DSP_OUTPUT (Prop_DSP_OUTPUT_DSP48E2_ALU_OUT[47]_P[47])
                                                      0.109     5.610 r  button_top_inst/button_debounce_array[1].button_debounce_inst/counter_inst/__0/DSP_OUTPUT_INST/P[47]
                         net (fo=27, routed)          1.430     7.039    button_top_inst/button_debounce_array[1].button_debounce_inst/counter_inst/count_middleware_reg[2]/C[35]
    DSP48E2_X6Y50        DSP_C_DATA (Prop_DSP_C_DATA_DSP48E2_C[35]_C_DATA[35])
                                                      0.105     7.144 r  button_top_inst/button_debounce_array[1].button_debounce_inst/counter_inst/count_middleware_reg[2]/DSP_C_DATA_INST/C_DATA[35]
                         net (fo=2, routed)           0.000     7.144    button_top_inst/button_debounce_array[1].button_debounce_inst/counter_inst/count_middleware_reg[2]/DSP_C_DATA.C_DATA<35>
    DSP48E2_X6Y50        DSP_ALU (Prop_DSP_ALU_DSP48E2_C_DATA[35]_ALU_OUT[40])
                                                      0.585     7.729 r  button_top_inst/button_debounce_array[1].button_debounce_inst/counter_inst/count_middleware_reg[2]/DSP_ALU_INST/ALU_OUT[40]
                         net (fo=1, routed)           0.000     7.729    button_top_inst/button_debounce_array[1].button_debounce_inst/counter_inst/count_middleware_reg[2]/DSP_ALU.ALU_OUT<40>
    DSP48E2_X6Y50        DSP_OUTPUT                                   r  button_top_inst/button_debounce_array[1].button_debounce_inst/counter_inst/count_middleware_reg[2]/DSP_OUTPUT_INST/ALU_OUT[40]
  -------------------------------------------------------------------    -------------------

                         (clock sys_clk rise edge)    5.000     5.000 r  
    H24                                               0.000     5.000 r  clk_sys_p (IN)
                         net (fo=0)                   0.079     5.079    IBUFGDS_SYS/I
    HPIOBDIFFINBUF_X0Y155
                         DIFFINBUF (Prop_DIFFINBUF_HPIOBDIFFINBUF_DIFF_IN_P_O)
                                                      0.564     5.643 r  IBUFGDS_SYS/DIFFINBUF_INST/O
                         net (fo=1, routed)           0.040     5.683    IBUFGDS_SYS/OUT
    H24                  IBUFCTRL (Prop_IBUFCTRL_HPIOB_M_I_O)
                                                      0.000     5.683 r  IBUFGDS_SYS/IBUFCTRL_INST/O
                         net (fo=1, routed)           0.297     5.980    clk_sys_ibuf
    BUFGCE_X0Y148        BUFGCE (Prop_BUFCE_BUFGCE_I_O)
                                                      0.024     6.004 r  BUFG_SYS/O
    X2Y1 (CLOCK_ROOT)    net (fo=13371, routed)       2.363     8.367    button_top_inst/button_debounce_array[1].button_debounce_inst/counter_inst/count_middleware_reg[2]/CLK
    DSP48E2_X6Y50        DSP_OUTPUT                                   r  button_top_inst/button_debounce_array[1].button_debounce_inst/counter_inst/count_middleware_reg[2]/DSP_OUTPUT_INST/CLK
                         clock pessimism              0.385     8.752    
                         clock uncertainty           -0.035     8.717    
    DSP48E2_X6Y50        DSP_OUTPUT (Setup_DSP_OUTPUT_DSP48E2_CLK_ALU_OUT[40])
                                                      0.015     8.732    button_top_inst/button_debounce_array[1].button_debounce_inst/counter_inst/count_middleware_reg[2]/DSP_OUTPUT_INST
  -------------------------------------------------------------------
                         required time                          8.732    
                         arrival time                          -7.729    
  -------------------------------------------------------------------
                         slack                                  1.003    

Slack (MET) :             1.003ns  (required time - arrival time)
  Source:                 button_top_inst/button_debounce_array[1].button_debounce_inst/counter_inst/__0/DSP_A_B_DATA_INST/CLK
                            (rising edge-triggered cell DSP_A_B_DATA clocked by sys_clk  {rise@0.000ns fall@2.500ns period=5.000ns})
  Destination:            button_top_inst/button_debounce_array[1].button_debounce_inst/counter_inst/count_middleware_reg[2]/DSP_OUTPUT_INST/ALU_OUT[41]
                            (rising edge-triggered cell DSP_OUTPUT clocked by sys_clk  {rise@0.000ns fall@2.500ns period=5.000ns})
  Path Group:             sys_clk
  Path Type:              Setup (Max at Slow Process Corner)
  Requirement:            5.000ns  (sys_clk rise@5.000ns - sys_clk rise@0.000ns)
  Data Path Delay:        3.740ns  (logic 2.310ns (61.771%)  route 1.430ns (38.229%))
  Logic Levels:           7  (DSP_ALU=2 DSP_C_DATA=1 DSP_M_DATA=1 DSP_MULTIPLIER=1 DSP_OUTPUT=1 DSP_PREADD_DATA=1)
  Clock Path Skew:        -0.237ns (DCD - SCD + CPR)
    Destination Clock Delay (DCD):    3.367ns = ( 8.367 - 5.000 ) 
    Source Clock Delay      (SCD):    3.990ns
    Clock Pessimism Removal (CPR):    0.385ns
  Clock Uncertainty:      0.035ns  ((TSJ^2 + TIJ^2)^1/2 + DJ) / 2 + PE
    Total System Jitter     (TSJ):    0.071ns
    Total Input Jitter      (TIJ):    0.000ns
    Discrete Jitter          (DJ):    0.000ns
    Phase Error              (PE):    0.000ns
  Clock Net Delay (Source):      2.801ns (routing 1.544ns, distribution 1.257ns)
  Clock Net Delay (Destination): 2.363ns (routing 1.399ns, distribution 0.964ns)

    Location             Delay type                Incr(ns)  Path(ns)    Netlist Resource(s)
  -------------------------------------------------------------------    -------------------
                         (clock sys_clk rise edge)    0.000     0.000 r  
    H24                                               0.000     0.000 r  clk_sys_p (IN)
                         net (fo=0)                   0.100     0.100    IBUFGDS_SYS/I
    HPIOBDIFFINBUF_X0Y155
                         DIFFINBUF (Prop_DIFFINBUF_HPIOBDIFFINBUF_DIFF_IN_P_O)
                                                      0.675     0.775 r  IBUFGDS_SYS/DIFFINBUF_INST/O
                         net (fo=1, routed)           0.050     0.825    IBUFGDS_SYS/OUT
    H24                  IBUFCTRL (Prop_IBUFCTRL_HPIOB_M_I_O)
                                                      0.000     0.825 r  IBUFGDS_SYS/IBUFCTRL_INST/O
                         net (fo=1, routed)           0.336     1.161    clk_sys_ibuf
    BUFGCE_X0Y148        BUFGCE (Prop_BUFCE_BUFGCE_I_O)
                                                      0.028     1.189 r  BUFG_SYS/O
    X2Y1 (CLOCK_ROOT)    net (fo=13371, routed)       2.801     3.990    button_top_inst/button_debounce_array[1].button_debounce_inst/counter_inst/__0/CLK
    DSP48E2_X7Y48        DSP_A_B_DATA                                 r  button_top_inst/button_debounce_array[1].button_debounce_inst/counter_inst/__0/DSP_A_B_DATA_INST/CLK
  -------------------------------------------------------------------    -------------------
    DSP48E2_X7Y48        DSP_A_B_DATA (Prop_DSP_A_B_DATA_DSP48E2_CLK_B2_DATA[17])
                                                      0.212     4.202 r  button_top_inst/button_debounce_array[1].button_debounce_inst/counter_inst/__0/DSP_A_B_DATA_INST/B2_DATA[17]
                         net (fo=1, routed)           0.000     4.202    button_top_inst/button_debounce_array[1].button_debounce_inst/counter_inst/__0/DSP_A_B_DATA.B2_DATA<17>
    DSP48E2_X7Y48        DSP_PREADD_DATA (Prop_DSP_PREADD_DATA_DSP48E2_B2_DATA[17]_B2B1[17])
                                                      0.073     4.275 r  button_top_inst/button_debounce_array[1].button_debounce_inst/counter_inst/__0/DSP_PREADD_DATA_INST/B2B1[17]
                         net (fo=1, routed)           0.000     4.275    button_top_inst/button_debounce_array[1].button_debounce_inst/counter_inst/__0/DSP_PREADD_DATA.B2B1<17>
    DSP48E2_X7Y48        DSP_MULTIPLIER (Prop_DSP_MULTIPLIER_DSP48E2_B2B1[17]_V[43])
                                                      0.609     4.884 f  button_top_inst/button_debounce_array[1].button_debounce_inst/counter_inst/__0/DSP_MULTIPLIER_INST/V[43]
                         net (fo=1, routed)           0.000     4.884    button_top_inst/button_debounce_array[1].button_debounce_inst/counter_inst/__0/DSP_MULTIPLIER.V<43>
    DSP48E2_X7Y48        DSP_M_DATA (Prop_DSP_M_DATA_DSP48E2_V[43]_V_DATA[43])
                                                      0.046     4.930 r  button_top_inst/button_debounce_array[1].button_debounce_inst/counter_inst/__0/DSP_M_DATA_INST/V_DATA[43]
                         net (fo=1, routed)           0.000     4.930    button_top_inst/button_debounce_array[1].button_debounce_inst/counter_inst/__0/DSP_M_DATA.V_DATA<43>
    DSP48E2_X7Y48        DSP_ALU (Prop_DSP_ALU_DSP48E2_V_DATA[43]_ALU_OUT[47])
                                                      0.571     5.501 f  button_top_inst/button_debounce_array[1].button_debounce_inst/counter_inst/__0/DSP_ALU_INST/ALU_OUT[47]
                         net (fo=1, routed)           0.000     5.501    button_top_inst/button_debounce_array[1].button_debounce_inst/counter_inst/__0/DSP_ALU.ALU_OUT<47>
    DSP48E2_X7Y48        DSP_OUTPUT (Prop_DSP_OUTPUT_DSP48E2_ALU_OUT[47]_P[47])
                                                      0.109     5.610 r  button_top_inst/button_debounce_array[1].button_debounce_inst/counter_inst/__0/DSP_OUTPUT_INST/P[47]
                         net (fo=27, routed)          1.430     7.039    button_top_inst/button_debounce_array[1].button_debounce_inst/counter_inst/count_middleware_reg[2]/C[35]
    DSP48E2_X6Y50        DSP_C_DATA (Prop_DSP_C_DATA_DSP48E2_C[35]_C_DATA[35])
                                                      0.105     7.144 r  button_top_inst/button_debounce_array[1].button_debounce_inst/counter_inst/count_middleware_reg[2]/DSP_C_DATA_INST/C_DATA[35]
                         net (fo=2, routed)           0.000     7.144    button_top_inst/button_debounce_array[1].button_debounce_inst/counter_inst/count_middleware_reg[2]/DSP_C_DATA.C_DATA<35>
    DSP48E2_X6Y50        DSP_ALU (Prop_DSP_ALU_DSP48E2_C_DATA[35]_ALU_OUT[41])
                                                      0.585     7.729 r  button_top_inst/button_debounce_array[1].button_debounce_inst/counter_inst/count_middleware_reg[2]/DSP_ALU_INST/ALU_OUT[41]
                         net (fo=1, routed)           0.000     7.729    button_top_inst/button_debounce_array[1].button_debounce_inst/counter_inst/count_middleware_reg[2]/DSP_ALU.ALU_OUT<41>
    DSP48E2_X6Y50        DSP_OUTPUT                                   r  button_top_inst/button_debounce_array[1].button_debounce_inst/counter_inst/count_middleware_reg[2]/DSP_OUTPUT_INST/ALU_OUT[41]
  -------------------------------------------------------------------    -------------------

                         (clock sys_clk rise edge)    5.000     5.000 r  
    H24                                               0.000     5.000 r  clk_sys_p (IN)
                         net (fo=0)                   0.079     5.079    IBUFGDS_SYS/I
    HPIOBDIFFINBUF_X0Y155
                         DIFFINBUF (Prop_DIFFINBUF_HPIOBDIFFINBUF_DIFF_IN_P_O)
                                                      0.564     5.643 r  IBUFGDS_SYS/DIFFINBUF_INST/O
                         net (fo=1, routed)           0.040     5.683    IBUFGDS_SYS/OUT
    H24                  IBUFCTRL (Prop_IBUFCTRL_HPIOB_M_I_O)
                                                      0.000     5.683 r  IBUFGDS_SYS/IBUFCTRL_INST/O
                         net (fo=1, routed)           0.297     5.980    clk_sys_ibuf
    BUFGCE_X0Y148        BUFGCE (Prop_BUFCE_BUFGCE_I_O)
                                                      0.024     6.004 r  BUFG_SYS/O
    X2Y1 (CLOCK_ROOT)    net (fo=13371, routed)       2.363     8.367    button_top_inst/button_debounce_array[1].button_debounce_inst/counter_inst/count_middleware_reg[2]/CLK
    DSP48E2_X6Y50        DSP_OUTPUT                                   r  button_top_inst/button_debounce_array[1].button_debounce_inst/counter_inst/count_middleware_reg[2]/DSP_OUTPUT_INST/CLK
                         clock pessimism              0.385     8.752    
                         clock uncertainty           -0.035     8.717    
    DSP48E2_X6Y50        DSP_OUTPUT (Setup_DSP_OUTPUT_DSP48E2_CLK_ALU_OUT[41])
                                                      0.015     8.732    button_top_inst/button_debounce_array[1].button_debounce_inst/counter_inst/count_middleware_reg[2]/DSP_OUTPUT_INST
  -------------------------------------------------------------------
                         required time                          8.732    
                         arrival time                          -7.729    
  -------------------------------------------------------------------
                         slack                                  1.003    

Slack (MET) :             1.003ns  (required time - arrival time)
  Source:                 button_top_inst/button_debounce_array[1].button_debounce_inst/counter_inst/__0/DSP_A_B_DATA_INST/CLK
                            (rising edge-triggered cell DSP_A_B_DATA clocked by sys_clk  {rise@0.000ns fall@2.500ns period=5.000ns})
  Destination:            button_top_inst/button_debounce_array[1].button_debounce_inst/counter_inst/count_middleware_reg[2]/DSP_OUTPUT_INST/ALU_OUT[42]
                            (rising edge-triggered cell DSP_OUTPUT clocked by sys_clk  {rise@0.000ns fall@2.500ns period=5.000ns})
  Path Group:             sys_clk
  Path Type:              Setup (Max at Slow Process Corner)
  Requirement:            5.000ns  (sys_clk rise@5.000ns - sys_clk rise@0.000ns)
  Data Path Delay:        3.740ns  (logic 2.310ns (61.771%)  route 1.430ns (38.229%))
  Logic Levels:           7  (DSP_ALU=2 DSP_C_DATA=1 DSP_M_DATA=1 DSP_MULTIPLIER=1 DSP_OUTPUT=1 DSP_PREADD_DATA=1)
  Clock Path Skew:        -0.237ns (DCD - SCD + CPR)
    Destination Clock Delay (DCD):    3.367ns = ( 8.367 - 5.000 ) 
    Source Clock Delay      (SCD):    3.990ns
    Clock Pessimism Removal (CPR):    0.385ns
  Clock Uncertainty:      0.035ns  ((TSJ^2 + TIJ^2)^1/2 + DJ) / 2 + PE
    Total System Jitter     (TSJ):    0.071ns
    Total Input Jitter      (TIJ):    0.000ns
    Discrete Jitter          (DJ):    0.000ns
    Phase Error              (PE):    0.000ns
  Clock Net Delay (Source):      2.801ns (routing 1.544ns, distribution 1.257ns)
  Clock Net Delay (Destination): 2.363ns (routing 1.399ns, distribution 0.964ns)

    Location             Delay type                Incr(ns)  Path(ns)    Netlist Resource(s)
  -------------------------------------------------------------------    -------------------
                         (clock sys_clk rise edge)    0.000     0.000 r  
    H24                                               0.000     0.000 r  clk_sys_p (IN)
                         net (fo=0)                   0.100     0.100    IBUFGDS_SYS/I
    HPIOBDIFFINBUF_X0Y155
                         DIFFINBUF (Prop_DIFFINBUF_HPIOBDIFFINBUF_DIFF_IN_P_O)
                                                      0.675     0.775 r  IBUFGDS_SYS/DIFFINBUF_INST/O
                         net (fo=1, routed)           0.050     0.825    IBUFGDS_SYS/OUT
    H24                  IBUFCTRL (Prop_IBUFCTRL_HPIOB_M_I_O)
                                                      0.000     0.825 r  IBUFGDS_SYS/IBUFCTRL_INST/O
                         net (fo=1, routed)           0.336     1.161    clk_sys_ibuf
    BUFGCE_X0Y148        BUFGCE (Prop_BUFCE_BUFGCE_I_O)
                                                      0.028     1.189 r  BUFG_SYS/O
    X2Y1 (CLOCK_ROOT)    net (fo=13371, routed)       2.801     3.990    button_top_inst/button_debounce_array[1].button_debounce_inst/counter_inst/__0/CLK
    DSP48E2_X7Y48        DSP_A_B_DATA                                 r  button_top_inst/button_debounce_array[1].button_debounce_inst/counter_inst/__0/DSP_A_B_DATA_INST/CLK
  -------------------------------------------------------------------    -------------------
    DSP48E2_X7Y48        DSP_A_B_DATA (Prop_DSP_A_B_DATA_DSP48E2_CLK_B2_DATA[17])
                                                      0.212     4.202 r  button_top_inst/button_debounce_array[1].button_debounce_inst/counter_inst/__0/DSP_A_B_DATA_INST/B2_DATA[17]
                         net (fo=1, routed)           0.000     4.202    button_top_inst/button_debounce_array[1].button_debounce_inst/counter_inst/__0/DSP_A_B_DATA.B2_DATA<17>
    DSP48E2_X7Y48        DSP_PREADD_DATA (Prop_DSP_PREADD_DATA_DSP48E2_B2_DATA[17]_B2B1[17])
                                                      0.073     4.275 r  button_top_inst/button_debounce_array[1].button_debounce_inst/counter_inst/__0/DSP_PREADD_DATA_INST/B2B1[17]
                         net (fo=1, routed)           0.000     4.275    button_top_inst/button_debounce_array[1].button_debounce_inst/counter_inst/__0/DSP_PREADD_DATA.B2B1<17>
    DSP48E2_X7Y48        DSP_MULTIPLIER (Prop_DSP_MULTIPLIER_DSP48E2_B2B1[17]_V[43])
                                                      0.609     4.884 f  button_top_inst/button_debounce_array[1].button_debounce_inst/counter_inst/__0/DSP_MULTIPLIER_INST/V[43]
                         net (fo=1, routed)           0.000     4.884    button_top_inst/button_debounce_array[1].button_debounce_inst/counter_inst/__0/DSP_MULTIPLIER.V<43>
    DSP48E2_X7Y48        DSP_M_DATA (Prop_DSP_M_DATA_DSP48E2_V[43]_V_DATA[43])
                                                      0.046     4.930 r  button_top_inst/button_debounce_array[1].button_debounce_inst/counter_inst/__0/DSP_M_DATA_INST/V_DATA[43]
                         net (fo=1, routed)           0.000     4.930    button_top_inst/button_debounce_array[1].button_debounce_inst/counter_inst/__0/DSP_M_DATA.V_DATA<43>
    DSP48E2_X7Y48        DSP_ALU (Prop_DSP_ALU_DSP48E2_V_DATA[43]_ALU_OUT[47])
                                                      0.571     5.501 f  button_top_inst/button_debounce_array[1].button_debounce_inst/counter_inst/__0/DSP_ALU_INST/ALU_OUT[47]
                         net (fo=1, routed)           0.000     5.501    button_top_inst/button_debounce_array[1].button_debounce_inst/counter_inst/__0/DSP_ALU.ALU_OUT<47>
    DSP48E2_X7Y48        DSP_OUTPUT (Prop_DSP_OUTPUT_DSP48E2_ALU_OUT[47]_P[47])
                                                      0.109     5.610 r  button_top_inst/button_debounce_array[1].button_debounce_inst/counter_inst/__0/DSP_OUTPUT_INST/P[47]
                         net (fo=27, routed)          1.430     7.039    button_top_inst/button_debounce_array[1].button_debounce_inst/counter_inst/count_middleware_reg[2]/C[35]
    DSP48E2_X6Y50        DSP_C_DATA (Prop_DSP_C_DATA_DSP48E2_C[35]_C_DATA[35])
                                                      0.105     7.144 r  button_top_inst/button_debounce_array[1].button_debounce_inst/counter_inst/count_middleware_reg[2]/DSP_C_DATA_INST/C_DATA[35]
                         net (fo=2, routed)           0.000     7.144    button_top_inst/button_debounce_array[1].button_debounce_inst/counter_inst/count_middleware_reg[2]/DSP_C_DATA.C_DATA<35>
    DSP48E2_X6Y50        DSP_ALU (Prop_DSP_ALU_DSP48E2_C_DATA[35]_ALU_OUT[42])
                                                      0.585     7.729 r  button_top_inst/button_debounce_array[1].button_debounce_inst/counter_inst/count_middleware_reg[2]/DSP_ALU_INST/ALU_OUT[42]
                         net (fo=1, routed)           0.000     7.729    button_top_inst/button_debounce_array[1].button_debounce_inst/counter_inst/count_middleware_reg[2]/DSP_ALU.ALU_OUT<42>
    DSP48E2_X6Y50        DSP_OUTPUT                                   r  button_top_inst/button_debounce_array[1].button_debounce_inst/counter_inst/count_middleware_reg[2]/DSP_OUTPUT_INST/ALU_OUT[42]
  -------------------------------------------------------------------    -------------------

                         (clock sys_clk rise edge)    5.000     5.000 r  
    H24                                               0.000     5.000 r  clk_sys_p (IN)
                         net (fo=0)                   0.079     5.079    IBUFGDS_SYS/I
    HPIOBDIFFINBUF_X0Y155
                         DIFFINBUF (Prop_DIFFINBUF_HPIOBDIFFINBUF_DIFF_IN_P_O)
                                                      0.564     5.643 r  IBUFGDS_SYS/DIFFINBUF_INST/O
                         net (fo=1, routed)           0.040     5.683    IBUFGDS_SYS/OUT
    H24                  IBUFCTRL (Prop_IBUFCTRL_HPIOB_M_I_O)
                                                      0.000     5.683 r  IBUFGDS_SYS/IBUFCTRL_INST/O
                         net (fo=1, routed)           0.297     5.980    clk_sys_ibuf
    BUFGCE_X0Y148        BUFGCE (Prop_BUFCE_BUFGCE_I_O)
                                                      0.024     6.004 r  BUFG_SYS/O
    X2Y1 (CLOCK_ROOT)    net (fo=13371, routed)       2.363     8.367    button_top_inst/button_debounce_array[1].button_debounce_inst/counter_inst/count_middleware_reg[2]/CLK
    DSP48E2_X6Y50        DSP_OUTPUT                                   r  button_top_inst/button_debounce_array[1].button_debounce_inst/counter_inst/count_middleware_reg[2]/DSP_OUTPUT_INST/CLK
                         clock pessimism              0.385     8.752    
                         clock uncertainty           -0.035     8.717    
    DSP48E2_X6Y50        DSP_OUTPUT (Setup_DSP_OUTPUT_DSP48E2_CLK_ALU_OUT[42])
                                                      0.015     8.732    button_top_inst/button_debounce_array[1].button_debounce_inst/counter_inst/count_middleware_reg[2]/DSP_OUTPUT_INST
  -------------------------------------------------------------------
                         required time                          8.732    
                         arrival time                          -7.729    
  -------------------------------------------------------------------
                         slack                                  1.003    

Slack (MET) :             1.003ns  (required time - arrival time)
  Source:                 button_top_inst/button_debounce_array[1].button_debounce_inst/counter_inst/__0/DSP_A_B_DATA_INST/CLK
                            (rising edge-triggered cell DSP_A_B_DATA clocked by sys_clk  {rise@0.000ns fall@2.500ns period=5.000ns})
  Destination:            button_top_inst/button_debounce_array[1].button_debounce_inst/counter_inst/count_middleware_reg[2]/DSP_OUTPUT_INST/ALU_OUT[43]
                            (rising edge-triggered cell DSP_OUTPUT clocked by sys_clk  {rise@0.000ns fall@2.500ns period=5.000ns})
  Path Group:             sys_clk
  Path Type:              Setup (Max at Slow Process Corner)
  Requirement:            5.000ns  (sys_clk rise@5.000ns - sys_clk rise@0.000ns)
  Data Path Delay:        3.740ns  (logic 2.310ns (61.771%)  route 1.430ns (38.229%))
  Logic Levels:           7  (DSP_ALU=2 DSP_C_DATA=1 DSP_M_DATA=1 DSP_MULTIPLIER=1 DSP_OUTPUT=1 DSP_PREADD_DATA=1)
  Clock Path Skew:        -0.237ns (DCD - SCD + CPR)
    Destination Clock Delay (DCD):    3.367ns = ( 8.367 - 5.000 ) 
    Source Clock Delay      (SCD):    3.990ns
    Clock Pessimism Removal (CPR):    0.385ns
  Clock Uncertainty:      0.035ns  ((TSJ^2 + TIJ^2)^1/2 + DJ) / 2 + PE
    Total System Jitter     (TSJ):    0.071ns
    Total Input Jitter      (TIJ):    0.000ns
    Discrete Jitter          (DJ):    0.000ns
    Phase Error              (PE):    0.000ns
  Clock Net Delay (Source):      2.801ns (routing 1.544ns, distribution 1.257ns)
  Clock Net Delay (Destination): 2.363ns (routing 1.399ns, distribution 0.964ns)

    Location             Delay type                Incr(ns)  Path(ns)    Netlist Resource(s)
  -------------------------------------------------------------------    -------------------
                         (clock sys_clk rise edge)    0.000     0.000 r  
    H24                                               0.000     0.000 r  clk_sys_p (IN)
                         net (fo=0)                   0.100     0.100    IBUFGDS_SYS/I
    HPIOBDIFFINBUF_X0Y155
                         DIFFINBUF (Prop_DIFFINBUF_HPIOBDIFFINBUF_DIFF_IN_P_O)
                                                      0.675     0.775 r  IBUFGDS_SYS/DIFFINBUF_INST/O
                         net (fo=1, routed)           0.050     0.825    IBUFGDS_SYS/OUT
    H24                  IBUFCTRL (Prop_IBUFCTRL_HPIOB_M_I_O)
                                                      0.000     0.825 r  IBUFGDS_SYS/IBUFCTRL_INST/O
                         net (fo=1, routed)           0.336     1.161    clk_sys_ibuf
    BUFGCE_X0Y148        BUFGCE (Prop_BUFCE_BUFGCE_I_O)
                                                      0.028     1.189 r  BUFG_SYS/O
    X2Y1 (CLOCK_ROOT)    net (fo=13371, routed)       2.801     3.990    button_top_inst/button_debounce_array[1].button_debounce_inst/counter_inst/__0/CLK
    DSP48E2_X7Y48        DSP_A_B_DATA                                 r  button_top_inst/button_debounce_array[1].button_debounce_inst/counter_inst/__0/DSP_A_B_DATA_INST/CLK
  -------------------------------------------------------------------    -------------------
    DSP48E2_X7Y48        DSP_A_B_DATA (Prop_DSP_A_B_DATA_DSP48E2_CLK_B2_DATA[17])
                                                      0.212     4.202 r  button_top_inst/button_debounce_array[1].button_debounce_inst/counter_inst/__0/DSP_A_B_DATA_INST/B2_DATA[17]
                         net (fo=1, routed)           0.000     4.202    button_top_inst/button_debounce_array[1].button_debounce_inst/counter_inst/__0/DSP_A_B_DATA.B2_DATA<17>
    DSP48E2_X7Y48        DSP_PREADD_DATA (Prop_DSP_PREADD_DATA_DSP48E2_B2_DATA[17]_B2B1[17])
                                                      0.073     4.275 r  button_top_inst/button_debounce_array[1].button_debounce_inst/counter_inst/__0/DSP_PREADD_DATA_INST/B2B1[17]
                         net (fo=1, routed)           0.000     4.275    button_top_inst/button_debounce_array[1].button_debounce_inst/counter_inst/__0/DSP_PREADD_DATA.B2B1<17>
    DSP48E2_X7Y48        DSP_MULTIPLIER (Prop_DSP_MULTIPLIER_DSP48E2_B2B1[17]_V[43])
                                                      0.609     4.884 f  button_top_inst/button_debounce_array[1].button_debounce_inst/counter_inst/__0/DSP_MULTIPLIER_INST/V[43]
                         net (fo=1, routed)           0.000     4.884    button_top_inst/button_debounce_array[1].button_debounce_inst/counter_inst/__0/DSP_MULTIPLIER.V<43>
    DSP48E2_X7Y48        DSP_M_DATA (Prop_DSP_M_DATA_DSP48E2_V[43]_V_DATA[43])
                                                      0.046     4.930 r  button_top_inst/button_debounce_array[1].button_debounce_inst/counter_inst/__0/DSP_M_DATA_INST/V_DATA[43]
                         net (fo=1, routed)           0.000     4.930    button_top_inst/button_debounce_array[1].button_debounce_inst/counter_inst/__0/DSP_M_DATA.V_DATA<43>
    DSP48E2_X7Y48        DSP_ALU (Prop_DSP_ALU_DSP48E2_V_DATA[43]_ALU_OUT[47])
                                                      0.571     5.501 f  button_top_inst/button_debounce_array[1].button_debounce_inst/counter_inst/__0/DSP_ALU_INST/ALU_OUT[47]
                         net (fo=1, routed)           0.000     5.501    button_top_inst/button_debounce_array[1].button_debounce_inst/counter_inst/__0/DSP_ALU.ALU_OUT<47>
    DSP48E2_X7Y48        DSP_OUTPUT (Prop_DSP_OUTPUT_DSP48E2_ALU_OUT[47]_P[47])
                                                      0.109     5.610 r  button_top_inst/button_debounce_array[1].button_debounce_inst/counter_inst/__0/DSP_OUTPUT_INST/P[47]
                         net (fo=27, routed)          1.430     7.039    button_top_inst/button_debounce_array[1].button_debounce_inst/counter_inst/count_middleware_reg[2]/C[35]
    DSP48E2_X6Y50        DSP_C_DATA (Prop_DSP_C_DATA_DSP48E2_C[35]_C_DATA[35])
                                                      0.105     7.144 r  button_top_inst/button_debounce_array[1].button_debounce_inst/counter_inst/count_middleware_reg[2]/DSP_C_DATA_INST/C_DATA[35]
                         net (fo=2, routed)           0.000     7.144    button_top_inst/button_debounce_array[1].button_debounce_inst/counter_inst/count_middleware_reg[2]/DSP_C_DATA.C_DATA<35>
    DSP48E2_X6Y50        DSP_ALU (Prop_DSP_ALU_DSP48E2_C_DATA[35]_ALU_OUT[43])
                                                      0.585     7.729 r  button_top_inst/button_debounce_array[1].button_debounce_inst/counter_inst/count_middleware_reg[2]/DSP_ALU_INST/ALU_OUT[43]
                         net (fo=1, routed)           0.000     7.729    button_top_inst/button_debounce_array[1].button_debounce_inst/counter_inst/count_middleware_reg[2]/DSP_ALU.ALU_OUT<43>
    DSP48E2_X6Y50        DSP_OUTPUT                                   r  button_top_inst/button_debounce_array[1].button_debounce_inst/counter_inst/count_middleware_reg[2]/DSP_OUTPUT_INST/ALU_OUT[43]
  -------------------------------------------------------------------    -------------------

                         (clock sys_clk rise edge)    5.000     5.000 r  
    H24                                               0.000     5.000 r  clk_sys_p (IN)
                         net (fo=0)                   0.079     5.079    IBUFGDS_SYS/I
    HPIOBDIFFINBUF_X0Y155
                         DIFFINBUF (Prop_DIFFINBUF_HPIOBDIFFINBUF_DIFF_IN_P_O)
                                                      0.564     5.643 r  IBUFGDS_SYS/DIFFINBUF_INST/O
                         net (fo=1, routed)           0.040     5.683    IBUFGDS_SYS/OUT
    H24                  IBUFCTRL (Prop_IBUFCTRL_HPIOB_M_I_O)
                                                      0.000     5.683 r  IBUFGDS_SYS/IBUFCTRL_INST/O
                         net (fo=1, routed)           0.297     5.980    clk_sys_ibuf
    BUFGCE_X0Y148        BUFGCE (Prop_BUFCE_BUFGCE_I_O)
                                                      0.024     6.004 r  BUFG_SYS/O
    X2Y1 (CLOCK_ROOT)    net (fo=13371, routed)       2.363     8.367    button_top_inst/button_debounce_array[1].button_debounce_inst/counter_inst/count_middleware_reg[2]/CLK
    DSP48E2_X6Y50        DSP_OUTPUT                                   r  button_top_inst/button_debounce_array[1].button_debounce_inst/counter_inst/count_middleware_reg[2]/DSP_OUTPUT_INST/CLK
                         clock pessimism              0.385     8.752    
                         clock uncertainty           -0.035     8.717    
    DSP48E2_X6Y50        DSP_OUTPUT (Setup_DSP_OUTPUT_DSP48E2_CLK_ALU_OUT[43])
                                                      0.015     8.732    button_top_inst/button_debounce_array[1].button_debounce_inst/counter_inst/count_middleware_reg[2]/DSP_OUTPUT_INST
  -------------------------------------------------------------------
                         required time                          8.732    
                         arrival time                          -7.729    
  -------------------------------------------------------------------
                         slack                                  1.003    

Slack (MET) :             1.003ns  (required time - arrival time)
  Source:                 button_top_inst/button_debounce_array[1].button_debounce_inst/counter_inst/__0/DSP_A_B_DATA_INST/CLK
                            (rising edge-triggered cell DSP_A_B_DATA clocked by sys_clk  {rise@0.000ns fall@2.500ns period=5.000ns})
  Destination:            button_top_inst/button_debounce_array[1].button_debounce_inst/counter_inst/count_middleware_reg[2]/DSP_OUTPUT_INST/ALU_OUT[44]
                            (rising edge-triggered cell DSP_OUTPUT clocked by sys_clk  {rise@0.000ns fall@2.500ns period=5.000ns})
  Path Group:             sys_clk
  Path Type:              Setup (Max at Slow Process Corner)
  Requirement:            5.000ns  (sys_clk rise@5.000ns - sys_clk rise@0.000ns)
  Data Path Delay:        3.740ns  (logic 2.310ns (61.771%)  route 1.430ns (38.229%))
  Logic Levels:           7  (DSP_ALU=2 DSP_C_DATA=1 DSP_M_DATA=1 DSP_MULTIPLIER=1 DSP_OUTPUT=1 DSP_PREADD_DATA=1)
  Clock Path Skew:        -0.237ns (DCD - SCD + CPR)
    Destination Clock Delay (DCD):    3.367ns = ( 8.367 - 5.000 ) 
    Source Clock Delay      (SCD):    3.990ns
    Clock Pessimism Removal (CPR):    0.385ns
  Clock Uncertainty:      0.035ns  ((TSJ^2 + TIJ^2)^1/2 + DJ) / 2 + PE
    Total System Jitter     (TSJ):    0.071ns
    Total Input Jitter      (TIJ):    0.000ns
    Discrete Jitter          (DJ):    0.000ns
    Phase Error              (PE):    0.000ns
  Clock Net Delay (Source):      2.801ns (routing 1.544ns, distribution 1.257ns)
  Clock Net Delay (Destination): 2.363ns (routing 1.399ns, distribution 0.964ns)

    Location             Delay type                Incr(ns)  Path(ns)    Netlist Resource(s)
  -------------------------------------------------------------------    -------------------
                         (clock sys_clk rise edge)    0.000     0.000 r  
    H24                                               0.000     0.000 r  clk_sys_p (IN)
                         net (fo=0)                   0.100     0.100    IBUFGDS_SYS/I
    HPIOBDIFFINBUF_X0Y155
                         DIFFINBUF (Prop_DIFFINBUF_HPIOBDIFFINBUF_DIFF_IN_P_O)
                                                      0.675     0.775 r  IBUFGDS_SYS/DIFFINBUF_INST/O
                         net (fo=1, routed)           0.050     0.825    IBUFGDS_SYS/OUT
    H24                  IBUFCTRL (Prop_IBUFCTRL_HPIOB_M_I_O)
                                                      0.000     0.825 r  IBUFGDS_SYS/IBUFCTRL_INST/O
                         net (fo=1, routed)           0.336     1.161    clk_sys_ibuf
    BUFGCE_X0Y148        BUFGCE (Prop_BUFCE_BUFGCE_I_O)
                                                      0.028     1.189 r  BUFG_SYS/O
    X2Y1 (CLOCK_ROOT)    net (fo=13371, routed)       2.801     3.990    button_top_inst/button_debounce_array[1].button_debounce_inst/counter_inst/__0/CLK
    DSP48E2_X7Y48        DSP_A_B_DATA                                 r  button_top_inst/button_debounce_array[1].button_debounce_inst/counter_inst/__0/DSP_A_B_DATA_INST/CLK
  -------------------------------------------------------------------    -------------------
    DSP48E2_X7Y48        DSP_A_B_DATA (Prop_DSP_A_B_DATA_DSP48E2_CLK_B2_DATA[17])
                                                      0.212     4.202 r  button_top_inst/button_debounce_array[1].button_debounce_inst/counter_inst/__0/DSP_A_B_DATA_INST/B2_DATA[17]
                         net (fo=1, routed)           0.000     4.202    button_top_inst/button_debounce_array[1].button_debounce_inst/counter_inst/__0/DSP_A_B_DATA.B2_DATA<17>
    DSP48E2_X7Y48        DSP_PREADD_DATA (Prop_DSP_PREADD_DATA_DSP48E2_B2_DATA[17]_B2B1[17])
                                                      0.073     4.275 r  button_top_inst/button_debounce_array[1].button_debounce_inst/counter_inst/__0/DSP_PREADD_DATA_INST/B2B1[17]
                         net (fo=1, routed)           0.000     4.275    button_top_inst/button_debounce_array[1].button_debounce_inst/counter_inst/__0/DSP_PREADD_DATA.B2B1<17>
    DSP48E2_X7Y48        DSP_MULTIPLIER (Prop_DSP_MULTIPLIER_DSP48E2_B2B1[17]_V[43])
                                                      0.609     4.884 f  button_top_inst/button_debounce_array[1].button_debounce_inst/counter_inst/__0/DSP_MULTIPLIER_INST/V[43]
                         net (fo=1, routed)           0.000     4.884    button_top_inst/button_debounce_array[1].button_debounce_inst/counter_inst/__0/DSP_MULTIPLIER.V<43>
    DSP48E2_X7Y48        DSP_M_DATA (Prop_DSP_M_DATA_DSP48E2_V[43]_V_DATA[43])
                                                      0.046     4.930 r  button_top_inst/button_debounce_array[1].button_debounce_inst/counter_inst/__0/DSP_M_DATA_INST/V_DATA[43]
                         net (fo=1, routed)           0.000     4.930    button_top_inst/button_debounce_array[1].button_debounce_inst/counter_inst/__0/DSP_M_DATA.V_DATA<43>
    DSP48E2_X7Y48        DSP_ALU (Prop_DSP_ALU_DSP48E2_V_DATA[43]_ALU_OUT[47])
                                                      0.571     5.501 f  button_top_inst/button_debounce_array[1].button_debounce_inst/counter_inst/__0/DSP_ALU_INST/ALU_OUT[47]
                         net (fo=1, routed)           0.000     5.501    button_top_inst/button_debounce_array[1].button_debounce_inst/counter_inst/__0/DSP_ALU.ALU_OUT<47>
    DSP48E2_X7Y48        DSP_OUTPUT (Prop_DSP_OUTPUT_DSP48E2_ALU_OUT[47]_P[47])
                                                      0.109     5.610 r  button_top_inst/button_debounce_array[1].button_debounce_inst/counter_inst/__0/DSP_OUTPUT_INST/P[47]
                         net (fo=27, routed)          1.430     7.039    button_top_inst/button_debounce_array[1].button_debounce_inst/counter_inst/count_middleware_reg[2]/C[35]
    DSP48E2_X6Y50        DSP_C_DATA (Prop_DSP_C_DATA_DSP48E2_C[35]_C_DATA[35])
                                                      0.105     7.144 r  button_top_inst/button_debounce_array[1].button_debounce_inst/counter_inst/count_middleware_reg[2]/DSP_C_DATA_INST/C_DATA[35]
                         net (fo=2, routed)           0.000     7.144    button_top_inst/button_debounce_array[1].button_debounce_inst/counter_inst/count_middleware_reg[2]/DSP_C_DATA.C_DATA<35>
    DSP48E2_X6Y50        DSP_ALU (Prop_DSP_ALU_DSP48E2_C_DATA[35]_ALU_OUT[44])
                                                      0.585     7.729 r  button_top_inst/button_debounce_array[1].button_debounce_inst/counter_inst/count_middleware_reg[2]/DSP_ALU_INST/ALU_OUT[44]
                         net (fo=1, routed)           0.000     7.729    button_top_inst/button_debounce_array[1].button_debounce_inst/counter_inst/count_middleware_reg[2]/DSP_ALU.ALU_OUT<44>
    DSP48E2_X6Y50        DSP_OUTPUT                                   r  button_top_inst/button_debounce_array[1].button_debounce_inst/counter_inst/count_middleware_reg[2]/DSP_OUTPUT_INST/ALU_OUT[44]
  -------------------------------------------------------------------    -------------------

                         (clock sys_clk rise edge)    5.000     5.000 r  
    H24                                               0.000     5.000 r  clk_sys_p (IN)
                         net (fo=0)                   0.079     5.079    IBUFGDS_SYS/I
    HPIOBDIFFINBUF_X0Y155
                         DIFFINBUF (Prop_DIFFINBUF_HPIOBDIFFINBUF_DIFF_IN_P_O)
                                                      0.564     5.643 r  IBUFGDS_SYS/DIFFINBUF_INST/O
                         net (fo=1, routed)           0.040     5.683    IBUFGDS_SYS/OUT
    H24                  IBUFCTRL (Prop_IBUFCTRL_HPIOB_M_I_O)
                                                      0.000     5.683 r  IBUFGDS_SYS/IBUFCTRL_INST/O
                         net (fo=1, routed)           0.297     5.980    clk_sys_ibuf
    BUFGCE_X0Y148        BUFGCE (Prop_BUFCE_BUFGCE_I_O)
                                                      0.024     6.004 r  BUFG_SYS/O
    X2Y1 (CLOCK_ROOT)    net (fo=13371, routed)       2.363     8.367    button_top_inst/button_debounce_array[1].button_debounce_inst/counter_inst/count_middleware_reg[2]/CLK
    DSP48E2_X6Y50        DSP_OUTPUT                                   r  button_top_inst/button_debounce_array[1].button_debounce_inst/counter_inst/count_middleware_reg[2]/DSP_OUTPUT_INST/CLK
                         clock pessimism              0.385     8.752    
                         clock uncertainty           -0.035     8.717    
    DSP48E2_X6Y50        DSP_OUTPUT (Setup_DSP_OUTPUT_DSP48E2_CLK_ALU_OUT[44])
                                                      0.015     8.732    button_top_inst/button_debounce_array[1].button_debounce_inst/counter_inst/count_middleware_reg[2]/DSP_OUTPUT_INST
  -------------------------------------------------------------------
                         required time                          8.732    
                         arrival time                          -7.729    
  -------------------------------------------------------------------
                         slack                                  1.003    





Min Delay Paths
--------------------------------------------------------------------------------------
Slack (MET) :             0.010ns  (arrival time - required time)
  Source:                 buzzer_top_inst/buzzer_array[6].buzzer_inst/counter_inst/count_max_dynamic_reg[21]/C
                            (rising edge-triggered cell FDRE clocked by sys_clk  {rise@0.000ns fall@2.500ns period=5.000ns})
  Destination:            buzzer_top_inst/buzzer_array[6].buzzer_inst/counter_inst/count_max_static_reg[21]/D
                            (rising edge-triggered cell FDRE clocked by sys_clk  {rise@0.000ns fall@2.500ns period=5.000ns})
  Path Group:             sys_clk
  Path Type:              Hold (Min at Slow Process Corner)
  Requirement:            0.000ns  (sys_clk rise@0.000ns - sys_clk rise@0.000ns)
  Data Path Delay:        0.173ns  (logic 0.057ns (32.948%)  route 0.116ns (67.052%))
  Logic Levels:           0  
  Clock Path Skew:        0.101ns (DCD - SCD - CPR)
    Destination Clock Delay (DCD):    3.870ns
    Source Clock Delay      (SCD):    3.377ns
    Clock Pessimism Removal (CPR):    0.391ns
  Clock Net Delay (Source):      2.373ns (routing 1.399ns, distribution 0.974ns)
  Clock Net Delay (Destination): 2.681ns (routing 1.544ns, distribution 1.137ns)

    Location             Delay type                Incr(ns)  Path(ns)    Netlist Resource(s)
  -------------------------------------------------------------------    -------------------
                         (clock sys_clk rise edge)    0.000     0.000 r  
    H24                                               0.000     0.000 r  clk_sys_p (IN)
                         net (fo=0)                   0.079     0.079    IBUFGDS_SYS/I
    HPIOBDIFFINBUF_X0Y155
                         DIFFINBUF (Prop_DIFFINBUF_HPIOBDIFFINBUF_DIFF_IN_P_O)
                                                      0.564     0.643 r  IBUFGDS_SYS/DIFFINBUF_INST/O
                         net (fo=1, routed)           0.040     0.683    IBUFGDS_SYS/OUT
    H24                  IBUFCTRL (Prop_IBUFCTRL_HPIOB_M_I_O)
                                                      0.000     0.683 r  IBUFGDS_SYS/IBUFCTRL_INST/O
                         net (fo=1, routed)           0.297     0.980    clk_sys_ibuf
    BUFGCE_X0Y148        BUFGCE (Prop_BUFCE_BUFGCE_I_O)
                                                      0.024     1.004 r  BUFG_SYS/O
    X2Y1 (CLOCK_ROOT)    net (fo=13371, routed)       2.373     3.377    buzzer_top_inst/buzzer_array[6].buzzer_inst/counter_inst/clk_sys
    SLICE_X77Y42         FDRE                                         r  buzzer_top_inst/buzzer_array[6].buzzer_inst/counter_inst/count_max_dynamic_reg[21]/C
  -------------------------------------------------------------------    -------------------
    SLICE_X77Y42         FDRE (Prop_FFF_SLICEM_C_Q)
                                                      0.057     3.434 r  buzzer_top_inst/buzzer_array[6].buzzer_inst/counter_inst/count_max_dynamic_reg[21]/Q
                         net (fo=1, routed)           0.116     3.550    buzzer_top_inst/buzzer_array[6].buzzer_inst/counter_inst/count_max_dynamic[21]
    SLICE_X79Y41         FDRE                                         r  buzzer_top_inst/buzzer_array[6].buzzer_inst/counter_inst/count_max_static_reg[21]/D
  -------------------------------------------------------------------    -------------------

                         (clock sys_clk rise edge)    0.000     0.000 r  
    H24                                               0.000     0.000 r  clk_sys_p (IN)
                         net (fo=0)                   0.100     0.100    IBUFGDS_SYS/I
    HPIOBDIFFINBUF_X0Y155
                         DIFFINBUF (Prop_DIFFINBUF_HPIOBDIFFINBUF_DIFF_IN_P_O)
                                                      0.675     0.775 r  IBUFGDS_SYS/DIFFINBUF_INST/O
                         net (fo=1, routed)           0.050     0.825    IBUFGDS_SYS/OUT
    H24                  IBUFCTRL (Prop_IBUFCTRL_HPIOB_M_I_O)
                                                      0.000     0.825 r  IBUFGDS_SYS/IBUFCTRL_INST/O
                         net (fo=1, routed)           0.336     1.161    clk_sys_ibuf
    BUFGCE_X0Y148        BUFGCE (Prop_BUFCE_BUFGCE_I_O)
                                                      0.028     1.189 r  BUFG_SYS/O
    X2Y1 (CLOCK_ROOT)    net (fo=13371, routed)       2.681     3.870    buzzer_top_inst/buzzer_array[6].buzzer_inst/counter_inst/clk_sys
    SLICE_X79Y41         FDRE                                         r  buzzer_top_inst/buzzer_array[6].buzzer_inst/counter_inst/count_max_static_reg[21]/C
                         clock pessimism             -0.391     3.479    
    SLICE_X79Y41         FDRE (Hold_GFF2_SLICEM_C_D)
                                                      0.062     3.541    buzzer_top_inst/buzzer_array[6].buzzer_inst/counter_inst/count_max_static_reg[21]
  -------------------------------------------------------------------
                         required time                         -3.541    
                         arrival time                           3.550    
  -------------------------------------------------------------------
                         slack                                  0.010    

Slack (MET) :             0.010ns  (arrival time - required time)
  Source:                 button_top_inst/button_debounce_array[18].button_debounce_inst/counter_inst/count_max_dynamic_reg[5]/C
                            (rising edge-triggered cell FDRE clocked by sys_clk  {rise@0.000ns fall@2.500ns period=5.000ns})
  Destination:            button_top_inst/button_debounce_array[18].button_debounce_inst/counter_inst/count_max_static_reg[5]/D
                            (rising edge-triggered cell FDRE clocked by sys_clk  {rise@0.000ns fall@2.500ns period=5.000ns})
  Path Group:             sys_clk
  Path Type:              Hold (Min at Slow Process Corner)
  Requirement:            0.000ns  (sys_clk rise@0.000ns - sys_clk rise@0.000ns)
  Data Path Delay:        0.188ns  (logic 0.058ns (30.851%)  route 0.130ns (69.149%))
  Logic Levels:           0  
  Clock Path Skew:        0.116ns (DCD - SCD - CPR)
    Destination Clock Delay (DCD):    3.926ns
    Source Clock Delay      (SCD):    3.423ns
    Clock Pessimism Removal (CPR):    0.388ns
  Clock Net Delay (Source):      2.419ns (routing 1.399ns, distribution 1.020ns)
  Clock Net Delay (Destination): 2.738ns (routing 1.544ns, distribution 1.194ns)

    Location             Delay type                Incr(ns)  Path(ns)    Netlist Resource(s)
  -------------------------------------------------------------------    -------------------
                         (clock sys_clk rise edge)    0.000     0.000 r  
    H24                                               0.000     0.000 r  clk_sys_p (IN)
                         net (fo=0)                   0.079     0.079    IBUFGDS_SYS/I
    HPIOBDIFFINBUF_X0Y155
                         DIFFINBUF (Prop_DIFFINBUF_HPIOBDIFFINBUF_DIFF_IN_P_O)
                                                      0.564     0.643 r  IBUFGDS_SYS/DIFFINBUF_INST/O
                         net (fo=1, routed)           0.040     0.683    IBUFGDS_SYS/OUT
    H24                  IBUFCTRL (Prop_IBUFCTRL_HPIOB_M_I_O)
                                                      0.000     0.683 r  IBUFGDS_SYS/IBUFCTRL_INST/O
                         net (fo=1, routed)           0.297     0.980    clk_sys_ibuf
    BUFGCE_X0Y148        BUFGCE (Prop_BUFCE_BUFGCE_I_O)
                                                      0.024     1.004 r  BUFG_SYS/O
    X2Y1 (CLOCK_ROOT)    net (fo=13371, routed)       2.419     3.423    button_top_inst/button_debounce_array[18].button_debounce_inst/counter_inst/clk_sys
    SLICE_X25Y8          FDRE                                         r  button_top_inst/button_debounce_array[18].button_debounce_inst/counter_inst/count_max_dynamic_reg[5]/C
  -------------------------------------------------------------------    -------------------
    SLICE_X25Y8          FDRE (Prop_FFF_SLICEL_C_Q)
                                                      0.058     3.481 r  button_top_inst/button_debounce_array[18].button_debounce_inst/counter_inst/count_max_dynamic_reg[5]/Q
                         net (fo=1, routed)           0.130     3.611    button_top_inst/button_debounce_array[18].button_debounce_inst/counter_inst/count_max_dynamic[5]
    SLICE_X27Y8          FDRE                                         r  button_top_inst/button_debounce_array[18].button_debounce_inst/counter_inst/count_max_static_reg[5]/D
  -------------------------------------------------------------------    -------------------

                         (clock sys_clk rise edge)    0.000     0.000 r  
    H24                                               0.000     0.000 r  clk_sys_p (IN)
                         net (fo=0)                   0.100     0.100    IBUFGDS_SYS/I
    HPIOBDIFFINBUF_X0Y155
                         DIFFINBUF (Prop_DIFFINBUF_HPIOBDIFFINBUF_DIFF_IN_P_O)
                                                      0.675     0.775 r  IBUFGDS_SYS/DIFFINBUF_INST/O
                         net (fo=1, routed)           0.050     0.825    IBUFGDS_SYS/OUT
    H24                  IBUFCTRL (Prop_IBUFCTRL_HPIOB_M_I_O)
                                                      0.000     0.825 r  IBUFGDS_SYS/IBUFCTRL_INST/O
                         net (fo=1, routed)           0.336     1.161    clk_sys_ibuf
    BUFGCE_X0Y148        BUFGCE (Prop_BUFCE_BUFGCE_I_O)
                                                      0.028     1.189 r  BUFG_SYS/O
    X2Y1 (CLOCK_ROOT)    net (fo=13371, routed)       2.738     3.926    button_top_inst/button_debounce_array[18].button_debounce_inst/counter_inst/clk_sys
    SLICE_X27Y8          FDRE                                         r  button_top_inst/button_debounce_array[18].button_debounce_inst/counter_inst/count_max_static_reg[5]/C
                         clock pessimism             -0.388     3.539    
    SLICE_X27Y8          FDRE (Hold_FFF2_SLICEM_C_D)
                                                      0.062     3.601    button_top_inst/button_debounce_array[18].button_debounce_inst/counter_inst/count_max_static_reg[5]
  -------------------------------------------------------------------
                         required time                         -3.601    
                         arrival time                           3.611    
  -------------------------------------------------------------------
                         slack                                  0.010    

Slack (MET) :             0.011ns  (arrival time - required time)
  Source:                 button_top_inst/button_debounce_array[0].button_debounce_inst/counter_inst/count_max_dynamic_reg[25]/C
                            (rising edge-triggered cell FDRE clocked by sys_clk  {rise@0.000ns fall@2.500ns period=5.000ns})
  Destination:            button_top_inst/button_debounce_array[0].button_debounce_inst/counter_inst/count_max_static_reg[25]/D
                            (rising edge-triggered cell FDRE clocked by sys_clk  {rise@0.000ns fall@2.500ns period=5.000ns})
  Path Group:             sys_clk
  Path Type:              Hold (Min at Slow Process Corner)
  Requirement:            0.000ns  (sys_clk rise@0.000ns - sys_clk rise@0.000ns)
  Data Path Delay:        0.163ns  (logic 0.059ns (36.196%)  route 0.104ns (63.804%))
  Logic Levels:           0  
  Clock Path Skew:        0.092ns (DCD - SCD - CPR)
    Destination Clock Delay (DCD):    3.802ns
    Source Clock Delay      (SCD):    3.327ns
    Clock Pessimism Removal (CPR):    0.383ns
  Clock Net Delay (Source):      2.323ns (routing 1.399ns, distribution 0.924ns)
  Clock Net Delay (Destination): 2.613ns (routing 1.544ns, distribution 1.069ns)

    Location             Delay type                Incr(ns)  Path(ns)    Netlist Resource(s)
  -------------------------------------------------------------------    -------------------
                         (clock sys_clk rise edge)    0.000     0.000 r  
    H24                                               0.000     0.000 r  clk_sys_p (IN)
                         net (fo=0)                   0.079     0.079    IBUFGDS_SYS/I
    HPIOBDIFFINBUF_X0Y155
                         DIFFINBUF (Prop_DIFFINBUF_HPIOBDIFFINBUF_DIFF_IN_P_O)
                                                      0.564     0.643 r  IBUFGDS_SYS/DIFFINBUF_INST/O
                         net (fo=1, routed)           0.040     0.683    IBUFGDS_SYS/OUT
    H24                  IBUFCTRL (Prop_IBUFCTRL_HPIOB_M_I_O)
                                                      0.000     0.683 r  IBUFGDS_SYS/IBUFCTRL_INST/O
                         net (fo=1, routed)           0.297     0.980    clk_sys_ibuf
    BUFGCE_X0Y148        BUFGCE (Prop_BUFCE_BUFGCE_I_O)
                                                      0.024     1.004 r  BUFG_SYS/O
    X2Y1 (CLOCK_ROOT)    net (fo=13371, routed)       2.323     3.327    button_top_inst/button_debounce_array[0].button_debounce_inst/counter_inst/clk_sys
    SLICE_X75Y155        FDRE                                         r  button_top_inst/button_debounce_array[0].button_debounce_inst/counter_inst/count_max_dynamic_reg[25]/C
  -------------------------------------------------------------------    -------------------
    SLICE_X75Y155        FDRE (Prop_BFF_SLICEL_C_Q)
                                                      0.059     3.386 r  button_top_inst/button_debounce_array[0].button_debounce_inst/counter_inst/count_max_dynamic_reg[25]/Q
                         net (fo=1, routed)           0.104     3.490    button_top_inst/button_debounce_array[0].button_debounce_inst/counter_inst/count_max_dynamic[25]
    SLICE_X74Y155        FDRE                                         r  button_top_inst/button_debounce_array[0].button_debounce_inst/counter_inst/count_max_static_reg[25]/D
  -------------------------------------------------------------------    -------------------

                         (clock sys_clk rise edge)    0.000     0.000 r  
    H24                                               0.000     0.000 r  clk_sys_p (IN)
                         net (fo=0)                   0.100     0.100    IBUFGDS_SYS/I
    HPIOBDIFFINBUF_X0Y155
                         DIFFINBUF (Prop_DIFFINBUF_HPIOBDIFFINBUF_DIFF_IN_P_O)
                                                      0.675     0.775 r  IBUFGDS_SYS/DIFFINBUF_INST/O
                         net (fo=1, routed)           0.050     0.825    IBUFGDS_SYS/OUT
    H24                  IBUFCTRL (Prop_IBUFCTRL_HPIOB_M_I_O)
                                                      0.000     0.825 r  IBUFGDS_SYS/IBUFCTRL_INST/O
                         net (fo=1, routed)           0.336     1.161    clk_sys_ibuf
    BUFGCE_X0Y148        BUFGCE (Prop_BUFCE_BUFGCE_I_O)
                                                      0.028     1.189 r  BUFG_SYS/O
    X2Y1 (CLOCK_ROOT)    net (fo=13371, routed)       2.613     3.802    button_top_inst/button_debounce_array[0].button_debounce_inst/counter_inst/clk_sys
    SLICE_X74Y155        FDRE                                         r  button_top_inst/button_debounce_array[0].button_debounce_inst/counter_inst/count_max_static_reg[25]/C
                         clock pessimism             -0.383     3.419    
    SLICE_X74Y155        FDRE (Hold_BFF_SLICEL_C_D)
                                                      0.060     3.479    button_top_inst/button_debounce_array[0].button_debounce_inst/counter_inst/count_max_static_reg[25]
  -------------------------------------------------------------------
                         required time                         -3.479    
                         arrival time                           3.490    
  -------------------------------------------------------------------
                         slack                                  0.011    

Slack (MET) :             0.011ns  (arrival time - required time)
  Source:                 buzzer_top_inst/buzzer_array[2].buzzer_inst/counter_inst/count_max_dynamic_reg[31]/C
                            (rising edge-triggered cell FDRE clocked by sys_clk  {rise@0.000ns fall@2.500ns period=5.000ns})
  Destination:            buzzer_top_inst/buzzer_array[2].buzzer_inst/counter_inst/count_max_static_reg[31]/D
                            (rising edge-triggered cell FDRE clocked by sys_clk  {rise@0.000ns fall@2.500ns period=5.000ns})
  Path Group:             sys_clk
  Path Type:              Hold (Min at Slow Process Corner)
  Requirement:            0.000ns  (sys_clk rise@0.000ns - sys_clk rise@0.000ns)
  Data Path Delay:        0.176ns  (logic 0.058ns (32.955%)  route 0.118ns (67.045%))
  Logic Levels:           0  
  Clock Path Skew:        0.103ns (DCD - SCD - CPR)
    Destination Clock Delay (DCD):    3.783ns
    Source Clock Delay      (SCD):    3.303ns
    Clock Pessimism Removal (CPR):    0.378ns
  Clock Net Delay (Source):      2.298ns (routing 1.399ns, distribution 0.899ns)
  Clock Net Delay (Destination): 2.595ns (routing 1.544ns, distribution 1.051ns)

    Location             Delay type                Incr(ns)  Path(ns)    Netlist Resource(s)
  -------------------------------------------------------------------    -------------------
                         (clock sys_clk rise edge)    0.000     0.000 r  
    H24                                               0.000     0.000 r  clk_sys_p (IN)
                         net (fo=0)                   0.079     0.079    IBUFGDS_SYS/I
    HPIOBDIFFINBUF_X0Y155
                         DIFFINBUF (Prop_DIFFINBUF_HPIOBDIFFINBUF_DIFF_IN_P_O)
                                                      0.564     0.643 r  IBUFGDS_SYS/DIFFINBUF_INST/O
                         net (fo=1, routed)           0.040     0.683    IBUFGDS_SYS/OUT
    H24                  IBUFCTRL (Prop_IBUFCTRL_HPIOB_M_I_O)
                                                      0.000     0.683 r  IBUFGDS_SYS/IBUFCTRL_INST/O
                         net (fo=1, routed)           0.297     0.980    clk_sys_ibuf
    BUFGCE_X0Y148        BUFGCE (Prop_BUFCE_BUFGCE_I_O)
                                                      0.024     1.004 r  BUFG_SYS/O
    X2Y1 (CLOCK_ROOT)    net (fo=13371, routed)       2.298     3.303    buzzer_top_inst/buzzer_array[2].buzzer_inst/counter_inst/clk_sys
    SLICE_X57Y63         FDRE                                         r  buzzer_top_inst/buzzer_array[2].buzzer_inst/counter_inst/count_max_dynamic_reg[31]/C
  -------------------------------------------------------------------    -------------------
    SLICE_X57Y63         FDRE (Prop_HFF_SLICEL_C_Q)
                                                      0.058     3.361 r  buzzer_top_inst/buzzer_array[2].buzzer_inst/counter_inst/count_max_dynamic_reg[31]/Q
                         net (fo=1, routed)           0.118     3.479    buzzer_top_inst/buzzer_array[2].buzzer_inst/counter_inst/count_max_dynamic[31]
    SLICE_X53Y62         FDRE                                         r  buzzer_top_inst/buzzer_array[2].buzzer_inst/counter_inst/count_max_static_reg[31]/D
  -------------------------------------------------------------------    -------------------

                         (clock sys_clk rise edge)    0.000     0.000 r  
    H24                                               0.000     0.000 r  clk_sys_p (IN)
                         net (fo=0)                   0.100     0.100    IBUFGDS_SYS/I
    HPIOBDIFFINBUF_X0Y155
                         DIFFINBUF (Prop_DIFFINBUF_HPIOBDIFFINBUF_DIFF_IN_P_O)
                                                      0.675     0.775 r  IBUFGDS_SYS/DIFFINBUF_INST/O
                         net (fo=1, routed)           0.050     0.825    IBUFGDS_SYS/OUT
    H24                  IBUFCTRL (Prop_IBUFCTRL_HPIOB_M_I_O)
                                                      0.000     0.825 r  IBUFGDS_SYS/IBUFCTRL_INST/O
                         net (fo=1, routed)           0.336     1.161    clk_sys_ibuf
    BUFGCE_X0Y148        BUFGCE (Prop_BUFCE_BUFGCE_I_O)
                                                      0.028     1.189 r  BUFG_SYS/O
    X2Y1 (CLOCK_ROOT)    net (fo=13371, routed)       2.595     3.783    buzzer_top_inst/buzzer_array[2].buzzer_inst/counter_inst/clk_sys
    SLICE_X53Y62         FDRE                                         r  buzzer_top_inst/buzzer_array[2].buzzer_inst/counter_inst/count_max_static_reg[31]/C
                         clock pessimism             -0.378     3.405    
    SLICE_X53Y62         FDRE (Hold_HFF2_SLICEM_C_D)
                                                      0.062     3.467    buzzer_top_inst/buzzer_array[2].buzzer_inst/counter_inst/count_max_static_reg[31]
  -------------------------------------------------------------------
                         required time                         -3.467    
                         arrival time                           3.479    
  -------------------------------------------------------------------
                         slack                                  0.011    

Slack (MET) :             0.011ns  (arrival time - required time)
  Source:                 buzzer_top_inst/buzzer_array[2].buzzer_inst/counter_inst/count_max_dynamic_reg[17]/C
                            (rising edge-triggered cell FDRE clocked by sys_clk  {rise@0.000ns fall@2.500ns period=5.000ns})
  Destination:            buzzer_top_inst/buzzer_array[2].buzzer_inst/counter_inst/count_max_static_reg[17]/D
                            (rising edge-triggered cell FDRE clocked by sys_clk  {rise@0.000ns fall@2.500ns period=5.000ns})
  Path Group:             sys_clk
  Path Type:              Hold (Min at Slow Process Corner)
  Requirement:            0.000ns  (sys_clk rise@0.000ns - sys_clk rise@0.000ns)
  Data Path Delay:        0.179ns  (logic 0.059ns (32.961%)  route 0.120ns (67.039%))
  Logic Levels:           0  
  Clock Path Skew:        0.106ns (DCD - SCD - CPR)
    Destination Clock Delay (DCD):    3.784ns
    Source Clock Delay      (SCD):    3.301ns
    Clock Pessimism Removal (CPR):    0.378ns
  Clock Net Delay (Source):      2.296ns (routing 1.399ns, distribution 0.897ns)
  Clock Net Delay (Destination): 2.596ns (routing 1.544ns, distribution 1.052ns)

    Location             Delay type                Incr(ns)  Path(ns)    Netlist Resource(s)
  -------------------------------------------------------------------    -------------------
                         (clock sys_clk rise edge)    0.000     0.000 r  
    H24                                               0.000     0.000 r  clk_sys_p (IN)
                         net (fo=0)                   0.079     0.079    IBUFGDS_SYS/I
    HPIOBDIFFINBUF_X0Y155
                         DIFFINBUF (Prop_DIFFINBUF_HPIOBDIFFINBUF_DIFF_IN_P_O)
                                                      0.564     0.643 r  IBUFGDS_SYS/DIFFINBUF_INST/O
                         net (fo=1, routed)           0.040     0.683    IBUFGDS_SYS/OUT
    H24                  IBUFCTRL (Prop_IBUFCTRL_HPIOB_M_I_O)
                                                      0.000     0.683 r  IBUFGDS_SYS/IBUFCTRL_INST/O
                         net (fo=1, routed)           0.297     0.980    clk_sys_ibuf
    BUFGCE_X0Y148        BUFGCE (Prop_BUFCE_BUFGCE_I_O)
                                                      0.024     1.004 r  BUFG_SYS/O
    X2Y1 (CLOCK_ROOT)    net (fo=13371, routed)       2.296     3.301    buzzer_top_inst/buzzer_array[2].buzzer_inst/counter_inst/clk_sys
    SLICE_X57Y62         FDRE                                         r  buzzer_top_inst/buzzer_array[2].buzzer_inst/counter_inst/count_max_dynamic_reg[17]/C
  -------------------------------------------------------------------    -------------------
    SLICE_X57Y62         FDRE (Prop_BFF_SLICEL_C_Q)
                                                      0.059     3.360 r  buzzer_top_inst/buzzer_array[2].buzzer_inst/counter_inst/count_max_dynamic_reg[17]/Q
                         net (fo=1, routed)           0.120     3.480    buzzer_top_inst/buzzer_array[2].buzzer_inst/counter_inst/count_max_dynamic[17]
    SLICE_X53Y62         FDRE                                         r  buzzer_top_inst/buzzer_array[2].buzzer_inst/counter_inst/count_max_static_reg[17]/D
  -------------------------------------------------------------------    -------------------

                         (clock sys_clk rise edge)    0.000     0.000 r  
    H24                                               0.000     0.000 r  clk_sys_p (IN)
                         net (fo=0)                   0.100     0.100    IBUFGDS_SYS/I
    HPIOBDIFFINBUF_X0Y155
                         DIFFINBUF (Prop_DIFFINBUF_HPIOBDIFFINBUF_DIFF_IN_P_O)
                                                      0.675     0.775 r  IBUFGDS_SYS/DIFFINBUF_INST/O
                         net (fo=1, routed)           0.050     0.825    IBUFGDS_SYS/OUT
    H24                  IBUFCTRL (Prop_IBUFCTRL_HPIOB_M_I_O)
                                                      0.000     0.825 r  IBUFGDS_SYS/IBUFCTRL_INST/O
                         net (fo=1, routed)           0.336     1.161    clk_sys_ibuf
    BUFGCE_X0Y148        BUFGCE (Prop_BUFCE_BUFGCE_I_O)
                                                      0.028     1.189 r  BUFG_SYS/O
    X2Y1 (CLOCK_ROOT)    net (fo=13371, routed)       2.596     3.784    buzzer_top_inst/buzzer_array[2].buzzer_inst/counter_inst/clk_sys
    SLICE_X53Y62         FDRE                                         r  buzzer_top_inst/buzzer_array[2].buzzer_inst/counter_inst/count_max_static_reg[17]/C
                         clock pessimism             -0.378     3.406    
    SLICE_X53Y62         FDRE (Hold_AFF2_SLICEM_C_D)
                                                      0.062     3.468    buzzer_top_inst/buzzer_array[2].buzzer_inst/counter_inst/count_max_static_reg[17]
  -------------------------------------------------------------------
                         required time                         -3.468    
                         arrival time                           3.480    
  -------------------------------------------------------------------
                         slack                                  0.011    

Slack (MET) :             0.012ns  (arrival time - required time)
  Source:                 button_top_inst/button_debounce_array[20].button_debounce_inst/counter_inst/count_max_dynamic_reg[6]/C
                            (rising edge-triggered cell FDRE clocked by sys_clk  {rise@0.000ns fall@2.500ns period=5.000ns})
  Destination:            button_top_inst/button_debounce_array[20].button_debounce_inst/counter_inst/count_max_static_reg[6]/D
                            (rising edge-triggered cell FDRE clocked by sys_clk  {rise@0.000ns fall@2.500ns period=5.000ns})
  Path Group:             sys_clk
  Path Type:              Hold (Min at Slow Process Corner)
  Requirement:            0.000ns  (sys_clk rise@0.000ns - sys_clk rise@0.000ns)
  Data Path Delay:        0.166ns  (logic 0.059ns (35.542%)  route 0.107ns (64.458%))
  Logic Levels:           0  
  Clock Path Skew:        0.092ns (DCD - SCD - CPR)
    Destination Clock Delay (DCD):    3.892ns
    Source Clock Delay      (SCD):    3.412ns
    Clock Pessimism Removal (CPR):    0.388ns
  Clock Net Delay (Source):      2.407ns (routing 1.399ns, distribution 1.008ns)
  Clock Net Delay (Destination): 2.704ns (routing 1.544ns, distribution 1.160ns)

    Location             Delay type                Incr(ns)  Path(ns)    Netlist Resource(s)
  -------------------------------------------------------------------    -------------------
                         (clock sys_clk rise edge)    0.000     0.000 r  
    H24                                               0.000     0.000 r  clk_sys_p (IN)
                         net (fo=0)                   0.079     0.079    IBUFGDS_SYS/I
    HPIOBDIFFINBUF_X0Y155
                         DIFFINBUF (Prop_DIFFINBUF_HPIOBDIFFINBUF_DIFF_IN_P_O)
                                                      0.564     0.643 r  IBUFGDS_SYS/DIFFINBUF_INST/O
                         net (fo=1, routed)           0.040     0.683    IBUFGDS_SYS/OUT
    H24                  IBUFCTRL (Prop_IBUFCTRL_HPIOB_M_I_O)
                                                      0.000     0.683 r  IBUFGDS_SYS/IBUFCTRL_INST/O
                         net (fo=1, routed)           0.297     0.980    clk_sys_ibuf
    BUFGCE_X0Y148        BUFGCE (Prop_BUFCE_BUFGCE_I_O)
                                                      0.024     1.004 r  BUFG_SYS/O
    X2Y1 (CLOCK_ROOT)    net (fo=13371, routed)       2.407     3.412    button_top_inst/button_debounce_array[20].button_debounce_inst/counter_inst/clk_sys
    SLICE_X31Y26         FDRE                                         r  button_top_inst/button_debounce_array[20].button_debounce_inst/counter_inst/count_max_dynamic_reg[6]/C
  -------------------------------------------------------------------    -------------------
    SLICE_X31Y26         FDRE (Prop_GFF_SLICEL_C_Q)
                                                      0.059     3.471 r  button_top_inst/button_debounce_array[20].button_debounce_inst/counter_inst/count_max_dynamic_reg[6]/Q
                         net (fo=1, routed)           0.107     3.578    button_top_inst/button_debounce_array[20].button_debounce_inst/counter_inst/count_max_dynamic[6]
    SLICE_X32Y27         FDRE                                         r  button_top_inst/button_debounce_array[20].button_debounce_inst/counter_inst/count_max_static_reg[6]/D
  -------------------------------------------------------------------    -------------------

                         (clock sys_clk rise edge)    0.000     0.000 r  
    H24                                               0.000     0.000 r  clk_sys_p (IN)
                         net (fo=0)                   0.100     0.100    IBUFGDS_SYS/I
    HPIOBDIFFINBUF_X0Y155
                         DIFFINBUF (Prop_DIFFINBUF_HPIOBDIFFINBUF_DIFF_IN_P_O)
                                                      0.675     0.775 r  IBUFGDS_SYS/DIFFINBUF_INST/O
                         net (fo=1, routed)           0.050     0.825    IBUFGDS_SYS/OUT
    H24                  IBUFCTRL (Prop_IBUFCTRL_HPIOB_M_I_O)
                                                      0.000     0.825 r  IBUFGDS_SYS/IBUFCTRL_INST/O
                         net (fo=1, routed)           0.336     1.161    clk_sys_ibuf
    BUFGCE_X0Y148        BUFGCE (Prop_BUFCE_BUFGCE_I_O)
                                                      0.028     1.189 r  BUFG_SYS/O
    X2Y1 (CLOCK_ROOT)    net (fo=13371, routed)       2.704     3.892    button_top_inst/button_debounce_array[20].button_debounce_inst/counter_inst/clk_sys
    SLICE_X32Y27         FDRE                                         r  button_top_inst/button_debounce_array[20].button_debounce_inst/counter_inst/count_max_static_reg[6]/C
                         clock pessimism             -0.388     3.504    
    SLICE_X32Y27         FDRE (Hold_CFF2_SLICEM_C_D)
                                                      0.062     3.566    button_top_inst/button_debounce_array[20].button_debounce_inst/counter_inst/count_max_static_reg[6]
  -------------------------------------------------------------------
                         required time                         -3.566    
                         arrival time                           3.578    
  -------------------------------------------------------------------
                         slack                                  0.012    

Slack (MET) :             0.012ns  (arrival time - required time)
  Source:                 buzzer_top_inst/buzzer_array[2].buzzer_inst/counter_inst/count_max_dynamic_reg[30]/C
                            (rising edge-triggered cell FDRE clocked by sys_clk  {rise@0.000ns fall@2.500ns period=5.000ns})
  Destination:            buzzer_top_inst/buzzer_array[2].buzzer_inst/counter_inst/count_max_static_reg[30]/D
                            (rising edge-triggered cell FDRE clocked by sys_clk  {rise@0.000ns fall@2.500ns period=5.000ns})
  Path Group:             sys_clk
  Path Type:              Hold (Min at Slow Process Corner)
  Requirement:            0.000ns  (sys_clk rise@0.000ns - sys_clk rise@0.000ns)
  Data Path Delay:        0.175ns  (logic 0.059ns (33.714%)  route 0.116ns (66.286%))
  Logic Levels:           0  
  Clock Path Skew:        0.103ns (DCD - SCD - CPR)
    Destination Clock Delay (DCD):    3.783ns
    Source Clock Delay      (SCD):    3.303ns
    Clock Pessimism Removal (CPR):    0.378ns
  Clock Net Delay (Source):      2.298ns (routing 1.399ns, distribution 0.899ns)
  Clock Net Delay (Destination): 2.595ns (routing 1.544ns, distribution 1.051ns)

    Location             Delay type                Incr(ns)  Path(ns)    Netlist Resource(s)
  -------------------------------------------------------------------    -------------------
                         (clock sys_clk rise edge)    0.000     0.000 r  
    H24                                               0.000     0.000 r  clk_sys_p (IN)
                         net (fo=0)                   0.079     0.079    IBUFGDS_SYS/I
    HPIOBDIFFINBUF_X0Y155
                         DIFFINBUF (Prop_DIFFINBUF_HPIOBDIFFINBUF_DIFF_IN_P_O)
                                                      0.564     0.643 r  IBUFGDS_SYS/DIFFINBUF_INST/O
                         net (fo=1, routed)           0.040     0.683    IBUFGDS_SYS/OUT
    H24                  IBUFCTRL (Prop_IBUFCTRL_HPIOB_M_I_O)
                                                      0.000     0.683 r  IBUFGDS_SYS/IBUFCTRL_INST/O
                         net (fo=1, routed)           0.297     0.980    clk_sys_ibuf
    BUFGCE_X0Y148        BUFGCE (Prop_BUFCE_BUFGCE_I_O)
                                                      0.024     1.004 r  BUFG_SYS/O
    X2Y1 (CLOCK_ROOT)    net (fo=13371, routed)       2.298     3.303    buzzer_top_inst/buzzer_array[2].buzzer_inst/counter_inst/clk_sys
    SLICE_X57Y63         FDRE                                         r  buzzer_top_inst/buzzer_array[2].buzzer_inst/counter_inst/count_max_dynamic_reg[30]/C
  -------------------------------------------------------------------    -------------------
    SLICE_X57Y63         FDRE (Prop_GFF_SLICEL_C_Q)
                                                      0.059     3.362 r  buzzer_top_inst/buzzer_array[2].buzzer_inst/counter_inst/count_max_dynamic_reg[30]/Q
                         net (fo=1, routed)           0.116     3.478    buzzer_top_inst/buzzer_array[2].buzzer_inst/counter_inst/count_max_dynamic[30]
    SLICE_X53Y62         FDRE                                         r  buzzer_top_inst/buzzer_array[2].buzzer_inst/counter_inst/count_max_static_reg[30]/D
  -------------------------------------------------------------------    -------------------

                         (clock sys_clk rise edge)    0.000     0.000 r  
    H24                                               0.000     0.000 r  clk_sys_p (IN)
                         net (fo=0)                   0.100     0.100    IBUFGDS_SYS/I
    HPIOBDIFFINBUF_X0Y155
                         DIFFINBUF (Prop_DIFFINBUF_HPIOBDIFFINBUF_DIFF_IN_P_O)
                                                      0.675     0.775 r  IBUFGDS_SYS/DIFFINBUF_INST/O
                         net (fo=1, routed)           0.050     0.825    IBUFGDS_SYS/OUT
    H24                  IBUFCTRL (Prop_IBUFCTRL_HPIOB_M_I_O)
                                                      0.000     0.825 r  IBUFGDS_SYS/IBUFCTRL_INST/O
                         net (fo=1, routed)           0.336     1.161    clk_sys_ibuf
    BUFGCE_X0Y148        BUFGCE (Prop_BUFCE_BUFGCE_I_O)
                                                      0.028     1.189 r  BUFG_SYS/O
    X2Y1 (CLOCK_ROOT)    net (fo=13371, routed)       2.595     3.783    buzzer_top_inst/buzzer_array[2].buzzer_inst/counter_inst/clk_sys
    SLICE_X53Y62         FDRE                                         r  buzzer_top_inst/buzzer_array[2].buzzer_inst/counter_inst/count_max_static_reg[30]/C
                         clock pessimism             -0.378     3.405    
    SLICE_X53Y62         FDRE (Hold_HFF_SLICEM_C_D)
                                                      0.060     3.465    buzzer_top_inst/buzzer_array[2].buzzer_inst/counter_inst/count_max_static_reg[30]
  -------------------------------------------------------------------
                         required time                         -3.465    
                         arrival time                           3.478    
  -------------------------------------------------------------------
                         slack                                  0.012    

Slack (MET) :             0.013ns  (arrival time - required time)
  Source:                 button_top_inst/button_debounce_array[1].button_debounce_inst/counter_inst/count_max_dynamic_reg[21]/C
                            (rising edge-triggered cell FDRE clocked by sys_clk  {rise@0.000ns fall@2.500ns period=5.000ns})
  Destination:            button_top_inst/button_debounce_array[1].button_debounce_inst/counter_inst/count_max_static_reg[21]/D
                            (rising edge-triggered cell FDRE clocked by sys_clk  {rise@0.000ns fall@2.500ns period=5.000ns})
  Path Group:             sys_clk
  Path Type:              Hold (Min at Slow Process Corner)
  Requirement:            0.000ns  (sys_clk rise@0.000ns - sys_clk rise@0.000ns)
  Data Path Delay:        0.235ns  (logic 0.057ns (24.255%)  route 0.178ns (75.745%))
  Logic Levels:           0  
  Clock Path Skew:        0.162ns (DCD - SCD - CPR)
    Destination Clock Delay (DCD):    3.898ns
    Source Clock Delay      (SCD):    3.351ns
    Clock Pessimism Removal (CPR):    0.385ns
  Clock Net Delay (Source):      2.347ns (routing 1.399ns, distribution 0.948ns)
  Clock Net Delay (Destination): 2.710ns (routing 1.544ns, distribution 1.166ns)

    Location             Delay type                Incr(ns)  Path(ns)    Netlist Resource(s)
  -------------------------------------------------------------------    -------------------
                         (clock sys_clk rise edge)    0.000     0.000 r  
    H24                                               0.000     0.000 r  clk_sys_p (IN)
                         net (fo=0)                   0.079     0.079    IBUFGDS_SYS/I
    HPIOBDIFFINBUF_X0Y155
                         DIFFINBUF (Prop_DIFFINBUF_HPIOBDIFFINBUF_DIFF_IN_P_O)
                                                      0.564     0.643 r  IBUFGDS_SYS/DIFFINBUF_INST/O
                         net (fo=1, routed)           0.040     0.683    IBUFGDS_SYS/OUT
    H24                  IBUFCTRL (Prop_IBUFCTRL_HPIOB_M_I_O)
                                                      0.000     0.683 r  IBUFGDS_SYS/IBUFCTRL_INST/O
                         net (fo=1, routed)           0.297     0.980    clk_sys_ibuf
    BUFGCE_X0Y148        BUFGCE (Prop_BUFCE_BUFGCE_I_O)
                                                      0.024     1.004 r  BUFG_SYS/O
    X2Y1 (CLOCK_ROOT)    net (fo=13371, routed)       2.347     3.351    button_top_inst/button_debounce_array[1].button_debounce_inst/counter_inst/clk_sys
    SLICE_X76Y130        FDRE                                         r  button_top_inst/button_debounce_array[1].button_debounce_inst/counter_inst/count_max_dynamic_reg[21]/C
  -------------------------------------------------------------------    -------------------
    SLICE_X76Y130        FDRE (Prop_FFF_SLICEM_C_Q)
                                                      0.057     3.408 r  button_top_inst/button_debounce_array[1].button_debounce_inst/counter_inst/count_max_dynamic_reg[21]/Q
                         net (fo=1, routed)           0.178     3.586    button_top_inst/button_debounce_array[1].button_debounce_inst/counter_inst/count_max_dynamic[21]
    SLICE_X78Y130        FDRE                                         r  button_top_inst/button_debounce_array[1].button_debounce_inst/counter_inst/count_max_static_reg[21]/D
  -------------------------------------------------------------------    -------------------

                         (clock sys_clk rise edge)    0.000     0.000 r  
    H24                                               0.000     0.000 r  clk_sys_p (IN)
                         net (fo=0)                   0.100     0.100    IBUFGDS_SYS/I
    HPIOBDIFFINBUF_X0Y155
                         DIFFINBUF (Prop_DIFFINBUF_HPIOBDIFFINBUF_DIFF_IN_P_O)
                                                      0.675     0.775 r  IBUFGDS_SYS/DIFFINBUF_INST/O
                         net (fo=1, routed)           0.050     0.825    IBUFGDS_SYS/OUT
    H24                  IBUFCTRL (Prop_IBUFCTRL_HPIOB_M_I_O)
                                                      0.000     0.825 r  IBUFGDS_SYS/IBUFCTRL_INST/O
                         net (fo=1, routed)           0.336     1.161    clk_sys_ibuf
    BUFGCE_X0Y148        BUFGCE (Prop_BUFCE_BUFGCE_I_O)
                                                      0.028     1.189 r  BUFG_SYS/O
    X2Y1 (CLOCK_ROOT)    net (fo=13371, routed)       2.710     3.898    button_top_inst/button_debounce_array[1].button_debounce_inst/counter_inst/clk_sys
    SLICE_X78Y130        FDRE                                         r  button_top_inst/button_debounce_array[1].button_debounce_inst/counter_inst/count_max_static_reg[21]/C
                         clock pessimism             -0.385     3.513    
    SLICE_X78Y130        FDRE (Hold_BFF_SLICEL_C_D)
                                                      0.060     3.573    button_top_inst/button_debounce_array[1].button_debounce_inst/counter_inst/count_max_static_reg[21]
  -------------------------------------------------------------------
                         required time                         -3.573    
                         arrival time                           3.586    
  -------------------------------------------------------------------
                         slack                                  0.013    

Slack (MET) :             0.013ns  (arrival time - required time)
  Source:                 button_top_inst/button_debounce_array[25].button_debounce_inst/counter_inst/count_max_dynamic_reg[44]/C
                            (rising edge-triggered cell FDRE clocked by sys_clk  {rise@0.000ns fall@2.500ns period=5.000ns})
  Destination:            button_top_inst/button_debounce_array[25].button_debounce_inst/counter_inst/count_max_static_reg[44]/D
                            (rising edge-triggered cell FDRE clocked by sys_clk  {rise@0.000ns fall@2.500ns period=5.000ns})
  Path Group:             sys_clk
  Path Type:              Hold (Min at Slow Process Corner)
  Requirement:            0.000ns  (sys_clk rise@0.000ns - sys_clk rise@0.000ns)
  Data Path Delay:        0.186ns  (logic 0.058ns (31.183%)  route 0.128ns (68.817%))
  Logic Levels:           0  
  Clock Path Skew:        0.111ns (DCD - SCD - CPR)
    Destination Clock Delay (DCD):    3.912ns
    Source Clock Delay      (SCD):    3.413ns
    Clock Pessimism Removal (CPR):    0.388ns
  Clock Net Delay (Source):      2.409ns (routing 1.399ns, distribution 1.010ns)
  Clock Net Delay (Destination): 2.724ns (routing 1.544ns, distribution 1.180ns)

    Location             Delay type                Incr(ns)  Path(ns)    Netlist Resource(s)
  -------------------------------------------------------------------    -------------------
                         (clock sys_clk rise edge)    0.000     0.000 r  
    H24                                               0.000     0.000 r  clk_sys_p (IN)
                         net (fo=0)                   0.079     0.079    IBUFGDS_SYS/I
    HPIOBDIFFINBUF_X0Y155
                         DIFFINBUF (Prop_DIFFINBUF_HPIOBDIFFINBUF_DIFF_IN_P_O)
                                                      0.564     0.643 r  IBUFGDS_SYS/DIFFINBUF_INST/O
                         net (fo=1, routed)           0.040     0.683    IBUFGDS_SYS/OUT
    H24                  IBUFCTRL (Prop_IBUFCTRL_HPIOB_M_I_O)
                                                      0.000     0.683 r  IBUFGDS_SYS/IBUFCTRL_INST/O
                         net (fo=1, routed)           0.297     0.980    clk_sys_ibuf
    BUFGCE_X0Y148        BUFGCE (Prop_BUFCE_BUFGCE_I_O)
                                                      0.024     1.004 r  BUFG_SYS/O
    X2Y1 (CLOCK_ROOT)    net (fo=13371, routed)       2.409     3.413    button_top_inst/button_debounce_array[25].button_debounce_inst/counter_inst/clk_sys
    SLICE_X26Y24         FDRE                                         r  button_top_inst/button_debounce_array[25].button_debounce_inst/counter_inst/count_max_dynamic_reg[44]/C
  -------------------------------------------------------------------    -------------------
    SLICE_X26Y24         FDRE (Prop_EFF_SLICEM_C_Q)
                                                      0.058     3.471 r  button_top_inst/button_debounce_array[25].button_debounce_inst/counter_inst/count_max_dynamic_reg[44]/Q
                         net (fo=1, routed)           0.128     3.599    button_top_inst/button_debounce_array[25].button_debounce_inst/counter_inst/count_max_dynamic[44]
    SLICE_X27Y24         FDRE                                         r  button_top_inst/button_debounce_array[25].button_debounce_inst/counter_inst/count_max_static_reg[44]/D
  -------------------------------------------------------------------    -------------------

                         (clock sys_clk rise edge)    0.000     0.000 r  
    H24                                               0.000     0.000 r  clk_sys_p (IN)
                         net (fo=0)                   0.100     0.100    IBUFGDS_SYS/I
    HPIOBDIFFINBUF_X0Y155
                         DIFFINBUF (Prop_DIFFINBUF_HPIOBDIFFINBUF_DIFF_IN_P_O)
                                                      0.675     0.775 r  IBUFGDS_SYS/DIFFINBUF_INST/O
                         net (fo=1, routed)           0.050     0.825    IBUFGDS_SYS/OUT
    H24                  IBUFCTRL (Prop_IBUFCTRL_HPIOB_M_I_O)
                                                      0.000     0.825 r  IBUFGDS_SYS/IBUFCTRL_INST/O
                         net (fo=1, routed)           0.336     1.161    clk_sys_ibuf
    BUFGCE_X0Y148        BUFGCE (Prop_BUFCE_BUFGCE_I_O)
                                                      0.028     1.189 r  BUFG_SYS/O
    X2Y1 (CLOCK_ROOT)    net (fo=13371, routed)       2.724     3.912    button_top_inst/button_debounce_array[25].button_debounce_inst/counter_inst/clk_sys
    SLICE_X27Y24         FDRE                                         r  button_top_inst/button_debounce_array[25].button_debounce_inst/counter_inst/count_max_static_reg[44]/C
                         clock pessimism             -0.388     3.524    
    SLICE_X27Y24         FDRE (Hold_HFF2_SLICEM_C_D)
                                                      0.062     3.586    button_top_inst/button_debounce_array[25].button_debounce_inst/counter_inst/count_max_static_reg[44]
  -------------------------------------------------------------------
                         required time                         -3.586    
                         arrival time                           3.599    
  -------------------------------------------------------------------
                         slack                                  0.013    

Slack (MET) :             0.013ns  (arrival time - required time)
  Source:                 button_top_inst/button_debounce_array[5].button_debounce_inst/counter_inst/count_max_dynamic_reg[41]/C
                            (rising edge-triggered cell FDRE clocked by sys_clk  {rise@0.000ns fall@2.500ns period=5.000ns})
  Destination:            button_top_inst/button_debounce_array[5].button_debounce_inst/counter_inst/count_max_static_reg[41]/D
                            (rising edge-triggered cell FDRE clocked by sys_clk  {rise@0.000ns fall@2.500ns period=5.000ns})
  Path Group:             sys_clk
  Path Type:              Hold (Min at Slow Process Corner)
  Requirement:            0.000ns  (sys_clk rise@0.000ns - sys_clk rise@0.000ns)
  Data Path Delay:        0.192ns  (logic 0.058ns (30.208%)  route 0.134ns (69.792%))
  Logic Levels:           0  
  Clock Path Skew:        0.117ns (DCD - SCD - CPR)
    Destination Clock Delay (DCD):    3.894ns
    Source Clock Delay      (SCD):    3.447ns
    Clock Pessimism Removal (CPR):    0.329ns
  Clock Net Delay (Source):      2.443ns (routing 1.399ns, distribution 1.044ns)
  Clock Net Delay (Destination): 2.705ns (routing 1.544ns, distribution 1.161ns)

    Location             Delay type                Incr(ns)  Path(ns)    Netlist Resource(s)
  -------------------------------------------------------------------    -------------------
                         (clock sys_clk rise edge)    0.000     0.000 r  
    H24                                               0.000     0.000 r  clk_sys_p (IN)
                         net (fo=0)                   0.079     0.079    IBUFGDS_SYS/I
    HPIOBDIFFINBUF_X0Y155
                         DIFFINBUF (Prop_DIFFINBUF_HPIOBDIFFINBUF_DIFF_IN_P_O)
                                                      0.564     0.643 r  IBUFGDS_SYS/DIFFINBUF_INST/O
                         net (fo=1, routed)           0.040     0.683    IBUFGDS_SYS/OUT
    H24                  IBUFCTRL (Prop_IBUFCTRL_HPIOB_M_I_O)
                                                      0.000     0.683 r  IBUFGDS_SYS/IBUFCTRL_INST/O
                         net (fo=1, routed)           0.297     0.980    clk_sys_ibuf
    BUFGCE_X0Y148        BUFGCE (Prop_BUFCE_BUFGCE_I_O)
                                                      0.024     1.004 r  BUFG_SYS/O
    X2Y1 (CLOCK_ROOT)    net (fo=13371, routed)       2.443     3.447    button_top_inst/button_debounce_array[5].button_debounce_inst/counter_inst/clk_sys
    SLICE_X32Y122        FDRE                                         r  button_top_inst/button_debounce_array[5].button_debounce_inst/counter_inst/count_max_dynamic_reg[41]/C
  -------------------------------------------------------------------    -------------------
    SLICE_X32Y122        FDRE (Prop_BFF_SLICEM_C_Q)
                                                      0.058     3.505 r  button_top_inst/button_debounce_array[5].button_debounce_inst/counter_inst/count_max_dynamic_reg[41]/Q
                         net (fo=1, routed)           0.134     3.639    button_top_inst/button_debounce_array[5].button_debounce_inst/counter_inst/count_max_dynamic[41]
    SLICE_X31Y119        FDRE                                         r  button_top_inst/button_debounce_array[5].button_debounce_inst/counter_inst/count_max_static_reg[41]/D
  -------------------------------------------------------------------    -------------------

                         (clock sys_clk rise edge)    0.000     0.000 r  
    H24                                               0.000     0.000 r  clk_sys_p (IN)
                         net (fo=0)                   0.100     0.100    IBUFGDS_SYS/I
    HPIOBDIFFINBUF_X0Y155
                         DIFFINBUF (Prop_DIFFINBUF_HPIOBDIFFINBUF_DIFF_IN_P_O)
                                                      0.675     0.775 r  IBUFGDS_SYS/DIFFINBUF_INST/O
                         net (fo=1, routed)           0.050     0.825    IBUFGDS_SYS/OUT
    H24                  IBUFCTRL (Prop_IBUFCTRL_HPIOB_M_I_O)
                                                      0.000     0.825 r  IBUFGDS_SYS/IBUFCTRL_INST/O
                         net (fo=1, routed)           0.336     1.161    clk_sys_ibuf
    BUFGCE_X0Y148        BUFGCE (Prop_BUFCE_BUFGCE_I_O)
                                                      0.028     1.189 r  BUFG_SYS/O
    X2Y1 (CLOCK_ROOT)    net (fo=13371, routed)       2.705     3.894    button_top_inst/button_debounce_array[5].button_debounce_inst/counter_inst/clk_sys
    SLICE_X31Y119        FDRE                                         r  button_top_inst/button_debounce_array[5].button_debounce_inst/counter_inst/count_max_static_reg[41]/C
                         clock pessimism             -0.329     3.564    
    SLICE_X31Y119        FDRE (Hold_GFF2_SLICEL_C_D)
                                                      0.062     3.626    button_top_inst/button_debounce_array[5].button_debounce_inst/counter_inst/count_max_static_reg[41]
  -------------------------------------------------------------------
                         required time                         -3.626    
                         arrival time                           3.639    
  -------------------------------------------------------------------
                         slack                                  0.013    





Pulse Width Checks
--------------------------------------------------------------------------------------
Clock Name:         sys_clk
Waveform(ns):       { 0.000 2.500 }
Period(ns):         5.000
Sources:            { clk_sys_p }

Check Type        Corner  Lib Pin     Reference Pin  Required(ns)  Actual(ns)  Slack(ns)  Location       Pin
Min Period        n/a     BUFGCE/I    n/a            1.290         5.000       3.710      BUFGCE_X0Y148  BUFG_SYS/I
Min Period        n/a     SRL16E/CLK  n/a            1.064         5.000       3.936      SLICE_X89Y68   button_top_inst/button_debounce_array[10].button_debounce_inst/counter_inst/reg_valid_reg[1]_srl2___button_top_inst_button_debounce_array_r_0/CLK
Min Period        n/a     SRL16E/CLK  n/a            1.064         5.000       3.936      SLICE_X29Y110  button_top_inst/button_debounce_array[11].button_debounce_inst/counter_inst/reg_valid_reg[1]_srl2___button_top_inst_button_debounce_array_r_0/CLK
Min Period        n/a     SRL16E/CLK  n/a            1.064         5.000       3.936      SLICE_X29Y110  button_top_inst/button_debounce_array[15].button_debounce_inst/counter_inst/reg_valid_reg[1]_srl2___button_top_inst_button_debounce_array_r_0/CLK
Min Period        n/a     SRL16E/CLK  n/a            1.064         5.000       3.936      SLICE_X30Y53   button_top_inst/button_debounce_array[16].button_debounce_inst/counter_inst/reg_valid_reg[1]_srl2___button_top_inst_button_debounce_array_r_0/CLK
Min Period        n/a     SRL16E/CLK  n/a            1.064         5.000       3.936      SLICE_X30Y53   button_top_inst/button_debounce_array[17].button_debounce_inst/counter_inst/reg_valid_reg[1]_srl2___button_top_inst_button_debounce_array_r_0/CLK
Min Period        n/a     SRL16E/CLK  n/a            1.064         5.000       3.936      SLICE_X30Y16   button_top_inst/button_debounce_array[18].button_debounce_inst/counter_inst/reg_valid_reg[1]_srl2___button_top_inst_button_debounce_array_r_0/CLK
Min Period        n/a     SRL16E/CLK  n/a            1.064         5.000       3.936      SLICE_X32Y80   button_top_inst/button_debounce_array[19].button_debounce_inst/counter_inst/reg_valid_reg[1]_srl2___button_top_inst_button_debounce_array_r_0/CLK
Min Period        n/a     SRL16E/CLK  n/a            1.064         5.000       3.936      SLICE_X32Y80   button_top_inst/button_debounce_array[25].button_debounce_inst/counter_inst/reg_valid_reg[1]_srl2___button_top_inst_button_debounce_array_r_0/CLK
Min Period        n/a     SRL16E/CLK  n/a            1.064         5.000       3.936      SLICE_X30Y16   button_top_inst/button_debounce_array[4].button_debounce_inst/counter_inst/reg_valid_reg[1]_srl2___button_top_inst_button_debounce_array_r_0/CLK
Low Pulse Width   Slow    SRL16E/CLK  n/a            0.532         2.500       1.968      SLICE_X89Y68   button_top_inst/button_debounce_array[10].button_debounce_inst/counter_inst/reg_valid_reg[1]_srl2___button_top_inst_button_debounce_array_r_0/CLK
Low Pulse Width   Fast    SRL16E/CLK  n/a            0.532         2.500       1.968      SLICE_X89Y68   button_top_inst/button_debounce_array[10].button_debounce_inst/counter_inst/reg_valid_reg[1]_srl2___button_top_inst_button_debounce_array_r_0/CLK
Low Pulse Width   Slow    SRL16E/CLK  n/a            0.532         2.500       1.968      SLICE_X29Y110  button_top_inst/button_debounce_array[11].button_debounce_inst/counter_inst/reg_valid_reg[1]_srl2___button_top_inst_button_debounce_array_r_0/CLK
Low Pulse Width   Fast    SRL16E/CLK  n/a            0.532         2.500       1.968      SLICE_X29Y110  button_top_inst/button_debounce_array[11].button_debounce_inst/counter_inst/reg_valid_reg[1]_srl2___button_top_inst_button_debounce_array_r_0/CLK
Low Pulse Width   Slow    SRL16E/CLK  n/a            0.532         2.500       1.968      SLICE_X29Y110  button_top_inst/button_debounce_array[15].button_debounce_inst/counter_inst/reg_valid_reg[1]_srl2___button_top_inst_button_debounce_array_r_0/CLK
Low Pulse Width   Fast    SRL16E/CLK  n/a            0.532         2.500       1.968      SLICE_X29Y110  button_top_inst/button_debounce_array[15].button_debounce_inst/counter_inst/reg_valid_reg[1]_srl2___button_top_inst_button_debounce_array_r_0/CLK
Low Pulse Width   Slow    SRL16E/CLK  n/a            0.532         2.500       1.968      SLICE_X30Y53   button_top_inst/button_debounce_array[16].button_debounce_inst/counter_inst/reg_valid_reg[1]_srl2___button_top_inst_button_debounce_array_r_0/CLK
Low Pulse Width   Fast    SRL16E/CLK  n/a            0.532         2.500       1.968      SLICE_X30Y53   button_top_inst/button_debounce_array[16].button_debounce_inst/counter_inst/reg_valid_reg[1]_srl2___button_top_inst_button_debounce_array_r_0/CLK
Low Pulse Width   Slow    SRL16E/CLK  n/a            0.532         2.500       1.968      SLICE_X30Y53   button_top_inst/button_debounce_array[17].button_debounce_inst/counter_inst/reg_valid_reg[1]_srl2___button_top_inst_button_debounce_array_r_0/CLK
Low Pulse Width   Fast    SRL16E/CLK  n/a            0.532         2.500       1.968      SLICE_X30Y53   button_top_inst/button_debounce_array[17].button_debounce_inst/counter_inst/reg_valid_reg[1]_srl2___button_top_inst_button_debounce_array_r_0/CLK
High Pulse Width  Slow    SRL16E/CLK  n/a            0.532         2.500       1.968      SLICE_X89Y68   button_top_inst/button_debounce_array[10].button_debounce_inst/counter_inst/reg_valid_reg[1]_srl2___button_top_inst_button_debounce_array_r_0/CLK
High Pulse Width  Fast    SRL16E/CLK  n/a            0.532         2.500       1.968      SLICE_X89Y68   button_top_inst/button_debounce_array[10].button_debounce_inst/counter_inst/reg_valid_reg[1]_srl2___button_top_inst_button_debounce_array_r_0/CLK
High Pulse Width  Slow    SRL16E/CLK  n/a            0.532         2.500       1.968      SLICE_X29Y110  button_top_inst/button_debounce_array[11].button_debounce_inst/counter_inst/reg_valid_reg[1]_srl2___button_top_inst_button_debounce_array_r_0/CLK
High Pulse Width  Fast    SRL16E/CLK  n/a            0.532         2.500       1.968      SLICE_X29Y110  button_top_inst/button_debounce_array[11].button_debounce_inst/counter_inst/reg_valid_reg[1]_srl2___button_top_inst_button_debounce_array_r_0/CLK
High Pulse Width  Slow    SRL16E/CLK  n/a            0.532         2.500       1.968      SLICE_X29Y110  button_top_inst/button_debounce_array[15].button_debounce_inst/counter_inst/reg_valid_reg[1]_srl2___button_top_inst_button_debounce_array_r_0/CLK
High Pulse Width  Fast    SRL16E/CLK  n/a            0.532         2.500       1.968      SLICE_X29Y110  button_top_inst/button_debounce_array[15].button_debounce_inst/counter_inst/reg_valid_reg[1]_srl2___button_top_inst_button_debounce_array_r_0/CLK
High Pulse Width  Slow    SRL16E/CLK  n/a            0.532         2.500       1.968      SLICE_X30Y53   button_top_inst/button_debounce_array[16].button_debounce_inst/counter_inst/reg_valid_reg[1]_srl2___button_top_inst_button_debounce_array_r_0/CLK
High Pulse Width  Fast    SRL16E/CLK  n/a            0.532         2.500       1.968      SLICE_X30Y53   button_top_inst/button_debounce_array[16].button_debounce_inst/counter_inst/reg_valid_reg[1]_srl2___button_top_inst_button_debounce_array_r_0/CLK
High Pulse Width  Slow    SRL16E/CLK  n/a            0.532         2.500       1.968      SLICE_X30Y53   button_top_inst/button_debounce_array[17].button_debounce_inst/counter_inst/reg_valid_reg[1]_srl2___button_top_inst_button_debounce_array_r_0/CLK
High Pulse Width  Fast    SRL16E/CLK  n/a            0.532         2.500       1.968      SLICE_X30Y53   button_top_inst/button_debounce_array[17].button_debounce_inst/counter_inst/reg_valid_reg[1]_srl2___button_top_inst_button_debounce_array_r_0/CLK



